1,1,233.38,179.72,186.47,570.21,0.9800,-1,-1,-1
1,2,-32.48,126.56,223.85,661.84,0.9717,-1,-1,-1
1,3,445.16,201.15,150.52,365.18,0.9668,-1,-1,-1
1,4,813.38,227.14,86.40,254.48,0.9581,-1,-1,-1
1,5,959.18,215.66,110.70,269.33,0.9541,-1,-1,-1
1,6,579.83,205.37,142.42,346.11,0.9498,-1,-1,-1
1,7,1055.70,223.43,58.05,195.41,0.9275,-1,-1,-1
1,8,930.15,243.00,51.30,174.15,0.9255,-1,-1,-1
1,9,1155.60,234.56,47.25,171.11,0.9030,-1,-1,-1
1,10,1124.55,242.83,54.00,155.42,0.8845,-1,-1,-1
1,11,182.08,275.40,45.90,126.90,0.8490,-1,-1,-1
1,12,206.55,281.14,34.09,108.67,0.7078,-1,-1,-1
2,1,221.41,186.80,186.96,571.08,0.9810,-1,-1,-1
2,2,-45.96,133.52,224.94,664.62,0.9634,-1,-1,-1
2,3,441.28,205.99,151.76,368.25,0.9605,-1,-1,-1
2,4,813.29,232.82,86.64,255.21,0.9561,-1,-1,-1
2,5,960.50,220.30,111.72,271.67,0.9493,-1,-1,-1
2,6,574.94,210.63,145.44,353.43,0.9508,-1,-1,-1
2,7,1052.15,230.97,58.33,196.00,0.9303,-1,-1,-1
2,8,931.06,248.37,50.78,172.25,0.9274,-1,-1,-1
2,9,1151.37,240.93,47.75,172.28,0.9095,-1,-1,-1
2,10,1118.83,246.13,56.31,162.59,0.9029,-1,-1,-1
2,11,184.00,281.58,43.84,121.04,0.6872,-1,-1,-1
3,1,211.56,193.90,191.83,585.04,0.9727,-1,-1,-1
3,2,-59.28,137.70,229.46,677.57,0.9204,-1,-1,-1
3,3,438.22,211.91,153.12,371.79,0.9629,-1,-1,-1
3,4,812.82,239.28,86.68,255.33,0.9498,-1,-1,-1
3,5,961.89,225.54,111.85,272.07,0.9428,-1,-1,-1
3,6,575.60,214.68,146.16,355.47,0.9474,-1,-1,-1
3,7,1050.72,235.93,58.09,194.52,0.9303,-1,-1,-1
3,8,932.34,254.92,50.70,171.52,0.9245,-1,-1,-1
3,9,1148.65,246.60,47.83,171.04,0.9211,-1,-1,-1
3,10,1116.29,250.37,56.93,165.12,0.9124,-1,-1,-1
4,1,200.85,198.48,199.41,607.48,0.9717,-1,-1,-1
4,2,-74.69,144.66,234.84,692.83,0.9304,-1,-1,-1
4,3,435.61,216.53,155.55,377.85,0.9634,-1,-1,-1
4,4,812.94,245.60,86.30,254.20,0.9625,-1,-1,-1
4,5,964.26,234.57,110.19,267.91,0.9629,-1,-1,-1
4,6,574.12,219.58,145.97,354.96,0.9601,-1,-1,-1
4,7,1050.53,241.99,57.78,192.37,0.9415,-1,-1,-1
4,8,932.87,260.36,50.55,170.56,0.9386,-1,-1,-1
4,9,1144.09,250.59,49.38,174.11,0.9252,-1,-1,-1
4,10,1116.41,255.75,56.58,164.68,0.9145,-1,-1,-1
4,11,185.14,292.80,42.26,116.59,0.7100,-1,-1,-1
5,1,187.83,201.99,204.58,622.15,0.9732,-1,-1,-1
5,2,-85.75,155.71,230.95,679.29,0.9286,-1,-1,-1
5,3,433.52,221.64,156.25,379.47,0.9644,-1,-1,-1
5,4,812.20,249.83,86.72,255.32,0.9483,-1,-1,-1
5,5,965.54,240.50,110.32,268.05,0.9527,-1,-1,-1
5,6,571.39,223.25,147.77,359.77,0.9591,-1,-1,-1
5,7,1050.16,246.09,59.22,195.10,0.9435,-1,-1,-1
5,8,933.47,264.59,51.46,173.04,0.9201,-1,-1,-1
5,9,1144.11,257.15,49.79,170.91,0.9313,-1,-1,-1
5,10,1115.24,260.21,56.82,165.76,0.8989,-1,-1,-1
5,13,972.51,236.93,64.06,203.38,0.6358,-1,-1,-1
5,14,212.46,226.46,180.68,426.20,0.8409,-1,-1,-1
5,11,186.74,297.23,43.49,119.58,0.6083,-1,-1,-1
6,1,173.92,207.82,207.27,628.73,0.9756,-1,-1,-1
6,2,-97.34,166.28,223.63,652.71,0.9196,-1,-1,-1
6,3,430.68,226.91,156.72,380.69,0.9659,-1,-1,-1
6,4,811.74,253.93,86.90,255.71,0.9571,-1,-1,-1
6,5,965.72,245.38,110.29,268.14,0.9542,-1,-1,-1
6,6,570.34,226.49,148.36,362.30,0.9547,-1,-1,-1
6,7,1047.68,250.53,63.07,206.03,0.9254,-1,-1,-1
6,8,933.13,269.31,51.39,172.32,0.9288,-1,-1,-1
6,9,1143.50,261.84,51.94,173.65,0.9498,-1,-1,-1
6,10,1113.02,264.43,56.33,164.87,0.9078,-1,-1,-1
6,13,970.08,246.37,61.56,195.55,0.7049,-1,-1,-1
7,1,161.35,211.42,211.42,638.96,0.9785,-1,-1,-1
7,2,-96.43,199.52,214.33,620.15,0.9157,-1,-1,-1
7,3,428.06,232.84,159.04,386.15,0.9634,-1,-1,-1
7,4,813.35,258.93,86.96,255.49,0.9479,-1,-1,-1
7,5,966.99,247.70,111.35,270.70,0.9455,-1,-1,-1
7,6,570.27,231.09,149.65,366.49,0.9567,-1,-1,-1
7,7,1048.95,255.09,61.85,198.89,0.9323,-1,-1,-1
7,8,934.55,274.02,51.77,173.13,0.9201,-1,-1,-1
7,9,1144.40,266.56,53.22,171.78,0.9508,-1,-1,-1
7,10,1113.00,268.09,56.45,165.91,0.9193,-1,-1,-1
8,1,145.74,212.17,214.31,646.69,0.9664,-1,-1,-1
8,2,-101.97,213.62,212.58,608.66,0.8180,-1,-1,-1
8,3,426.86,235.02,159.44,387.55,0.9590,-1,-1,-1
8,4,815.87,260.08,87.59,256.80,0.9377,-1,-1,-1
8,5,970.40,247.52,112.05,272.44,0.9479,-1,-1,-1
8,6,572.09,230.87,150.93,371.47,0.9499,-1,-1,-1
8,7,1049.94,255.40,62.06,195.53,0.9210,-1,-1,-1
8,8,936.16,273.68,52.24,174.34,0.9148,-1,-1,-1
8,9,1146.15,266.22,55.41,172.94,0.9411,-1,-1,-1
8,10,1112.78,267.29,55.92,164.98,0.9024,-1,-1,-1
8,14,176.54,262.23,208.92,494.02,0.5952,-1,-1,-1
9,1,134.62,214.78,216.36,649.44,0.9810,-1,-1,-1
9,2,-115.52,208.52,219.98,622.06,0.8571,-1,-1,-1
9,3,427.35,236.88,161.36,392.04,0.9600,-1,-1,-1
9,4,818.96,262.61,88.41,258.53,0.9430,-1,-1,-1
9,5,974.77,249.57,112.76,274.10,0.9528,-1,-1,-1
9,6,575.22,233.84,152.34,376.95,0.9413,-1,-1,-1
9,7,1052.22,259.13,63.34,194.76,0.9210,-1,-1,-1
9,8,940.09,277.39,52.48,174.77,0.9066,-1,-1,-1
9,9,1147.94,268.33,58.05,175.66,0.9392,-1,-1,-1
9,10,1114.49,271.21,56.35,166.78,0.8963,-1,-1,-1
9,15,1583.12,251.78,57.56,186.16,0.7837,-1,-1,-1
10,1,120.95,216.80,218.68,652.95,0.9746,-1,-1,-1
10,2,-124.12,212.81,225.11,627.50,0.8491,-1,-1,-1
10,3,427.55,236.98,162.63,396.18,0.9620,-1,-1,-1
10,4,821.57,265.21,88.56,259.15,0.9522,-1,-1,-1
10,5,979.93,255.00,111.40,271.06,0.9654,-1,-1,-1
10,6,574.04,236.47,153.58,381.47,0.9610,-1,-1,-1
10,7,1054.83,262.71,65.02,195.40,0.9420,-1,-1,-1
10,8,943.89,280.47,52.49,174.01,0.9250,-1,-1,-1
10,9,1151.49,269.52,58.91,174.83,0.9353,-1,-1,-1
10,10,1115.23,273.99,56.55,168.33,0.9117,-1,-1,-1
10,15,1586.49,255.71,57.63,186.27,0.8725,-1,-1,-1
10,13,987.50,251.93,66.52,210.12,0.8712,-1,-1,-1
11,1,108.38,216.43,223.63,664.98,0.9810,-1,-1,-1
11,2,-131.66,216.54,230.38,634.32,0.8520,-1,-1,-1
11,3,428.68,241.29,162.97,397.84,0.9639,-1,-1,-1
11,4,825.03,268.91,88.98,261.06,0.9537,-1,-1,-1
11,5,985.32,259.94,110.99,270.93,0.9629,-1,-1,-1
11,6,577.73,241.95,153.62,383.48,0.9562,-1,-1,-1
11,7,1059.07,266.82,66.23,194.27,0.9240,-1,-1,-1
11,8,948.77,283.52,52.65,174.17,0.9166,-1,-1,-1
11,9,1153.98,273.17,59.47,174.50,0.9411,-1,-1,-1
11,10,1118.89,278.04,57.05,168.88,0.9301,-1,-1,-1
11,15,1590.53,259.29,56.90,183.14,0.8714,-1,-1,-1
11,13,992.22,255.99,66.88,210.48,0.7880,-1,-1,-1
12,1,96.38,215.52,228.85,676.88,0.9815,-1,-1,-1
12,2,-158.95,215.53,241.18,653.39,0.7178,-1,-1,-1
12,3,430.46,246.14,164.75,402.26,0.9678,-1,-1,-1
12,4,829.49,273.53,89.24,261.86,0.9503,-1,-1,-1
12,5,990.97,264.90,110.81,271.10,0.9577,-1,-1,-1
12,6,580.69,248.28,154.11,386.78,0.9591,-1,-1,-1
12,7,1063.54,271.03,67.39,193.86,0.9206,-1,-1,-1
12,8,955.01,288.70,52.99,174.22,0.9288,-1,-1,-1
12,9,1156.93,278.60,59.40,173.91,0.9246,-1,-1,-1
12,10,1122.04,282.48,57.54,169.50,0.8993,-1,-1,-1
12,15,1595.01,264.23,56.05,179.61,0.8991,-1,-1,-1
12,13,995.87,259.86,70.46,220.22,0.8239,-1,-1,-1
13,1,83.80,217.92,233.41,682.85,0.9790,-1,-1,-1
13,2,-170.21,229.95,244.89,658.65,0.7330,-1,-1,-1
13,3,431.84,248.50,165.84,404.70,0.9639,-1,-1,-1
13,4,832.54,276.70,89.30,261.68,0.9527,-1,-1,-1
13,5,996.68,268.19,109.85,269.36,0.9630,-1,-1,-1
13,6,581.98,253.76,155.27,391.13,0.9663,-1,-1,-1
13,7,1065.74,273.59,68.69,193.71,0.9227,-1,-1,-1
13,8,957.98,290.95,53.66,175.58,0.9342,-1,-1,-1
13,9,1156.75,281.18,59.41,175.03,0.9255,-1,-1,-1
13,10,1121.15,285.15,58.52,169.26,0.8996,-1,-1,-1
13,15,1598.50,267.67,56.89,181.16,0.7879,-1,-1,-1
13,13,998.21,261.67,71.68,222.37,0.8521,-1,-1,-1
14,1,71.66,221.55,240.75,690.31,0.9771,-1,-1,-1
14,3,430.66,249.75,168.24,409.62,0.9571,-1,-1,-1
14,4,835.99,281.00,89.25,261.92,0.9513,-1,-1,-1
14,5,999.79,270.97,110.30,271.08,0.9509,-1,-1,-1
14,6,584.01,258.80,154.10,388.66,0.9572,-1,-1,-1
14,7,1067.35,277.13,70.51,193.66,0.8976,-1,-1,-1
14,8,960.68,295.48,54.40,176.53,0.9255,-1,-1,-1
14,9,1156.89,284.99,59.32,175.89,0.9261,-1,-1,-1
14,10,1122.12,290.11,60.21,170.03,0.8802,-1,-1,-1
14,15,1601.30,271.81,57.39,181.03,0.8455,-1,-1,-1
14,13,1000.66,265.96,71.69,220.45,0.6668,-1,-1,-1
14,11,233.07,332.00,48.75,134.03,0.7364,-1,-1,-1
15,1,58.09,226.67,253.22,707.63,0.9815,-1,-1,-1
15,3,429.47,253.23,169.68,413.04,0.9556,-1,-1,-1
15,4,839.83,285.88,88.90,260.76,0.9513,-1,-1,-1
15,5,1002.48,273.16,111.01,273.96,0.9461,-1,-1,-1
15,6,583.82,264.15,155.06,392.37,0.9547,-1,-1,-1
15,7,1067.53,282.10,72.09,193.20,0.8901,-1,-1,-1
15,8,964.55,300.36,54.46,175.98,0.9213,-1,-1,-1
15,9,1156.36,288.06,59.59,177.54,0.9149,-1,-1,-1
15,10,1123.22,295.84,60.37,168.07,0.8788,-1,-1,-1
15,15,1606.08,277.96,57.96,181.50,0.8141,-1,-1,-1
15,13,1003.68,268.89,71.94,221.22,0.7763,-1,-1,-1
16,1,43.84,231.14,265.44,720.54,0.9819,-1,-1,-1
16,3,428.25,258.98,169.63,412.11,0.9629,-1,-1,-1
16,4,841.57,289.82,89.21,262.54,0.9508,-1,-1,-1
16,5,1005.37,277.87,110.15,273.26,0.9378,-1,-1,-1
16,6,579.24,266.48,157.24,397.66,0.9586,-1,-1,-1
16,7,1066.77,286.76,72.58,190.79,0.8538,-1,-1,-1
16,8,967.75,303.65,54.60,176.20,0.9186,-1,-1,-1
16,9,1155.49,292.67,59.27,177.70,0.9143,-1,-1,-1
16,10,1123.23,299.34,61.35,170.32,0.8850,-1,-1,-1
16,15,1610.14,282.24,57.87,180.90,0.7957,-1,-1,-1
16,13,1004.54,272.14,73.45,224.96,0.8203,-1,-1,-1
17,1,27.24,231.31,280.77,740.97,0.9829,-1,-1,-1
17,3,424.02,261.31,171.32,416.40,0.9644,-1,-1,-1
17,4,842.73,293.19,88.92,263.19,0.9483,-1,-1,-1
17,5,1008.00,282.57,109.02,271.97,0.8915,-1,-1,-1
17,6,576.38,269.84,159.70,403.11,0.9533,-1,-1,-1
17,7,1056.83,290.21,74.65,196.65,0.7057,-1,-1,-1
17,8,970.67,307.46,54.45,175.83,0.9125,-1,-1,-1
17,9,1154.66,298.60,58.17,175.51,0.9083,-1,-1,-1
17,10,1121.05,303.48,59.66,167.37,0.8703,-1,-1,-1
17,15,1613.72,286.28,56.88,178.41,0.7622,-1,-1,-1
17,13,1004.88,274.43,79.84,243.10,0.7684,-1,-1,-1
17,11,242.94,346.43,45.78,124.24,0.7697,-1,-1,-1
18,1,3.59,233.45,294.61,754.41,0.9790,-1,-1,-1
18,3,420.23,267.01,171.01,414.82,0.9688,-1,-1,-1
18,4,843.72,296.57,88.11,262.41,0.9572,-1,-1,-1
18,5,1008.72,286.06,108.62,272.48,0.9446,-1,-1,-1
18,6,572.51,272.84,161.32,404.19,0.9576,-1,-1,-1
18,7,1057.77,292.79,75.62,196.71,0.8824,-1,-1,-1
18,8,973.03,309.59,54.97,178.36,0.9084,-1,-1,-1
18,9,1151.64,301.57,59.30,177.80,0.8892,-1,-1,-1
18,10,1118.57,306.54,59.33,168.34,0.8846,-1,-1,-1
18,15,1614.26,290.61,55.88,175.69,0.5994,-1,-1,-1
18,13,1005.61,277.15,78.04,236.53,0.8479,-1,-1,-1
18,11,243.68,349.73,47.04,127.72,0.8137,-1,-1,-1
19,1,-18.58,236.58,310.03,773.44,0.9732,-1,-1,-1
19,3,415.15,269.60,174.15,422.88,0.9732,-1,-1,-1
19,4,843.97,298.82,88.34,265.00,0.9464,-1,-1,-1
19,5,1009.27,288.68,108.18,272.78,0.9460,-1,-1,-1
19,6,567.36,274.72,163.68,407.57,0.9513,-1,-1,-1
19,7,1054.90,294.95,76.70,198.51,0.8823,-1,-1,-1
19,8,974.91,314.70,54.31,176.64,0.9139,-1,-1,-1
19,9,1144.25,306.56,61.15,176.43,0.9310,-1,-1,-1
19,10,1115.39,311.35,58.85,169.15,0.8808,-1,-1,-1
19,15,1628.34,283.08,62.03,195.79,0.8235,-1,-1,-1
19,13,1005.52,280.62,79.12,239.20,0.8235,-1,-1,-1
19,11,244.55,353.48,46.38,125.21,0.8342,-1,-1,-1
19,12,223.38,360.12,32.51,103.28,0.7297,-1,-1,-1
20,1,-28.94,239.24,320.30,786.53,0.9634,-1,-1,-1
20,3,409.99,269.75,177.42,432.46,0.9693,-1,-1,-1
20,4,844.96,303.19,87.69,264.18,0.9537,-1,-1,-1
20,5,1010.80,293.48,107.21,271.44,0.9523,-1,-1,-1
20,6,561.41,276.10,168.09,415.16,0.9605,-1,-1,-1
20,7,1053.33,298.02,77.39,198.62,0.8176,-1,-1,-1
20,8,976.08,318.59,54.10,176.41,0.9127,-1,-1,-1
20,9,1140.12,310.80,63.83,177.23,0.9625,-1,-1,-1
20,10,1115.13,316.86,57.03,164.98,0.8971,-1,-1,-1
20,15,1634.78,282.37,64.73,204.64,0.8471,-1,-1,-1
20,13,1008.00,283.12,80.73,241.54,0.8035,-1,-1,-1
20,11,245.72,356.72,46.59,125.64,0.8578,-1,-1,-1
20,12,222.13,363.73,34.97,111.80,0.6643,-1,-1,-1
21,1,-38.57,238.34,331.94,810.62,0.9673,-1,-1,-1
21,3,405.55,270.70,178.88,438.65,0.9810,-1,-1,-1
21,4,845.72,306.33,87.20,264.17,0.9562,-1,-1,-1
21,5,1011.42,295.79,107.32,272.27,0.9659,-1,-1,-1
21,6,556.08,277.87,170.50,416.29,0.9537,-1,-1,-1
21,7,1044.60,301.13,77.76,201.65,0.7612,-1,-1,-1
21,8,976.40,320.09,54.77,179.44,0.9237,-1,-1,-1
21,9,1137.75,313.78,66.41,178.41,0.9625,-1,-1,-1
21,10,1113.33,318.52,56.99,167.44,0.8844,-1,-1,-1
21,15,1637.54,284.36,65.15,206.80,0.8680,-1,-1,-1
21,13,1007.56,288.34,78.50,233.50,0.8220,-1,-1,-1
21,11,246.89,359.24,44.73,120.00,0.8572,-1,-1,-1
21,12,220.93,366.37,35.42,113.50,0.8071,-1,-1,-1
22,1,-59.33,236.21,342.48,829.76,0.9658,-1,-1,-1
22,3,398.09,273.10,180.38,443.43,0.9737,-1,-1,-1
22,4,846.87,309.20,87.13,265.05,0.9489,-1,-1,-1
22,5,1011.38,296.77,108.72,276.59,0.9586,-1,-1,-1
22,6,552.05,276.81,174.19,422.88,0.9455,-1,-1,-1
22,8,977.12,324.35,54.66,178.79,0.9261,-1,-1,-1
22,9,1135.08,318.58,68.40,178.40,0.9227,-1,-1,-1
22,10,1112.26,322.84,56.98,168.79,0.8656,-1,-1,-1
22,15,1638.64,288.57,64.75,205.33,0.6332,-1,-1,-1
22,13,1007.37,290.71,82.96,245.89,0.8021,-1,-1,-1
22,11,247.52,361.87,43.30,116.52,0.8299,-1,-1,-1
22,12,220.69,369.09,34.66,110.58,0.7937,-1,-1,-1
23,1,-85.81,236.83,350.16,840.03,0.9331,-1,-1,-1
23,3,388.39,274.79,182.32,449.52,0.9693,-1,-1,-1
23,4,846.96,312.03,87.19,265.92,0.9494,-1,-1,-1
23,5,1011.28,302.11,107.91,275.11,0.9630,-1,-1,-1
23,6,545.43,276.96,176.53,427.26,0.9493,-1,-1,-1
23,8,976.45,329.04,54.97,180.20,0.9221,-1,-1,-1
23,9,1132.73,323.35,70.57,177.94,0.9484,-1,-1,-1
23,10,1108.99,326.20,56.96,170.52,0.8906,-1,-1,-1
23,15,1636.84,293.95,64.69,204.10,0.8395,-1,-1,-1
23,13,1006.15,295.34,82.78,244.40,0.8346,-1,-1,-1
23,11,245.35,364.72,43.67,117.59,0.8385,-1,-1,-1
23,12,218.15,372.21,35.31,112.57,0.8339,-1,-1,-1
24,1,-115.72,230.28,359.21,855.09,0.9382,-1,-1,-1
24,3,378.22,275.93,183.18,453.02,0.9629,-1,-1,-1
24,4,847.55,315.12,87.18,265.23,0.9237,-1,-1,-1
24,5,1009.87,303.86,108.73,276.75,0.9508,-1,-1,-1
24,6,540.99,275.56,178.70,431.67,0.9624,-1,-1,-1
24,8,975.60,330.85,55.53,182.16,0.9003,-1,-1,-1
24,9,1127.16,327.32,69.54,176.86,0.8137,-1,-1,-1
24,10,1106.93,328.42,57.17,173.05,0.8415,-1,-1,-1
24,11,243.23,363.78,46.64,126.12,0.8419,-1,-1,-1
24,12,214.67,373.38,36.22,115.07,0.8089,-1,-1,-1
25,1,-145.01,246.08,358.61,846.29,0.9484,-1,-1,-1
25,3,366.72,275.95,186.79,463.47,0.9717,-1,-1,-1
25,4,845.64,316.14,87.67,266.28,0.9319,-1,-1,-1
25,5,1006.81,304.08,109.43,278.25,0.9493,-1,-1,-1
25,6,534.94,274.24,180.69,436.63,0.9580,-1,-1,-1
25,8,974.31,332.56,55.65,181.66,0.9066,-1,-1,-1
25,9,1122.31,326.53,72.90,181.80,0.8730,-1,-1,-1
25,10,1103.03,329.67,57.27,174.44,0.8712,-1,-1,-1
25,11,241.00,365.04,46.39,124.45,0.8440,-1,-1,-1
25,12,210.55,374.57,36.04,113.79,0.8320,-1,-1,-1
26,1,-171.02,241.45,360.97,854.38,0.9338,-1,-1,-1
26,3,356.06,276.39,189.36,469.83,0.9780,-1,-1,-1
26,4,842.44,316.55,87.79,267.11,0.9469,-1,-1,-1
26,5,1002.38,302.84,110.37,281.02,0.9435,-1,-1,-1
26,6,527.66,272.84,183.93,441.37,0.9722,-1,-1,-1
26,8,970.86,333.10,54.83,179.11,0.9073,-1,-1,-1
26,9,1122.62,328.44,72.13,178.79,0.8625,-1,-1,-1
26,10,1098.17,332.13,56.62,172.73,0.8734,-1,-1,-1
26,11,236.68,366.06,46.72,125.12,0.8634,-1,-1,-1
26,12,204.86,375.78,37.20,115.94,0.8316,-1,-1,-1
26,15,1628.38,301.33,66.86,204.74,0.7673,-1,-1,-1
26,13,1005.95,301.40,82.43,240.82,0.6902,-1,-1,-1
27,1,-200.37,229.86,363.01,868.08,0.8991,-1,-1,-1
27,3,343.76,274.53,191.02,474.09,0.9698,-1,-1,-1
27,4,839.25,315.41,87.49,266.96,0.9371,-1,-1,-1
27,5,998.76,300.67,111.19,282.93,0.9523,-1,-1,-1
27,6,517.52,270.44,186.58,445.80,0.9712,-1,-1,-1
27,8,967.28,331.58,54.72,179.47,0.9024,-1,-1,-1
27,9,1119.28,327.69,70.31,174.01,0.9033,-1,-1,-1
27,10,1094.43,331.59,56.95,172.49,0.8714,-1,-1,-1
27,11,231.36,363.25,47.73,128.05,0.8752,-1,-1,-1
27,12,199.27,373.70,37.72,117.17,0.8583,-1,-1,-1
27,15,1622.42,301.71,68.56,203.64,0.7246,-1,-1,-1
28,3,331.32,269.33,193.54,480.17,0.9619,-1,-1,-1
28,4,836.45,312.61,88.26,269.11,0.9358,-1,-1,-1
28,5,995.90,301.92,110.46,280.08,0.9552,-1,-1,-1
28,6,508.83,266.92,191.06,455.83,0.9566,-1,-1,-1
28,8,964.42,329.52,54.56,179.59,0.9034,-1,-1,-1
28,9,1111.21,324.32,70.44,174.45,0.8999,-1,-1,-1
28,10,1086.49,329.55,57.38,172.27,0.7159,-1,-1,-1
28,11,226.39,360.52,47.23,126.50,0.8614,-1,-1,-1
28,12,192.43,369.91,38.02,117.17,0.8001,-1,-1,-1
28,15,1617.09,302.75,68.15,199.67,0.5902,-1,-1,-1
29,3,319.11,266.33,196.63,487.49,0.9727,-1,-1,-1
29,4,832.96,311.21,88.32,269.91,0.9460,-1,-1,-1
29,5,992.05,302.59,110.53,279.06,0.9600,-1,-1,-1
29,6,502.12,265.32,194.43,464.79,0.9634,-1,-1,-1
29,8,961.54,328.48,54.67,180.19,0.9133,-1,-1,-1
29,9,1103.26,322.87,70.77,177.31,0.9012,-1,-1,-1
29,10,1079.98,329.36,57.72,171.40,0.8123,-1,-1,-1
29,11,222.65,359.06,46.64,124.11,0.8494,-1,-1,-1
29,12,186.91,368.27,37.12,114.04,0.8120,-1,-1,-1
29,15,1612.38,301.37,70.46,202.36,0.7210,-1,-1,-1
29,13,995.49,297.84,80.91,235.68,0.6844,-1,-1,-1
30,3,304.23,264.22,198.48,491.88,0.9805,-1,-1,-1
30,4,829.49,310.26,88.34,271.08,0.9561,-1,-1,-1
30,5,986.87,302.81,111.07,279.44,0.9586,-1,-1,-1
30,6,492.30,264.37,196.93,470.61,0.9717,-1,-1,-1
30,8,956.49,328.70,53.91,178.51,0.9260,-1,-1,-1
30,9,1091.91,321.41,70.16,179.38,0.9178,-1,-1,-1
30,10,1068.31,328.37,50.76,152.64,0.7679,-1,-1,-1
30,11,216.90,357.70,45.92,120.96,0.8684,-1,-1,-1
30,12,179.74,366.60,37.24,114.60,0.8102,-1,-1,-1
30,17,18.56,370.10,35.49,101.12,0.8450,-1,-1,-1
31,3,289.78,259.70,201.40,498.55,0.9815,-1,-1,-1
31,4,824.67,310.22,87.66,270.16,0.9562,-1,-1,-1
31,5,980.09,303.42,111.47,279.57,0.9664,-1,-1,-1
31,6,476.96,264.49,199.90,474.97,0.9766,-1,-1,-1
31,8,951.19,328.65,53.62,178.32,0.9159,-1,-1,-1
31,9,1080.27,321.04,69.16,180.94,0.8783,-1,-1,-1
31,10,1058.63,327.95,54.94,162.75,0.7333,-1,-1,-1
31,11,209.73,356.17,47.16,123.41,0.8741,-1,-1,-1
31,12,170.84,364.96,36.42,111.68,0.8280,-1,-1,-1
31,17,11.66,367.85,35.89,102.24,0.8475,-1,-1,-1
32,3,272.69,253.86,205.06,505.21,0.9839,-1,-1,-1
32,4,819.30,307.43,87.56,271.12,0.9522,-1,-1,-1
32,5,972.51,299.17,112.98,283.06,0.9678,-1,-1,-1
32,6,466.03,262.61,202.68,482.06,0.9810,-1,-1,-1
32,8,945.58,326.05,54.66,182.71,0.9303,-1,-1,-1
32,9,1070.63,318.76,67.21,179.75,0.8911,-1,-1,-1
32,10,1051.15,325.65,59.10,170.97,0.8884,-1,-1,-1
32,11,202.00,353.11,49.36,128.76,0.8877,-1,-1,-1
32,12,160.99,362.31,36.37,111.01,0.8387,-1,-1,-1
32,17,4.99,365.30,35.46,101.08,0.8257,-1,-1,-1
33,3,255.09,250.02,208.10,510.10,0.9873,-1,-1,-1
33,4,813.51,305.86,87.30,271.47,0.9571,-1,-1,-1
33,5,964.77,296.46,113.81,285.36,0.9668,-1,-1,-1
33,6,453.54,260.49,205.44,488.23,0.9746,-1,-1,-1
33,8,940.44,324.31,54.23,181.25,0.9252,-1,-1,-1
33,9,1060.99,316.90,66.55,181.95,0.9278,-1,-1,-1
33,10,1040.42,324.66,60.21,174.57,0.8406,-1,-1,-1
33,11,193.49,351.53,49.62,128.14,0.9124,-1,-1,-1
33,12,151.23,360.45,35.39,107.17,0.8513,-1,-1,-1
33,17,-3.04,363.98,35.98,102.69,0.8009,-1,-1,-1
34,3,238.52,245.75,211.08,515.20,0.9849,-1,-1,-1
34,4,808.17,304.60,87.00,271.13,0.9600,-1,-1,-1
34,5,956.12,292.71,114.66,287.54,0.9639,-1,-1,-1
34,6,437.47,258.55,208.05,489.87,0.9776,-1,-1,-1
34,8,935.15,321.83,54.27,182.45,0.9231,-1,-1,-1
34,9,1052.61,314.90,65.05,181.76,0.9012,-1,-1,-1
34,10,1028.82,322.89,58.74,172.42,0.7683,-1,-1,-1
34,11,186.59,350.44,48.72,123.88,0.8483,-1,-1,-1
34,12,141.28,358.81,35.92,108.46,0.8529,-1,-1,-1
34,17,-8.91,362.31,35.52,101.77,0.5959,-1,-1,-1
35,3,223.49,241.35,213.78,519.60,0.9844,-1,-1,-1
35,4,803.32,301.54,87.40,272.32,0.9590,-1,-1,-1
35,5,949.25,287.62,116.13,290.99,0.9639,-1,-1,-1
35,6,425.72,255.25,214.58,502.86,0.9771,-1,-1,-1
35,8,931.47,319.43,54.23,182.89,0.9053,-1,-1,-1
35,9,1044.82,313.26,63.47,180.45,0.8990,-1,-1,-1
35,10,1018.29,320.08,58.31,173.77,0.7791,-1,-1,-1
35,11,180.83,348.53,48.63,122.69,0.8933,-1,-1,-1
35,12,133.64,356.47,35.67,107.14,0.8438,-1,-1,-1
36,3,206.64,235.98,217.25,525.83,0.9854,-1,-1,-1
36,4,799.41,299.42,87.23,271.53,0.9556,-1,-1,-1
36,5,943.46,283.05,116.89,293.15,0.9605,-1,-1,-1
36,6,413.86,251.03,218.92,510.71,0.9805,-1,-1,-1
36,8,927.81,317.54,54.28,183.16,0.9019,-1,-1,-1
36,9,1039.37,311.97,62.80,179.94,0.8869,-1,-1,-1
36,10,1012.07,318.79,55.75,167.61,0.7354,-1,-1,-1
36,11,175.40,346.39,46.65,116.87,0.8547,-1,-1,-1
36,12,125.99,354.40,35.36,105.31,0.8775,-1,-1,-1
36,18,38.96,633.49,26.48,59.87,0.7455,-1,-1,-1
37,3,191.55,230.56,221.51,533.42,0.9873,-1,-1,-1
37,4,795.41,296.41,87.75,272.77,0.9600,-1,-1,-1
37,5,938.97,280.03,117.38,294.37,0.9605,-1,-1,-1
37,6,405.97,245.70,221.83,517.49,0.9756,-1,-1,-1
37,8,924.30,314.96,54.98,184.47,0.9121,-1,-1,-1
37,9,1036.32,310.85,62.15,178.84,0.9007,-1,-1,-1
37,10,1005.09,316.54,56.31,170.62,0.8158,-1,-1,-1
37,11,170.89,345.57,45.00,113.32,0.8262,-1,-1,-1
37,12,118.42,353.16,35.19,104.20,0.8588,-1,-1,-1
37,18,32.08,631.62,27.17,61.37,0.5789,-1,-1,-1
38,3,176.13,227.36,226.42,544.16,0.9834,-1,-1,-1
38,4,793.03,294.63,88.01,273.22,0.9625,-1,-1,-1
38,5,935.94,278.25,118.76,295.67,0.9601,-1,-1,-1
38,6,400.94,242.17,223.57,522.52,0.9775,-1,-1,-1
38,8,922.56,313.99,55.37,185.84,0.9098,-1,-1,-1
38,9,1032.92,310.88,62.54,178.87,0.9334,-1,-1,-1
38,10,1001.06,315.25,55.41,167.72,0.7486,-1,-1,-1
38,12,112.51,352.45,35.07,103.36,0.8517,-1,-1,-1
38,18,28.71,630.26,26.37,59.47,0.6647,-1,-1,-1
39,3,163.81,224.65,232.69,556.21,0.9854,-1,-1,-1
39,4,792.59,292.58,88.07,273.04,0.9566,-1,-1,-1
39,5,933.57,276.64,119.06,295.34,0.9639,-1,-1,-1
39,6,396.31,235.84,225.77,529.62,0.9732,-1,-1,-1
39,8,922.36,311.22,55.40,185.45,0.9039,-1,-1,-1
39,9,1028.14,307.89,64.43,181.89,0.9386,-1,-1,-1
39,10,996.43,315.24,56.10,168.84,0.7595,-1,-1,-1
39,12,108.55,351.34,34.95,101.72,0.8430,-1,-1,-1
39,18,27.39,629.64,25.86,58.30,0.6307,-1,-1,-1
40,3,152.61,222.25,238.27,566.66,0.9849,-1,-1,-1
40,4,792.52,290.61,88.78,273.84,0.9527,-1,-1,-1
40,5,932.70,276.27,119.17,294.17,0.9610,-1,-1,-1
40,6,391.43,229.45,228.79,537.62,0.9698,-1,-1,-1
40,8,922.57,308.73,55.72,186.17,0.8821,-1,-1,-1
40,9,1025.01,305.96,65.30,181.25,0.9337,-1,-1,-1
40,12,105.23,350.93,35.28,101.59,0.8344,-1,-1,-1
40,18,27.52,630.15,24.67,55.46,0.7452,-1,-1,-1
40,13,950.18,271.31,89.44,252.67,0.5749,-1,-1,-1
41,3,140.10,221.96,241.50,572.87,0.9839,-1,-1,-1
41,4,791.26,289.74,89.91,275.91,0.9440,-1,-1,-1
41,5,931.44,273.96,120.38,295.12,0.9596,-1,-1,-1
41,6,386.68,227.36,230.00,543.24,0.9629,-1,-1,-1
41,8,923.31,308.59,55.53,185.54,0.7823,-1,-1,-1
41,9,1022.44,305.50,66.09,179.32,0.9140,-1,-1,-1
41,12,102.75,351.30,35.83,102.47,0.7996,-1,-1,-1
41,18,27.18,633.00,22.79,51.11,0.7010,-1,-1,-1
42,3,134.15,220.30,247.84,581.38,0.9844,-1,-1,-1
42,4,790.86,289.81,90.06,276.23,0.9576,-1,-1,-1
42,5,930.37,278.51,119.32,291.34,0.9698,-1,-1,-1
42,6,380.20,224.58,232.46,548.90,0.9683,-1,-1,-1
42,8,923.63,308.71,56.14,187.95,0.8622,-1,-1,-1
42,9,1017.20,304.93,67.90,181.83,0.9265,-1,-1,-1
42,12,100.59,352.65,35.69,101.48,0.8853,-1,-1,-1
42,18,26.47,633.92,22.90,51.23,0.7925,-1,-1,-1
42,13,952.78,274.47,85.70,237.45,0.7397,-1,-1,-1
43,3,122.38,220.97,252.84,588.46,0.9863,-1,-1,-1
43,4,790.14,288.97,90.76,277.67,0.9503,-1,-1,-1
43,5,928.12,278.26,120.40,293.44,0.9625,-1,-1,-1
43,6,374.82,220.76,235.94,556.79,0.9688,-1,-1,-1
43,8,923.74,307.00,56.78,189.73,0.8314,-1,-1,-1
43,9,1010.35,304.84,68.32,179.98,0.8799,-1,-1,-1
43,12,97.98,353.68,35.29,99.78,0.8332,-1,-1,-1
43,15,1502.73,293.02,54.18,193.59,0.5836,-1,-1,-1
43,13,951.93,276.24,85.17,233.82,0.5969,-1,-1,-1
44,3,108.26,223.20,261.20,604.32,0.9834,-1,-1,-1
44,4,787.36,291.64,92.41,279.52,0.9333,-1,-1,-1
44,5,926.34,281.79,120.73,293.32,0.9391,-1,-1,-1
44,6,370.33,221.24,239.59,565.54,0.9551,-1,-1,-1
44,8,922.70,309.11,58.96,195.26,0.7978,-1,-1,-1
44,15,1497.97,296.19,55.46,197.33,0.8585,-1,-1,-1
44,10,991.67,309.27,61.97,187.86,0.7696,-1,-1,-1
45,3,95.19,223.90,267.92,616.62,0.9805,-1,-1,-1
45,4,787.48,293.36,93.34,278.86,0.9149,-1,-1,-1
45,5,926.17,280.92,121.76,296.37,0.9269,-1,-1,-1
45,6,364.39,220.82,243.40,576.91,0.9658,-1,-1,-1
45,15,1495.90,295.61,57.44,202.23,0.7961,-1,-1,-1
45,13,972.58,303.49,79.53,221.02,0.6338,-1,-1,-1
46,3,84.61,220.93,274.92,627.34,0.9824,-1,-1,-1
46,4,787.38,292.28,94.54,279.03,0.9100,-1,-1,-1
46,5,927.38,282.99,120.32,293.40,0.9251,-1,-1,-1
46,6,364.36,219.68,248.78,589.92,0.9478,-1,-1,-1
46,15,1492.82,293.87,58.99,204.70,0.8183,-1,-1,-1
47,3,84.12,221.27,281.00,632.84,0.9776,-1,-1,-1
47,4,792.50,291.90,95.58,280.40,0.9367,-1,-1,-1
47,5,932.17,281.86,121.04,295.47,0.9352,-1,-1,-1
47,6,361.75,221.21,251.04,598.86,0.9585,-1,-1,-1
47,15,1496.03,295.03,58.74,200.44,0.8757,-1,-1,-1
48,3,79.73,218.49,287.69,640.90,0.9834,-1,-1,-1
48,4,799.51,291.89,95.51,279.56,0.9523,-1,-1,-1
48,5,941.27,280.44,121.13,296.67,0.9683,-1,-1,-1
48,6,371.54,221.64,257.43,608.18,0.9673,-1,-1,-1
48,15,1521.51,281.89,61.20,210.34,0.7643,-1,-1,-1
48,8,941.72,307.36,57.88,192.12,0.8235,-1,-1,-1
48,13,971.02,279.50,88.81,246.12,0.7264,-1,-1,-1
49,3,77.16,217.92,293.35,646.56,0.9834,-1,-1,-1
49,4,807.94,291.65,95.87,281.11,0.9566,-1,-1,-1
49,5,950.52,278.46,122.42,300.22,0.9649,-1,-1,-1
49,6,375.25,223.44,261.75,611.51,0.9610,-1,-1,-1
49,8,951.06,307.96,53.47,176.31,0.8054,-1,-1,-1
49,13,978.35,273.91,87.17,243.28,0.8260,-1,-1,-1
50,3,71.65,217.65,296.99,650.09,0.9834,-1,-1,-1
50,4,815.86,291.22,95.60,281.46,0.9644,-1,-1,-1
50,5,960.66,280.03,121.29,297.55,0.9664,-1,-1,-1
50,6,370.27,224.67,265.74,616.67,0.9493,-1,-1,-1
50,8,958.58,307.71,54.68,180.36,0.8127,-1,-1,-1
50,13,981.53,271.73,89.35,250.98,0.8511,-1,-1,-1
50,15,1549.04,273.46,63.36,221.55,0.5877,-1,-1,-1
51,3,64.75,216.36,300.86,652.70,0.9854,-1,-1,-1
51,4,823.02,290.01,95.82,282.56,0.9586,-1,-1,-1
51,5,968.29,276.83,121.89,299.16,0.9600,-1,-1,-1
51,6,357.03,224.41,270.22,626.08,0.9576,-1,-1,-1
51,8,966.35,305.92,53.92,177.16,0.8022,-1,-1,-1
51,13,987.19,268.07,89.03,252.06,0.8005,-1,-1,-1
52,3,54.97,213.92,306.38,660.91,0.9834,-1,-1,-1
52,4,828.61,289.26,95.82,283.40,0.9620,-1,-1,-1
52,5,975.95,279.03,120.89,296.75,0.9630,-1,-1,-1
52,6,358.92,222.77,282.72,643.16,0.9702,-1,-1,-1
52,8,971.35,305.41,56.92,187.78,0.8731,-1,-1,-1
52,13,992.16,267.14,88.91,254.12,0.8431,-1,-1,-1
52,15,1561.81,268.79,63.57,222.75,0.8434,-1,-1,-1
53,3,41.77,212.03,309.72,667.88,0.9858,-1,-1,-1
53,4,832.98,289.76,95.83,284.25,0.9615,-1,-1,-1
53,5,982.35,278.47,121.58,299.26,0.9625,-1,-1,-1
53,6,339.99,222.90,289.22,654.50,0.9571,-1,-1,-1
53,8,976.70,306.36,57.43,189.88,0.8567,-1,-1,-1
53,13,997.05,267.78,90.93,261.86,0.8564,-1,-1,-1
53,19,1815.52,268.99,45.28,156.46,0.7854,-1,-1,-1
53,15,1568.56,269.03,63.58,224.13,0.8906,-1,-1,-1
54,3,29.64,211.07,311.75,670.51,0.9814,-1,-1,-1
54,4,836.42,289.43,95.77,284.88,0.9664,-1,-1,-1
54,5,988.79,280.54,120.96,297.08,0.9698,-1,-1,-1
54,6,331.09,223.31,291.68,657.84,0.9595,-1,-1,-1
54,8,980.10,303.68,59.32,196.47,0.8919,-1,-1,-1
54,13,1001.91,267.81,91.12,263.53,0.8709,-1,-1,-1
54,19,1827.04,268.69,45.61,157.22,0.7589,-1,-1,-1
54,15,1571.63,268.60,63.68,225.96,0.9139,-1,-1,-1
55,3,16.52,206.19,316.65,679.75,0.9824,-1,-1,-1
55,4,840.21,290.17,95.72,286.43,0.9654,-1,-1,-1
55,5,994.32,282.25,121.18,297.57,0.9654,-1,-1,-1
55,6,323.68,219.82,296.65,664.73,0.9575,-1,-1,-1
55,8,986.17,305.32,58.90,196.32,0.8440,-1,-1,-1
55,13,1008.58,268.90,89.13,258.67,0.8405,-1,-1,-1
55,19,1837.54,271.39,45.16,154.72,0.8251,-1,-1,-1
55,15,1574.27,270.45,63.62,225.30,0.8894,-1,-1,-1
56,3,2.38,202.14,320.82,690.74,0.9839,-1,-1,-1
56,4,843.68,290.99,95.26,286.10,0.9639,-1,-1,-1
56,5,999.15,281.83,122.03,299.53,0.9673,-1,-1,-1
56,6,323.68,215.23,306.49,674.45,0.9624,-1,-1,-1
56,8,991.80,306.35,59.19,197.21,0.8709,-1,-1,-1
56,13,1014.18,270.11,85.86,248.21,0.7858,-1,-1,-1
56,15,1578.20,272.48,63.79,224.59,0.9090,-1,-1,-1
56,21,891.67,294.91,64.81,211.28,0.9327,-1,-1,-1
57,3,-9.20,199.47,326.36,707.02,0.9810,-1,-1,-1
57,4,846.52,291.26,95.03,285.95,0.9688,-1,-1,-1
57,5,1004.64,284.06,121.47,298.03,0.9654,-1,-1,-1
57,6,309.78,207.73,312.78,683.39,0.9566,-1,-1,-1
57,8,995.19,307.04,58.82,195.64,0.8701,-1,-1,-1
57,13,1017.46,268.76,88.82,259.00,0.8355,-1,-1,-1
57,15,1582.51,274.22,64.46,223.97,0.6503,-1,-1,-1
57,21,895.78,296.14,64.81,211.27,0.9357,-1,-1,-1
57,19,1853.56,272.68,46.15,156.84,0.6514,-1,-1,-1
58,3,-23.70,195.27,334.28,727.25,0.9741,-1,-1,-1
58,4,848.69,291.18,95.25,287.31,0.9595,-1,-1,-1
58,5,1008.07,281.74,122.80,301.46,0.9605,-1,-1,-1
58,6,296.05,199.50,319.71,696.41,0.9600,-1,-1,-1
58,8,996.63,307.70,59.03,197.24,0.8465,-1,-1,-1
58,13,1020.01,268.93,88.96,261.14,0.7483,-1,-1,-1
58,15,1586.65,276.38,65.82,225.41,0.8454,-1,-1,-1
58,21,900.61,297.12,64.81,211.28,0.9154,-1,-1,-1
58,19,1860.17,276.36,46.58,156.87,0.8327,-1,-1,-1
59,3,-39.90,193.26,339.39,741.99,0.9566,-1,-1,-1
59,4,846.94,290.19,97.42,292.47,0.9274,-1,-1,-1
59,5,1006.80,281.66,124.47,303.62,0.9440,-1,-1,-1
59,6,289.25,192.20,323.71,706.40,0.9604,-1,-1,-1
59,8,998.77,308.97,58.17,194.72,0.7342,-1,-1,-1
59,15,1589.86,278.97,66.27,223.61,0.6489,-1,-1,-1
59,21,904.46,296.58,65.66,213.68,0.8938,-1,-1,-1
59,19,1863.60,278.53,47.63,159.08,0.6551,-1,-1,-1
59,11,257.62,346.21,55.89,158.09,0.5880,-1,-1,-1
60,3,-57.18,191.79,345.56,758.95,0.9450,-1,-1,-1
60,4,844.86,291.48,99.12,294.40,0.8933,-1,-1,-1
60,5,1007.61,280.73,126.46,307.86,0.9294,-1,-1,-1
60,6,272.74,188.67,327.88,714.99,0.9605,-1,-1,-1
60,15,1593.56,285.48,65.68,219.90,0.6674,-1,-1,-1
60,21,905.35,297.49,66.27,215.07,0.8755,-1,-1,-1
60,11,258.58,346.62,54.66,154.84,0.8585,-1,-1,-1
61,3,-70.58,188.64,348.38,770.63,0.9527,-1,-1,-1
61,4,843.37,292.74,99.73,294.87,0.9362,-1,-1,-1
61,5,1006.96,281.10,127.58,310.87,0.9479,-1,-1,-1
61,6,262.17,184.23,332.26,725.44,0.9639,-1,-1,-1
61,15,1590.34,288.51,67.45,220.31,0.7658,-1,-1,-1
61,21,906.00,299.99,66.23,214.92,0.9061,-1,-1,-1
61,8,998.72,314.14,60.72,201.91,0.7961,-1,-1,-1
61,19,1872.26,288.01,48.25,158.89,0.8265,-1,-1,-1
62,3,-86.29,185.64,343.05,757.10,0.9371,-1,-1,-1
62,4,838.71,293.31,100.55,296.66,0.9364,-1,-1,-1
62,5,1006.11,279.47,128.69,315.96,0.9538,-1,-1,-1
62,6,245.31,177.30,340.16,741.65,0.9653,-1,-1,-1
62,21,902.99,301.19,66.78,215.76,0.8914,-1,-1,-1
62,8,997.00,316.15,60.65,202.09,0.7877,-1,-1,-1
62,19,1870.61,289.05,50.22,163.79,0.7175,-1,-1,-1
62,13,1010.99,292.16,77.44,229.74,0.6492,-1,-1,-1
63,3,-106.77,190.76,340.72,747.99,0.9391,-1,-1,-1
63,4,833.15,297.98,100.31,296.42,0.9427,-1,-1,-1
63,5,1002.38,283.49,128.47,318.29,0.9634,-1,-1,-1
63,6,223.90,172.27,352.75,768.14,0.9624,-1,-1,-1
63,21,898.24,305.74,66.77,215.23,0.9143,-1,-1,-1
63,8,991.07,320.40,61.04,203.03,0.8522,-1,-1,-1
63,19,1866.95,297.16,49.71,161.55,0.7668,-1,-1,-1
63,11,249.85,346.28,58.32,148.37,0.7954,-1,-1,-1
63,13,1003.25,298.48,77.26,231.16,0.7717,-1,-1,-1
64,3,-134.54,185.31,343.85,750.44,0.9065,-1,-1,-1
64,4,827.53,300.37,99.86,295.39,0.9450,-1,-1,-1
64,5,999.05,286.23,127.41,317.79,0.9605,-1,-1,-1
64,6,198.84,171.88,359.97,786.10,0.9566,-1,-1,-1
64,21,893.15,306.45,67.59,217.29,0.9167,-1,-1,-1
64,8,984.16,322.77,61.27,202.92,0.7978,-1,-1,-1
64,19,1862.24,302.74,49.33,159.65,0.8268,-1,-1,-1
64,11,242.50,347.01,58.60,149.49,0.8314,-1,-1,-1
64,13,997.40,302.41,76.76,232.39,0.7876,-1,-1,-1
65,3,-167.25,161.60,355.03,776.61,0.8929,-1,-1,-1
65,4,819.62,297.57,100.65,296.74,0.9250,-1,-1,-1
65,5,992.12,284.05,126.86,318.86,0.9498,-1,-1,-1
65,6,184.82,168.56,376.25,815.35,0.9439,-1,-1,-1
65,21,886.64,304.35,68.16,217.57,0.9059,-1,-1,-1
65,8,976.33,319.39,61.19,203.85,0.7951,-1,-1,-1
65,19,1856.39,303.76,49.75,159.73,0.7936,-1,-1,-1
65,13,987.81,313.07,72.76,221.76,0.6070,-1,-1,-1
66,3,-198.16,141.48,366.05,802.50,0.8709,-1,-1,-1
66,4,811.79,296.77,101.22,298.88,0.9269,-1,-1,-1
66,5,986.48,286.53,124.90,315.66,0.9522,-1,-1,-1
66,6,156.80,161.36,385.40,837.37,0.9367,-1,-1,-1
66,21,880.85,303.62,69.11,218.89,0.8920,-1,-1,-1
66,8,970.05,319.27,58.30,194.75,0.5958,-1,-1,-1
66,19,1849.31,304.76,50.51,160.32,0.8067,-1,-1,-1
66,13,977.97,312.92,70.66,216.37,0.6844,-1,-1,-1
66,23,448.07,319.98,67.90,192.75,0.8745,-1,-1,-1
67,3,-234.65,113.08,382.10,842.54,0.8247,-1,-1,-1
67,4,801.98,297.51,100.85,298.44,0.9445,-1,-1,-1
67,5,978.68,285.71,124.56,317.06,0.9527,-1,-1,-1
67,6,120.44,159.84,397.74,865.48,0.9590,-1,-1,-1
67,21,870.98,304.39,69.46,219.02,0.9105,-1,-1,-1
67,8,957.65,316.40,59.21,199.93,0.8331,-1,-1,-1
67,19,1839.52,307.18,50.88,160.55,0.8387,-1,-1,-1
67,13,971.12,309.30,75.69,232.89,0.6870,-1,-1,-1
67,23,439.43,317.75,69.61,197.18,0.9018,-1,-1,-1
68,3,-251.60,125.32,377.38,839.83,0.8072,-1,-1,-1
68,4,791.46,296.96,100.59,298.68,0.9522,-1,-1,-1
68,5,970.33,284.98,123.96,317.99,0.9639,-1,-1,-1
68,6,87.67,158.59,403.90,874.92,0.9663,-1,-1,-1
68,21,861.68,303.62,69.52,218.59,0.9216,-1,-1,-1
68,8,942.76,315.04,59.99,203.47,0.8810,-1,-1,-1
68,19,1829.60,309.02,50.82,159.29,0.8970,-1,-1,-1
68,13,962.12,306.26,73.68,228.18,0.8427,-1,-1,-1
68,23,429.13,316.31,71.19,201.24,0.9052,-1,-1,-1
69,4,782.15,295.99,100.30,298.74,0.9629,-1,-1,-1
69,5,963.78,284.89,122.54,317.08,0.9664,-1,-1,-1
69,6,47.12,154.53,421.00,902.19,0.9654,-1,-1,-1
69,21,852.98,303.19,69.89,218.85,0.9430,-1,-1,-1
69,8,921.17,317.69,59.37,194.19,0.9239,-1,-1,-1
69,19,1821.40,311.46,50.23,157.02,0.8003,-1,-1,-1
69,13,949.91,302.32,73.70,228.63,0.8890,-1,-1,-1
69,23,422.66,315.61,72.21,203.92,0.9332,-1,-1,-1
70,4,773.54,293.91,100.91,300.95,0.9673,-1,-1,-1
70,5,956.02,283.91,122.09,317.92,0.9635,-1,-1,-1
70,6,5.29,150.09,441.10,936.99,0.9741,-1,-1,-1
70,21,844.70,301.75,70.42,219.82,0.9288,-1,-1,-1
70,8,905.11,318.33,60.70,193.27,0.9152,-1,-1,-1
70,19,1811.34,313.46,50.58,156.17,0.7715,-1,-1,-1
70,13,942.93,300.74,72.62,226.03,0.8287,-1,-1,-1
70,23,414.49,314.28,72.84,206.12,0.9289,-1,-1,-1
71,4,765.67,292.32,101.06,301.76,0.9571,-1,-1,-1
71,5,951.10,283.26,120.90,316.76,0.9669,-1,-1,-1
71,6,-11.72,145.85,450.82,949.22,0.9649,-1,-1,-1
71,21,838.64,300.61,70.63,220.16,0.9133,-1,-1,-1
71,8,896.10,318.17,60.70,189.36,0.8889,-1,-1,-1
71,19,1807.08,313.12,51.06,156.77,0.8499,-1,-1,-1
71,13,939.25,298.60,72.20,226.91,0.8547,-1,-1,-1
71,23,407.56,312.03,73.09,207.34,0.9304,-1,-1,-1
72,4,759.30,291.07,101.55,302.48,0.9595,-1,-1,-1
72,5,947.48,283.35,119.38,315.07,0.9698,-1,-1,-1
72,6,-25.68,135.27,456.97,959.00,0.9708,-1,-1,-1
72,21,832.99,298.85,70.99,221.16,0.9328,-1,-1,-1
72,8,895.21,316.75,61.29,191.07,0.8578,-1,-1,-1
72,19,1803.60,312.66,51.52,156.56,0.8562,-1,-1,-1
72,13,931.05,295.65,72.20,229.62,0.8901,-1,-1,-1
72,23,401.46,310.10,73.49,209.28,0.9412,-1,-1,-1
73,4,755.25,289.58,101.74,303.17,0.9683,-1,-1,-1
73,5,943.41,282.21,118.93,315.41,0.9737,-1,-1,-1
73,6,-34.42,129.03,464.30,963.07,0.9590,-1,-1,-1
73,21,831.41,297.26,71.06,222.08,0.9376,-1,-1,-1
73,8,894.97,316.27,61.58,189.50,0.8844,-1,-1,-1
73,19,1799.86,313.46,51.72,155.59,0.8787,-1,-1,-1
73,13,928.25,295.81,71.81,229.45,0.9202,-1,-1,-1
73,23,396.87,307.84,73.65,210.92,0.9299,-1,-1,-1
74,4,750.84,287.39,102.03,303.39,0.9664,-1,-1,-1
74,5,939.67,281.59,118.39,314.96,0.9703,-1,-1,-1
74,6,-63.23,112.68,473.20,982.64,0.9495,-1,-1,-1
74,21,828.39,295.81,71.18,222.74,0.9280,-1,-1,-1
74,8,885.45,314.56,63.42,189.94,0.9065,-1,-1,-1
74,19,1799.66,312.73,49.92,151.21,0.8160,-1,-1,-1
74,13,925.62,293.90,71.95,231.08,0.9020,-1,-1,-1
74,23,392.92,305.15,73.83,212.33,0.9386,-1,-1,-1
74,24,1876.15,328.86,51.47,141.62,0.7231,-1,-1,-1
75,4,746.87,285.05,102.11,303.45,0.9717,-1,-1,-1
75,5,936.23,280.40,118.41,314.90,0.9712,-1,-1,-1
75,6,-83.33,97.60,482.26,1008.66,0.9440,-1,-1,-1
75,21,825.49,293.08,70.91,223.41,0.9249,-1,-1,-1
75,8,879.09,311.82,65.10,191.36,0.9279,-1,-1,-1
75,19,1803.00,310.68,50.35,153.20,0.7574,-1,-1,-1
75,13,921.60,291.65,71.66,232.60,0.8967,-1,-1,-1
75,23,389.20,301.73,74.05,213.67,0.9407,-1,-1,-1
75,24,1876.00,327.07,51.77,142.63,0.7705,-1,-1,-1
75,25,1428.55,344.18,52.96,181.58,0.5822,-1,-1,-1
76,4,744.43,282.80,102.42,304.33,0.9678,-1,-1,-1
76,5,948.55,273.72,103.80,282.18,0.7339,-1,-1,-1
76,6,-75.89,82.28,487.22,1034.32,0.9128,-1,-1,-1
76,21,824.00,290.65,70.79,224.08,0.9142,-1,-1,-1
76,8,875.41,309.37,65.87,191.91,0.9196,-1,-1,-1
76,19,1800.17,310.46,50.76,154.39,0.7049,-1,-1,-1
76,13,920.76,288.92,71.27,233.63,0.8884,-1,-1,-1
76,23,385.99,299.61,74.64,215.44,0.9397,-1,-1,-1
76,25,1425.33,316.58,61.79,210.94,0.8019,-1,-1,-1
76,10,939.20,277.23,108.62,317.52,0.9688,-1,-1,-1
77,4,742.17,281.73,102.31,304.30,0.9644,-1,-1,-1
77,5,952.06,269.18,99.47,275.98,0.8013,-1,-1,-1
77,6,-76.13,72.19,492.72,1046.36,0.9547,-1,-1,-1
77,21,823.52,289.08,71.14,225.09,0.9123,-1,-1,-1
77,8,871.31,307.44,67.00,194.36,0.9124,-1,-1,-1
77,19,1799.81,308.33,51.70,155.75,0.8608,-1,-1,-1
77,13,920.81,286.89,70.15,232.25,0.8825,-1,-1,-1
77,23,385.90,297.34,74.14,212.90,0.9234,-1,-1,-1
77,25,1421.46,306.55,65.00,220.80,0.8821,-1,-1,-1
77,10,935.80,276.40,111.88,318.40,0.9707,-1,-1,-1
77,24,1879.79,323.52,52.49,144.75,0.8024,-1,-1,-1
78,4,740.03,281.99,102.57,304.60,0.9547,-1,-1,-1
78,5,953.91,267.88,96.89,273.92,0.7942,-1,-1,-1
78,6,-99.37,67.13,507.39,1076.81,0.9181,-1,-1,-1
78,21,823.36,289.03,71.53,226.34,0.9105,-1,-1,-1
78,8,867.66,307.14,67.62,195.85,0.8568,-1,-1,-1
78,19,1801.52,308.60,51.94,155.83,0.8257,-1,-1,-1
78,13,921.04,286.43,70.55,235.30,0.8765,-1,-1,-1
78,23,386.17,296.86,75.58,215.89,0.9123,-1,-1,-1
78,25,1418.08,304.27,66.10,223.82,0.9032,-1,-1,-1
78,10,933.92,276.56,113.69,318.14,0.9654,-1,-1,-1
78,24,1879.48,322.65,52.57,144.78,0.8030,-1,-1,-1
79,4,738.43,281.20,102.86,305.58,0.9581,-1,-1,-1
79,5,954.41,266.46,93.76,269.22,0.8308,-1,-1,-1
79,6,-127.25,55.57,516.54,1093.47,0.9182,-1,-1,-1
79,21,823.86,287.76,71.69,226.90,0.9144,-1,-1,-1
79,8,868.72,307.97,66.95,193.19,0.8185,-1,-1,-1
79,19,1803.76,305.01,52.52,157.20,0.8554,-1,-1,-1
79,13,918.45,284.86,71.06,236.88,0.8845,-1,-1,-1
79,23,385.65,296.80,75.89,216.06,0.9269,-1,-1,-1
79,25,1416.97,301.36,66.43,223.22,0.8697,-1,-1,-1
79,10,932.46,275.59,115.32,318.61,0.9712,-1,-1,-1
79,24,1882.46,320.79,52.16,144.18,0.6665,-1,-1,-1
80,4,736.48,278.34,104.23,308.60,0.9294,-1,-1,-1
80,5,952.68,263.21,92.28,267.64,0.6420,-1,-1,-1
80,6,-148.20,46.64,528.83,1121.76,0.9119,-1,-1,-1
80,21,823.49,286.18,72.33,227.86,0.9067,-1,-1,-1
80,8,854.05,303.29,67.93,198.43,0.8334,-1,-1,-1
80,13,919.43,282.53,71.36,237.37,0.8490,-1,-1,-1
80,23,383.75,296.09,76.64,217.40,0.9199,-1,-1,-1
80,10,932.29,272.58,117.47,321.70,0.9581,-1,-1,-1
81,4,734.69,277.73,106.08,312.82,0.9148,-1,-1,-1
81,5,941.90,265.72,107.31,308.97,0.9547,-1,-1,-1
81,6,-152.04,51.92,517.79,1100.42,0.9150,-1,-1,-1
81,21,827.12,287.31,73.91,228.75,0.9095,-1,-1,-1
81,8,852.77,310.22,65.36,192.43,0.6689,-1,-1,-1
81,13,921.13,282.51,72.40,240.31,0.8446,-1,-1,-1
81,23,384.46,297.43,76.99,218.19,0.9192,-1,-1,-1
81,25,1410.61,290.52,73.28,241.23,0.6861,-1,-1,-1
82,4,736.70,280.02,105.97,312.62,0.9318,-1,-1,-1
82,5,941.45,273.39,111.35,317.57,0.9508,-1,-1,-1
82,6,-168.51,58.30,519.78,1103.64,0.8880,-1,-1,-1
82,21,831.35,288.05,75.05,229.50,0.9151,-1,-1,-1
82,8,854.61,314.10,64.49,190.52,0.8107,-1,-1,-1
82,13,926.92,285.15,71.44,236.87,0.8048,-1,-1,-1
82,23,389.29,300.10,77.00,218.54,0.9152,-1,-1,-1
82,27,179.66,321.00,47.04,138.95,0.8427,-1,-1,-1
82,25,1419.07,301.72,70.79,231.48,0.7658,-1,-1,-1
82,19,1817.98,301.30,54.49,162.40,0.6321,-1,-1,-1
83,4,740.12,279.61,105.50,311.60,0.9372,-1,-1,-1
83,5,944.63,275.77,113.52,320.57,0.9537,-1,-1,-1
83,6,-202.75,71.46,533.05,1135.44,0.8380,-1,-1,-1
83,21,836.90,287.44,75.83,229.32,0.9227,-1,-1,-1
83,8,856.29,311.73,65.35,192.52,0.7765,-1,-1,-1
83,13,931.21,283.77,70.75,235.64,0.8247,-1,-1,-1
83,23,395.07,300.27,76.65,217.74,0.9221,-1,-1,-1
83,27,186.36,321.18,46.39,136.44,0.8580,-1,-1,-1
83,25,1430.62,296.29,72.34,235.21,0.8276,-1,-1,-1
83,19,1828.51,299.18,55.23,163.09,0.7949,-1,-1,-1
84,4,744.90,278.67,105.24,310.73,0.9372,-1,-1,-1
84,5,948.03,274.95,115.05,322.06,0.9484,-1,-1,-1
84,6,-224.54,54.63,539.91,1153.47,0.7356,-1,-1,-1
84,21,841.49,285.13,76.18,229.22,0.9129,-1,-1,-1
84,8,865.58,306.52,66.16,194.16,0.8079,-1,-1,-1
84,13,935.12,282.34,71.02,237.40,0.8235,-1,-1,-1
84,23,402.96,298.65,76.77,217.38,0.9265,-1,-1,-1
84,27,195.38,319.48,42.24,123.44,0.8247,-1,-1,-1
84,25,1437.29,293.28,73.23,236.09,0.8308,-1,-1,-1
84,19,1835.69,296.78,55.90,163.89,0.7988,-1,-1,-1
84,28,973.09,262.58,83.69,272.29,0.6825,-1,-1,-1
85,4,749.77,278.11,105.67,311.26,0.9411,-1,-1,-1
85,5,952.94,273.61,116.75,324.62,0.9571,-1,-1,-1
85,6,-293.54,22.54,575.89,1238.01,0.6323,-1,-1,-1
85,21,846.44,284.93,76.37,229.16,0.9094,-1,-1,-1
85,8,869.57,302.85,66.95,196.45,0.8032,-1,-1,-1
85,13,940.38,281.89,71.02,238.17,0.8711,-1,-1,-1
85,23,409.37,298.66,76.45,216.43,0.9260,-1,-1,-1
85,27,202.67,319.32,42.21,122.29,0.8561,-1,-1,-1
85,25,1444.52,289.18,75.19,241.78,0.8807,-1,-1,-1
85,19,1846.93,296.03,55.36,163.61,0.7272,-1,-1,-1
85,28,979.14,262.61,85.73,279.20,0.8275,-1,-1,-1
86,4,755.46,276.74,105.95,312.32,0.9430,-1,-1,-1
86,5,957.57,272.79,117.95,326.05,0.9581,-1,-1,-1
86,6,-338.62,-23.66,635.66,1377.06,0.6793,-1,-1,-1
86,21,852.90,283.94,76.80,229.11,0.9222,-1,-1,-1
86,8,876.46,301.56,65.36,193.44,0.7674,-1,-1,-1
86,13,944.82,279.63,71.31,240.12,0.8541,-1,-1,-1
86,23,417.50,295.54,76.48,217.38,0.9332,-1,-1,-1
86,27,208.44,318.46,44.65,128.51,0.8820,-1,-1,-1
86,25,1454.60,287.51,75.48,243.44,0.9032,-1,-1,-1
86,19,1861.33,296.74,54.56,162.27,0.7082,-1,-1,-1
86,28,986.08,259.82,88.79,289.44,0.8858,-1,-1,-1
87,4,762.15,277.31,105.37,311.37,0.9493,-1,-1,-1
87,5,962.74,271.77,119.00,326.94,0.9585,-1,-1,-1
87,21,859.48,282.45,76.94,229.97,0.9270,-1,-1,-1
87,13,951.03,278.97,71.54,240.40,0.8629,-1,-1,-1
87,23,426.18,293.82,76.30,218.04,0.9451,-1,-1,-1
87,27,216.17,316.85,48.07,137.82,0.9062,-1,-1,-1
87,25,1464.06,289.00,75.11,242.81,0.9012,-1,-1,-1
87,19,1872.51,296.38,55.14,165.42,0.7665,-1,-1,-1
87,28,995.95,259.94,91.11,298.15,0.8959,-1,-1,-1
88,4,768.85,276.15,105.52,311.87,0.9503,-1,-1,-1
88,5,968.55,269.47,120.13,327.19,0.9571,-1,-1,-1
88,21,865.87,283.16,75.89,227.60,0.9047,-1,-1,-1
88,13,957.45,277.98,71.94,240.94,0.8708,-1,-1,-1
88,23,435.00,290.68,76.29,218.82,0.9415,-1,-1,-1
88,27,225.35,315.04,50.35,144.38,0.8934,-1,-1,-1
88,25,1469.10,284.83,76.27,247.75,0.8975,-1,-1,-1
88,28,1004.62,258.67,91.01,298.84,0.9142,-1,-1,-1
88,8,886.91,298.87,66.77,198.92,0.7427,-1,-1,-1
89,4,774.40,272.80,105.81,313.37,0.9532,-1,-1,-1
89,5,973.10,267.96,121.19,326.75,0.9610,-1,-1,-1
89,21,885.83,287.49,68.92,208.80,0.6279,-1,-1,-1
89,13,964.35,274.54,72.09,241.12,0.8602,-1,-1,-1
89,23,443.51,285.59,76.99,221.54,0.9430,-1,-1,-1
89,27,233.91,310.37,52.27,150.42,0.8960,-1,-1,-1
89,25,1477.80,282.16,76.36,249.13,0.9052,-1,-1,-1
89,28,1011.83,255.55,90.83,299.19,0.9019,-1,-1,-1
89,12,53.47,319.38,47.39,111.68,0.8089,-1,-1,-1
89,8,881.02,283.16,73.82,220.46,0.9249,-1,-1,-1
90,4,780.31,272.50,105.03,312.14,0.9586,-1,-1,-1
90,5,977.42,265.47,123.06,329.60,0.9639,-1,-1,-1
90,21,898.25,285.44,67.80,206.31,0.6180,-1,-1,-1
90,13,969.67,273.88,72.48,242.84,0.8335,-1,-1,-1
90,23,452.39,282.87,75.72,217.00,0.9362,-1,-1,-1
90,27,243.19,308.78,53.13,153.43,0.8637,-1,-1,-1
90,25,1483.76,280.85,75.74,246.94,0.8913,-1,-1,-1
90,28,1020.74,253.31,91.23,302.30,0.9186,-1,-1,-1
90,12,62.79,317.44,46.72,110.39,0.8450,-1,-1,-1
90,8,883.16,278.24,75.80,227.63,0.9280,-1,-1,-1
91,4,787.15,270.70,105.85,313.99,0.9363,-1,-1,-1
91,5,982.90,263.61,124.56,330.62,0.9509,-1,-1,-1
91,21,896.99,276.84,73.75,224.01,0.9177,-1,-1,-1
91,13,975.77,272.62,72.02,241.37,0.8283,-1,-1,-1
91,23,460.60,279.73,75.82,217.79,0.9245,-1,-1,-1
91,27,252.95,306.61,52.57,152.29,0.7940,-1,-1,-1
91,25,1488.74,279.95,76.45,248.72,0.8760,-1,-1,-1
91,28,1027.32,250.66,92.31,306.91,0.8910,-1,-1,-1
91,12,71.55,314.23,46.40,109.84,0.8139,-1,-1,-1
91,8,877.32,286.48,69.80,210.52,0.8536,-1,-1,-1
92,4,793.61,268.78,107.38,317.23,0.9426,-1,-1,-1
92,5,987.13,263.95,125.39,329.15,0.9576,-1,-1,-1
92,21,899.73,273.24,76.09,231.21,0.9158,-1,-1,-1
92,13,978.99,271.20,72.77,243.46,0.8694,-1,-1,-1
92,23,467.26,276.40,77.41,222.53,0.9201,-1,-1,-1
92,27,263.08,304.34,44.86,129.66,0.7887,-1,-1,-1
92,28,1033.37,250.51,92.64,308.46,0.8692,-1,-1,-1
92,12,80.90,312.46,46.09,109.33,0.8063,-1,-1,-1
92,8,876.88,289.85,66.07,201.88,0.8721,-1,-1,-1
93,4,799.00,267.07,107.42,317.54,0.9295,-1,-1,-1
93,5,993.95,263.76,126.67,329.41,0.9562,-1,-1,-1
93,21,906.69,270.78,77.27,234.59,0.9126,-1,-1,-1
93,13,985.39,270.36,73.23,244.67,0.8465,-1,-1,-1
93,23,477.63,274.45,77.97,224.30,0.9200,-1,-1,-1
93,27,273.49,300.76,42.95,124.17,0.7896,-1,-1,-1
93,28,1044.81,248.14,91.97,307.51,0.8807,-1,-1,-1
93,12,92.11,310.45,45.17,107.22,0.7223,-1,-1,-1
93,8,881.18,288.54,64.96,200.72,0.8450,-1,-1,-1
94,4,811.52,265.28,107.77,319.41,0.9318,-1,-1,-1
94,5,1007.03,262.84,127.89,329.45,0.9542,-1,-1,-1
94,21,922.06,269.03,77.58,236.18,0.9239,-1,-1,-1
94,13,998.62,268.61,73.57,245.56,0.8690,-1,-1,-1
94,23,495.12,273.74,78.73,225.39,0.9206,-1,-1,-1
94,27,293.07,300.35,41.00,118.65,0.7622,-1,-1,-1
94,28,1060.95,248.11,90.49,302.61,0.8757,-1,-1,-1
94,12,111.62,310.31,44.26,105.21,0.6158,-1,-1,-1
94,8,891.12,287.69,64.00,200.62,0.8978,-1,-1,-1
95,4,826.66,264.82,107.88,320.08,0.9421,-1,-1,-1
95,5,1022.35,260.07,130.15,332.97,0.9610,-1,-1,-1
95,21,939.96,268.99,77.32,236.29,0.9255,-1,-1,-1
95,13,1015.13,266.79,73.95,246.76,0.8710,-1,-1,-1
95,23,511.23,273.81,78.88,225.32,0.9318,-1,-1,-1
95,27,312.34,298.90,40.11,115.93,0.8032,-1,-1,-1
95,28,1078.91,247.08,91.40,306.81,0.9023,-1,-1,-1
95,12,129.44,310.56,45.47,108.73,0.8282,-1,-1,-1
95,8,903.75,285.96,63.64,202.36,0.9105,-1,-1,-1
96,4,834.88,264.43,107.97,320.30,0.9591,-1,-1,-1
96,5,1033.26,257.90,131.97,336.58,0.9747,-1,-1,-1
96,21,951.07,268.39,77.04,237.16,0.9367,-1,-1,-1
96,13,1027.02,267.30,74.07,248.08,0.8941,-1,-1,-1
96,23,520.91,273.82,78.92,225.37,0.9522,-1,-1,-1
96,27,323.72,297.78,41.89,121.42,0.8375,-1,-1,-1
96,28,1090.98,245.26,91.40,307.41,0.9328,-1,-1,-1
96,12,142.30,311.01,42.21,101.25,0.8126,-1,-1,-1
96,8,911.30,287.13,62.39,201.68,0.9239,-1,-1,-1
97,4,844.02,264.18,107.87,320.35,0.9664,-1,-1,-1
97,5,1045.50,257.58,132.86,337.90,0.9722,-1,-1,-1
97,21,962.76,268.26,76.48,237.89,0.9441,-1,-1,-1
97,13,1039.65,267.34,73.35,247.67,0.9093,-1,-1,-1
97,23,533.51,274.38,79.36,226.58,0.9581,-1,-1,-1
97,27,337.66,297.44,41.00,118.90,0.8546,-1,-1,-1
97,28,1105.74,245.06,91.73,310.65,0.9222,-1,-1,-1
97,12,155.12,311.21,42.93,103.65,0.6185,-1,-1,-1
97,8,920.84,287.45,61.63,201.85,0.9328,-1,-1,-1
98,4,851.61,265.35,107.63,320.34,0.9649,-1,-1,-1
98,5,1055.54,256.73,134.01,340.99,0.9722,-1,-1,-1
98,21,971.96,268.38,76.46,239.45,0.9381,-1,-1,-1
98,13,1049.33,269.07,72.25,247.03,0.9018,-1,-1,-1
98,23,544.44,276.87,79.03,225.12,0.9581,-1,-1,-1
98,27,349.31,297.78,39.22,113.55,0.8369,-1,-1,-1
98,28,1115.98,245.15,92.29,313.58,0.9324,-1,-1,-1
98,12,163.78,310.97,44.60,108.60,0.6808,-1,-1,-1
98,8,925.37,288.62,61.58,201.46,0.9231,-1,-1,-1
98,30,1741.38,362.21,57.48,152.01,0.8756,-1,-1,-1
99,4,857.87,266.86,106.77,319.42,0.9688,-1,-1,-1
99,5,1065.18,258.87,133.96,341.22,0.9644,-1,-1,-1
99,21,981.42,270.76,75.69,239.22,0.9386,-1,-1,-1
99,13,1057.92,269.73,71.43,248.11,0.8913,-1,-1,-1
99,23,553.25,278.46,79.58,227.76,0.9630,-1,-1,-1
99,27,359.38,298.27,40.42,117.06,0.7974,-1,-1,-1
99,28,1127.16,247.01,91.60,313.27,0.9272,-1,-1,-1
99,12,173.05,312.77,43.56,106.75,0.7334,-1,-1,-1
99,8,928.83,290.59,62.50,201.30,0.9264,-1,-1,-1
99,30,1755.72,365.52,57.20,150.87,0.9210,-1,-1,-1
100,4,863.94,267.64,106.15,318.60,0.9649,-1,-1,-1
100,5,1073.55,261.31,134.18,341.46,0.9664,-1,-1,-1
100,21,989.73,270.92,76.47,242.08,0.9415,-1,-1,-1
100,13,1066.10,270.15,71.86,250.83,0.8803,-1,-1,-1
100,23,560.61,279.82,79.57,229.18,0.9537,-1,-1,-1
100,27,364.97,297.61,48.66,143.45,0.8327,-1,-1,-1
100,28,1135.94,249.03,91.81,315.84,0.9374,-1,-1,-1
100,12,179.65,311.03,44.38,110.23,0.7087,-1,-1,-1
100,8,937.49,292.56,62.65,202.02,0.9149,-1,-1,-1
100,30,1769.62,368.33,58.35,153.64,0.8394,-1,-1,-1
101,4,869.05,269.44,106.10,319.61,0.9576,-1,-1,-1
101,5,1081.78,263.48,135.15,343.26,0.9649,-1,-1,-1
101,21,998.97,272.93,76.45,242.69,0.9338,-1,-1,-1
101,13,1071.90,272.11,71.42,251.73,0.8798,-1,-1,-1
101,23,569.62,279.93,80.34,232.35,0.9445,-1,-1,-1
101,27,374.18,301.70,49.25,147.06,0.7533,-1,-1,-1
101,28,1144.19,252.48,92.02,317.51,0.9237,-1,-1,-1
101,12,187.92,311.19,44.89,112.40,0.7933,-1,-1,-1
101,8,938.58,295.59,64.15,201.51,0.8934,-1,-1,-1
101,30,1784.38,372.75,58.56,153.53,0.7005,-1,-1,-1
101,31,974.77,302.81,51.42,184.14,0.7968,-1,-1,-1
102,4,877.77,269.61,106.77,321.76,0.9674,-1,-1,-1
102,5,1091.70,266.14,134.85,342.34,0.9586,-1,-1,-1
102,21,1008.48,274.95,75.69,241.54,0.9388,-1,-1,-1
102,13,1080.85,273.41,70.75,252.04,0.8817,-1,-1,-1
102,23,579.47,279.27,81.33,234.96,0.9625,-1,-1,-1
102,27,385.23,299.52,53.91,161.81,0.6522,-1,-1,-1
102,28,1154.30,252.30,91.78,318.51,0.9212,-1,-1,-1
102,12,197.92,312.39,44.50,112.33,0.6275,-1,-1,-1
102,8,944.96,297.89,65.34,198.96,0.8949,-1,-1,-1
102,30,1798.99,374.14,59.51,155.40,0.8671,-1,-1,-1
102,31,984.62,303.31,50.57,181.13,0.8744,-1,-1,-1
103,4,884.78,268.35,107.22,323.33,0.9688,-1,-1,-1
103,5,1100.96,264.80,135.78,344.60,0.9717,-1,-1,-1
103,21,1017.86,274.04,75.78,242.83,0.9450,-1,-1,-1
103,13,1090.64,272.88,69.74,251.23,0.9087,-1,-1,-1
103,23,589.70,278.40,81.24,234.92,0.9620,-1,-1,-1
103,27,395.99,296.90,54.09,163.28,0.8582,-1,-1,-1
103,28,1163.13,251.20,91.87,319.25,0.9230,-1,-1,-1
103,8,950.36,296.95,66.72,198.56,0.9049,-1,-1,-1
103,30,1815.79,373.98,60.18,156.49,0.6380,-1,-1,-1
103,31,992.30,301.92,52.00,185.94,0.8786,-1,-1,-1
104,4,890.94,266.57,107.49,325.35,0.9717,-1,-1,-1
104,5,1109.57,264.69,135.83,344.51,0.9537,-1,-1,-1
104,21,1026.22,272.06,75.98,245.50,0.9371,-1,-1,-1
104,13,1099.48,270.83,69.02,251.79,0.8969,-1,-1,-1
104,23,599.05,276.58,81.35,235.30,0.9644,-1,-1,-1
104,27,404.73,297.46,52.59,161.44,0.8152,-1,-1,-1
104,28,1174.16,248.86,92.61,322.68,0.9266,-1,-1,-1
104,8,954.91,296.27,67.79,198.41,0.9192,-1,-1,-1
104,31,998.17,302.07,51.29,183.35,0.8654,-1,-1,-1
104,12,294.63,311.34,36.34,105.67,0.8501,-1,-1,-1
105,4,897.45,264.00,108.14,326.97,0.9552,-1,-1,-1
105,5,1118.95,262.72,136.76,346.65,0.9586,-1,-1,-1
105,21,1034.85,271.40,75.62,245.15,0.9201,-1,-1,-1
105,13,1107.13,268.80,68.91,252.43,0.8735,-1,-1,-1
105,23,607.64,274.70,81.89,236.73,0.9644,-1,-1,-1
105,27,416.27,295.79,50.50,157.18,0.8096,-1,-1,-1
105,28,1182.19,247.59,92.94,323.69,0.9214,-1,-1,-1
105,8,958.84,294.98,67.48,196.58,0.8717,-1,-1,-1
105,31,1004.31,300.22,52.09,185.48,0.8871,-1,-1,-1
105,12,305.99,308.79,35.35,102.84,0.8193,-1,-1,-1
106,4,902.13,261.69,109.45,330.22,0.9586,-1,-1,-1
106,5,1124.78,262.36,138.35,348.75,0.9625,-1,-1,-1
106,21,1043.42,270.06,75.30,245.86,0.9391,-1,-1,-1
106,13,1113.41,268.70,68.89,253.98,0.9144,-1,-1,-1
106,23,615.09,272.51,82.91,239.01,0.9732,-1,-1,-1
106,27,426.16,303.57,49.33,154.86,0.6912,-1,-1,-1
106,28,1190.66,247.09,93.14,325.33,0.9278,-1,-1,-1
106,8,962.65,294.72,66.48,192.76,0.8605,-1,-1,-1
106,31,1008.99,300.83,51.90,183.24,0.9076,-1,-1,-1
106,12,315.52,309.48,35.50,103.43,0.8240,-1,-1,-1
107,4,904.16,258.54,110.82,332.31,0.9527,-1,-1,-1
107,5,1131.26,259.29,139.72,350.60,0.9626,-1,-1,-1
107,21,1050.30,267.84,75.42,246.65,0.9430,-1,-1,-1
107,13,1119.55,266.73,68.94,255.32,0.9148,-1,-1,-1
107,23,621.53,268.17,83.77,241.27,0.9712,-1,-1,-1
107,27,434.47,297.22,51.31,161.54,0.7598,-1,-1,-1
107,28,1197.29,243.66,93.87,328.21,0.9306,-1,-1,-1
107,8,965.35,290.73,66.03,192.24,0.8726,-1,-1,-1
107,31,1012.86,300.24,51.63,180.18,0.9122,-1,-1,-1
107,12,324.62,307.15,34.89,101.79,0.8293,-1,-1,-1
107,32,1590.91,336.02,83.03,207.77,0.7769,-1,-1,-1
108,4,906.76,254.25,112.66,335.60,0.9508,-1,-1,-1
108,5,1139.18,257.24,140.55,351.25,0.9523,-1,-1,-1
108,21,1058.34,264.26,75.71,248.13,0.9201,-1,-1,-1
108,13,1122.28,263.44,69.62,257.69,0.8941,-1,-1,-1
108,23,627.40,263.74,85.17,244.63,0.9595,-1,-1,-1
108,28,1204.27,240.89,93.74,326.25,0.9106,-1,-1,-1
108,8,964.35,286.86,65.19,190.29,0.7708,-1,-1,-1
108,31,1014.39,296.67,53.59,184.22,0.8949,-1,-1,-1
108,12,333.03,305.36,34.81,101.53,0.8131,-1,-1,-1
108,32,1597.60,307.22,98.27,245.53,0.7117,-1,-1,-1
109,4,910.03,251.30,114.64,339.02,0.9552,-1,-1,-1
109,5,1146.26,255.73,140.92,350.78,0.9537,-1,-1,-1
109,21,1066.90,261.77,76.59,249.99,0.9401,-1,-1,-1
109,13,1127.01,260.72,70.76,260.67,0.9061,-1,-1,-1
109,23,632.99,261.05,86.83,248.95,0.9484,-1,-1,-1
109,28,1212.63,236.34,94.77,331.09,0.9131,-1,-1,-1
109,8,964.01,279.56,68.14,201.28,0.5784,-1,-1,-1
109,31,1012.83,294.18,56.30,190.22,0.9017,-1,-1,-1
109,12,342.48,304.70,33.11,96.34,0.8412,-1,-1,-1
109,32,1599.50,288.20,104.97,262.05,0.6355,-1,-1,-1
109,33,14.41,308.58,36.97,95.21,0.6908,-1,-1,-1
110,4,915.24,249.13,114.91,338.94,0.9659,-1,-1,-1
110,5,1155.22,252.04,142.29,355.22,0.9615,-1,-1,-1
110,21,1072.53,259.83,76.91,250.54,0.9250,-1,-1,-1
110,13,1130.92,257.57,71.87,262.32,0.9318,-1,-1,-1
110,23,638.40,258.78,88.01,252.31,0.9518,-1,-1,-1
110,28,1219.45,233.71,95.44,333.30,0.9159,-1,-1,-1
110,8,965.67,279.26,68.87,204.00,0.8224,-1,-1,-1
110,31,1017.28,292.80,57.56,191.10,0.9040,-1,-1,-1
110,12,349.17,304.03,34.54,100.80,0.8419,-1,-1,-1
110,32,1609.65,275.58,109.91,273.68,0.7507,-1,-1,-1
110,33,23.56,308.53,36.92,95.05,0.7281,-1,-1,-1
111,4,919.55,247.92,116.18,340.62,0.9566,-1,-1,-1
111,5,1164.20,249.10,142.49,356.63,0.9639,-1,-1,-1
111,21,1080.07,257.25,77.12,251.27,0.9090,-1,-1,-1
111,13,1134.57,255.29,72.74,263.34,0.9479,-1,-1,-1
111,23,646.15,258.44,87.50,250.45,0.9556,-1,-1,-1
111,28,1227.25,230.75,95.16,331.86,0.9138,-1,-1,-1
111,8,970.36,279.02,68.80,204.60,0.6882,-1,-1,-1
111,31,1023.43,291.08,57.67,188.58,0.8998,-1,-1,-1
111,12,357.40,303.41,35.76,104.61,0.8320,-1,-1,-1
111,32,1617.85,265.41,115.24,285.81,0.8375,-1,-1,-1
111,33,34.38,308.12,35.96,92.49,0.6244,-1,-1,-1
112,4,926.14,246.38,116.76,342.09,0.9557,-1,-1,-1
112,5,1172.92,245.38,143.36,359.66,0.9566,-1,-1,-1
112,21,1087.71,255.48,77.33,252.06,0.9192,-1,-1,-1
112,13,1137.94,252.65,74.45,265.02,0.9362,-1,-1,-1
112,23,654.24,258.85,87.88,252.31,0.9522,-1,-1,-1
112,28,1235.71,225.49,97.15,339.12,0.9108,-1,-1,-1
112,31,1029.06,289.19,58.43,187.24,0.9123,-1,-1,-1
112,12,367.19,304.09,35.68,104.80,0.8549,-1,-1,-1
112,32,1628.99,260.63,116.54,288.37,0.8297,-1,-1,-1
113,4,936.37,244.00,117.38,343.92,0.9600,-1,-1,-1
113,5,1182.12,242.44,143.08,360.31,0.9605,-1,-1,-1
113,21,1096.41,254.38,77.03,250.99,0.9109,-1,-1,-1
113,13,1141.46,249.45,76.63,266.06,0.9410,-1,-1,-1
113,23,663.07,259.16,87.17,250.31,0.9455,-1,-1,-1
113,28,1245.36,224.64,97.06,338.05,0.9045,-1,-1,-1
113,31,1033.36,287.00,60.48,189.99,0.9284,-1,-1,-1
113,12,378.26,304.74,34.46,101.59,0.8628,-1,-1,-1
113,32,1628.88,263.12,112.31,274.66,0.8542,-1,-1,-1
113,25,1649.39,256.63,95.76,291.14,0.8263,-1,-1,-1
114,4,943.95,240.62,117.73,346.33,0.9669,-1,-1,-1
114,5,1191.60,236.54,144.59,365.05,0.9542,-1,-1,-1
114,21,1106.22,251.93,77.52,251.88,0.9284,-1,-1,-1
114,13,1146.38,247.88,78.72,266.52,0.9498,-1,-1,-1
114,23,670.26,259.41,88.19,253.04,0.9625,-1,-1,-1
114,28,1254.96,221.68,97.90,341.32,0.9107,-1,-1,-1
114,31,1037.43,285.34,62.17,192.67,0.9320,-1,-1,-1
114,12,388.54,305.36,33.66,99.11,0.8597,-1,-1,-1
114,32,1634.42,264.63,110.99,266.19,0.8801,-1,-1,-1
114,25,1658.69,252.60,100.95,291.22,0.8339,-1,-1,-1
115,4,950.57,239.54,118.05,347.41,0.9562,-1,-1,-1
115,5,1203.08,235.10,144.35,365.79,0.9527,-1,-1,-1
115,21,1116.37,249.63,78.79,254.41,0.9281,-1,-1,-1
115,13,1152.73,246.28,81.17,269.20,0.9459,-1,-1,-1
115,23,678.71,260.52,88.73,255.35,0.9620,-1,-1,-1
115,28,1265.53,219.47,98.46,342.72,0.9006,-1,-1,-1
115,31,1039.13,284.22,61.46,190.10,0.9017,-1,-1,-1
115,12,398.51,306.40,33.72,99.47,0.8515,-1,-1,-1
115,32,1641.24,268.06,110.25,259.94,0.8992,-1,-1,-1
115,25,1669.55,250.36,104.74,291.97,0.8729,-1,-1,-1
116,4,959.31,239.73,118.25,348.65,0.9518,-1,-1,-1
116,5,1214.36,233.22,144.84,368.99,0.9383,-1,-1,-1
116,21,1126.55,247.92,80.44,257.89,0.9207,-1,-1,-1
116,13,1159.88,246.05,83.00,269.29,0.9430,-1,-1,-1
116,23,686.88,261.14,89.44,257.95,0.9591,-1,-1,-1
116,28,1275.82,216.54,99.55,348.04,0.9088,-1,-1,-1
116,31,1043.67,285.08,60.49,187.29,0.9037,-1,-1,-1
116,12,411.17,308.73,32.73,96.34,0.8639,-1,-1,-1
116,32,1650.08,265.78,111.97,260.53,0.8878,-1,-1,-1
116,25,1681.17,248.58,103.88,288.32,0.8398,-1,-1,-1
117,4,967.30,240.24,119.09,349.51,0.9503,-1,-1,-1
117,5,1227.75,233.43,143.85,368.37,0.9440,-1,-1,-1
117,21,1136.11,248.82,80.54,256.52,0.9275,-1,-1,-1
117,13,1167.48,245.31,84.97,270.60,0.9388,-1,-1,-1
117,23,695.64,261.31,90.11,261.09,0.9673,-1,-1,-1
117,28,1283.51,208.74,102.38,358.27,0.8972,-1,-1,-1
117,31,1045.88,284.48,61.34,189.81,0.8903,-1,-1,-1
117,12,421.55,312.05,32.65,96.22,0.8550,-1,-1,-1
117,32,1663.46,263.58,115.24,263.73,0.9063,-1,-1,-1
117,25,1692.82,245.78,104.58,288.63,0.8693,-1,-1,-1
117,34,-11.20,303.35,38.08,117.58,0.8480,-1,-1,-1
118,4,974.53,237.21,121.16,353.55,0.9289,-1,-1,-1
118,5,1241.71,229.64,144.74,371.72,0.9192,-1,-1,-1
118,21,1143.18,245.58,81.78,259.95,0.9024,-1,-1,-1
118,13,1175.09,245.22,86.29,270.61,0.9293,-1,-1,-1
118,23,703.02,258.22,91.68,265.77,0.9556,-1,-1,-1
118,28,1296.92,214.11,98.77,345.01,0.8329,-1,-1,-1
118,31,1051.36,282.95,60.97,188.63,0.7892,-1,-1,-1
118,12,432.32,311.21,33.91,100.38,0.8301,-1,-1,-1
118,32,1672.32,255.94,118.27,270.14,0.8341,-1,-1,-1
118,25,1705.32,239.39,105.22,294.05,0.8842,-1,-1,-1
118,34,2.63,305.06,38.28,117.61,0.8429,-1,-1,-1
119,4,983.36,235.29,124.13,358.23,0.9469,-1,-1,-1
119,5,1253.29,227.31,146.76,376.81,0.9416,-1,-1,-1
119,21,1152.80,245.72,82.69,261.65,0.9057,-1,-1,-1
119,13,1185.80,244.14,88.31,273.68,0.9216,-1,-1,-1
119,23,711.42,257.81,92.62,268.37,0.9542,-1,-1,-1
119,28,1310.00,218.12,99.80,347.13,0.8624,-1,-1,-1
119,31,1055.52,283.26,62.37,192.86,0.8205,-1,-1,-1
119,12,444.81,312.18,31.65,93.28,0.7817,-1,-1,-1
119,32,1684.79,255.16,120.06,273.31,0.8535,-1,-1,-1
119,25,1715.46,236.57,106.49,298.27,0.8895,-1,-1,-1
119,34,13.41,307.92,38.27,116.96,0.7932,-1,-1,-1
120,4,991.46,240.57,124.51,356.31,0.9254,-1,-1,-1
120,5,1265.32,230.78,145.61,376.58,0.9047,-1,-1,-1
120,21,1165.51,246.10,84.08,264.47,0.8872,-1,-1,-1
120,13,1194.58,243.79,90.10,276.58,0.9239,-1,-1,-1
120,23,720.92,258.38,93.37,270.17,0.9527,-1,-1,-1
120,28,1321.93,216.71,100.46,349.42,0.8798,-1,-1,-1
120,31,1064.74,286.48,62.71,191.88,0.8532,-1,-1,-1
120,12,458.18,316.29,28.94,84.50,0.7896,-1,-1,-1
120,32,1702.08,255.94,118.32,271.25,0.8067,-1,-1,-1
120,25,1731.97,236.90,107.86,298.94,0.8744,-1,-1,-1
120,34,27.34,313.24,38.45,116.76,0.7896,-1,-1,-1
121,4,997.37,239.47,123.28,353.49,0.9362,-1,-1,-1
121,5,1279.10,227.63,145.51,378.06,0.9245,-1,-1,-1
121,21,1178.42,243.21,84.46,264.50,0.8898,-1,-1,-1
121,13,1205.15,240.32,91.60,278.07,0.9324,-1,-1,-1
121,23,729.77,254.89,94.09,272.11,0.9586,-1,-1,-1
121,28,1331.86,210.11,103.00,356.78,0.8714,-1,-1,-1
121,31,1076.62,283.21,63.18,190.14,0.8668,-1,-1,-1
121,12,469.73,314.76,31.10,89.98,0.8117,-1,-1,-1
121,32,1717.93,254.76,117.76,270.71,0.8247,-1,-1,-1
121,25,1746.91,232.34,109.83,305.34,0.8890,-1,-1,-1
121,34,41.77,311.75,39.80,120.15,0.8201,-1,-1,-1
122,4,1008.67,237.60,125.47,356.14,0.9271,-1,-1,-1
122,5,1291.12,227.45,145.38,377.67,0.9195,-1,-1,-1
122,21,1189.18,238.82,85.27,268.11,0.8782,-1,-1,-1
122,13,1214.96,237.36,93.06,280.36,0.9265,-1,-1,-1
122,23,738.21,251.22,95.40,275.86,0.9454,-1,-1,-1
122,28,1341.12,206.19,105.13,361.27,0.8603,-1,-1,-1
122,31,1082.72,277.94,64.99,191.14,0.8103,-1,-1,-1
122,12,484.73,313.55,27.93,80.18,0.6767,-1,-1,-1
122,32,1727.53,249.35,120.26,276.95,0.7657,-1,-1,-1
122,25,1752.77,229.12,109.53,301.87,0.8329,-1,-1,-1
122,34,55.47,311.57,39.22,117.41,0.8026,-1,-1,-1
123,4,1017.44,237.07,125.92,357.54,0.9256,-1,-1,-1
123,5,1305.42,225.86,146.09,379.23,0.9309,-1,-1,-1
123,21,1203.42,238.81,85.19,267.34,0.8959,-1,-1,-1
123,13,1226.88,234.48,95.49,282.95,0.9330,-1,-1,-1
123,23,748.69,249.54,96.15,278.11,0.9639,-1,-1,-1
123,28,1355.67,204.08,105.89,363.35,0.8949,-1,-1,-1
123,31,1091.16,280.60,65.71,188.84,0.8176,-1,-1,-1
123,12,499.79,314.00,28.02,80.03,0.6764,-1,-1,-1
123,32,1741.41,251.51,118.63,275.35,0.8440,-1,-1,-1
123,25,1763.78,226.38,111.50,304.99,0.8723,-1,-1,-1
123,34,71.05,312.00,40.24,119.31,0.8428,-1,-1,-1
124,4,1027.28,236.29,127.67,364.24,0.9688,-1,-1,-1
124,5,1320.16,226.96,147.19,381.20,0.9698,-1,-1,-1
124,21,1218.13,241.56,84.71,265.54,0.9215,-1,-1,-1
124,13,1239.77,235.58,97.11,283.44,0.9649,-1,-1,-1
124,23,761.09,249.95,96.65,280.21,0.9727,-1,-1,-1
124,28,1373.40,203.80,106.22,364.50,0.9045,-1,-1,-1
124,31,1103.63,283.39,65.87,185.82,0.8977,-1,-1,-1
124,12,513.97,314.39,31.83,91.16,0.8636,-1,-1,-1
124,32,1756.06,248.61,121.24,286.68,0.7165,-1,-1,-1
124,25,1785.55,226.87,113.32,312.85,0.9107,-1,-1,-1
124,34,86.86,312.84,40.77,120.33,0.8648,-1,-1,-1
125,4,1039.22,238.34,126.44,361.54,0.9596,-1,-1,-1
125,5,1331.87,227.19,148.39,382.78,0.9664,-1,-1,-1
125,21,1231.53,242.64,85.05,266.14,0.9354,-1,-1,-1
125,13,1250.54,236.15,98.70,284.78,0.9640,-1,-1,-1
125,23,770.88,250.59,97.47,283.13,0.9751,-1,-1,-1
125,28,1388.44,201.87,107.20,367.61,0.9023,-1,-1,-1
125,12,526.54,315.08,33.97,97.72,0.8613,-1,-1,-1
125,32,1771.11,249.68,118.58,287.26,0.8048,-1,-1,-1
125,25,1801.55,226.57,113.93,318.31,0.9299,-1,-1,-1
125,34,101.00,313.90,40.35,118.07,0.8639,-1,-1,-1
126,4,1047.74,237.68,126.85,363.98,0.9683,-1,-1,-1
126,5,1340.46,225.46,149.57,383.31,0.9727,-1,-1,-1
126,21,1242.75,241.63,85.11,266.78,0.9205,-1,-1,-1
126,13,1260.80,235.31,100.17,285.35,0.9601,-1,-1,-1
126,23,779.35,249.68,97.96,284.72,0.9708,-1,-1,-1
126,28,1405.00,203.21,106.86,366.84,0.9169,-1,-1,-1
126,12,538.68,313.98,34.88,100.58,0.8714,-1,-1,-1
126,32,1786.48,248.53,115.67,286.54,0.7789,-1,-1,-1
126,25,1811.09,225.85,114.13,319.88,0.9207,-1,-1,-1
126,34,114.22,313.29,39.46,114.92,0.8507,-1,-1,-1
126,38,164.01,322.99,38.10,100.57,0.7316,-1,-1,-1
126,31,1111.97,286.54,64.01,181.50,0.5754,-1,-1,-1
127,4,1056.21,236.13,126.76,364.85,0.9664,-1,-1,-1
127,5,1348.24,224.54,151.46,385.34,0.9737,-1,-1,-1
127,21,1253.17,240.63,85.55,267.87,0.9392,-1,-1,-1
127,13,1269.84,233.71,101.52,287.72,0.9630,-1,-1,-1
127,23,787.34,249.67,98.69,286.90,0.9669,-1,-1,-1
127,28,1417.34,203.05,107.37,368.33,0.9128,-1,-1,-1
127,12,550.13,312.50,35.80,103.97,0.8539,-1,-1,-1
127,32,1797.33,247.27,113.79,287.35,0.6305,-1,-1,-1
127,25,1817.82,224.39,115.47,322.59,0.9095,-1,-1,-1
127,34,125.16,311.92,39.45,114.33,0.8684,-1,-1,-1
127,38,174.65,319.84,38.16,100.97,0.6923,-1,-1,-1
128,4,1064.61,236.56,126.92,366.56,0.9639,-1,-1,-1
128,5,1355.10,223.59,153.85,389.38,0.9732,-1,-1,-1
128,21,1263.97,240.30,85.99,269.14,0.9286,-1,-1,-1
128,13,1279.93,234.06,101.90,287.24,0.9673,-1,-1,-1
128,23,795.71,251.22,97.90,284.57,0.9683,-1,-1,-1
128,28,1432.18,203.52,107.32,368.83,0.9140,-1,-1,-1
128,12,562.24,311.56,34.44,100.37,0.8374,-1,-1,-1
128,32,1808.19,246.50,110.85,285.34,0.5720,-1,-1,-1
128,25,1825.16,224.43,119.47,331.03,0.8552,-1,-1,-1
128,34,135.42,311.17,39.81,114.93,0.8760,-1,-1,-1
128,38,186.25,319.04,37.95,100.70,0.7620,-1,-1,-1
128,39,1791.62,233.69,90.37,265.00,0.6185,-1,-1,-1
128,40,201.43,320.29,37.99,100.85,0.7652,-1,-1,-1
129,4,1072.13,235.80,126.31,366.16,0.9688,-1,-1,-1
129,5,1361.46,222.98,155.16,390.86,0.9766,-1,-1,-1
129,21,1273.50,238.63,86.66,270.92,0.9417,-1,-1,-1
129,13,1288.66,232.65,102.41,290.11,0.9615,-1,-1,-1
129,23,802.30,251.91,98.59,287.46,0.9673,-1,-1,-1
129,28,1442.34,202.22,107.82,371.49,0.9112,-1,-1,-1
129,12,572.47,310.58,35.07,103.10,0.8598,-1,-1,-1
129,32,1817.19,243.61,109.71,287.12,0.6033,-1,-1,-1
129,25,1836.03,223.59,121.63,333.73,0.8788,-1,-1,-1
129,34,143.87,310.96,40.17,115.28,0.8798,-1,-1,-1
129,38,197.15,318.36,35.76,95.16,0.5975,-1,-1,-1
129,40,211.92,318.73,37.56,99.73,0.6286,-1,-1,-1
130,4,1077.11,234.03,126.96,369.40,0.9634,-1,-1,-1
130,5,1365.78,223.52,156.91,393.23,0.9698,-1,-1,-1
130,21,1280.07,237.07,87.81,274.22,0.9272,-1,-1,-1
130,13,1296.40,233.19,101.53,289.82,0.9639,-1,-1,-1
130,23,807.09,252.67,99.22,290.38,0.9708,-1,-1,-1
130,28,1453.25,202.15,107.73,371.99,0.9267,-1,-1,-1
130,12,581.29,310.13,33.15,97.31,0.8649,-1,-1,-1
130,32,1818.58,236.56,107.93,285.95,0.6955,-1,-1,-1
130,25,1842.88,224.82,122.35,333.32,0.8566,-1,-1,-1
130,34,149.93,311.10,40.82,116.65,0.8446,-1,-1,-1
130,38,202.11,313.37,39.49,105.81,0.6534,-1,-1,-1
130,40,219.08,318.20,37.72,100.28,0.6633,-1,-1,-1
130,8,1088.93,263.90,76.47,213.22,0.6589,-1,-1,-1
131,4,1081.48,233.38,127.24,372.46,0.9707,-1,-1,-1
131,5,1370.44,225.89,157.76,393.63,0.9683,-1,-1,-1
131,21,1286.48,239.73,87.92,274.11,0.9291,-1,-1,-1
131,13,1303.67,234.45,101.04,290.99,0.9561,-1,-1,-1
131,23,810.61,254.04,100.11,293.96,0.9751,-1,-1,-1
131,28,1462.10,203.65,107.52,373.00,0.9189,-1,-1,-1
131,12,587.02,310.43,35.91,106.47,0.8657,-1,-1,-1
131,32,1826.43,235.58,101.92,270.40,0.7968,-1,-1,-1
131,25,1840.28,230.30,121.15,328.74,0.8704,-1,-1,-1
131,34,155.26,310.89,41.35,117.18,0.8357,-1,-1,-1
131,40,225.00,318.78,38.41,102.37,0.7661,-1,-1,-1
131,8,1086.49,261.64,82.64,217.09,0.8727,-1,-1,-1
132,4,1085.69,233.24,127.17,374.89,0.9751,-1,-1,-1
132,5,1375.02,226.39,158.68,395.04,0.9717,-1,-1,-1
132,21,1292.88,239.82,88.80,275.68,0.9372,-1,-1,-1
132,13,1309.93,234.11,100.51,293.60,0.9557,-1,-1,-1
132,23,814.54,253.84,100.95,298.13,0.9727,-1,-1,-1
132,28,1468.68,203.36,107.48,374.65,0.9147,-1,-1,-1
132,12,593.16,311.98,35.76,107.03,0.8435,-1,-1,-1
132,25,1834.77,235.12,118.58,324.53,0.8709,-1,-1,-1
132,34,160.17,312.32,41.23,115.92,0.8269,-1,-1,-1
132,40,230.71,320.83,37.95,101.25,0.7466,-1,-1,-1
132,8,1087.03,284.57,78.33,195.76,0.7172,-1,-1,-1
133,4,1091.29,235.52,126.66,375.76,0.9727,-1,-1,-1
133,5,1380.78,227.33,159.64,397.73,0.9693,-1,-1,-1
133,21,1298.48,239.84,90.09,278.56,0.9285,-1,-1,-1
133,13,1316.13,235.74,99.57,294.88,0.9581,-1,-1,-1
133,23,818.64,254.02,101.81,301.74,0.9693,-1,-1,-1
133,28,1475.33,205.45,107.17,376.21,0.9289,-1,-1,-1
133,12,599.39,313.85,35.69,107.63,0.8688,-1,-1,-1
133,25,1837.48,242.55,114.41,314.38,0.8587,-1,-1,-1
133,34,164.66,314.04,40.82,114.21,0.8711,-1,-1,-1
133,40,235.76,323.36,37.91,101.30,0.8124,-1,-1,-1
133,8,1084.47,288.07,78.96,196.63,0.7581,-1,-1,-1
133,32,1838.54,238.53,100.85,271.14,0.7738,-1,-1,-1
134,4,1095.89,237.81,127.01,378.58,0.9664,-1,-1,-1
134,5,1387.17,228.03,160.93,402.23,0.9683,-1,-1,-1
134,21,1300.95,242.00,90.75,280.50,0.9233,-1,-1,-1
134,13,1321.77,238.18,98.88,295.87,0.9541,-1,-1,-1
134,23,822.34,254.78,102.42,304.36,0.9634,-1,-1,-1
134,28,1482.57,208.58,107.21,378.07,0.9276,-1,-1,-1
134,12,605.72,316.64,33.45,101.22,0.8573,-1,-1,-1
134,34,169.04,317.19,41.12,114.81,0.8348,-1,-1,-1
134,40,238.64,322.36,39.23,105.16,0.7547,-1,-1,-1
134,8,1084.06,308.27,69.57,176.56,0.7129,-1,-1,-1
134,38,224.17,316.03,41.37,112.24,0.7281,-1,-1,-1
135,4,1099.55,241.64,127.09,380.14,0.9669,-1,-1,-1
135,5,1390.82,231.28,160.56,402.22,0.9678,-1,-1,-1
135,21,1303.48,243.28,91.68,282.96,0.9023,-1,-1,-1
135,13,1324.28,240.00,98.70,298.85,0.9493,-1,-1,-1
135,23,823.83,255.45,103.89,308.80,0.9542,-1,-1,-1
135,28,1487.71,210.57,107.36,380.38,0.9266,-1,-1,-1
135,12,610.51,319.93,32.85,99.66,0.8515,-1,-1,-1
135,34,171.57,322.35,40.74,112.92,0.7841,-1,-1,-1
135,8,1084.73,295.28,74.61,193.61,0.7631,-1,-1,-1
135,38,237.15,324.98,38.68,105.36,0.6264,-1,-1,-1
136,4,1103.50,243.83,127.14,382.99,0.9678,-1,-1,-1
136,5,1394.60,233.30,160.81,405.46,0.9693,-1,-1,-1
136,21,1309.21,248.11,91.55,281.19,0.9118,-1,-1,-1
136,13,1327.35,243.26,97.29,298.16,0.9484,-1,-1,-1
136,23,824.69,255.52,105.29,313.49,0.9649,-1,-1,-1
136,28,1492.66,213.96,106.46,379.53,0.9210,-1,-1,-1
136,12,613.91,324.14,33.22,101.33,0.8421,-1,-1,-1
136,34,173.22,325.66,40.83,112.78,0.8607,-1,-1,-1
136,8,1084.09,304.15,71.57,188.86,0.8437,-1,-1,-1
136,38,234.83,326.34,38.76,106.27,0.6857,-1,-1,-1
136,40,245.04,329.61,38.37,103.29,0.7023,-1,-1,-1
137,4,1106.35,245.31,127.18,384.46,0.9488,-1,-1,-1
137,5,1396.25,233.53,161.46,409.94,0.9586,-1,-1,-1
137,21,1311.50,252.10,92.20,283.12,0.8829,-1,-1,-1
137,13,1329.20,243.98,97.25,300.51,0.9143,-1,-1,-1
137,23,823.54,254.28,106.96,319.59,0.9635,-1,-1,-1
137,28,1495.48,211.36,106.88,382.70,0.8962,-1,-1,-1
137,12,614.41,325.92,36.36,111.60,0.8396,-1,-1,-1
137,34,174.23,327.85,40.59,111.73,0.8326,-1,-1,-1
137,8,1083.52,294.58,75.08,201.56,0.8852,-1,-1,-1
137,38,236.74,323.70,42.44,116.73,0.7786,-1,-1,-1
138,4,1106.73,250.45,126.93,385.83,0.9712,-1,-1,-1
138,5,1397.65,237.34,160.82,411.58,0.9698,-1,-1,-1
138,21,1313.07,253.79,93.98,288.68,0.9172,-1,-1,-1
138,13,1329.05,249.53,96.15,300.90,0.9460,-1,-1,-1
138,23,821.44,257.17,107.71,323.48,0.9717,-1,-1,-1
138,28,1497.88,216.67,106.63,383.29,0.9256,-1,-1,-1
138,12,615.90,331.79,36.17,111.98,0.8906,-1,-1,-1
138,34,175.03,333.86,40.84,112.70,0.8987,-1,-1,-1
138,8,1080.73,296.92,74.72,204.07,0.9128,-1,-1,-1
138,38,235.79,337.80,37.82,104.21,0.5917,-1,-1,-1
138,25,1850.60,248.16,119.65,333.69,0.5849,-1,-1,-1
138,40,247.48,340.96,37.05,99.82,0.7908,-1,-1,-1
139,4,1106.22,254.17,126.79,387.06,0.9673,-1,-1,-1
139,5,1397.13,242.13,159.64,410.68,0.9620,-1,-1,-1
139,13,1325.10,253.23,95.66,300.56,0.9430,-1,-1,-1
139,23,819.08,259.92,107.87,324.20,0.9698,-1,-1,-1
139,28,1497.04,220.52,106.96,385.11,0.9240,-1,-1,-1
139,12,617.09,334.47,35.78,110.85,0.8542,-1,-1,-1
139,34,172.20,336.34,41.11,113.07,0.8818,-1,-1,-1
139,8,1077.03,297.81,74.37,205.92,0.9137,-1,-1,-1
139,38,234.14,345.90,33.42,92.81,0.6578,-1,-1,-1
139,44,132.83,351.81,33.54,92.20,0.7925,-1,-1,-1
139,45,-8.02,349.65,37.58,104.90,0.6195,-1,-1,-1
139,40,245.92,343.89,36.25,97.88,0.7630,-1,-1,-1
140,4,1106.41,254.93,126.93,387.91,0.9590,-1,-1,-1
140,5,1396.86,243.16,159.24,411.02,0.9556,-1,-1,-1
140,13,1319.56,253.75,96.41,300.82,0.9479,-1,-1,-1
140,23,816.09,259.63,108.83,327.33,0.9712,-1,-1,-1
140,28,1494.44,221.53,107.85,386.19,0.9170,-1,-1,-1
140,12,618.68,334.59,35.71,109.36,0.8464,-1,-1,-1
140,34,168.65,335.32,42.09,114.90,0.8649,-1,-1,-1
140,8,1076.04,296.52,73.75,206.71,0.8999,-1,-1,-1
140,38,235.22,335.48,38.80,108.07,0.7359,-1,-1,-1
140,44,130.34,352.17,33.22,91.36,0.7766,-1,-1,-1
140,25,1840.61,256.25,118.51,330.18,0.7148,-1,-1,-1
141,4,1105.81,256.21,126.98,389.83,0.9537,-1,-1,-1
141,5,1394.16,241.85,160.33,414.20,0.9653,-1,-1,-1
141,13,1313.21,253.28,98.12,303.21,0.9503,-1,-1,-1
141,23,811.49,260.11,110.24,331.94,0.9625,-1,-1,-1
141,28,1492.04,222.40,108.74,386.54,0.9169,-1,-1,-1
141,12,617.70,335.72,36.20,109.64,0.8605,-1,-1,-1
141,34,164.21,336.33,42.96,116.59,0.8700,-1,-1,-1
141,8,1072.18,297.15,72.21,206.98,0.8978,-1,-1,-1
141,38,236.45,335.24,38.99,109.12,0.7713,-1,-1,-1
141,44,124.72,352.97,35.21,96.93,0.8139,-1,-1,-1
142,4,1102.17,256.94,127.91,394.93,0.9522,-1,-1,-1
142,5,1387.96,243.89,160.80,415.78,0.9450,-1,-1,-1
142,13,1305.45,256.83,98.81,302.20,0.9552,-1,-1,-1
142,23,804.40,262.82,112.03,337.45,0.9635,-1,-1,-1
142,28,1487.16,221.95,110.17,389.51,0.9154,-1,-1,-1
142,12,613.57,338.24,36.45,109.71,0.8692,-1,-1,-1
142,34,158.21,338.47,43.71,118.11,0.8803,-1,-1,-1
142,8,1065.01,299.74,71.17,207.39,0.8926,-1,-1,-1
142,38,233.85,339.13,39.06,109.07,0.7542,-1,-1,-1
142,44,118.10,357.21,34.77,95.70,0.7795,-1,-1,-1
142,25,1832.55,240.47,128.04,361.73,0.7131,-1,-1,-1
143,4,1095.17,259.43,127.98,396.81,0.9591,-1,-1,-1
143,5,1380.91,245.81,161.56,416.87,0.9518,-1,-1,-1
143,13,1296.77,258.92,100.96,304.43,0.9421,-1,-1,-1
143,23,794.69,266.17,112.59,339.67,0.9601,-1,-1,-1
143,28,1479.01,224.84,110.97,390.36,0.9135,-1,-1,-1
143,12,606.05,340.28,36.27,109.27,0.8514,-1,-1,-1
143,34,148.79,341.72,43.17,116.03,0.8836,-1,-1,-1
143,8,1053.12,302.80,69.86,206.96,0.9046,-1,-1,-1
143,38,217.92,339.57,39.40,109.91,0.6681,-1,-1,-1
143,44,106.92,359.18,32.82,90.24,0.7818,-1,-1,-1
143,25,1812.84,243.27,128.97,354.65,0.8734,-1,-1,-1
143,40,228.85,352.28,35.26,94.19,0.6341,-1,-1,-1
144,4,1088.26,258.84,128.23,398.45,0.9532,-1,-1,-1
144,5,1371.90,244.76,162.20,416.43,0.9644,-1,-1,-1
144,13,1287.30,259.27,102.37,304.24,0.9586,-1,-1,-1
144,23,783.71,267.17,112.99,340.62,0.9538,-1,-1,-1
144,28,1469.95,222.59,112.11,392.95,0.9184,-1,-1,-1
144,12,597.37,339.88,36.81,110.86,0.8394,-1,-1,-1
144,34,137.32,340.70,43.70,117.00,0.8864,-1,-1,-1
144,8,1039.89,303.22,68.98,206.55,0.9148,-1,-1,-1
144,38,206.22,336.17,41.37,114.64,0.5855,-1,-1,-1
144,44,95.08,358.53,33.49,92.20,0.7901,-1,-1,-1
144,25,1798.16,244.21,130.87,353.12,0.8812,-1,-1,-1
145,4,1080.69,259.86,127.50,398.00,0.9615,-1,-1,-1
145,5,1364.58,245.54,161.77,414.31,0.9586,-1,-1,-1
145,13,1278.79,259.60,103.47,304.57,0.9450,-1,-1,-1
145,23,771.89,267.90,113.38,343.51,0.9615,-1,-1,-1
145,28,1460.90,224.02,112.12,391.33,0.9280,-1,-1,-1
145,12,588.93,339.42,37.33,112.32,0.8230,-1,-1,-1
145,34,125.67,341.22,43.90,117.36,0.8725,-1,-1,-1
145,8,1030.41,305.31,67.98,204.48,0.9367,-1,-1,-1
145,44,80.82,357.55,35.38,97.06,0.8121,-1,-1,-1
145,25,1788.36,245.57,133.96,351.59,0.9115,-1,-1,-1
145,40,206.80,346.38,35.69,95.46,0.7012,-1,-1,-1
146,4,1073.30,258.13,127.93,401.08,0.9644,-1,-1,-1
146,5,1356.85,245.35,161.77,412.45,0.9639,-1,-1,-1
146,13,1272.96,260.69,104.33,304.00,0.9444,-1,-1,-1
146,23,760.89,267.91,114.01,346.93,0.9659,-1,-1,-1
146,28,1453.34,224.18,112.73,392.21,0.9287,-1,-1,-1
146,12,582.61,338.02,37.70,112.96,0.7989,-1,-1,-1
146,34,115.41,341.71,44.43,118.38,0.8716,-1,-1,-1
146,8,1020.06,306.13,67.74,204.24,0.9396,-1,-1,-1
146,44,69.31,357.95,36.55,100.16,0.8272,-1,-1,-1
146,25,1787.52,246.32,134.34,351.38,0.9152,-1,-1,-1
146,31,1056.13,314.64,62.35,186.26,0.6175,-1,-1,-1
147,4,1068.71,258.29,128.49,403.41,0.9659,-1,-1,-1
147,5,1351.17,245.36,163.95,414.83,0.9713,-1,-1,-1
147,13,1268.35,262.18,104.97,302.30,0.9498,-1,-1,-1
147,23,751.24,267.25,115.26,352.31,0.9727,-1,-1,-1
147,28,1447.81,226.13,113.14,392.49,0.9266,-1,-1,-1
147,12,578.28,333.24,40.12,119.37,0.8133,-1,-1,-1
147,34,107.91,341.77,44.69,118.31,0.8826,-1,-1,-1
147,8,1012.00,308.02,67.77,203.03,0.9484,-1,-1,-1
147,44,62.11,359.53,35.92,97.72,0.8548,-1,-1,-1
147,25,1780.82,246.77,134.97,352.14,0.9355,-1,-1,-1
147,31,1046.50,314.09,59.13,184.05,0.7281,-1,-1,-1
147,40,189.81,349.49,36.65,97.94,0.7188,-1,-1,-1
148,4,1066.09,257.59,128.98,405.66,0.9664,-1,-1,-1
148,5,1346.77,243.46,165.17,415.69,0.9678,-1,-1,-1
148,13,1263.20,259.74,107.03,306.09,0.9429,-1,-1,-1
148,23,742.06,265.10,117.44,360.53,0.9712,-1,-1,-1
148,28,1441.31,226.14,114.36,393.11,0.9236,-1,-1,-1
148,12,575.08,329.90,41.59,122.96,0.7981,-1,-1,-1
148,34,101.34,343.53,45.48,119.28,0.8724,-1,-1,-1
148,8,1005.77,308.44,68.43,203.12,0.9410,-1,-1,-1
148,44,56.15,360.88,36.70,99.43,0.7919,-1,-1,-1
148,25,1773.87,245.93,134.72,348.61,0.9445,-1,-1,-1
148,31,1041.63,314.19,59.40,187.81,0.8596,-1,-1,-1
148,40,183.16,352.88,38.09,101.15,0.7988,-1,-1,-1
149,4,1064.22,255.84,130.00,409.55,0.9664,-1,-1,-1
149,5,1343.67,244.38,165.78,415.09,0.9707,-1,-1,-1
149,13,1258.46,259.79,108.08,307.94,0.9376,-1,-1,-1
149,23,734.36,265.67,117.97,363.14,0.9654,-1,-1,-1
149,28,1437.17,226.68,115.47,393.75,0.9169,-1,-1,-1
149,12,573.72,336.38,40.57,118.99,0.7248,-1,-1,-1
149,34,95.35,345.42,46.52,120.85,0.9005,-1,-1,-1
149,8,999.04,310.21,68.75,202.27,0.9512,-1,-1,-1
149,44,49.26,360.93,39.28,105.85,0.7434,-1,-1,-1
149,25,1769.26,244.40,135.98,352.34,0.9319,-1,-1,-1
149,31,1037.77,316.06,59.33,189.19,0.8834,-1,-1,-1
149,40,173.71,346.11,43.46,115.63,0.8180,-1,-1,-1
149,39,1820.94,254.99,105.67,315.33,0.6781,-1,-1,-1
150,4,1063.14,256.85,129.85,409.97,0.9649,-1,-1,-1
150,5,1341.72,242.54,167.14,417.28,0.9673,-1,-1,-1
150,13,1256.44,258.94,109.46,309.50,0.9362,-1,-1,-1
150,23,725.33,264.01,118.79,366.53,0.9761,-1,-1,-1
150,28,1433.27,224.25,117.40,397.06,0.9223,-1,-1,-1
150,12,571.95,342.39,39.35,116.10,0.6704,-1,-1,-1
150,34,90.86,347.62,46.97,121.00,0.8938,-1,-1,-1
150,8,993.75,312.54,68.96,200.71,0.9440,-1,-1,-1
150,44,45.19,363.53,38.83,104.30,0.7446,-1,-1,-1
150,25,1759.37,243.45,137.22,352.16,0.9397,-1,-1,-1
150,31,1034.37,317.45,59.64,188.81,0.9188,-1,-1,-1
150,40,163.46,345.62,45.17,120.48,0.5891,-1,-1,-1
150,39,1821.39,254.41,102.67,306.87,0.7143,-1,-1,-1
151,4,1062.13,252.95,130.94,414.92,0.9717,-1,-1,-1
151,5,1338.51,241.29,170.70,425.85,0.9702,-1,-1,-1
151,13,1254.68,258.29,110.15,310.06,0.9488,-1,-1,-1
151,23,717.88,261.49,120.31,371.76,0.9751,-1,-1,-1
151,28,1430.84,218.98,120.79,405.82,0.9425,-1,-1,-1
151,34,87.04,350.97,46.52,119.26,0.8858,-1,-1,-1
151,8,988.57,312.78,69.40,200.92,0.9444,-1,-1,-1
151,44,40.53,367.06,38.52,103.14,0.7671,-1,-1,-1
151,25,1750.03,240.82,140.69,358.39,0.9388,-1,-1,-1
151,31,1029.65,318.12,59.75,188.64,0.9304,-1,-1,-1
151,40,165.91,354.90,42.83,115.11,0.7519,-1,-1,-1
151,39,1823.09,254.00,102.52,310.67,0.8107,-1,-1,-1
151,48,24.59,697.01,35.68,58.59,0.8012,-1,-1,-1
152,4,1062.22,251.51,130.95,416.73,0.9708,-1,-1,-1
152,5,1338.32,238.55,171.40,426.63,0.9707,-1,-1,-1
152,13,1252.08,257.35,110.40,310.23,0.9503,-1,-1,-1
152,23,711.37,258.92,121.12,374.52,0.9776,-1,-1,-1
152,28,1430.95,215.58,122.27,408.21,0.9241,-1,-1,-1
152,34,84.70,353.89,46.28,118.13,0.8754,-1,-1,-1
152,8,984.32,312.25,69.63,201.45,0.9405,-1,-1,-1
152,44,37.93,366.05,40.08,107.57,0.7868,-1,-1,-1
152,25,1747.20,237.22,142.97,362.03,0.9233,-1,-1,-1
152,31,1026.04,317.74,60.72,191.24,0.9334,-1,-1,-1
152,40,165.69,359.88,41.99,113.22,0.8091,-1,-1,-1
152,39,1820.66,250.54,105.37,321.31,0.7368,-1,-1,-1
152,48,23.29,701.09,36.06,59.22,0.7657,-1,-1,-1
152,12,361.53,357.08,39.68,108.27,0.7857,-1,-1,-1
152,38,7.26,366.73,38.06,102.60,0.7125,-1,-1,-1
152,49,156.24,354.04,38.53,115.83,0.7359,-1,-1,-1
153,4,1062.46,253.80,130.05,414.67,0.9703,-1,-1,-1
153,5,1338.44,237.16,171.30,425.85,0.9712,-1,-1,-1
153,13,1251.28,256.74,111.50,311.15,0.9543,-1,-1,-1
153,23,704.32,257.35,122.35,378.64,0.9751,-1,-1,-1
153,28,1429.44,212.29,124.63,412.58,0.9439,-1,-1,-1
153,34,82.49,357.27,46.30,118.15,0.8837,-1,-1,-1
153,8,979.22,313.29,69.35,201.21,0.9376,-1,-1,-1
153,44,35.02,369.07,40.76,109.19,0.8251,-1,-1,-1
153,25,1748.10,234.77,144.12,362.92,0.9214,-1,-1,-1
153,31,1023.62,318.30,61.20,191.21,0.9358,-1,-1,-1
153,40,165.43,364.73,41.20,111.58,0.7542,-1,-1,-1
153,39,1824.23,249.88,106.61,328.37,0.7949,-1,-1,-1
153,48,22.18,704.97,36.11,59.43,0.7265,-1,-1,-1
153,12,358.05,360.38,43.98,120.28,0.7541,-1,-1,-1
153,49,154.88,360.93,36.55,109.68,0.6271,-1,-1,-1
154,4,1063.01,251.90,130.76,418.36,0.9673,-1,-1,-1
154,5,1337.88,237.23,173.98,432.94,0.9678,-1,-1,-1
154,13,1251.10,256.74,112.83,311.91,0.9465,-1,-1,-1
154,23,697.63,257.70,123.43,382.17,0.9722,-1,-1,-1
154,28,1427.84,209.66,127.77,417.82,0.9444,-1,-1,-1
154,34,82.26,361.02,46.33,117.70,0.8525,-1,-1,-1
154,8,976.41,313.63,68.89,201.13,0.9293,-1,-1,-1
154,44,32.99,373.56,40.88,108.89,0.8083,-1,-1,-1
154,25,1747.56,233.94,144.88,361.42,0.9213,-1,-1,-1
154,31,1020.57,319.47,61.71,190.39,0.9231,-1,-1,-1
154,40,164.65,361.71,41.82,114.46,0.7425,-1,-1,-1
154,39,1830.91,246.33,105.29,327.39,0.7697,-1,-1,-1
154,48,22.05,709.35,35.38,58.46,0.8251,-1,-1,-1
154,12,357.02,363.96,41.18,112.82,0.7822,-1,-1,-1
154,49,155.22,362.61,36.69,109.93,0.7207,-1,-1,-1
154,50,1271.98,256.94,84.76,301.96,0.7093,-1,-1,-1
155,4,1062.33,248.18,132.54,424.34,0.9644,-1,-1,-1
155,5,1338.33,235.04,174.90,433.57,0.9751,-1,-1,-1
155,13,1248.65,254.76,113.51,313.05,0.9194,-1,-1,-1
155,23,690.68,255.43,126.56,391.76,0.9756,-1,-1,-1
155,28,1426.89,208.52,130.43,418.30,0.9436,-1,-1,-1
155,34,80.53,362.84,47.63,121.11,0.8229,-1,-1,-1
155,8,970.45,312.09,68.62,202.44,0.9121,-1,-1,-1
155,44,31.70,375.05,41.80,110.93,0.7830,-1,-1,-1
155,25,1737.49,227.62,151.74,372.02,0.8931,-1,-1,-1
155,31,1014.36,318.24,62.15,191.84,0.8925,-1,-1,-1
155,40,162.20,365.14,43.21,118.59,0.7625,-1,-1,-1
155,39,1832.40,239.34,104.22,327.87,0.7876,-1,-1,-1
155,12,355.72,365.17,39.87,109.40,0.7565,-1,-1,-1
155,50,1275.14,254.78,84.93,302.95,0.6469,-1,-1,-1
156,4,1061.80,250.34,133.22,425.88,0.9532,-1,-1,-1
156,5,1338.33,235.83,176.75,437.17,0.9741,-1,-1,-1
156,13,1247.04,255.90,113.74,312.12,0.9333,-1,-1,-1
156,23,683.56,257.42,128.43,396.29,0.9732,-1,-1,-1
156,28,1424.82,206.02,134.26,422.25,0.9357,-1,-1,-1
156,34,79.08,366.57,48.30,122.38,0.8584,-1,-1,-1
156,8,965.87,312.23,68.57,203.49,0.9115,-1,-1,-1
156,44,28.47,377.54,43.79,116.06,0.7290,-1,-1,-1
156,25,1740.09,225.94,155.06,379.36,0.9152,-1,-1,-1
156,31,1010.28,320.18,62.01,189.70,0.8886,-1,-1,-1
156,40,161.37,364.54,45.45,125.36,0.8171,-1,-1,-1
156,39,1838.04,236.86,103.43,331.06,0.7960,-1,-1,-1
156,12,352.70,369.06,40.12,110.25,0.7088,-1,-1,-1
156,48,21.11,716.81,35.52,59.24,0.6738,-1,-1,-1
157,4,1064.22,251.44,132.65,425.38,0.9698,-1,-1,-1
157,5,1339.20,236.15,177.38,438.47,0.9834,-1,-1,-1
157,13,1244.25,255.64,115.57,313.52,0.9547,-1,-1,-1
157,23,676.82,260.67,130.61,401.17,0.9703,-1,-1,-1
157,28,1423.62,210.33,134.67,417.60,0.9500,-1,-1,-1
157,34,79.39,371.09,47.49,119.75,0.8393,-1,-1,-1
157,8,962.43,313.37,67.90,203.33,0.9242,-1,-1,-1
157,44,26.50,384.61,41.47,110.17,0.7447,-1,-1,-1
157,25,1749.11,227.55,154.33,378.91,0.9109,-1,-1,-1
157,31,1005.82,320.79,61.90,189.76,0.9189,-1,-1,-1
157,40,161.51,365.03,44.73,123.64,0.7787,-1,-1,-1
157,39,1838.43,261.47,95.65,310.56,0.6397,-1,-1,-1
157,48,21.66,719.47,35.36,59.41,0.7133,-1,-1,-1
157,49,155.49,371.19,36.83,109.90,0.6001,-1,-1,-1
157,50,1275.80,254.59,85.39,303.86,0.8826,-1,-1,-1
158,4,1065.77,249.50,132.29,424.54,0.9673,-1,-1,-1
158,5,1341.16,233.36,176.51,437.12,0.9849,-1,-1,-1
158,13,1241.72,251.40,116.94,314.79,0.9586,-1,-1,-1
158,23,669.41,261.20,131.61,402.90,0.9732,-1,-1,-1
158,28,1423.30,207.10,136.76,417.48,0.9354,-1,-1,-1
158,34,79.10,371.15,47.08,118.72,0.8398,-1,-1,-1
158,8,958.63,310.08,67.81,204.49,0.9333,-1,-1,-1
158,44,24.41,385.96,39.21,105.00,0.7368,-1,-1,-1
158,25,1754.06,223.96,153.61,379.06,0.9378,-1,-1,-1
158,31,1001.81,316.96,61.65,189.78,0.9212,-1,-1,-1
158,40,160.45,363.51,43.69,121.07,0.7642,-1,-1,-1
158,39,1848.36,239.65,96.99,318.30,0.8314,-1,-1,-1
158,48,22.65,718.44,35.11,59.46,0.6714,-1,-1,-1
158,50,1275.81,250.52,85.75,305.31,0.8729,-1,-1,-1
159,4,1068.55,247.55,133.71,427.37,0.9707,-1,-1,-1
159,5,1343.36,232.99,176.18,436.52,0.9815,-1,-1,-1
159,13,1240.00,248.90,118.85,316.14,0.9284,-1,-1,-1
159,23,665.45,262.18,131.81,401.74,0.9683,-1,-1,-1
159,28,1424.74,202.45,140.50,421.26,0.9426,-1,-1,-1
159,34,79.60,369.94,47.66,120.57,0.8512,-1,-1,-1
159,8,957.30,309.47,67.59,204.26,0.9103,-1,-1,-1
159,25,1758.24,221.41,151.40,374.71,0.9267,-1,-1,-1
159,31,997.80,314.48,62.11,190.78,0.9155,-1,-1,-1
159,40,158.73,362.67,42.39,117.79,0.8129,-1,-1,-1
159,39,1854.54,229.94,96.56,319.73,0.7376,-1,-1,-1
159,50,1276.00,248.14,87.01,308.63,0.8541,-1,-1,-1
159,54,63.83,689.18,33.65,77.76,0.6444,-1,-1,-1
160,4,1071.30,245.27,134.51,428.83,0.9727,-1,-1,-1
160,5,1346.31,227.82,178.11,442.02,0.9824,-1,-1,-1
160,13,1236.33,246.12,119.61,318.06,0.9240,-1,-1,-1
160,23,659.95,261.83,134.03,407.77,0.9707,-1,-1,-1
160,28,1425.34,200.13,143.68,422.41,0.9483,-1,-1,-1
160,34,81.17,368.55,48.06,121.70,0.8607,-1,-1,-1
160,8,954.41,307.55,68.29,205.83,0.9105,-1,-1,-1
160,25,1747.34,215.75,155.96,379.64,0.9276,-1,-1,-1
160,31,995.18,311.52,63.16,193.60,0.9078,-1,-1,-1
160,40,162.42,362.82,41.21,115.15,0.7498,-1,-1,-1
160,39,1859.13,222.22,98.81,328.24,0.6736,-1,-1,-1
160,50,1280.05,246.21,87.00,307.45,0.8524,-1,-1,-1
160,44,25.95,386.56,38.43,103.17,0.6138,-1,-1,-1
161,4,1076.27,244.23,134.84,429.31,0.9736,-1,-1,-1
161,5,1350.39,223.29,179.46,448.03,0.9839,-1,-1,-1
161,13,1232.24,243.81,119.99,321.42,0.9440,-1,-1,-1
161,23,656.68,260.80,138.64,421.83,0.9673,-1,-1,-1
161,28,1428.69,200.14,146.56,424.44,0.9586,-1,-1,-1
161,34,83.66,368.56,47.91,121.23,0.8804,-1,-1,-1
161,8,952.51,307.94,68.66,204.19,0.9445,-1,-1,-1
161,25,1749.39,212.89,162.17,393.39,0.9377,-1,-1,-1
161,31,996.92,310.76,61.89,190.33,0.9265,-1,-1,-1
161,40,164.36,362.33,42.16,118.63,0.8032,-1,-1,-1
161,39,1869.27,219.48,92.34,305.41,0.7243,-1,-1,-1
161,50,1289.95,243.02,87.91,307.89,0.9187,-1,-1,-1
161,44,27.03,387.55,38.96,104.56,0.6772,-1,-1,-1
161,48,31.54,717.73,35.33,60.59,0.6533,-1,-1,-1
162,4,1081.96,243.59,135.12,430.20,0.9674,-1,-1,-1
162,5,1356.68,220.59,178.79,450.25,0.9849,-1,-1,-1
162,13,1230.15,243.15,119.46,323.65,0.9610,-1,-1,-1
162,23,655.00,258.91,141.13,429.70,0.9659,-1,-1,-1
162,28,1432.14,195.19,149.43,427.37,0.9581,-1,-1,-1
162,34,87.75,368.69,47.88,121.04,0.8953,-1,-1,-1
162,8,952.15,308.59,69.02,201.77,0.9445,-1,-1,-1
162,25,1758.02,210.23,165.68,404.66,0.9184,-1,-1,-1
162,31,997.94,310.53,61.68,189.94,0.9275,-1,-1,-1
162,40,168.68,368.92,38.62,108.87,0.6512,-1,-1,-1
162,50,1293.47,241.47,87.70,307.11,0.9052,-1,-1,-1
162,44,31.34,388.46,37.64,101.01,0.8282,-1,-1,-1
162,48,37.02,717.37,34.90,60.74,0.7780,-1,-1,-1
162,54,73.98,687.96,33.88,78.27,0.8107,-1,-1,-1
163,4,1086.79,241.25,135.80,432.70,0.9795,-1,-1,-1
163,5,1361.55,218.45,178.10,452.79,0.9839,-1,-1,-1
163,13,1232.26,240.75,118.70,327.45,0.9620,-1,-1,-1
163,23,653.58,255.40,142.42,434.22,0.9620,-1,-1,-1
163,28,1434.36,191.89,151.92,429.85,0.9625,-1,-1,-1
163,34,92.78,367.63,47.38,120.07,0.8738,-1,-1,-1
163,8,952.57,307.22,69.99,200.30,0.9459,-1,-1,-1
163,25,1766.47,206.26,165.19,408.48,0.9421,-1,-1,-1
163,31,998.40,310.32,61.57,188.46,0.9333,-1,-1,-1
163,40,173.80,364.54,39.47,111.38,0.7321,-1,-1,-1
163,50,1299.65,238.85,88.32,309.53,0.9032,-1,-1,-1
163,44,34.69,387.21,38.25,103.29,0.8146,-1,-1,-1
163,48,43.11,715.64,34.02,59.89,0.8112,-1,-1,-1
163,12,357.42,368.42,36.17,105.03,0.8088,-1,-1,-1
163,54,79.31,686.92,33.50,77.33,0.8103,-1,-1,-1
164,4,1091.58,238.88,136.78,435.59,0.9810,-1,-1,-1
164,5,1365.36,216.56,176.97,453.11,0.9795,-1,-1,-1
164,13,1235.32,240.15,117.23,327.96,0.9644,-1,-1,-1
164,23,652.20,250.73,144.54,441.26,0.9712,-1,-1,-1
164,28,1437.87,189.12,154.19,431.50,0.9630,-1,-1,-1
164,34,96.84,365.08,47.38,120.14,0.8676,-1,-1,-1
164,8,954.53,306.84,70.25,198.97,0.9182,-1,-1,-1
164,25,1773.27,203.40,162.81,406.73,0.9265,-1,-1,-1
164,31,996.77,309.94,63.23,190.47,0.9454,-1,-1,-1
164,40,178.64,366.63,37.85,106.90,0.6799,-1,-1,-1
164,50,1306.23,236.63,89.39,312.66,0.9305,-1,-1,-1
164,44,39.47,386.34,38.42,103.24,0.8316,-1,-1,-1
164,48,49.34,713.48,33.32,59.56,0.7881,-1,-1,-1
164,12,361.00,366.26,37.01,107.31,0.7791,-1,-1,-1
164,54,84.65,684.29,33.49,77.26,0.8359,-1,-1,-1
164,55,1358.58,262.34,110.69,306.82,0.7595,-1,-1,-1
165,4,1097.69,236.44,136.91,435.62,0.9844,-1,-1,-1
165,5,1371.02,217.03,176.37,452.38,0.9839,-1,-1,-1
165,13,1238.13,238.98,117.52,332.52,0.9639,-1,-1,-1
165,23,651.08,246.38,146.62,447.96,0.9746,-1,-1,-1
165,28,1442.71,189.83,156.30,432.50,0.9620,-1,-1,-1
165,34,102.90,363.20,47.27,119.72,0.8588,-1,-1,-1
165,8,957.57,306.67,71.04,199.49,0.9289,-1,-1,-1
165,25,1780.38,199.25,164.51,416.95,0.9180,-1,-1,-1
165,31,997.03,309.79,64.68,190.88,0.9522,-1,-1,-1
165,40,182.81,359.73,40.38,114.29,0.6913,-1,-1,-1
165,50,1311.57,236.19,90.14,312.91,0.9105,-1,-1,-1
165,44,43.33,384.41,39.35,105.01,0.8072,-1,-1,-1
165,48,55.55,711.01,33.11,60.34,0.7742,-1,-1,-1
165,12,365.30,365.59,37.06,107.57,0.7225,-1,-1,-1
165,54,89.58,682.36,33.24,77.01,0.7706,-1,-1,-1
165,55,1366.86,261.01,106.13,294.45,0.8263,-1,-1,-1
166,4,1103.52,234.68,137.24,436.01,0.9829,-1,-1,-1
166,5,1376.35,214.79,177.13,455.57,0.9858,-1,-1,-1
166,13,1243.71,237.68,117.03,334.64,0.9624,-1,-1,-1
166,23,650.75,242.07,148.75,455.07,0.9746,-1,-1,-1
166,28,1444.97,188.35,158.29,434.58,0.9556,-1,-1,-1
166,34,108.69,361.73,47.99,121.80,0.8624,-1,-1,-1
166,8,961.43,305.97,71.79,199.70,0.9381,-1,-1,-1
166,25,1786.13,197.35,164.64,423.89,0.9083,-1,-1,-1
166,31,1001.33,309.54,65.40,190.15,0.9459,-1,-1,-1
166,40,187.84,356.91,40.30,114.73,0.7364,-1,-1,-1
166,50,1317.90,235.49,91.73,315.31,0.9303,-1,-1,-1
166,44,47.90,384.45,39.91,104.79,0.7938,-1,-1,-1
166,48,62.50,709.99,32.57,60.63,0.7234,-1,-1,-1
166,12,369.25,363.91,36.85,107.07,0.8056,-1,-1,-1
166,54,94.80,680.15,33.37,77.86,0.8044,-1,-1,-1
166,55,1373.09,261.59,101.64,282.59,0.8904,-1,-1,-1
167,4,1109.50,233.11,137.79,437.32,0.9824,-1,-1,-1
167,5,1383.00,211.96,177.98,457.71,0.9844,-1,-1,-1
167,13,1246.80,235.95,116.95,336.27,0.9654,-1,-1,-1
167,23,648.12,235.24,151.52,464.41,0.9858,-1,-1,-1
167,28,1447.59,189.03,160.07,435.74,0.9566,-1,-1,-1
167,34,113.47,360.29,47.74,121.24,0.8869,-1,-1,-1
167,8,962.64,304.52,72.81,201.02,0.9376,-1,-1,-1
167,25,1790.53,195.03,161.39,420.06,0.9547,-1,-1,-1
167,31,1005.08,308.17,66.17,190.31,0.9377,-1,-1,-1
167,40,193.28,357.17,39.85,113.55,0.6653,-1,-1,-1
167,50,1321.32,234.22,92.03,316.18,0.9239,-1,-1,-1
167,44,51.22,383.12,39.86,103.81,0.8345,-1,-1,-1
167,48,67.79,708.54,31.77,59.85,0.7252,-1,-1,-1
167,54,99.47,678.29,33.39,78.17,0.6803,-1,-1,-1
167,55,1378.76,261.19,99.87,278.34,0.8941,-1,-1,-1
168,4,1114.59,230.34,138.93,440.54,0.9849,-1,-1,-1
168,5,1389.80,209.06,178.14,458.01,0.9839,-1,-1,-1
168,13,1249.29,234.45,117.55,338.04,0.9678,-1,-1,-1
168,23,646.23,227.91,153.19,471.54,0.9771,-1,-1,-1
168,28,1450.42,187.59,161.93,439.34,0.9590,-1,-1,-1
168,34,118.14,357.80,48.01,121.91,0.8918,-1,-1,-1
168,8,962.59,302.53,73.12,201.97,0.9347,-1,-1,-1
168,25,1793.78,192.71,161.75,424.70,0.9562,-1,-1,-1
168,31,1007.02,306.54,67.00,190.92,0.9309,-1,-1,-1
168,40,199.12,354.46,41.35,118.45,0.6485,-1,-1,-1
168,50,1325.78,232.00,93.26,320.37,0.9275,-1,-1,-1
168,44,53.85,380.64,40.01,102.99,0.8516,-1,-1,-1
168,48,74.03,706.48,30.55,58.65,0.7024,-1,-1,-1
168,54,103.68,675.63,33.31,78.28,0.6609,-1,-1,-1
168,55,1381.98,259.78,99.36,278.37,0.8964,-1,-1,-1
169,4,1119.30,228.64,140.15,444.48,0.9849,-1,-1,-1
169,5,1396.76,208.53,177.68,458.05,0.9844,-1,-1,-1
169,13,1252.31,233.76,118.48,341.08,0.9649,-1,-1,-1
169,23,642.96,223.40,154.06,476.38,0.9805,-1,-1,-1
169,28,1451.57,186.37,161.93,439.19,0.9576,-1,-1,-1
169,34,121.66,357.18,48.04,121.71,0.8761,-1,-1,-1
169,8,962.33,301.63,73.21,202.33,0.9366,-1,-1,-1
169,25,1796.67,191.41,159.89,424.24,0.9441,-1,-1,-1
169,31,1007.61,305.67,68.00,192.38,0.9382,-1,-1,-1
169,40,201.75,360.33,38.18,108.86,0.7405,-1,-1,-1
169,50,1332.59,231.04,93.90,321.91,0.9279,-1,-1,-1
169,44,57.38,378.67,40.95,104.48,0.8796,-1,-1,-1
169,48,77.77,704.96,30.36,59.10,0.8121,-1,-1,-1
169,54,106.71,675.02,33.35,79.00,0.8491,-1,-1,-1
169,55,1385.92,260.24,98.58,278.18,0.8926,-1,-1,-1
169,12,379.19,361.06,33.67,102.87,0.8020,-1,-1,-1
169,57,-2.08,398.52,38.09,90.72,0.7918,-1,-1,-1
169,15,635.80,306.05,77.06,281.48,0.8298,-1,-1,-1
170,4,1124.15,226.19,141.19,448.13,0.9834,-1,-1,-1
170,5,1403.69,207.94,177.45,461.00,0.9839,-1,-1,-1
170,13,1256.45,234.32,118.87,341.73,0.9654,-1,-1,-1
170,23,639.25,219.64,156.61,486.26,0.9790,-1,-1,-1
170,28,1453.20,184.82,162.81,441.84,0.9595,-1,-1,-1
170,34,125.45,357.02,47.01,119.40,0.8398,-1,-1,-1
170,8,961.33,300.68,73.15,203.47,0.9410,-1,-1,-1
170,25,1802.37,186.83,160.33,428.79,0.9261,-1,-1,-1
170,31,1007.70,305.74,68.51,192.92,0.9411,-1,-1,-1
170,40,202.29,363.95,37.82,107.25,0.6241,-1,-1,-1
170,50,1333.96,231.94,93.49,322.89,0.9139,-1,-1,-1
170,44,61.21,377.10,41.13,104.15,0.8630,-1,-1,-1
170,48,82.03,703.59,30.50,60.17,0.6935,-1,-1,-1
170,54,109.91,673.99,33.52,79.71,0.7590,-1,-1,-1
170,55,1387.91,261.14,98.62,281.52,0.8919,-1,-1,-1
170,12,382.58,359.40,33.63,102.66,0.7759,-1,-1,-1
170,57,1.98,397.87,38.06,90.51,0.6133,-1,-1,-1
170,15,638.75,304.73,77.75,283.54,0.8614,-1,-1,-1
171,4,1128.13,227.95,141.57,449.22,0.9678,-1,-1,-1
171,5,1407.75,207.57,178.63,467.38,0.9834,-1,-1,-1
171,13,1259.69,235.91,119.27,343.01,0.9615,-1,-1,-1
171,23,634.25,220.64,158.91,495.98,0.9800,-1,-1,-1
171,28,1452.62,187.19,162.69,443.22,0.9557,-1,-1,-1
171,34,129.30,357.28,46.88,118.97,0.8886,-1,-1,-1
171,8,959.51,301.76,72.74,205.12,0.9299,-1,-1,-1
171,25,1803.63,183.16,162.81,438.24,0.9383,-1,-1,-1
171,31,1006.05,307.31,68.74,193.56,0.9342,-1,-1,-1
171,50,1336.95,236.11,93.02,322.76,0.9302,-1,-1,-1
171,44,64.18,377.26,40.78,103.12,0.8883,-1,-1,-1
171,48,85.87,704.43,30.02,59.68,0.7743,-1,-1,-1
171,54,112.69,675.65,33.07,78.85,0.7938,-1,-1,-1
171,55,1392.29,264.08,97.68,281.12,0.8961,-1,-1,-1
171,12,383.90,360.87,34.82,106.30,0.7712,-1,-1,-1
171,57,6.74,401.21,36.30,86.25,0.8458,-1,-1,-1
171,15,639.59,308.50,78.93,287.25,0.7329,-1,-1,-1
172,4,1132.78,230.55,142.74,451.00,0.9766,-1,-1,-1
172,5,1412.23,209.40,178.63,469.74,0.9834,-1,-1,-1
172,13,1263.57,238.29,119.77,342.99,0.9474,-1,-1,-1
172,23,631.55,223.75,157.97,494.83,0.9717,-1,-1,-1
172,28,1457.50,188.50,161.51,443.67,0.9407,-1,-1,-1
172,34,130.86,359.19,48.03,121.94,0.8690,-1,-1,-1
172,8,957.60,304.45,72.04,204.85,0.9041,-1,-1,-1
172,25,1806.40,218.69,145.23,394.42,0.8807,-1,-1,-1
172,31,1005.46,309.40,68.39,192.34,0.9134,-1,-1,-1
172,50,1339.93,237.24,94.16,325.77,0.9201,-1,-1,-1
172,44,66.24,377.34,41.47,104.98,0.7910,-1,-1,-1
172,54,116.04,675.82,33.48,80.09,0.6773,-1,-1,-1
172,55,1393.70,266.69,97.88,284.32,0.8826,-1,-1,-1
172,12,385.32,362.98,36.38,110.93,0.7627,-1,-1,-1
173,4,1137.28,231.86,144.78,455.93,0.9805,-1,-1,-1
173,5,1414.33,211.02,179.07,471.88,0.9839,-1,-1,-1
173,13,1265.94,238.92,121.19,346.24,0.9483,-1,-1,-1
173,23,623.66,224.92,161.59,505.55,0.9659,-1,-1,-1
173,28,1460.17,191.66,160.89,445.55,0.9513,-1,-1,-1
173,34,134.05,359.67,48.11,121.72,0.8717,-1,-1,-1
173,8,957.52,306.68,71.46,205.62,0.9087,-1,-1,-1
173,25,1809.16,233.30,140.14,384.77,0.8617,-1,-1,-1
173,31,1004.58,311.85,67.90,191.42,0.9195,-1,-1,-1
173,50,1343.19,239.39,95.04,329.08,0.9248,-1,-1,-1
173,55,1396.71,269.63,97.97,287.38,0.8804,-1,-1,-1
173,48,92.14,706.70,31.95,63.68,0.7264,-1,-1,-1
174,4,1139.59,233.78,146.92,460.50,0.9805,-1,-1,-1
174,5,1412.67,213.72,180.36,473.61,0.9785,-1,-1,-1
174,13,1265.57,239.81,122.52,348.75,0.9396,-1,-1,-1
174,23,612.64,225.82,165.36,513.18,0.9469,-1,-1,-1
174,28,1461.23,193.84,162.23,452.75,0.9455,-1,-1,-1
174,34,134.76,360.72,47.51,120.30,0.8602,-1,-1,-1
174,8,955.25,307.72,71.70,207.24,0.9028,-1,-1,-1
174,25,1809.83,239.87,137.05,379.03,0.8163,-1,-1,-1
174,31,1000.50,312.97,68.44,193.30,0.9099,-1,-1,-1
174,50,1345.57,241.29,95.17,328.96,0.9182,-1,-1,-1
174,55,1397.77,270.90,98.12,289.48,0.8533,-1,-1,-1
174,48,92.79,708.15,31.61,62.78,0.7302,-1,-1,-1
175,4,1141.42,237.79,147.79,463.92,0.9868,-1,-1,-1
175,5,1411.91,218.47,181.16,474.19,0.9824,-1,-1,-1
175,13,1265.58,242.97,123.45,352.29,0.9547,-1,-1,-1
175,23,601.64,230.04,169.83,523.24,0.9678,-1,-1,-1
175,28,1463.17,196.94,163.35,458.84,0.9513,-1,-1,-1
175,34,134.73,362.90,47.55,120.20,0.8731,-1,-1,-1
175,8,953.09,312.84,70.60,205.28,0.8969,-1,-1,-1
175,25,1813.30,248.36,133.11,370.43,0.8002,-1,-1,-1
175,31,997.01,317.22,67.81,193.23,0.9018,-1,-1,-1
175,50,1347.18,244.39,95.70,331.52,0.9386,-1,-1,-1
175,55,1399.56,273.73,97.37,289.39,0.8957,-1,-1,-1
175,48,93.74,709.74,30.77,61.54,0.7654,-1,-1,-1
175,57,13.92,408.36,35.81,85.02,0.7094,-1,-1,-1
175,44,69.79,379.51,42.22,106.41,0.8287,-1,-1,-1
176,4,1142.05,241.33,147.70,464.14,0.9858,-1,-1,-1
176,5,1409.89,223.42,181.92,474.10,0.9824,-1,-1,-1
176,13,1264.32,246.34,123.42,352.91,0.9460,-1,-1,-1
176,23,598.40,232.56,171.46,531.16,0.9722,-1,-1,-1
176,28,1462.03,200.93,164.69,465.17,0.9474,-1,-1,-1
176,34,131.54,363.12,48.12,122.39,0.8690,-1,-1,-1
176,8,948.68,315.99,70.06,205.75,0.9111,-1,-1,-1
176,25,1812.62,254.39,132.89,371.79,0.8269,-1,-1,-1
176,31,993.35,319.73,66.74,192.74,0.8934,-1,-1,-1
176,50,1345.55,248.86,95.18,329.77,0.9405,-1,-1,-1
176,55,1396.56,277.01,96.15,287.58,0.8947,-1,-1,-1
176,48,92.47,710.90,29.98,60.17,0.6266,-1,-1,-1
176,57,12.25,409.16,35.01,83.14,0.7977,-1,-1,-1
176,44,65.66,379.80,41.83,105.70,0.8347,-1,-1,-1
177,4,1141.52,241.56,148.77,467.67,0.9844,-1,-1,-1
177,5,1407.35,223.70,183.69,475.77,0.9834,-1,-1,-1
177,13,1261.98,246.91,122.94,353.07,0.9430,-1,-1,-1
177,23,588.30,230.50,176.16,547.33,0.9693,-1,-1,-1
177,28,1462.36,201.51,165.21,469.26,0.9513,-1,-1,-1
177,34,127.98,358.83,48.98,124.98,0.8792,-1,-1,-1
177,8,945.19,316.38,69.83,206.25,0.9196,-1,-1,-1
177,25,1808.85,257.13,130.78,366.07,0.8019,-1,-1,-1
177,31,989.30,321.11,65.32,190.76,0.9036,-1,-1,-1
177,50,1343.78,249.83,95.14,330.83,0.9434,-1,-1,-1
177,55,1396.40,277.29,95.35,286.92,0.8962,-1,-1,-1
177,48,89.12,703.18,32.35,65.94,0.6959,-1,-1,-1
177,57,10.81,403.36,36.41,86.71,0.7956,-1,-1,-1
177,44,63.00,377.53,42.02,106.34,0.8430,-1,-1,-1
177,58,1804.36,212.42,172.89,441.59,0.9215,-1,-1,-1
177,40,207.22,367.46,36.24,103.46,0.7969,-1,-1,-1
178,4,1140.74,243.87,149.95,471.47,0.9834,-1,-1,-1
178,5,1404.66,226.50,185.70,477.89,0.9844,-1,-1,-1
178,13,1259.26,248.33,122.59,355.28,0.9406,-1,-1,-1
178,23,578.75,228.74,178.88,557.91,0.9736,-1,-1,-1
178,28,1464.49,204.39,164.63,470.71,0.9586,-1,-1,-1
178,34,124.53,358.77,48.43,123.76,0.8819,-1,-1,-1
178,8,940.81,318.60,69.57,205.65,0.9395,-1,-1,-1
178,25,1792.36,258.67,136.37,373.22,0.7787,-1,-1,-1
178,31,985.00,321.67,65.81,193.04,0.9251,-1,-1,-1
178,50,1342.63,250.26,95.73,333.40,0.9473,-1,-1,-1
178,55,1394.50,279.22,94.87,287.15,0.8990,-1,-1,-1
178,48,85.16,701.90,32.62,67.16,0.7999,-1,-1,-1
178,57,8.39,401.97,36.75,87.52,0.7846,-1,-1,-1
178,44,60.12,376.95,42.42,106.58,0.8509,-1,-1,-1
178,58,1802.28,219.39,174.00,444.07,0.9450,-1,-1,-1
178,54,108.28,678.82,33.16,79.70,0.8181,-1,-1,-1
179,4,1138.83,246.15,150.56,473.60,0.9849,-1,-1,-1
179,5,1402.11,229.66,187.32,478.63,0.9834,-1,-1,-1
179,13,1255.01,251.23,121.52,355.84,0.9338,-1,-1,-1
179,23,567.66,226.36,181.51,567.97,0.9810,-1,-1,-1
179,28,1466.74,207.36,162.86,468.93,0.9562,-1,-1,-1
179,34,120.63,359.70,48.77,124.60,0.8868,-1,-1,-1
179,8,937.31,321.33,69.66,206.19,0.9343,-1,-1,-1
179,25,1796.52,262.06,137.20,376.37,0.8192,-1,-1,-1
179,31,980.91,324.44,65.61,193.10,0.9269,-1,-1,-1
179,50,1342.17,252.54,96.02,335.22,0.9488,-1,-1,-1
179,55,1391.79,282.27,94.77,288.59,0.8900,-1,-1,-1
179,48,83.25,705.60,31.34,65.00,0.7431,-1,-1,-1
179,57,5.34,403.08,36.56,87.36,0.7880,-1,-1,-1
179,44,57.16,377.90,43.16,108.45,0.8438,-1,-1,-1
179,58,1804.52,223.22,176.29,449.61,0.9493,-1,-1,-1
179,40,199.29,369.16,36.19,104.34,0.6517,-1,-1,-1
180,4,1136.39,248.92,150.87,475.31,0.9819,-1,-1,-1
180,5,1398.39,233.68,189.40,481.17,0.9819,-1,-1,-1
180,13,1250.98,253.47,120.17,356.43,0.9358,-1,-1,-1
180,23,552.25,224.87,183.84,576.72,0.9800,-1,-1,-1
180,28,1467.77,210.87,161.39,467.58,0.9498,-1,-1,-1
180,34,115.45,360.13,49.20,126.23,0.8924,-1,-1,-1
180,8,931.81,325.09,68.78,203.38,0.9265,-1,-1,-1
180,25,1797.76,263.78,136.26,377.40,0.8447,-1,-1,-1
180,31,976.52,328.34,65.54,192.23,0.9212,-1,-1,-1
180,50,1339.49,255.54,96.16,337.08,0.9444,-1,-1,-1
180,55,1388.87,285.79,94.53,290.38,0.8936,-1,-1,-1
180,48,77.86,711.21,29.56,61.43,0.7326,-1,-1,-1
180,57,0.57,403.79,36.51,87.28,0.7299,-1,-1,-1
180,44,51.19,378.78,44.04,110.47,0.8384,-1,-1,-1
180,58,1802.49,226.82,178.29,453.94,0.9409,-1,-1,-1
180,12,369.47,369.16,35.83,105.44,0.7750,-1,-1,-1
180,40,194.74,370.36,36.03,104.57,0.7139,-1,-1,-1
180,54,99.73,681.69,33.03,79.65,0.5747,-1,-1,-1
181,4,1132.03,251.04,151.74,478.75,0.9795,-1,-1,-1
181,5,1396.14,237.93,190.13,481.08,0.9815,-1,-1,-1
181,13,1246.82,255.50,119.82,358.26,0.9271,-1,-1,-1
181,23,533.07,223.31,185.10,583.43,0.9746,-1,-1,-1
181,28,1467.15,213.60,161.10,469.76,0.9435,-1,-1,-1
181,34,109.74,359.85,49.87,128.17,0.8389,-1,-1,-1
181,8,925.40,326.91,68.73,202.76,0.9255,-1,-1,-1
181,25,1795.63,267.30,132.24,369.01,0.7944,-1,-1,-1
181,31,970.99,330.44,65.76,192.79,0.9048,-1,-1,-1
181,50,1342.55,259.41,97.01,335.63,0.9278,-1,-1,-1
181,55,1385.13,288.30,94.50,291.18,0.8699,-1,-1,-1
181,48,72.62,708.75,31.06,64.60,0.7409,-1,-1,-1
181,44,48.08,379.76,43.20,109.03,0.7415,-1,-1,-1
181,58,1802.54,230.09,179.24,455.47,0.9146,-1,-1,-1
181,12,362.22,369.59,37.35,109.98,0.6509,-1,-1,-1
181,59,308.14,365.11,38.21,113.94,0.6878,-1,-1,-1
182,4,1130.38,251.98,152.82,482.29,0.9790,-1,-1,-1
182,5,1394.56,241.19,191.02,481.64,0.9815,-1,-1,-1
182,13,1243.93,255.80,119.67,359.78,0.9306,-1,-1,-1
182,23,516.86,217.32,187.02,591.74,0.9722,-1,-1,-1
182,28,1468.77,215.80,159.90,470.51,0.9460,-1,-1,-1
182,34,104.56,361.49,50.42,129.33,0.8738,-1,-1,-1
182,8,918.64,328.06,69.42,203.76,0.9294,-1,-1,-1
182,25,1791.91,267.52,132.29,371.74,0.8210,-1,-1,-1
182,31,965.80,331.80,65.86,192.55,0.9012,-1,-1,-1
182,50,1339.39,260.91,97.88,336.69,0.9143,-1,-1,-1
182,55,1382.86,289.35,95.34,294.15,0.8598,-1,-1,-1
182,44,46.16,379.93,44.49,111.57,0.6578,-1,-1,-1
182,58,1799.96,231.09,179.89,457.74,0.9237,-1,-1,-1
182,59,302.47,362.13,42.20,125.90,0.6075,-1,-1,-1
183,4,1129.03,254.14,153.46,485.09,0.9829,-1,-1,-1
183,5,1392.32,242.62,193.38,487.57,0.9834,-1,-1,-1
183,13,1242.93,259.26,119.24,361.19,0.9401,-1,-1,-1
183,23,501.03,214.06,190.74,603.86,0.9771,-1,-1,-1
183,28,1472.50,217.39,159.01,472.82,0.9470,-1,-1,-1
183,34,101.21,363.38,50.74,129.75,0.8444,-1,-1,-1
183,8,914.55,330.42,69.24,202.91,0.9284,-1,-1,-1
183,25,1778.42,268.85,139.16,389.33,0.7936,-1,-1,-1
183,31,962.02,334.67,65.11,191.23,0.9094,-1,-1,-1
183,50,1335.18,263.26,98.09,337.72,0.9139,-1,-1,-1
183,55,1377.89,291.74,95.58,294.38,0.8657,-1,-1,-1
183,44,44.28,382.36,45.02,111.63,0.6581,-1,-1,-1
183,58,1793.33,231.54,180.61,462.14,0.9320,-1,-1,-1
183,59,299.62,364.50,43.68,130.56,0.7504,-1,-1,-1
184,4,1128.95,255.13,154.31,488.39,0.9829,-1,-1,-1
184,5,1391.39,242.60,195.32,493.64,0.9844,-1,-1,-1
184,13,1242.76,262.15,118.59,361.67,0.9493,-1,-1,-1
184,23,486.08,211.55,194.32,614.38,0.9800,-1,-1,-1
184,28,1474.81,215.19,159.53,480.62,0.9474,-1,-1,-1
184,34,98.09,364.78,50.97,130.32,0.8253,-1,-1,-1
184,8,910.70,332.93,69.11,202.59,0.9275,-1,-1,-1
184,25,1784.53,269.50,140.02,395.89,0.8408,-1,-1,-1
184,31,957.63,335.91,65.17,192.41,0.9182,-1,-1,-1
184,50,1333.82,264.36,98.85,340.29,0.9324,-1,-1,-1
184,55,1379.62,293.63,94.66,292.34,0.8757,-1,-1,-1
184,44,40.58,384.87,45.15,112.51,0.7458,-1,-1,-1
184,58,1795.18,232.63,182.56,466.02,0.9353,-1,-1,-1
184,59,295.12,367.81,43.06,128.41,0.6021,-1,-1,-1
184,48,65.19,709.41,34.18,71.63,0.6141,-1,-1,-1
185,4,1129.59,255.85,155.10,491.31,0.9849,-1,-1,-1
185,5,1392.63,242.84,197.08,498.97,0.9849,-1,-1,-1
185,13,1243.38,263.03,118.80,365.46,0.9465,-1,-1,-1
185,23,470.56,211.09,198.20,624.38,0.9800,-1,-1,-1
185,28,1480.15,214.95,158.34,484.49,0.9513,-1,-1,-1
185,34,97.23,368.48,51.26,130.96,0.8529,-1,-1,-1
185,8,905.00,334.76,69.18,202.93,0.9156,-1,-1,-1
185,25,1786.88,270.18,140.86,402.70,0.8253,-1,-1,-1
185,31,953.59,338.38,64.23,192.41,0.9033,-1,-1,-1
185,50,1331.80,265.09,99.77,342.99,0.9382,-1,-1,-1
185,55,1379.34,295.87,93.40,289.65,0.8473,-1,-1,-1
185,44,39.32,389.23,44.49,111.06,0.8149,-1,-1,-1
185,58,1789.30,233.40,182.07,468.01,0.9327,-1,-1,-1
185,59,295.38,373.00,41.40,123.43,0.7582,-1,-1,-1
185,48,65.41,712.86,33.37,70.92,0.7033,-1,-1,-1
186,4,1132.62,257.38,155.13,493.10,0.9829,-1,-1,-1
186,5,1396.95,245.14,198.17,502.02,0.9858,-1,-1,-1
186,13,1245.68,265.82,118.44,366.84,0.9479,-1,-1,-1
186,23,455.11,211.91,205.05,645.76,0.9795,-1,-1,-1
186,28,1487.02,218.72,156.27,484.00,0.9514,-1,-1,-1
186,34,98.08,373.13,51.15,130.30,0.8217,-1,-1,-1
186,8,901.23,337.48,69.06,203.50,0.9246,-1,-1,-1
186,25,1770.81,272.03,144.73,404.48,0.9315,-1,-1,-1
186,31,950.48,341.78,63.65,193.29,0.9089,-1,-1,-1
186,50,1332.41,267.14,100.53,344.64,0.9382,-1,-1,-1
186,55,1382.02,298.48,91.97,285.95,0.8441,-1,-1,-1
186,44,39.32,394.13,43.88,110.04,0.7919,-1,-1,-1
186,58,1790.79,234.09,181.00,470.20,0.9264,-1,-1,-1
186,59,296.75,378.16,41.50,123.40,0.7516,-1,-1,-1
186,48,67.90,720.36,32.18,68.86,0.6107,-1,-1,-1
186,54,87.37,696.19,34.03,82.17,0.7020,-1,-1,-1
187,4,1134.69,260.30,155.60,496.11,0.9834,-1,-1,-1
187,5,1400.21,247.12,200.23,506.73,0.9834,-1,-1,-1
187,13,1246.90,268.11,118.23,368.19,0.9445,-1,-1,-1
187,23,441.98,214.88,208.23,653.74,0.9815,-1,-1,-1
187,28,1491.04,220.17,155.65,488.91,0.9562,-1,-1,-1
187,34,99.29,377.75,51.22,130.01,0.8665,-1,-1,-1
187,8,896.87,340.86,68.72,203.72,0.9284,-1,-1,-1
187,25,1767.40,274.91,149.00,409.61,0.9543,-1,-1,-1
187,31,948.67,345.20,62.95,193.18,0.9142,-1,-1,-1
187,50,1332.51,269.81,101.62,346.32,0.9352,-1,-1,-1
187,55,1383.46,301.91,90.22,280.64,0.8216,-1,-1,-1
187,44,41.36,399.72,43.98,110.09,0.8121,-1,-1,-1
187,58,1793.08,233.30,181.97,477.19,0.9258,-1,-1,-1
187,59,298.36,382.22,41.45,123.35,0.8386,-1,-1,-1
187,48,69.44,724.89,31.73,68.95,0.6554,-1,-1,-1
187,12,348.72,386.51,39.66,108.13,0.7488,-1,-1,-1
187,54,88.16,702.48,33.94,82.36,0.7064,-1,-1,-1
188,4,1136.37,262.06,155.76,497.16,0.9849,-1,-1,-1
188,5,1402.78,247.99,201.78,508.98,0.9824,-1,-1,-1
188,13,1248.57,269.52,118.49,371.20,0.9415,-1,-1,-1
188,23,426.77,217.56,213.67,667.39,0.9878,-1,-1,-1
188,28,1494.09,220.53,155.68,495.11,0.9562,-1,-1,-1
188,34,101.47,383.13,50.87,129.00,0.8788,-1,-1,-1
188,8,894.49,343.19,68.76,205.59,0.9348,-1,-1,-1
188,25,1764.99,275.82,154.58,418.55,0.9558,-1,-1,-1
188,31,947.86,348.21,62.48,193.13,0.9211,-1,-1,-1
188,50,1333.18,271.27,102.08,346.69,0.9366,-1,-1,-1
188,55,1382.72,305.78,92.15,287.14,0.7430,-1,-1,-1
188,44,42.06,404.56,43.25,107.87,0.7817,-1,-1,-1
188,58,1796.90,229.62,183.35,486.51,0.9276,-1,-1,-1
188,59,302.84,387.45,38.47,114.53,0.8322,-1,-1,-1
188,48,71.87,729.73,30.58,68.08,0.7149,-1,-1,-1
188,12,349.39,391.45,39.44,107.50,0.8154,-1,-1,-1
188,54,90.08,709.74,32.86,79.75,0.8154,-1,-1,-1
188,57,-5.84,428.76,36.11,87.10,0.7265,-1,-1,-1
189,4,1137.50,264.81,156.27,498.13,0.9815,-1,-1,-1
189,5,1403.04,248.75,205.13,514.71,0.9810,-1,-1,-1
189,13,1249.11,271.38,119.40,375.27,0.9309,-1,-1,-1
189,23,408.77,222.78,223.22,695.77,0.9844,-1,-1,-1
189,28,1497.82,222.34,155.30,498.93,0.9447,-1,-1,-1
189,34,102.69,388.52,51.36,129.94,0.8991,-1,-1,-1
189,8,893.49,347.48,68.20,206.29,0.9430,-1,-1,-1
189,25,1764.97,278.92,158.08,422.32,0.9358,-1,-1,-1
189,31,946.64,351.64,62.43,194.00,0.9275,-1,-1,-1
189,50,1333.81,274.82,103.38,348.77,0.9332,-1,-1,-1
189,55,1382.43,309.55,94.38,293.55,0.7159,-1,-1,-1
189,44,43.22,409.95,43.65,107.92,0.8288,-1,-1,-1
189,58,1802.16,228.81,182.85,497.46,0.9217,-1,-1,-1
189,59,304.40,393.27,38.02,113.06,0.8119,-1,-1,-1
189,12,349.88,398.76,37.57,102.52,0.8341,-1,-1,-1
189,54,90.42,715.55,33.33,81.46,0.7868,-1,-1,-1
190,4,1139.31,269.68,156.81,498.95,0.9780,-1,-1,-1
190,5,1404.22,253.02,207.26,515.46,0.9795,-1,-1,-1
190,13,1250.28,275.48,120.15,379.52,0.9284,-1,-1,-1
190,23,392.93,227.13,228.69,713.58,0.9824,-1,-1,-1
190,28,1503.64,225.04,154.58,501.38,0.9369,-1,-1,-1
190,34,104.62,396.10,50.94,128.50,0.8702,-1,-1,-1
190,8,890.93,353.87,67.95,206.55,0.9382,-1,-1,-1
190,25,1769.90,279.48,163.30,438.85,0.9164,-1,-1,-1
190,31,944.34,357.50,62.48,194.77,0.9207,-1,-1,-1
190,50,1334.59,279.24,105.09,350.39,0.9307,-1,-1,-1
190,55,1379.72,314.93,96.55,299.52,0.6428,-1,-1,-1
190,44,45.70,416.17,43.74,107.95,0.8168,-1,-1,-1
190,58,1804.00,235.55,177.13,494.98,0.7533,-1,-1,-1
190,59,304.97,399.67,39.81,118.13,0.8201,-1,-1,-1
190,12,350.63,405.28,39.82,108.87,0.7353,-1,-1,-1
190,54,91.82,723.21,32.92,80.31,0.7840,-1,-1,-1
191,4,1140.30,269.60,158.06,501.62,0.9751,-1,-1,-1
191,5,1404.05,255.97,209.17,516.18,0.9819,-1,-1,-1
191,13,1250.32,277.12,120.35,380.62,0.9313,-1,-1,-1
191,23,378.69,230.31,231.55,720.38,0.9868,-1,-1,-1
191,28,1509.78,225.09,155.12,506.40,0.9367,-1,-1,-1
191,34,103.11,398.84,53.84,136.44,0.8400,-1,-1,-1
191,8,887.50,356.30,68.58,207.09,0.9228,-1,-1,-1
191,25,1777.58,280.80,160.68,433.18,0.9062,-1,-1,-1
191,31,942.80,360.84,62.29,193.72,0.9157,-1,-1,-1
191,50,1333.71,280.34,106.70,352.51,0.9187,-1,-1,-1
191,58,1813.62,242.80,172.98,492.46,0.7603,-1,-1,-1
191,59,302.87,401.76,44.09,131.17,0.6665,-1,-1,-1
191,54,89.54,725.07,35.92,87.03,0.7471,-1,-1,-1
192,4,1142.15,269.78,159.88,505.43,0.9736,-1,-1,-1
192,5,1402.26,255.55,212.42,520.56,0.9820,-1,-1,-1
192,13,1251.78,278.05,121.08,383.73,0.9299,-1,-1,-1
192,23,361.36,234.39,236.98,737.61,0.9819,-1,-1,-1
192,28,1515.31,225.12,155.05,511.29,0.9372,-1,-1,-1
192,34,104.76,401.30,54.31,138.48,0.8435,-1,-1,-1
192,8,885.66,359.36,69.07,205.50,0.9163,-1,-1,-1
192,25,1784.29,281.43,162.32,446.55,0.9268,-1,-1,-1
192,31,940.37,363.14,64.15,197.78,0.9109,-1,-1,-1
192,50,1334.76,283.83,106.76,351.93,0.9265,-1,-1,-1
192,58,1816.43,240.59,174.16,503.93,0.7281,-1,-1,-1
192,59,304.50,403.56,45.40,135.59,0.7804,-1,-1,-1
192,44,53.01,420.99,44.98,110.61,0.6705,-1,-1,-1
193,4,1147.44,275.20,160.18,504.70,0.9785,-1,-1,-1
193,5,1405.09,259.54,214.54,524.00,0.9815,-1,-1,-1
193,13,1255.55,283.35,121.19,383.39,0.9260,-1,-1,-1
193,23,350.57,238.70,242.34,754.55,0.9819,-1,-1,-1
193,28,1524.22,230.66,154.48,516.25,0.9524,-1,-1,-1
193,34,112.05,407.39,52.63,134.85,0.8633,-1,-1,-1
193,8,884.48,365.39,69.65,202.65,0.9362,-1,-1,-1
193,25,1796.02,288.05,157.71,439.90,0.9082,-1,-1,-1
193,31,941.64,370.22,64.31,195.75,0.9358,-1,-1,-1
193,50,1339.67,288.25,108.00,353.21,0.9245,-1,-1,-1
193,58,1823.51,259.30,166.92,492.16,0.7087,-1,-1,-1
193,59,310.40,409.46,44.55,133.36,0.7969,-1,-1,-1
193,55,1379.20,324.11,99.70,308.36,0.5871,-1,-1,-1
194,4,1152.67,276.84,161.16,505.65,0.9810,-1,-1,-1
194,5,1407.22,259.96,216.84,526.32,0.9854,-1,-1,-1
194,13,1261.97,284.39,121.71,384.84,0.9151,-1,-1,-1
194,23,339.74,236.61,246.22,767.47,0.9825,-1,-1,-1
194,28,1529.24,227.72,154.44,519.12,0.9504,-1,-1,-1
194,34,119.71,407.24,51.40,131.59,0.8865,-1,-1,-1
194,8,886.80,366.78,70.41,200.68,0.9381,-1,-1,-1
194,31,944.60,371.80,64.53,194.05,0.9330,-1,-1,-1
194,50,1344.54,288.17,107.98,350.09,0.9191,-1,-1,-1
194,58,1821.08,273.85,156.24,460.39,0.9267,-1,-1,-1
194,61,692.23,363.15,100.27,255.29,0.7606,-1,-1,-1
194,44,64.31,425.93,44.56,110.21,0.8390,-1,-1,-1
195,4,1157.61,275.17,162.66,507.94,0.9751,-1,-1,-1
195,5,1410.63,258.45,219.10,528.42,0.9829,-1,-1,-1
195,13,1267.34,282.55,122.40,388.10,0.9163,-1,-1,-1
195,23,327.49,228.50,249.61,776.62,0.9800,-1,-1,-1
195,28,1539.20,226.67,153.69,519.20,0.9394,-1,-1,-1
195,34,127.01,406.12,51.01,130.79,0.8780,-1,-1,-1
195,8,890.42,366.10,71.33,199.95,0.9251,-1,-1,-1
195,31,948.69,370.51,64.76,192.51,0.9070,-1,-1,-1
195,50,1350.19,286.43,109.01,349.30,0.9098,-1,-1,-1
195,58,1830.02,280.33,152.18,448.18,0.9053,-1,-1,-1
195,44,71.29,424.27,43.71,108.69,0.8267,-1,-1,-1
196,4,1162.53,274.16,164.03,509.29,0.9742,-1,-1,-1
196,5,1413.41,257.62,221.18,531.33,0.9839,-1,-1,-1
196,13,1272.25,281.59,122.53,389.26,0.9241,-1,-1,-1
196,23,313.71,219.00,257.19,801.12,0.9785,-1,-1,-1
196,28,1546.39,226.48,154.14,521.75,0.9430,-1,-1,-1
196,34,132.40,404.28,52.38,134.52,0.8571,-1,-1,-1
196,8,893.20,365.55,72.57,201.04,0.9381,-1,-1,-1
196,31,951.81,369.28,65.37,191.48,0.9262,-1,-1,-1
196,50,1356.68,286.40,109.86,348.97,0.9082,-1,-1,-1
196,58,1837.57,283.87,151.91,447.71,0.8533,-1,-1,-1
196,44,76.41,425.15,43.94,109.06,0.7732,-1,-1,-1
196,61,703.68,364.10,97.16,247.23,0.6257,-1,-1,-1
197,4,1169.33,273.71,165.71,513.17,0.9795,-1,-1,-1
197,5,1416.32,258.28,224.17,538.76,0.9888,-1,-1,-1
197,13,1277.48,283.92,122.56,389.63,0.9221,-1,-1,-1
197,23,300.09,213.18,261.96,819.09,0.9736,-1,-1,-1
197,28,1558.32,227.18,154.09,523.50,0.9556,-1,-1,-1
197,34,140.41,405.85,53.07,136.78,0.8485,-1,-1,-1
197,8,898.68,365.50,73.65,202.36,0.9464,-1,-1,-1
197,31,955.93,370.32,66.49,192.89,0.9352,-1,-1,-1
197,50,1363.57,287.09,112.06,353.73,0.9313,-1,-1,-1
197,58,1841.23,282.89,152.62,455.52,0.8982,-1,-1,-1
197,44,83.58,423.73,45.14,112.32,0.7810,-1,-1,-1
197,61,705.83,358.01,101.35,257.39,0.7135,-1,-1,-1
198,4,1177.90,274.93,167.04,515.90,0.9824,-1,-1,-1
198,5,1423.79,260.55,224.96,542.25,0.9863,-1,-1,-1
198,13,1286.39,285.92,122.72,390.25,0.9227,-1,-1,-1
198,23,288.73,204.26,266.39,835.21,0.9785,-1,-1,-1
198,28,1572.92,228.20,154.86,527.48,0.9566,-1,-1,-1
198,34,151.12,406.48,51.20,131.89,0.8765,-1,-1,-1
198,8,904.31,366.35,74.12,202.86,0.9430,-1,-1,-1
198,31,960.80,372.48,66.48,191.20,0.9454,-1,-1,-1
198,50,1374.40,290.81,113.45,355.72,0.9289,-1,-1,-1
198,58,1848.99,286.44,152.14,458.70,0.7373,-1,-1,-1
198,44,94.46,424.08,44.26,110.46,0.8542,-1,-1,-1
198,61,703.10,346.60,110.33,279.77,0.7845,-1,-1,-1
198,12,1037.34,376.58,31.87,95.58,0.7991,-1,-1,-1
198,57,47.33,447.68,36.37,87.73,0.6887,-1,-1,-1
199,4,1187.01,274.57,168.04,517.41,0.9824,-1,-1,-1
199,5,1431.04,260.47,226.03,544.57,0.9859,-1,-1,-1
199,13,1294.80,286.29,122.78,389.86,0.9294,-1,-1,-1
199,23,271.36,196.47,270.43,848.18,0.9761,-1,-1,-1
199,28,1583.82,227.99,155.58,530.55,0.9596,-1,-1,-1
199,34,160.10,405.15,50.51,129.95,0.8642,-1,-1,-1
199,8,907.86,365.50,74.19,203.06,0.9382,-1,-1,-1
199,31,963.84,371.91,66.77,190.56,0.9483,-1,-1,-1
199,50,1381.67,290.39,114.56,356.66,0.9396,-1,-1,-1
199,58,1829.81,283.13,159.37,467.77,0.8080,-1,-1,-1
199,44,104.77,423.99,44.33,110.62,0.7957,-1,-1,-1
199,61,719.95,365.94,99.03,250.14,0.6895,-1,-1,-1
199,12,1045.49,376.57,31.58,94.74,0.6914,-1,-1,-1
199,57,55.91,446.65,36.93,88.22,0.6638,-1,-1,-1
200,4,1193.87,274.42,169.25,520.01,0.9849,-1,-1,-1
200,5,1438.98,259.61,227.24,548.32,0.9873,-1,-1,-1
200,13,1300.57,285.64,124.48,393.21,0.9230,-1,-1,-1
200,23,255.72,188.56,274.84,865.59,0.9707,-1,-1,-1
200,28,1594.14,227.35,156.20,533.48,0.9668,-1,-1,-1
200,34,168.46,401.74,51.14,131.93,0.8950,-1,-1,-1
200,8,909.34,364.50,73.98,203.58,0.9303,-1,-1,-1
200,31,965.67,369.67,67.29,191.67,0.9518,-1,-1,-1
200,50,1390.42,289.13,116.41,359.08,0.9367,-1,-1,-1
200,58,1829.70,289.27,162.65,464.20,0.7930,-1,-1,-1
200,44,112.45,422.15,43.12,108.45,0.8079,-1,-1,-1
200,61,722.38,358.66,102.37,257.92,0.6925,-1,-1,-1
200,12,1051.79,374.88,33.63,100.81,0.7665,-1,-1,-1
201,4,1199.78,273.46,171.40,525.46,0.9849,-1,-1,-1
201,5,1447.74,260.26,228.73,553.17,0.9883,-1,-1,-1
201,13,1306.04,287.41,125.33,393.98,0.9342,-1,-1,-1
201,23,233.70,181.44,280.35,883.20,0.9659,-1,-1,-1
201,28,1605.43,225.85,157.76,539.36,0.9707,-1,-1,-1
201,34,175.66,399.55,50.14,129.55,0.8879,-1,-1,-1
201,8,907.88,363.66,74.22,205.11,0.9284,-1,-1,-1
201,31,967.33,368.80,67.32,192.54,0.9435,-1,-1,-1
201,50,1396.61,291.10,118.30,361.29,0.9198,-1,-1,-1
201,44,119.04,421.01,41.92,105.83,0.8082,-1,-1,-1
201,61,720.54,347.24,109.47,274.71,0.7318,-1,-1,-1
201,12,1058.11,375.90,33.41,100.25,0.7869,-1,-1,-1
201,55,1418.08,323.70,99.43,307.22,0.5733,-1,-1,-1
201,57,72.40,443.10,35.90,85.77,0.7625,-1,-1,-1
202,4,1207.62,273.50,171.74,527.46,0.9834,-1,-1,-1
202,5,1454.44,261.11,230.09,557.33,0.9873,-1,-1,-1
202,13,1312.04,285.42,127.11,398.21,0.9323,-1,-1,-1
202,23,208.45,180.43,286.48,899.56,0.9659,-1,-1,-1
202,28,1617.45,226.05,158.73,542.48,0.9659,-1,-1,-1
202,34,184.01,398.37,49.69,128.63,0.8744,-1,-1,-1
202,8,910.29,363.81,73.11,205.24,0.9280,-1,-1,-1
202,31,968.67,368.95,66.92,192.87,0.9416,-1,-1,-1
202,50,1403.33,290.53,119.74,362.53,0.9285,-1,-1,-1
202,44,126.18,420.21,39.62,101.25,0.6552,-1,-1,-1
202,61,721.82,341.09,114.11,285.28,0.7651,-1,-1,-1
202,12,1063.60,376.58,32.81,98.44,0.7812,-1,-1,-1
203,4,1212.28,272.30,173.02,532.22,0.9839,-1,-1,-1
203,5,1462.44,261.02,230.87,560.23,0.9849,-1,-1,-1
203,13,1316.23,285.41,127.60,398.09,0.9347,-1,-1,-1
203,23,179.26,178.31,294.28,916.53,0.9625,-1,-1,-1
203,28,1626.96,222.14,160.12,547.64,0.9654,-1,-1,-1
203,34,190.60,396.08,50.90,132.78,0.8613,-1,-1,-1
203,8,909.94,363.77,72.46,204.84,0.9294,-1,-1,-1
203,31,968.41,368.66,66.38,193.89,0.9319,-1,-1,-1
203,50,1407.61,289.80,120.82,362.95,0.9110,-1,-1,-1
203,44,131.35,418.96,42.43,110.08,0.7886,-1,-1,-1
203,61,731.53,347.17,108.71,271.97,0.7426,-1,-1,-1
203,12,1068.88,377.63,33.02,99.18,0.7518,-1,-1,-1
204,4,1218.04,270.84,173.50,535.27,0.9859,-1,-1,-1
204,5,1469.88,259.20,232.74,566.41,0.9873,-1,-1,-1
204,13,1320.61,284.59,128.97,400.42,0.9319,-1,-1,-1
204,23,145.99,175.52,307.29,938.09,0.9500,-1,-1,-1
204,28,1637.49,220.76,160.54,548.38,0.9698,-1,-1,-1
204,8,910.71,363.59,71.94,204.23,0.9362,-1,-1,-1
204,31,969.01,368.16,65.44,193.83,0.9333,-1,-1,-1
204,50,1412.37,291.59,121.71,363.06,0.9138,-1,-1,-1
204,44,137.17,417.66,41.02,107.07,0.6717,-1,-1,-1
204,61,745.76,354.40,100.57,251.38,0.8562,-1,-1,-1
204,12,1072.68,376.67,34.27,103.13,0.6641,-1,-1,-1
205,4,1223.53,268.93,174.30,540.09,0.9863,-1,-1,-1
205,5,1477.49,256.89,233.81,570.84,0.9873,-1,-1,-1
205,13,1325.07,284.11,129.86,403.13,0.9279,-1,-1,-1
205,23,118.73,171.15,321.44,960.53,0.9513,-1,-1,-1
205,28,1647.35,218.41,162.22,552.30,0.9756,-1,-1,-1
205,8,911.62,364.40,71.83,204.00,0.9275,-1,-1,-1
205,31,971.66,368.40,64.22,192.91,0.9270,-1,-1,-1
205,50,1417.78,294.64,121.20,362.16,0.9231,-1,-1,-1
205,44,140.35,415.91,43.07,113.48,0.7491,-1,-1,-1
205,61,746.05,349.06,107.70,269.58,0.8608,-1,-1,-1
205,12,1076.50,376.27,34.59,104.54,0.7266,-1,-1,-1
205,59,406.75,404.07,38.25,112.59,0.7221,-1,-1,-1
205,57,100.86,438.81,36.45,88.11,0.6901,-1,-1,-1
206,4,1230.41,267.62,174.91,544.26,0.9863,-1,-1,-1
206,5,1485.12,256.68,235.34,576.16,0.9873,-1,-1,-1
206,13,1329.12,281.19,130.66,405.75,0.9285,-1,-1,-1
206,23,92.19,163.85,337.67,984.39,0.9362,-1,-1,-1
206,28,1655.89,217.61,163.74,553.12,0.9717,-1,-1,-1
206,8,913.42,364.59,72.17,204.35,0.9246,-1,-1,-1
206,31,973.34,368.14,63.91,193.90,0.9288,-1,-1,-1
206,50,1421.54,290.33,122.76,366.57,0.9319,-1,-1,-1
206,61,746.35,344.30,112.06,281.54,0.8429,-1,-1,-1
206,12,1079.29,376.62,35.09,106.36,0.5924,-1,-1,-1
206,59,413.08,404.34,39.27,116.32,0.8128,-1,-1,-1
207,4,1236.41,267.31,174.86,546.52,0.9868,-1,-1,-1
207,5,1491.88,256.84,235.95,579.26,0.9888,-1,-1,-1
207,13,1332.18,281.26,130.92,406.02,0.9221,-1,-1,-1
207,23,65.23,162.05,350.60,994.66,0.9344,-1,-1,-1
207,28,1664.25,216.82,165.16,553.08,0.9761,-1,-1,-1
207,8,914.31,365.53,72.15,204.04,0.9284,-1,-1,-1
207,31,975.28,369.59,63.21,192.93,0.9226,-1,-1,-1
207,50,1422.99,288.67,124.05,370.52,0.9246,-1,-1,-1
207,61,750.91,347.92,110.99,279.97,0.8186,-1,-1,-1
207,59,418.54,404.33,37.06,109.98,0.7974,-1,-1,-1
207,63,392.05,402.17,33.60,108.40,0.8360,-1,-1,-1
208,4,1240.75,266.46,175.43,551.02,0.9849,-1,-1,-1
208,5,1498.60,254.98,237.88,585.61,0.9863,-1,-1,-1
208,13,1334.65,279.63,131.39,407.16,0.9212,-1,-1,-1
208,23,22.05,148.59,367.91,1008.07,0.9212,-1,-1,-1
208,28,1670.78,217.25,166.97,555.17,0.9780,-1,-1,-1
208,8,914.61,366.76,71.92,203.48,0.9333,-1,-1,-1
208,31,976.34,370.57,62.88,192.11,0.9288,-1,-1,-1
208,50,1425.47,288.34,125.40,373.31,0.9036,-1,-1,-1
208,61,762.51,353.47,105.49,268.08,0.8558,-1,-1,-1
208,59,422.27,404.44,37.08,110.44,0.8071,-1,-1,-1
208,63,394.79,401.22,35.32,113.92,0.8413,-1,-1,-1
208,12,555.19,390.69,45.22,119.48,0.8158,-1,-1,-1
209,4,1247.18,265.71,176.21,556.50,0.9834,-1,-1,-1
209,5,1507.56,253.58,239.38,591.97,0.9834,-1,-1,-1
209,13,1338.50,280.78,130.63,405.87,0.9226,-1,-1,-1
209,23,4.83,143.54,372.75,1003.97,0.9430,-1,-1,-1
209,28,1676.81,215.16,170.40,560.19,0.9780,-1,-1,-1
209,8,914.50,368.93,71.28,201.92,0.9318,-1,-1,-1
209,31,976.05,371.96,63.10,191.36,0.9231,-1,-1,-1
209,50,1424.73,286.75,127.02,374.76,0.9160,-1,-1,-1
209,61,769.56,356.02,102.37,262.46,0.8220,-1,-1,-1
209,59,426.20,406.71,36.99,111.10,0.7853,-1,-1,-1
209,63,397.42,401.47,37.03,119.31,0.8096,-1,-1,-1
209,12,559.37,391.61,49.01,129.88,0.7763,-1,-1,-1
210,4,1254.66,264.83,177.06,560.90,0.9776,-1,-1,-1
210,5,1514.28,251.81,240.08,596.46,0.9834,-1,-1,-1
210,13,1338.76,281.84,130.67,406.31,0.9053,-1,-1,-1
210,23,-27.77,136.24,378.24,997.97,0.9202,-1,-1,-1
210,28,1684.39,213.92,173.06,563.44,0.9756,-1,-1,-1
210,8,916.40,368.40,71.40,202.23,0.9186,-1,-1,-1
210,31,975.70,372.49,63.44,191.53,0.9042,-1,-1,-1
210,50,1426.61,287.31,128.33,374.80,0.9309,-1,-1,-1
210,61,779.34,358.34,98.92,257.20,0.8525,-1,-1,-1
210,59,429.11,405.04,39.09,117.29,0.8172,-1,-1,-1
210,63,400.16,399.95,38.47,123.89,0.8342,-1,-1,-1
210,12,563.26,392.77,48.58,128.40,0.7995,-1,-1,-1
210,64,450.35,407.77,34.59,111.91,0.6699,-1,-1,-1
211,4,1256.49,262.28,178.22,567.21,0.9780,-1,-1,-1
211,5,1518.74,246.75,242.14,605.86,0.9829,-1,-1,-1
211,13,1338.13,277.60,132.08,412.66,0.9070,-1,-1,-1
211,23,-87.33,120.80,400.15,1031.59,0.8959,-1,-1,-1
211,28,1691.37,211.36,175.21,565.68,0.9766,-1,-1,-1
211,8,912.94,368.12,71.83,201.46,0.9192,-1,-1,-1
211,31,974.44,371.95,63.33,190.70,0.9016,-1,-1,-1
211,50,1429.80,285.88,129.34,377.75,0.9003,-1,-1,-1
211,61,782.44,356.88,97.43,256.15,0.8512,-1,-1,-1
211,59,428.11,402.06,40.81,122.68,0.6598,-1,-1,-1
211,63,397.73,392.96,41.57,133.83,0.6874,-1,-1,-1
211,34,226.42,389.87,49.21,128.47,0.5923,-1,-1,-1
212,4,1260.87,265.94,178.83,571.92,0.9839,-1,-1,-1
212,5,1522.96,249.08,242.62,610.50,0.9878,-1,-1,-1
212,13,1336.80,281.30,133.11,416.00,0.9295,-1,-1,-1
212,23,-137.89,119.21,400.90,1028.48,0.8936,-1,-1,-1
212,28,1693.47,213.82,179.54,573.07,0.9805,-1,-1,-1
212,8,911.69,371.15,72.38,202.97,0.9314,-1,-1,-1
212,31,972.47,375.14,63.89,191.74,0.9266,-1,-1,-1
212,50,1432.96,289.06,129.58,378.37,0.9454,-1,-1,-1
212,61,785.64,359.83,96.86,257.13,0.8959,-1,-1,-1
212,59,431.74,406.65,38.88,116.85,0.7936,-1,-1,-1
212,63,402.68,400.08,38.24,122.85,0.8170,-1,-1,-1
212,34,227.79,395.15,48.61,127.26,0.8711,-1,-1,-1
212,55,1430.95,339.46,95.53,295.95,0.6866,-1,-1,-1
212,64,448.12,410.93,33.17,107.18,0.6779,-1,-1,-1
213,4,1263.69,265.34,179.14,575.02,0.9839,-1,-1,-1
213,5,1525.02,247.96,241.71,611.22,0.9883,-1,-1,-1
213,13,1336.73,281.38,131.95,413.11,0.9334,-1,-1,-1
213,23,-154.45,133.68,349.03,891.26,0.6747,-1,-1,-1
213,28,1692.22,212.74,183.02,575.78,0.9819,-1,-1,-1
213,8,908.80,369.47,72.07,202.20,0.9147,-1,-1,-1
213,31,968.70,373.50,63.83,191.69,0.9221,-1,-1,-1
213,50,1434.72,291.56,128.65,375.99,0.9261,-1,-1,-1
213,61,784.51,356.37,97.49,259.75,0.8827,-1,-1,-1
213,59,432.44,406.27,38.66,116.76,0.7794,-1,-1,-1
213,63,404.08,401.42,37.05,118.85,0.7872,-1,-1,-1
213,34,227.18,393.99,49.46,130.04,0.8611,-1,-1,-1
213,12,570.67,398.12,37.34,106.11,0.7300,-1,-1,-1
213,55,1428.71,323.75,101.32,318.76,0.6775,-1,-1,-1
213,64,445.63,410.33,34.03,110.06,0.6807,-1,-1,-1
213,44,164.49,414.61,38.07,100.58,0.7508,-1,-1,-1
214,4,1267.53,264.87,180.04,578.27,0.9829,-1,-1,-1
214,5,1526.47,247.44,241.52,613.85,0.9888,-1,-1,-1
214,13,1333.74,281.48,132.02,413.38,0.9238,-1,-1,-1
214,28,1690.05,214.11,187.38,579.12,0.9805,-1,-1,-1
214,8,904.05,366.94,72.07,202.36,0.9070,-1,-1,-1
214,31,961.79,371.66,64.05,193.01,0.9032,-1,-1,-1
214,50,1433.84,290.80,129.49,377.59,0.9269,-1,-1,-1
214,61,780.31,352.51,100.40,266.54,0.8704,-1,-1,-1
214,59,436.56,404.88,37.49,113.14,0.7019,-1,-1,-1
214,63,404.96,399.28,36.26,115.97,0.7807,-1,-1,-1
214,34,226.54,390.74,49.35,130.17,0.8692,-1,-1,-1
214,12,569.17,396.14,36.84,104.43,0.7554,-1,-1,-1
214,44,163.28,411.01,39.83,106.17,0.8161,-1,-1,-1
215,4,1271.26,264.81,181.59,580.91,0.9815,-1,-1,-1
215,5,1527.40,247.20,242.08,619.45,0.9878,-1,-1,-1
215,13,1329.52,281.04,132.60,414.65,0.9192,-1,-1,-1
215,28,1686.13,215.34,192.98,584.70,0.9741,-1,-1,-1
215,8,898.70,366.36,72.71,204.21,0.9152,-1,-1,-1
215,31,955.75,372.44,63.62,193.51,0.8883,-1,-1,-1
215,50,1431.60,291.89,129.75,377.48,0.9275,-1,-1,-1
215,61,780.73,348.38,102.22,272.63,0.9023,-1,-1,-1
215,59,436.46,404.37,37.78,113.60,0.7286,-1,-1,-1
215,63,404.80,399.65,35.71,113.95,0.7971,-1,-1,-1
215,34,225.70,391.15,48.36,128.43,0.8657,-1,-1,-1
215,12,567.06,394.67,41.25,116.65,0.7735,-1,-1,-1
215,44,162.47,410.93,40.03,107.27,0.7691,-1,-1,-1
215,54,197.83,714.02,35.53,83.43,0.7197,-1,-1,-1
215,57,123.15,432.10,37.54,91.69,0.5718,-1,-1,-1
216,4,1272.20,265.23,182.01,581.56,0.9815,-1,-1,-1
216,5,1527.88,246.20,241.30,621.21,0.9888,-1,-1,-1
216,13,1326.02,283.86,132.63,414.08,0.8985,-1,-1,-1
216,28,1683.30,216.97,196.93,586.15,0.9790,-1,-1,-1
216,8,892.83,365.95,72.42,204.46,0.9347,-1,-1,-1
216,31,950.09,372.32,62.89,192.81,0.8934,-1,-1,-1
216,50,1430.67,291.71,129.43,376.40,0.9440,-1,-1,-1
216,61,779.58,345.32,102.39,274.93,0.9248,-1,-1,-1
216,59,433.23,404.27,36.60,110.64,0.7498,-1,-1,-1
216,63,401.83,399.91,36.30,115.49,0.7939,-1,-1,-1
216,34,223.74,390.10,47.72,126.43,0.8866,-1,-1,-1
216,12,565.20,394.09,42.25,119.95,0.7004,-1,-1,-1
216,44,161.30,411.04,39.77,106.81,0.7985,-1,-1,-1
216,54,193.68,715.16,37.29,87.78,0.7564,-1,-1,-1
216,57,122.39,433.15,36.58,89.54,0.7080,-1,-1,-1
216,55,1419.48,331.97,98.60,312.64,0.6861,-1,-1,-1
217,4,1270.58,265.65,181.98,581.90,0.9815,-1,-1,-1
217,5,1525.02,245.59,240.75,624.26,0.9858,-1,-1,-1
217,13,1325.36,289.97,129.68,408.80,0.7848,-1,-1,-1
217,28,1676.64,217.93,201.45,586.35,0.9741,-1,-1,-1
217,8,886.22,365.51,72.50,204.55,0.9401,-1,-1,-1
217,31,942.02,370.65,63.24,194.77,0.9289,-1,-1,-1
217,50,1426.53,293.23,128.94,374.61,0.9430,-1,-1,-1
217,61,777.02,344.21,103.12,277.85,0.9192,-1,-1,-1
217,59,430.88,403.65,37.03,112.26,0.7818,-1,-1,-1
217,63,396.07,399.87,37.70,120.12,0.7582,-1,-1,-1
217,34,219.70,390.22,47.36,125.25,0.8919,-1,-1,-1
217,12,560.63,392.65,42.22,120.38,0.7329,-1,-1,-1
217,44,158.30,411.15,39.61,106.19,0.8141,-1,-1,-1
217,54,187.54,713.89,38.21,90.29,0.7762,-1,-1,-1
217,57,118.45,431.97,36.66,89.70,0.8714,-1,-1,-1
217,55,1414.93,332.15,100.41,319.30,0.5796,-1,-1,-1
218,4,1268.81,263.51,182.16,582.79,0.9824,-1,-1,-1
218,5,1525.06,245.05,238.36,622.40,0.9878,-1,-1,-1
218,28,1670.61,217.30,206.61,588.52,0.9702,-1,-1,-1
218,8,878.52,362.41,72.85,207.26,0.9328,-1,-1,-1
218,31,936.31,367.74,63.07,195.94,0.9271,-1,-1,-1
218,50,1421.37,293.04,129.06,374.80,0.9401,-1,-1,-1
218,61,773.68,342.56,102.26,276.82,0.9246,-1,-1,-1
218,59,427.69,401.18,36.33,109.74,0.7854,-1,-1,-1
218,63,393.01,396.52,37.27,118.26,0.6001,-1,-1,-1
218,34,215.95,387.83,47.42,124.37,0.8963,-1,-1,-1
218,12,557.42,387.32,43.91,125.90,0.7702,-1,-1,-1
218,44,154.03,408.76,39.43,105.52,0.8467,-1,-1,-1
218,54,182.37,712.59,37.16,88.04,0.7098,-1,-1,-1
218,57,114.82,429.78,36.80,89.76,0.8767,-1,-1,-1
218,55,1411.76,333.02,98.91,313.51,0.5757,-1,-1,-1
219,4,1267.02,260.85,182.55,583.57,0.9829,-1,-1,-1
219,5,1525.02,244.86,235.71,620.64,0.9839,-1,-1,-1
219,28,1667.03,215.58,211.03,589.79,0.9732,-1,-1,-1
219,8,871.65,360.00,72.26,207.82,0.9411,-1,-1,-1
219,31,930.55,366.95,62.50,194.16,0.9425,-1,-1,-1
219,50,1415.72,290.18,129.44,376.74,0.9400,-1,-1,-1
219,61,771.61,340.31,101.68,276.80,0.9212,-1,-1,-1
219,59,423.77,398.85,37.35,111.97,0.8177,-1,-1,-1
219,63,388.80,394.76,35.54,113.43,0.6338,-1,-1,-1
219,34,211.49,386.02,47.43,124.07,0.8874,-1,-1,-1
219,12,554.29,385.54,44.33,127.35,0.7603,-1,-1,-1
219,44,149.58,406.28,38.60,103.48,0.8434,-1,-1,-1
219,54,179.61,711.40,35.34,84.18,0.7697,-1,-1,-1
219,57,109.77,428.29,36.86,90.23,0.8681,-1,-1,-1
219,55,1406.42,326.59,99.72,316.25,0.7960,-1,-1,-1
219,13,1277.16,327.63,115.07,363.90,0.8124,-1,-1,-1
220,4,1264.94,257.12,183.31,585.43,0.9790,-1,-1,-1
220,5,1523.78,242.07,234.09,620.51,0.9824,-1,-1,-1
220,28,1667.37,211.80,215.09,592.93,0.9697,-1,-1,-1
220,8,865.80,359.34,71.35,206.69,0.9429,-1,-1,-1
220,31,923.00,365.55,63.16,193.91,0.9440,-1,-1,-1
220,50,1410.37,287.29,129.48,376.79,0.9338,-1,-1,-1
220,61,768.86,338.55,103.24,280.63,0.9234,-1,-1,-1
220,59,421.72,397.54,38.45,115.48,0.7282,-1,-1,-1
220,63,384.18,393.91,36.96,117.51,0.5969,-1,-1,-1
220,34,206.03,383.43,48.56,127.12,0.8744,-1,-1,-1
220,12,551.40,385.33,43.53,125.47,0.7287,-1,-1,-1
220,44,146.19,404.14,38.87,104.08,0.8191,-1,-1,-1
220,54,176.12,710.82,35.05,83.77,0.7252,-1,-1,-1
220,57,105.59,427.22,36.55,89.51,0.8259,-1,-1,-1
220,55,1400.78,320.83,99.10,315.05,0.7325,-1,-1,-1
220,66,20.13,422.69,43.00,106.51,0.6616,-1,-1,-1
220,13,1266.31,332.18,111.96,352.76,0.5920,-1,-1,-1
221,4,1260.76,254.14,185.16,589.70,0.9736,-1,-1,-1
221,5,1522.45,237.82,235.21,628.37,0.9815,-1,-1,-1
221,28,1673.40,208.42,217.20,596.80,0.9727,-1,-1,-1
221,8,859.37,358.23,71.37,206.24,0.9446,-1,-1,-1
221,31,916.74,364.38,64.83,194.71,0.9498,-1,-1,-1
221,50,1405.12,284.31,129.12,377.23,0.9296,-1,-1,-1
221,61,768.06,336.69,103.88,279.49,0.9071,-1,-1,-1
221,59,421.53,396.98,35.32,105.77,0.6041,-1,-1,-1
221,63,372.09,392.63,35.45,113.20,0.7484,-1,-1,-1
221,34,202.29,382.14,48.36,126.49,0.8826,-1,-1,-1
221,12,547.08,385.95,42.74,122.77,0.6838,-1,-1,-1
221,44,143.69,404.35,36.15,96.70,0.6933,-1,-1,-1
221,54,173.83,709.70,34.46,82.70,0.7521,-1,-1,-1
221,55,1391.16,320.98,98.20,313.71,0.7198,-1,-1,-1
221,67,828.98,379.62,40.07,135.14,0.7406,-1,-1,-1
222,4,1257.25,253.37,185.07,585.91,0.9688,-1,-1,-1
222,5,1520.84,235.40,234.31,631.91,0.9805,-1,-1,-1
222,28,1677.35,205.04,218.27,599.61,0.9712,-1,-1,-1
222,8,851.92,358.25,71.46,205.17,0.9473,-1,-1,-1
222,31,908.09,363.24,67.21,196.79,0.9455,-1,-1,-1
222,50,1398.26,282.14,129.86,378.71,0.9232,-1,-1,-1
222,61,762.17,334.92,104.99,282.10,0.9002,-1,-1,-1
222,59,417.19,395.04,35.49,105.60,0.8146,-1,-1,-1
222,63,364.22,391.35,36.00,115.12,0.7797,-1,-1,-1
222,34,197.40,381.36,48.51,126.25,0.8951,-1,-1,-1
222,12,543.66,382.21,44.06,125.26,0.7669,-1,-1,-1
222,44,139.44,402.55,36.44,97.59,0.8194,-1,-1,-1
222,54,169.75,709.53,33.68,81.40,0.8268,-1,-1,-1
222,55,1386.37,319.10,100.35,321.27,0.6476,-1,-1,-1
222,67,827.36,378.56,40.74,137.08,0.7403,-1,-1,-1
222,57,97.35,425.35,36.16,88.13,0.7792,-1,-1,-1
222,13,1264.25,272.36,137.87,416.96,0.6755,-1,-1,-1
223,4,1257.71,250.39,186.05,586.58,0.9746,-1,-1,-1
223,5,1523.47,233.07,231.08,628.71,0.9824,-1,-1,-1
223,28,1681.66,202.20,220.05,603.34,0.9761,-1,-1,-1
223,8,846.98,358.56,71.99,203.87,0.9541,-1,-1,-1
223,31,903.94,363.98,68.75,197.12,0.9522,-1,-1,-1
223,50,1393.76,279.15,130.69,380.69,0.9241,-1,-1,-1
223,61,759.89,334.92,105.03,284.04,0.8964,-1,-1,-1
223,59,415.05,395.86,37.12,109.63,0.8386,-1,-1,-1
223,63,361.48,391.51,36.05,115.82,0.8325,-1,-1,-1
223,34,194.45,381.52,49.89,129.75,0.8764,-1,-1,-1
223,12,543.63,381.19,45.25,127.01,0.7610,-1,-1,-1
223,44,137.87,403.26,38.63,103.34,0.8115,-1,-1,-1
223,54,168.61,711.42,33.44,80.95,0.8282,-1,-1,-1
223,67,826.98,378.16,40.71,136.72,0.7986,-1,-1,-1
223,57,96.01,426.65,36.37,89.20,0.7326,-1,-1,-1
223,13,1251.87,298.19,128.27,383.82,0.7519,-1,-1,-1
224,4,1257.58,247.28,186.73,588.43,0.9780,-1,-1,-1
224,5,1519.19,230.29,231.17,627.69,0.9854,-1,-1,-1
224,28,1683.37,199.16,221.87,607.76,0.9746,-1,-1,-1
224,8,843.33,358.43,72.43,202.93,0.9493,-1,-1,-1
224,31,899.89,364.26,70.09,197.23,0.9517,-1,-1,-1
224,50,1387.98,275.95,131.99,385.42,0.9323,-1,-1,-1
224,61,759.92,334.68,108.49,291.60,0.9204,-1,-1,-1
224,59,413.68,396.24,37.55,110.24,0.8441,-1,-1,-1
224,63,359.80,391.41,36.64,117.87,0.8424,-1,-1,-1
224,34,191.99,382.05,51.21,134.15,0.8955,-1,-1,-1
224,12,542.04,382.49,45.31,126.27,0.6926,-1,-1,-1
224,44,135.60,401.99,40.05,107.66,0.8357,-1,-1,-1
224,54,166.66,712.30,33.27,80.81,0.7754,-1,-1,-1
224,67,827.42,378.00,41.47,139.06,0.8206,-1,-1,-1
224,57,93.87,425.34,36.58,89.58,0.6617,-1,-1,-1
224,13,1257.42,279.95,136.72,403.64,0.8938,-1,-1,-1
224,68,1058.30,369.50,29.09,99.09,0.6909,-1,-1,-1
225,4,1255.37,243.78,188.00,591.29,0.9795,-1,-1,-1
225,5,1514.70,226.48,234.52,633.01,0.9858,-1,-1,-1
225,28,1683.66,196.68,222.48,609.66,0.9707,-1,-1,-1
225,8,838.88,357.34,73.16,203.92,0.9508,-1,-1,-1
225,31,894.83,363.56,71.15,197.70,0.9439,-1,-1,-1
225,50,1382.74,272.52,132.85,389.06,0.9338,-1,-1,-1
225,61,756.96,334.90,110.78,294.41,0.9107,-1,-1,-1
225,59,411.55,395.57,39.00,114.05,0.8138,-1,-1,-1
225,63,357.94,390.34,37.55,120.85,0.8520,-1,-1,-1
225,34,189.46,382.33,49.97,130.55,0.8981,-1,-1,-1
225,12,537.77,382.43,45.89,126.79,0.7221,-1,-1,-1
225,44,133.41,401.35,40.81,108.90,0.8559,-1,-1,-1
225,54,163.91,713.37,33.80,82.61,0.7326,-1,-1,-1
225,67,827.90,377.10,42.49,142.23,0.8055,-1,-1,-1
225,57,91.38,425.37,35.58,87.05,0.7053,-1,-1,-1
225,13,1260.58,269.80,143.74,415.47,0.9303,-1,-1,-1
225,68,1056.03,367.77,31.51,107.05,0.6810,-1,-1,-1
225,55,1334.59,291.70,121.09,394.46,0.6843,-1,-1,-1
226,4,1253.32,240.74,190.09,597.07,0.9766,-1,-1,-1
226,5,1508.06,226.25,238.66,637.71,0.9878,-1,-1,-1
226,28,1682.09,195.99,224.19,614.48,0.9688,-1,-1,-1
226,8,835.76,359.68,73.24,203.41,0.9459,-1,-1,-1
226,31,890.02,366.04,71.62,196.98,0.9454,-1,-1,-1
226,50,1377.08,272.07,133.74,393.94,0.9298,-1,-1,-1
226,61,751.08,335.66,111.63,297.73,0.8995,-1,-1,-1
226,59,409.65,397.79,38.86,113.72,0.7791,-1,-1,-1
226,63,355.45,392.18,38.72,124.17,0.8477,-1,-1,-1
226,34,185.97,383.99,50.16,131.34,0.8745,-1,-1,-1
226,12,532.65,383.80,46.69,128.70,0.7475,-1,-1,-1
226,44,131.10,403.54,40.56,107.60,0.8247,-1,-1,-1
226,54,161.36,715.74,33.96,83.28,0.7959,-1,-1,-1
226,67,827.89,377.94,43.35,145.16,0.7639,-1,-1,-1
226,13,1247.59,275.87,142.60,410.16,0.9362,-1,-1,-1
226,68,1053.77,368.07,32.60,110.22,0.6452,-1,-1,-1
227,4,1251.48,239.86,191.84,601.85,0.9756,-1,-1,-1
227,5,1502.13,226.32,243.23,641.73,0.9849,-1,-1,-1
227,28,1680.93,195.08,225.49,619.30,0.9659,-1,-1,-1
227,8,831.96,362.37,73.28,203.22,0.9444,-1,-1,-1
227,31,882.83,367.22,71.92,197.14,0.9392,-1,-1,-1
227,50,1371.89,272.27,135.22,400.50,0.9231,-1,-1,-1
227,61,746.36,337.76,112.27,300.69,0.9046,-1,-1,-1
227,59,406.65,400.22,38.72,113.13,0.8032,-1,-1,-1
227,63,352.78,394.92,39.00,124.54,0.8592,-1,-1,-1
227,34,181.60,387.56,51.37,135.18,0.8750,-1,-1,-1
227,12,528.72,385.70,47.27,130.71,0.7547,-1,-1,-1
227,44,128.96,407.32,40.41,107.08,0.8157,-1,-1,-1
227,54,156.25,719.54,38.31,95.21,0.7841,-1,-1,-1
227,67,827.19,381.21,42.96,143.41,0.7023,-1,-1,-1
227,13,1243.29,273.51,143.60,417.59,0.8838,-1,-1,-1
228,4,1248.02,240.17,194.29,607.46,0.9644,-1,-1,-1
228,5,1499.88,226.08,249.29,645.27,0.9790,-1,-1,-1
228,28,1680.85,194.00,227.62,627.99,0.9590,-1,-1,-1
228,8,827.59,364.12,73.88,204.04,0.9259,-1,-1,-1
228,31,875.56,368.17,72.35,199.42,0.9126,-1,-1,-1
228,50,1368.59,272.96,135.40,401.94,0.9072,-1,-1,-1
228,61,742.94,337.78,112.95,303.94,0.9076,-1,-1,-1
228,59,403.26,401.91,40.26,117.81,0.7043,-1,-1,-1
228,63,350.04,396.97,39.78,126.41,0.8050,-1,-1,-1
228,34,177.92,389.71,51.05,135.30,0.8317,-1,-1,-1
228,12,530.91,387.20,47.92,133.62,0.6673,-1,-1,-1
228,44,125.34,408.67,40.06,105.53,0.7067,-1,-1,-1
228,54,154.84,722.88,31.26,77.44,0.5888,-1,-1,-1
228,13,1236.44,270.68,145.68,424.09,0.8982,-1,-1,-1
228,55,1325.50,279.59,126.15,419.30,0.6697,-1,-1,-1
229,4,1245.96,240.08,196.70,613.70,0.9688,-1,-1,-1
229,5,1495.53,225.18,255.13,654.49,0.9839,-1,-1,-1
229,28,1680.79,193.61,228.41,633.05,0.9625,-1,-1,-1
229,8,822.52,365.48,74.16,205.25,0.9009,-1,-1,-1
229,31,870.02,369.25,71.34,198.05,0.9070,-1,-1,-1
229,50,1367.70,274.57,134.58,398.86,0.9028,-1,-1,-1
229,61,741.12,338.25,114.32,310.39,0.8997,-1,-1,-1
229,59,404.07,402.47,40.67,119.10,0.6561,-1,-1,-1
229,63,347.47,398.30,43.70,138.09,0.7320,-1,-1,-1
229,34,176.59,395.45,46.25,122.47,0.7641,-1,-1,-1
229,44,122.91,409.66,40.67,106.73,0.6979,-1,-1,-1
229,13,1235.29,270.31,145.97,423.98,0.8971,-1,-1,-1
229,55,1323.81,278.50,126.49,427.18,0.6908,-1,-1,-1
230,4,1245.54,242.11,198.10,616.86,0.9746,-1,-1,-1
230,5,1495.70,226.97,258.67,658.33,0.9829,-1,-1,-1
230,28,1681.50,193.77,230.15,638.93,0.9591,-1,-1,-1
230,8,819.66,366.55,74.97,206.59,0.9300,-1,-1,-1
230,31,865.45,372.23,70.28,196.62,0.9192,-1,-1,-1
230,50,1369.07,276.38,134.93,398.04,0.9160,-1,-1,-1
230,61,741.01,340.43,114.18,310.47,0.9078,-1,-1,-1
230,59,406.36,405.99,39.91,116.50,0.7680,-1,-1,-1
230,63,351.45,400.38,42.70,133.92,0.7881,-1,-1,-1
230,34,177.75,396.37,47.96,127.10,0.8282,-1,-1,-1
230,44,124.94,413.52,40.61,105.84,0.8072,-1,-1,-1
230,13,1240.75,272.78,146.01,426.35,0.9060,-1,-1,-1
231,4,1245.87,243.17,199.52,619.60,0.9644,-1,-1,-1
231,5,1504.07,228.55,261.37,657.56,0.9780,-1,-1,-1
231,28,1682.58,191.39,231.07,642.68,0.9518,-1,-1,-1
231,8,817.30,366.03,74.52,205.76,0.9299,-1,-1,-1
231,31,862.26,371.76,68.66,194.73,0.8989,-1,-1,-1
231,50,1370.46,276.43,135.40,395.11,0.9102,-1,-1,-1
231,61,743.74,340.04,112.12,305.64,0.8898,-1,-1,-1
231,59,408.80,407.15,38.95,113.22,0.7871,-1,-1,-1
231,63,355.61,402.72,40.16,124.53,0.7690,-1,-1,-1
231,34,178.68,395.95,49.22,130.91,0.8208,-1,-1,-1
231,44,126.99,414.18,40.59,105.95,0.7799,-1,-1,-1
231,13,1241.52,272.18,146.78,431.05,0.8844,-1,-1,-1
232,4,1246.13,241.97,201.87,625.06,0.9644,-1,-1,-1
232,5,1507.60,227.09,264.27,661.23,0.9751,-1,-1,-1
232,28,1685.84,189.40,231.68,645.73,0.9566,-1,-1,-1
232,8,816.35,364.99,73.63,205.44,0.9081,-1,-1,-1
232,31,861.10,369.40,68.10,195.80,0.8847,-1,-1,-1
232,50,1366.55,275.27,138.23,396.06,0.8854,-1,-1,-1
232,61,745.38,337.62,113.54,312.91,0.8881,-1,-1,-1
232,59,412.50,397.99,40.83,117.38,0.7122,-1,-1,-1
232,63,360.35,400.56,39.43,121.74,0.7113,-1,-1,-1
232,34,181.52,394.31,50.54,134.57,0.8410,-1,-1,-1
232,44,129.69,412.95,40.28,104.64,0.7156,-1,-1,-1
232,13,1240.65,267.76,148.10,436.75,0.9172,-1,-1,-1
233,4,1250.32,244.98,202.57,626.25,0.9688,-1,-1,-1
233,5,1511.06,227.38,267.33,668.38,0.9785,-1,-1,-1
233,28,1691.44,189.64,231.05,644.97,0.9664,-1,-1,-1
233,8,816.80,365.19,72.87,204.86,0.9069,-1,-1,-1
233,31,861.56,369.11,67.39,195.77,0.8812,-1,-1,-1
233,50,1368.05,274.75,141.10,397.83,0.8844,-1,-1,-1
233,61,750.36,336.75,112.58,312.61,0.8705,-1,-1,-1
233,59,416.47,401.98,40.01,114.49,0.6916,-1,-1,-1
233,63,364.31,398.71,41.07,126.13,0.8212,-1,-1,-1
233,34,185.96,391.99,52.89,141.24,0.8316,-1,-1,-1
233,13,1243.55,269.91,147.65,436.35,0.9071,-1,-1,-1
233,57,91.72,416.65,49.91,123.21,0.5701,-1,-1,-1
234,4,1255.11,244.93,205.09,632.88,0.9776,-1,-1,-1
234,5,1514.97,225.61,270.93,677.94,0.9824,-1,-1,-1
234,28,1701.00,188.55,232.33,647.74,0.9595,-1,-1,-1
234,8,819.72,363.70,72.60,207.32,0.9087,-1,-1,-1
234,31,866.03,369.45,66.76,196.20,0.9189,-1,-1,-1
234,50,1377.79,275.78,142.88,397.91,0.9020,-1,-1,-1
234,61,756.69,333.89,114.82,321.14,0.9237,-1,-1,-1
234,59,425.42,402.91,40.32,115.58,0.8012,-1,-1,-1
234,63,372.93,400.00,40.79,125.08,0.8301,-1,-1,-1
234,34,194.88,392.18,52.23,140.29,0.8511,-1,-1,-1
234,13,1243.86,264.54,150.35,446.94,0.9428,-1,-1,-1
234,44,142.21,413.07,42.38,110.41,0.7302,-1,-1,-1
235,4,1260.78,245.69,207.48,638.71,0.9795,-1,-1,-1
235,5,1524.34,225.42,273.09,686.54,0.9854,-1,-1,-1
235,28,1705.48,188.86,233.47,650.43,0.9600,-1,-1,-1
235,8,823.74,365.54,72.13,207.80,0.9040,-1,-1,-1
235,31,871.65,372.20,65.98,195.91,0.9212,-1,-1,-1
235,50,1374.54,276.07,148.94,410.70,0.8789,-1,-1,-1
235,61,765.57,336.20,114.13,319.58,0.9299,-1,-1,-1
235,59,436.04,405.86,39.61,113.32,0.8551,-1,-1,-1
235,63,382.93,402.67,39.59,121.07,0.8625,-1,-1,-1
235,34,203.43,393.96,51.43,139.41,0.8667,-1,-1,-1
235,13,1246.78,267.08,150.24,449.62,0.9382,-1,-1,-1
235,44,153.14,415.15,41.37,109.03,0.7618,-1,-1,-1
235,64,410.85,414.47,29.56,96.57,0.6530,-1,-1,-1
235,55,1354.61,286.13,123.47,421.50,0.7862,-1,-1,-1
236,4,1264.64,244.56,210.24,644.57,0.9820,-1,-1,-1
236,5,1535.04,226.86,274.00,690.55,0.9844,-1,-1,-1
236,28,1714.06,184.80,234.42,656.21,0.9576,-1,-1,-1
236,8,827.45,366.70,72.00,207.52,0.9088,-1,-1,-1
236,31,875.23,374.17,65.45,194.02,0.9236,-1,-1,-1
236,61,772.91,335.13,114.56,321.51,0.9269,-1,-1,-1
236,59,444.48,407.14,39.63,113.34,0.8608,-1,-1,-1
236,63,391.23,404.29,39.31,119.98,0.8488,-1,-1,-1
236,34,210.79,393.86,51.50,141.25,0.8748,-1,-1,-1
236,13,1252.87,268.70,149.20,446.93,0.9364,-1,-1,-1
236,44,161.43,416.70,40.16,106.26,0.7835,-1,-1,-1
236,64,419.45,414.03,31.36,102.26,0.7468,-1,-1,-1
236,55,1375.34,280.89,133.77,422.63,0.9267,-1,-1,-1
236,68,1077.76,373.73,29.06,96.76,0.6396,-1,-1,-1
237,4,1264.57,245.03,212.49,649.31,0.9790,-1,-1,-1
237,5,1544.26,225.30,277.19,698.54,0.9819,-1,-1,-1
237,28,1724.37,185.90,232.30,653.96,0.9415,-1,-1,-1
237,8,830.66,366.97,72.59,209.19,0.8713,-1,-1,-1
237,31,879.05,374.74,65.56,193.31,0.9052,-1,-1,-1
237,61,778.70,333.92,114.43,322.16,0.9222,-1,-1,-1
237,59,451.76,406.02,40.99,117.38,0.8547,-1,-1,-1
237,63,392.28,402.59,38.92,119.13,0.6806,-1,-1,-1
237,34,219.66,393.96,49.02,134.86,0.8346,-1,-1,-1
237,13,1258.29,269.90,148.81,446.48,0.9450,-1,-1,-1
237,44,169.52,415.85,40.03,105.65,0.7705,-1,-1,-1
237,64,426.41,413.22,32.00,104.75,0.7648,-1,-1,-1
238,4,1266.95,246.71,214.21,652.85,0.9664,-1,-1,-1
238,5,1550.78,223.93,277.98,700.32,0.9785,-1,-1,-1
238,28,1735.34,188.46,231.82,655.63,0.9328,-1,-1,-1
238,8,844.75,377.73,67.29,194.27,0.6549,-1,-1,-1
238,31,881.06,375.38,66.05,193.50,0.9073,-1,-1,-1
238,61,784.34,333.26,115.89,326.31,0.9048,-1,-1,-1
238,59,458.00,404.67,42.45,121.96,0.8286,-1,-1,-1
238,63,401.56,401.90,41.19,126.01,0.8238,-1,-1,-1
238,34,226.26,393.27,48.96,134.58,0.8498,-1,-1,-1
238,13,1262.92,272.35,147.64,443.17,0.9416,-1,-1,-1
238,44,177.07,415.46,41.20,108.10,0.8188,-1,-1,-1
238,64,432.48,411.74,33.44,109.27,0.6690,-1,-1,-1
238,50,1378.36,279.86,150.07,411.51,0.8619,-1,-1,-1
239,4,1268.66,245.23,217.57,660.80,0.9732,-1,-1,-1
239,5,1553.13,223.39,277.68,698.38,0.9761,-1,-1,-1
239,28,1742.03,187.34,232.78,659.36,0.9335,-1,-1,-1
239,8,838.18,372.25,69.92,202.21,0.7674,-1,-1,-1
239,31,880.70,374.93,66.60,194.02,0.9218,-1,-1,-1
239,61,789.21,332.57,117.70,328.26,0.8959,-1,-1,-1
239,59,464.13,405.22,41.37,118.02,0.8360,-1,-1,-1
239,63,407.36,401.18,41.17,125.48,0.8035,-1,-1,-1
239,34,230.51,391.67,49.06,135.81,0.8601,-1,-1,-1
239,13,1263.27,273.76,147.36,442.44,0.9469,-1,-1,-1
239,44,180.77,414.40,41.79,109.90,0.8194,-1,-1,-1
239,64,438.37,410.72,33.27,108.32,0.7194,-1,-1,-1
239,50,1385.63,277.62,155.38,411.29,0.9563,-1,-1,-1
240,4,1268.62,245.21,219.22,662.80,0.9761,-1,-1,-1
240,5,1554.24,221.26,279.57,699.01,0.9814,-1,-1,-1
240,28,1750.27,185.97,233.04,656.80,0.9378,-1,-1,-1
240,8,832.43,368.04,72.33,208.98,0.8182,-1,-1,-1
240,31,878.34,374.89,66.74,193.78,0.9185,-1,-1,-1
240,61,791.18,332.39,120.47,334.33,0.9167,-1,-1,-1
240,59,467.24,404.11,40.68,116.42,0.8390,-1,-1,-1
240,63,411.24,402.02,40.49,123.46,0.8259,-1,-1,-1
240,34,232.03,391.32,51.66,144.71,0.8755,-1,-1,-1
240,13,1263.57,274.76,145.54,435.95,0.9397,-1,-1,-1
240,44,182.42,414.48,40.96,107.93,0.7826,-1,-1,-1
240,64,441.03,410.34,33.32,109.24,0.8095,-1,-1,-1
240,50,1384.05,276.38,159.67,410.20,0.9761,-1,-1,-1
241,4,1268.12,245.05,219.69,660.52,0.9810,-1,-1,-1
241,5,1551.08,220.14,282.20,700.88,0.9839,-1,-1,-1
241,28,1746.29,186.48,231.40,656.59,0.9475,-1,-1,-1
241,8,816.57,350.10,78.91,229.63,0.7184,-1,-1,-1
241,31,873.53,374.85,67.05,195.04,0.9230,-1,-1,-1
241,61,790.37,332.33,122.10,338.32,0.9153,-1,-1,-1
241,59,469.20,403.17,42.02,120.73,0.8654,-1,-1,-1
241,63,411.43,401.15,41.09,125.80,0.8286,-1,-1,-1
241,34,232.59,390.64,50.52,142.81,0.8687,-1,-1,-1
241,13,1259.58,276.55,145.81,437.85,0.9552,-1,-1,-1
241,44,181.94,413.51,40.20,105.80,0.7712,-1,-1,-1
241,64,441.80,408.79,34.81,114.91,0.8291,-1,-1,-1
241,50,1380.65,277.18,161.89,407.91,0.9722,-1,-1,-1
242,4,1263.39,243.41,221.47,662.37,0.9805,-1,-1,-1
242,5,1544.57,217.86,285.62,705.01,0.9834,-1,-1,-1
242,28,1745.61,184.01,231.37,661.21,0.9421,-1,-1,-1
242,8,808.92,343.87,82.31,241.26,0.7055,-1,-1,-1
242,31,868.34,374.92,66.32,193.73,0.9169,-1,-1,-1
242,61,790.64,334.31,121.70,337.44,0.9215,-1,-1,-1
242,59,469.80,403.03,41.25,118.80,0.8440,-1,-1,-1
242,63,412.03,400.81,40.10,123.13,0.8167,-1,-1,-1
242,34,232.74,390.66,50.14,142.43,0.8842,-1,-1,-1
242,13,1255.62,276.01,145.22,437.96,0.9429,-1,-1,-1
242,44,181.36,412.74,42.46,111.29,0.8286,-1,-1,-1
242,64,442.60,408.21,34.63,113.95,0.8406,-1,-1,-1
242,50,1375.17,275.53,164.49,410.74,0.9707,-1,-1,-1
242,12,494.69,405.20,30.28,106.52,0.6756,-1,-1,-1
242,71,399.09,400.21,35.86,121.23,0.7207,-1,-1,-1
243,4,1260.98,235.81,225.64,671.37,0.9790,-1,-1,-1
243,5,1541.44,215.77,290.40,711.77,0.9849,-1,-1,-1
243,28,1744.93,179.27,232.53,668.09,0.9407,-1,-1,-1
243,31,863.43,373.31,65.52,193.23,0.9038,-1,-1,-1
243,61,791.10,333.82,122.97,341.09,0.9254,-1,-1,-1
243,59,470.13,401.40,42.80,123.37,0.8617,-1,-1,-1
243,63,412.31,398.67,40.40,124.77,0.8246,-1,-1,-1
243,34,232.90,389.58,49.92,142.69,0.8828,-1,-1,-1
243,13,1254.49,276.61,143.51,433.26,0.9371,-1,-1,-1
243,44,180.67,411.15,42.58,111.10,0.7958,-1,-1,-1
243,64,442.69,406.65,35.37,116.61,0.8340,-1,-1,-1
243,50,1366.86,274.00,166.06,413.71,0.9576,-1,-1,-1
243,12,496.31,407.83,30.83,108.22,0.6423,-1,-1,-1
243,71,397.70,399.58,35.49,119.86,0.7575,-1,-1,-1
243,73,184.06,751.82,27.84,59.67,0.6678,-1,-1,-1
244,4,1261.86,231.98,227.54,673.79,0.9766,-1,-1,-1
244,5,1541.30,212.66,295.71,719.08,0.9834,-1,-1,-1
244,28,1746.84,177.56,232.34,671.73,0.9325,-1,-1,-1
244,31,857.09,371.35,65.79,195.29,0.9054,-1,-1,-1
244,61,791.48,330.33,124.17,345.26,0.9218,-1,-1,-1
244,59,470.88,400.42,43.16,124.62,0.8176,-1,-1,-1
244,63,412.72,396.83,40.95,127.59,0.8144,-1,-1,-1
244,34,233.56,388.83,49.70,142.32,0.8861,-1,-1,-1
244,13,1253.22,277.77,142.36,430.42,0.9450,-1,-1,-1
244,44,178.74,408.88,44.99,117.65,0.8016,-1,-1,-1
244,64,442.57,406.14,35.72,118.03,0.8290,-1,-1,-1
244,50,1361.51,272.75,167.49,416.50,0.9508,-1,-1,-1
244,12,500.81,411.64,30.06,105.07,0.6604,-1,-1,-1
244,71,396.80,400.02,35.41,119.42,0.7417,-1,-1,-1
245,4,1263.86,229.92,229.88,676.99,0.9775,-1,-1,-1
245,5,1541.57,211.48,301.08,727.92,0.9819,-1,-1,-1
245,28,1752.49,176.54,233.40,677.77,0.9136,-1,-1,-1
245,31,854.70,372.75,65.66,195.62,0.8751,-1,-1,-1
245,61,793.26,330.92,123.45,341.91,0.9255,-1,-1,-1
245,59,471.97,400.72,43.25,125.52,0.8398,-1,-1,-1
245,63,414.45,398.15,40.04,125.12,0.8312,-1,-1,-1
245,34,233.90,390.16,49.49,142.15,0.8734,-1,-1,-1
245,13,1253.15,278.58,145.27,438.84,0.9367,-1,-1,-1
245,44,178.41,408.57,45.83,120.09,0.8208,-1,-1,-1
245,64,443.81,407.52,35.32,116.32,0.7809,-1,-1,-1
245,50,1353.99,271.62,167.63,421.54,0.9282,-1,-1,-1
245,71,396.58,400.40,34.55,116.26,0.5846,-1,-1,-1
245,74,531.24,432.61,39.66,105.84,0.7029,-1,-1,-1
246,4,1265.24,230.75,230.67,677.41,0.9810,-1,-1,-1
246,5,1542.96,212.29,305.05,732.68,0.9863,-1,-1,-1
246,28,1761.17,175.92,235.83,687.93,0.9217,-1,-1,-1
246,31,850.91,374.48,66.77,197.97,0.7843,-1,-1,-1
246,61,792.94,332.13,123.73,342.06,0.9187,-1,-1,-1
246,59,471.67,402.37,42.44,124.50,0.7794,-1,-1,-1
246,63,415.94,400.17,38.94,122.35,0.8302,-1,-1,-1
246,34,233.65,391.25,49.79,143.85,0.8690,-1,-1,-1
246,13,1252.90,280.11,145.45,438.09,0.9252,-1,-1,-1
246,44,177.44,410.76,45.50,119.26,0.8432,-1,-1,-1
246,64,443.69,409.58,34.16,112.94,0.7515,-1,-1,-1
246,50,1348.26,271.45,165.92,425.87,0.9163,-1,-1,-1
246,71,395.83,401.84,34.41,115.78,0.7822,-1,-1,-1
246,74,529.80,434.45,40.02,106.97,0.6249,-1,-1,-1
247,4,1264.39,231.91,231.91,678.98,0.9737,-1,-1,-1
247,5,1542.34,211.64,310.12,739.41,0.9854,-1,-1,-1
247,28,1764.85,177.58,235.36,689.02,0.9192,-1,-1,-1
247,31,851.35,374.64,66.72,196.63,0.6898,-1,-1,-1
247,61,797.33,329.68,124.88,344.26,0.9242,-1,-1,-1
247,59,473.84,403.66,43.57,128.08,0.6534,-1,-1,-1
247,63,415.10,398.47,40.70,128.49,0.8157,-1,-1,-1
247,34,232.06,390.33,50.49,146.68,0.7605,-1,-1,-1
247,13,1249.84,282.49,145.76,436.97,0.9282,-1,-1,-1
247,64,443.80,407.67,36.39,120.15,0.6892,-1,-1,-1
247,50,1344.79,268.86,162.71,430.13,0.9155,-1,-1,-1
247,71,395.40,403.16,35.74,120.01,0.7429,-1,-1,-1
248,4,1257.42,228.11,235.30,685.66,0.9756,-1,-1,-1
248,5,1544.83,211.50,313.92,743.13,0.9858,-1,-1,-1
248,28,1767.74,176.95,235.86,695.93,0.9173,-1,-1,-1
248,61,796.97,328.15,126.83,348.57,0.9323,-1,-1,-1
248,59,480.31,404.08,42.78,126.33,0.6188,-1,-1,-1
248,63,414.85,398.47,40.39,128.54,0.8272,-1,-1,-1
248,34,231.22,391.32,51.94,151.70,0.8265,-1,-1,-1
248,13,1246.31,286.45,145.20,434.50,0.9297,-1,-1,-1
248,64,444.45,409.55,35.57,117.10,0.7102,-1,-1,-1
248,50,1340.16,270.99,159.31,432.70,0.9169,-1,-1,-1
248,71,394.18,404.45,35.68,119.65,0.7675,-1,-1,-1
248,44,173.66,411.93,46.72,123.32,0.8595,-1,-1,-1
249,4,1254.40,238.70,233.02,676.91,0.9741,-1,-1,-1
249,5,1544.94,216.50,317.35,749.68,0.9834,-1,-1,-1
249,28,1772.03,185.44,235.14,697.10,0.9103,-1,-1,-1
249,61,795.88,330.96,127.66,348.60,0.9357,-1,-1,-1
249,59,474.27,408.02,42.43,126.05,0.7793,-1,-1,-1
249,63,413.68,402.88,39.54,126.76,0.7785,-1,-1,-1
249,34,227.98,394.67,51.65,152.28,0.8062,-1,-1,-1
249,13,1244.86,291.13,145.65,431.53,0.9324,-1,-1,-1
249,64,441.63,414.06,34.56,113.58,0.6099,-1,-1,-1
249,50,1334.32,278.33,156.05,432.85,0.9310,-1,-1,-1
249,71,389.61,407.94,36.03,120.44,0.7265,-1,-1,-1
249,44,170.70,415.37,47.35,125.35,0.8640,-1,-1,-1
249,31,855.45,392.03,62.76,182.83,0.5727,-1,-1,-1
250,4,1248.66,237.15,235.13,684.00,0.9717,-1,-1,-1
250,5,1546.46,214.95,322.19,758.19,0.9814,-1,-1,-1
250,28,1773.13,186.35,233.53,699.38,0.8968,-1,-1,-1
250,61,794.00,327.56,129.42,349.41,0.9265,-1,-1,-1
250,59,472.39,405.44,39.92,118.36,0.7548,-1,-1,-1
250,63,412.33,401.14,37.76,120.70,0.7865,-1,-1,-1
250,34,225.87,392.03,48.22,142.75,0.8245,-1,-1,-1
250,13,1240.25,288.23,146.95,432.86,0.9373,-1,-1,-1
250,64,439.93,410.34,32.62,106.37,0.6647,-1,-1,-1
250,50,1329.90,272.50,155.93,440.60,0.9107,-1,-1,-1
250,71,386.81,404.29,35.21,117.07,0.7121,-1,-1,-1
250,44,167.81,413.01,43.63,115.50,0.7834,-1,-1,-1
251,4,1244.26,241.52,235.60,686.35,0.9654,-1,-1,-1
251,5,1548.53,216.45,324.63,761.26,0.9775,-1,-1,-1
251,28,1773.41,188.53,231.41,701.22,0.8911,-1,-1,-1
251,61,791.18,326.82,131.43,350.31,0.9071,-1,-1,-1
251,59,468.31,404.76,41.34,122.21,0.6923,-1,-1,-1
251,63,408.90,401.03,37.69,120.20,0.7392,-1,-1,-1
251,34,222.42,390.91,46.08,136.23,0.8061,-1,-1,-1
251,13,1229.37,290.84,147.17,438.37,0.9278,-1,-1,-1
251,64,437.12,409.02,32.87,106.39,0.6528,-1,-1,-1
251,50,1328.81,274.53,153.70,441.71,0.8949,-1,-1,-1
251,71,382.54,402.75,36.68,121.33,0.7742,-1,-1,-1
251,44,164.60,411.97,42.80,112.99,0.7698,-1,-1,-1
252,4,1247.26,243.77,233.69,687.37,0.9698,-1,-1,-1
252,5,1548.20,217.22,328.74,768.86,0.9849,-1,-1,-1
252,28,1775.38,190.31,229.50,703.12,0.9023,-1,-1,-1
252,61,783.83,326.49,133.86,354.35,0.8887,-1,-1,-1
252,59,462.20,404.37,41.34,123.13,0.7194,-1,-1,-1
252,63,404.44,401.78,36.98,117.78,0.8105,-1,-1,-1
252,34,216.53,391.39,44.51,132.48,0.8216,-1,-1,-1
252,13,1220.59,292.27,143.37,433.22,0.9271,-1,-1,-1
252,64,431.88,409.09,32.49,104.16,0.7464,-1,-1,-1
252,50,1327.95,277.29,149.63,435.07,0.9126,-1,-1,-1
252,71,376.67,401.64,36.98,121.52,0.7627,-1,-1,-1
252,44,157.92,412.03,39.38,104.41,0.6835,-1,-1,-1
253,4,1236.40,243.00,234.97,694.54,0.9712,-1,-1,-1
253,5,1541.43,220.84,331.87,772.68,0.9844,-1,-1,-1
253,28,1775.93,192.52,228.22,705.71,0.9219,-1,-1,-1
253,61,771.50,328.11,137.10,362.35,0.9259,-1,-1,-1
253,59,453.30,404.66,41.42,123.92,0.8262,-1,-1,-1
253,63,396.19,403.81,36.73,117.80,0.8211,-1,-1,-1
253,34,205.87,391.93,44.68,133.87,0.7733,-1,-1,-1
253,13,1210.17,294.56,144.39,438.27,0.9217,-1,-1,-1
253,64,421.62,410.66,34.03,108.79,0.7561,-1,-1,-1
253,50,1317.74,279.13,148.78,436.91,0.8851,-1,-1,-1
253,71,367.96,404.11,37.04,120.69,0.7934,-1,-1,-1
254,4,1232.34,241.31,234.94,701.81,0.9746,-1,-1,-1
254,5,1538.95,226.52,332.21,773.94,0.9863,-1,-1,-1
254,28,1775.02,192.23,229.14,712.12,0.9190,-1,-1,-1
254,61,760.95,328.74,138.39,364.00,0.9212,-1,-1,-1
254,59,444.64,404.85,40.47,120.66,0.8472,-1,-1,-1
254,63,386.49,404.20,36.99,120.08,0.8478,-1,-1,-1
254,34,194.45,391.48,44.58,133.50,0.7077,-1,-1,-1
254,13,1197.38,293.47,145.14,443.59,0.9366,-1,-1,-1
254,64,411.30,410.67,32.91,105.17,0.7775,-1,-1,-1
254,50,1308.09,280.06,148.38,437.55,0.9353,-1,-1,-1
254,71,357.45,403.76,37.48,121.26,0.8283,-1,-1,-1
254,67,886.68,392.91,38.41,122.93,0.6429,-1,-1,-1
254,44,135.97,414.37,37.69,100.47,0.6923,-1,-1,-1
255,4,1222.75,238.45,236.76,709.55,0.9766,-1,-1,-1
255,5,1536.14,223.14,335.38,780.21,0.9849,-1,-1,-1
255,28,1774.57,190.42,228.86,717.32,0.9195,-1,-1,-1
255,61,752.22,329.10,141.31,370.28,0.8983,-1,-1,-1
255,59,438.29,404.36,42.24,125.25,0.8324,-1,-1,-1
255,63,380.81,404.03,36.14,118.27,0.8154,-1,-1,-1
255,13,1188.94,295.17,144.11,442.37,0.9345,-1,-1,-1
255,64,403.50,409.90,32.21,103.76,0.6817,-1,-1,-1
255,50,1300.80,276.58,148.34,439.53,0.9405,-1,-1,-1
255,71,350.88,404.01,35.70,114.76,0.7685,-1,-1,-1
255,67,879.94,390.59,40.58,127.11,0.6759,-1,-1,-1
255,44,126.48,413.99,41.50,111.17,0.7444,-1,-1,-1
256,4,1219.85,241.42,235.66,711.49,0.9775,-1,-1,-1
256,5,1534.79,225.22,337.89,786.18,0.9844,-1,-1,-1
256,28,1772.27,190.89,226.58,719.83,0.9154,-1,-1,-1
256,61,744.06,329.70,144.37,376.22,0.8985,-1,-1,-1
256,59,431.80,405.64,44.22,130.45,0.8139,-1,-1,-1
256,63,375.12,404.52,37.04,121.63,0.8332,-1,-1,-1
256,13,1178.78,294.98,144.71,449.42,0.9371,-1,-1,-1
256,64,397.98,411.76,33.98,108.67,0.6817,-1,-1,-1
256,50,1293.05,277.45,150.22,445.23,0.8843,-1,-1,-1
256,71,342.66,404.66,36.20,116.38,0.8184,-1,-1,-1
256,44,117.90,415.54,45.68,123.42,0.7985,-1,-1,-1
257,4,1220.05,241.80,234.44,714.96,0.9790,-1,-1,-1
257,5,1535.38,223.37,339.14,789.38,0.9815,-1,-1,-1
257,28,1773.57,188.37,225.58,724.42,0.9163,-1,-1,-1
257,61,737.45,332.37,145.32,377.73,0.9290,-1,-1,-1
257,59,427.64,407.55,41.88,122.37,0.8364,-1,-1,-1
257,63,371.39,406.38,35.34,115.80,0.8237,-1,-1,-1
257,13,1170.77,295.35,142.76,447.95,0.9663,-1,-1,-1
257,64,391.72,412.58,32.06,102.54,0.7385,-1,-1,-1
257,50,1308.97,308.64,137.25,411.93,0.5784,-1,-1,-1
257,71,335.16,405.05,36.07,115.63,0.8159,-1,-1,-1
257,44,110.26,416.34,46.85,126.49,0.8169,-1,-1,-1
257,57,66.28,444.56,39.62,98.76,0.7571,-1,-1,-1
257,67,870.90,391.79,40.85,125.27,0.8190,-1,-1,-1
258,4,1217.62,241.61,234.75,722.79,0.9785,-1,-1,-1
258,5,1539.19,220.06,339.84,793.51,0.9815,-1,-1,-1
258,28,1774.15,186.36,223.45,724.48,0.9148,-1,-1,-1
258,61,731.60,330.50,149.53,387.90,0.9305,-1,-1,-1
258,59,422.56,408.96,42.17,122.25,0.8532,-1,-1,-1
258,63,366.35,407.98,35.24,115.80,0.8343,-1,-1,-1
258,13,1163.83,294.38,141.82,448.10,0.9454,-1,-1,-1
258,64,384.42,413.55,33.09,106.03,0.7829,-1,-1,-1
258,50,1314.78,323.72,129.77,394.67,0.6412,-1,-1,-1
258,71,328.53,407.44,35.07,112.21,0.7809,-1,-1,-1
258,44,103.47,417.36,46.33,124.60,0.8298,-1,-1,-1
258,57,58.10,445.75,38.51,96.77,0.7932,-1,-1,-1
258,67,866.56,393.10,40.79,123.52,0.6984,-1,-1,-1
259,4,1214.61,242.21,234.83,727.18,0.9810,-1,-1,-1
259,5,1541.52,217.25,341.00,799.11,0.9824,-1,-1,-1
259,28,1776.44,187.14,221.15,724.14,0.9072,-1,-1,-1
259,61,725.99,331.02,151.08,392.66,0.9264,-1,-1,-1
259,59,416.00,410.80,42.79,124.44,0.8292,-1,-1,-1
259,63,362.17,409.88,35.45,117.16,0.8230,-1,-1,-1
259,13,1155.81,295.76,142.06,449.89,0.9693,-1,-1,-1
259,64,379.78,416.36,32.15,103.73,0.6648,-1,-1,-1
259,71,322.84,410.11,35.43,112.76,0.7806,-1,-1,-1
259,44,96.86,419.75,48.68,130.77,0.8622,-1,-1,-1
259,57,50.83,448.99,39.89,101.37,0.7941,-1,-1,-1
259,67,862.55,394.20,41.18,125.22,0.7922,-1,-1,-1
259,34,155.93,398.05,47.87,143.48,0.6206,-1,-1,-1
260,4,1212.80,241.03,235.82,734.45,0.9761,-1,-1,-1
260,5,1542.34,215.04,341.77,803.94,0.9795,-1,-1,-1
260,28,1779.11,186.10,218.62,722.11,0.8962,-1,-1,-1
260,61,720.19,334.05,151.73,393.59,0.9269,-1,-1,-1
260,59,411.92,413.33,42.09,122.60,0.7895,-1,-1,-1
260,63,359.17,412.43,34.68,114.56,0.8329,-1,-1,-1
260,13,1144.29,295.97,143.06,450.30,0.9766,-1,-1,-1
260,64,376.01,419.70,30.85,99.25,0.6932,-1,-1,-1
260,71,317.69,412.04,36.32,115.23,0.8441,-1,-1,-1
260,44,92.20,423.09,46.17,123.99,0.8104,-1,-1,-1
260,57,46.26,452.43,38.78,99.36,0.6101,-1,-1,-1
260,67,859.69,396.07,41.08,124.49,0.8003,-1,-1,-1
260,50,1316.57,335.52,126.48,388.71,0.7032,-1,-1,-1
261,4,1212.26,241.38,236.76,742.16,0.9756,-1,-1,-1
261,5,1544.32,212.56,342.43,808.71,0.9805,-1,-1,-1
261,28,1779.75,185.38,216.83,723.01,0.9073,-1,-1,-1
261,61,714.28,338.47,153.60,396.88,0.9308,-1,-1,-1
261,59,407.33,416.66,40.74,118.74,0.8478,-1,-1,-1
261,63,355.15,414.62,36.11,119.46,0.8443,-1,-1,-1
261,13,1133.11,297.27,146.22,452.86,0.9795,-1,-1,-1
261,71,312.53,414.92,36.58,116.17,0.8230,-1,-1,-1
261,44,87.54,425.64,49.39,132.26,0.8400,-1,-1,-1
261,57,39.23,454.19,39.58,100.92,0.7751,-1,-1,-1
261,67,857.44,399.15,41.10,124.22,0.7450,-1,-1,-1
261,50,1316.16,335.98,126.70,392.84,0.7270,-1,-1,-1
262,4,1211.27,241.68,237.78,749.57,0.9761,-1,-1,-1
262,5,1544.81,209.79,343.75,814.77,0.9824,-1,-1,-1
262,28,1781.71,184.81,214.99,727.05,0.9083,-1,-1,-1
262,61,708.86,340.14,155.50,401.54,0.9318,-1,-1,-1
262,59,402.86,418.99,41.83,123.17,0.8429,-1,-1,-1
262,63,352.72,418.56,35.94,118.16,0.8271,-1,-1,-1
262,13,1121.30,298.04,151.33,456.56,0.9805,-1,-1,-1
262,71,308.52,418.89,35.91,113.86,0.8105,-1,-1,-1
262,44,84.42,429.29,50.11,133.09,0.8599,-1,-1,-1
262,57,36.18,456.85,37.40,95.15,0.7739,-1,-1,-1
262,67,855.70,401.38,42.01,125.49,0.8028,-1,-1,-1
262,50,1316.35,336.51,127.26,396.53,0.7452,-1,-1,-1
262,64,365.58,423.25,32.11,103.85,0.6280,-1,-1,-1
263,4,1211.39,242.15,238.79,757.08,0.9727,-1,-1,-1
263,5,1549.59,208.93,342.06,813.58,0.9829,-1,-1,-1
263,28,1787.51,185.00,213.00,729.83,0.9060,-1,-1,-1
263,61,704.30,341.75,157.28,405.62,0.9401,-1,-1,-1
263,59,401.31,421.51,39.47,117.71,0.8481,-1,-1,-1
263,63,353.22,421.66,34.94,113.63,0.8535,-1,-1,-1
263,13,1111.65,299.79,156.30,457.69,0.9785,-1,-1,-1
263,71,305.81,422.45,34.50,108.94,0.8159,-1,-1,-1
263,44,80.25,432.28,50.35,132.88,0.8790,-1,-1,-1
263,57,31.78,460.30,38.89,97.63,0.8010,-1,-1,-1
263,67,852.65,403.43,42.16,125.52,0.8111,-1,-1,-1
263,50,1318.14,338.54,126.52,395.89,0.7783,-1,-1,-1
263,64,364.52,427.26,31.03,100.08,0.7260,-1,-1,-1
263,73,87.49,764.14,40.49,87.71,0.7959,-1,-1,-1
264,4,1212.55,242.11,240.11,766.39,0.9722,-1,-1,-1
264,5,1550.78,206.85,345.17,822.48,0.9800,-1,-1,-1
264,28,1794.14,183.52,211.27,729.90,0.9077,-1,-1,-1
264,61,700.08,346.20,157.82,406.06,0.9454,-1,-1,-1
264,59,399.86,426.21,38.17,115.11,0.8390,-1,-1,-1
264,63,352.74,424.54,35.53,114.64,0.8254,-1,-1,-1
264,13,1103.75,300.42,162.70,461.84,0.9790,-1,-1,-1
264,71,303.13,425.51,35.69,112.58,0.8248,-1,-1,-1
264,44,77.15,435.39,52.19,137.12,0.8942,-1,-1,-1
264,57,27.58,465.13,40.21,101.23,0.7900,-1,-1,-1
264,67,850.68,406.84,42.13,125.53,0.8163,-1,-1,-1
264,50,1320.93,338.06,126.10,397.85,0.7553,-1,-1,-1
264,64,365.08,433.23,29.33,94.12,0.6362,-1,-1,-1
264,34,137.84,430.36,43.45,129.10,0.6041,-1,-1,-1
265,4,1214.38,240.68,241.77,774.83,0.9698,-1,-1,-1
265,5,1554.76,204.19,346.16,827.68,0.9780,-1,-1,-1
265,28,1797.18,180.36,209.34,728.50,0.9081,-1,-1,-1
265,61,694.93,345.87,160.66,413.60,0.9488,-1,-1,-1
265,59,397.33,429.81,37.53,114.18,0.7135,-1,-1,-1
265,63,350.84,426.33,38.12,122.18,0.8207,-1,-1,-1
265,13,1095.09,299.59,168.77,465.90,0.9669,-1,-1,-1
265,71,298.67,426.04,39.43,124.56,0.6581,-1,-1,-1
265,44,75.02,437.27,53.65,141.29,0.8444,-1,-1,-1
265,50,1261.30,307.50,144.60,448.19,0.7669,-1,-1,-1
266,4,1217.03,242.73,243.45,784.68,0.9780,-1,-1,-1
266,5,1557.24,203.29,349.75,839.01,0.9805,-1,-1,-1
266,28,1802.25,181.09,207.73,727.66,0.9188,-1,-1,-1
266,61,689.52,346.25,162.86,418.45,0.9376,-1,-1,-1
266,59,395.56,432.01,38.48,118.38,0.6210,-1,-1,-1
266,63,349.84,429.23,38.29,121.92,0.8170,-1,-1,-1
266,13,1093.03,304.23,174.52,465.61,0.9780,-1,-1,-1
266,71,296.17,429.75,39.87,125.16,0.8076,-1,-1,-1
266,44,73.13,441.65,53.58,141.54,0.8558,-1,-1,-1
266,50,1236.21,294.97,151.73,468.19,0.9031,-1,-1,-1
266,57,20.69,468.62,45.20,113.92,0.5795,-1,-1,-1
266,67,847.24,409.64,43.01,127.65,0.8223,-1,-1,-1
267,4,1217.49,243.07,246.61,796.38,0.9776,-1,-1,-1
267,5,1561.58,205.95,351.75,847.56,0.9756,-1,-1,-1
267,28,1813.12,184.39,205.61,727.28,0.8902,-1,-1,-1
267,61,685.95,344.68,165.66,424.57,0.9425,-1,-1,-1
267,63,348.86,432.48,40.63,128.88,0.7221,-1,-1,-1
267,13,1089.52,308.36,179.66,466.75,0.9742,-1,-1,-1
267,71,295.46,433.54,42.07,131.92,0.6894,-1,-1,-1
267,44,72.01,445.86,53.71,142.42,0.8646,-1,-1,-1
267,50,1229.34,291.53,157.95,484.59,0.8640,-1,-1,-1
267,67,847.10,412.94,42.79,126.77,0.8547,-1,-1,-1
268,4,1217.31,238.32,249.38,806.80,0.9713,-1,-1,-1
268,5,1565.18,205.21,351.07,848.42,0.9790,-1,-1,-1
268,28,1818.63,184.53,202.76,727.30,0.9003,-1,-1,-1
268,61,681.12,346.76,166.07,423.60,0.9391,-1,-1,-1
268,63,346.09,432.53,43.17,137.12,0.6065,-1,-1,-1
268,13,1084.53,308.44,183.94,466.35,0.9780,-1,-1,-1
268,71,293.17,434.23,43.87,136.63,0.6568,-1,-1,-1
268,44,68.61,446.95,53.73,141.80,0.8587,-1,-1,-1
268,50,1222.28,288.84,160.48,490.81,0.9027,-1,-1,-1
268,67,845.00,412.13,43.27,127.79,0.8310,-1,-1,-1
268,75,1094.98,418.64,56.99,148.50,0.8177,-1,-1,-1
269,4,1217.84,237.67,251.65,813.63,0.9746,-1,-1,-1
269,5,1570.57,205.45,351.32,853.17,0.9780,-1,-1,-1
269,28,1832.94,185.32,205.23,736.62,0.8901,-1,-1,-1
269,61,675.66,339.19,171.45,437.54,0.9575,-1,-1,-1
269,13,1081.45,308.11,188.66,468.13,0.9805,-1,-1,-1
269,44,68.38,449.08,52.64,138.40,0.8345,-1,-1,-1
269,50,1219.00,288.03,159.79,490.11,0.9314,-1,-1,-1
269,67,843.77,412.61,43.25,127.72,0.8411,-1,-1,-1
269,75,1094.89,415.93,57.82,150.59,0.8338,-1,-1,-1
270,4,1221.05,241.91,251.78,812.90,0.9751,-1,-1,-1
270,5,1573.68,203.28,353.25,862.09,0.9824,-1,-1,-1
270,28,1842.61,186.20,207.00,739.64,0.8767,-1,-1,-1
270,61,673.25,337.35,173.96,442.92,0.9766,-1,-1,-1
270,13,1079.25,307.63,193.27,470.86,0.9824,-1,-1,-1
270,44,67.36,449.87,54.44,143.70,0.8443,-1,-1,-1
270,50,1217.23,287.96,158.87,490.28,0.9342,-1,-1,-1
270,67,844.45,412.93,43.10,127.69,0.8275,-1,-1,-1
270,75,1094.89,389.12,68.79,178.99,0.7270,-1,-1,-1
271,4,1226.03,239.54,251.92,812.34,0.9766,-1,-1,-1
271,5,1575.34,199.54,355.18,868.61,0.9810,-1,-1,-1
271,28,1855.85,206.00,204.79,721.17,0.6146,-1,-1,-1
271,61,671.04,336.62,175.55,447.03,0.9707,-1,-1,-1
271,13,1077.79,306.15,196.22,472.61,0.9858,-1,-1,-1
271,44,67.98,451.43,54.49,144.33,0.8600,-1,-1,-1
271,50,1219.71,287.75,155.86,485.47,0.9401,-1,-1,-1
271,67,845.42,412.98,43.09,128.11,0.8411,-1,-1,-1
271,57,20.83,483.42,39.96,100.74,0.6677,-1,-1,-1
271,63,350.34,436.03,42.41,133.98,0.8230,-1,-1,-1
271,71,291.39,435.27,44.40,137.28,0.6053,-1,-1,-1
272,4,1228.23,237.55,253.17,814.11,0.9741,-1,-1,-1
272,5,1578.27,199.36,356.42,872.21,0.9780,-1,-1,-1
272,61,667.97,334.72,179.11,455.47,0.9659,-1,-1,-1
272,13,1077.25,304.12,198.67,474.44,0.9844,-1,-1,-1
272,44,70.16,452.20,54.24,144.06,0.8335,-1,-1,-1
272,50,1219.40,287.24,154.35,484.13,0.9308,-1,-1,-1
272,67,848.35,412.46,42.76,127.38,0.8332,-1,-1,-1
272,57,22.80,482.70,40.52,102.24,0.6454,-1,-1,-1
272,63,353.46,435.11,42.53,133.62,0.8239,-1,-1,-1
273,4,1233.67,231.56,254.51,817.67,0.9727,-1,-1,-1
273,5,1582.00,197.88,358.10,878.91,0.9761,-1,-1,-1
273,61,666.16,332.60,182.46,464.36,0.9722,-1,-1,-1
273,13,1074.53,301.28,199.97,475.85,0.9844,-1,-1,-1
273,44,71.73,450.24,52.78,140.36,0.8333,-1,-1,-1
273,50,1219.77,285.85,149.18,468.82,0.9061,-1,-1,-1
273,67,850.52,409.84,42.71,127.98,0.8604,-1,-1,-1
273,63,355.09,433.43,42.37,133.05,0.8193,-1,-1,-1
273,71,295.47,432.85,43.01,131.75,0.7784,-1,-1,-1
274,4,1237.30,225.34,258.20,828.13,0.9775,-1,-1,-1
274,5,1585.76,197.60,359.52,882.37,0.9678,-1,-1,-1
274,61,663.09,330.07,186.41,474.61,0.9722,-1,-1,-1
274,13,1070.80,299.75,199.95,474.99,0.9839,-1,-1,-1
274,44,71.98,447.65,54.32,144.69,0.8703,-1,-1,-1
274,50,1213.59,352.35,129.05,401.17,0.8295,-1,-1,-1
274,67,851.09,407.91,42.31,127.32,0.8386,-1,-1,-1
274,63,357.00,432.72,40.78,128.39,0.7756,-1,-1,-1
274,77,1203.92,304.29,169.86,448.07,0.9065,-1,-1,-1
274,57,22.59,479.04,43.23,108.70,0.7519,-1,-1,-1
275,4,1242.90,220.36,259.27,831.93,0.9814,-1,-1,-1
275,5,1591.17,197.57,363.32,892.33,0.9590,-1,-1,-1
275,61,660.72,328.47,187.74,478.17,0.9761,-1,-1,-1
275,13,1064.40,298.22,199.90,475.15,0.9786,-1,-1,-1
275,44,74.55,448.18,52.15,138.80,0.7515,-1,-1,-1
275,50,1208.68,304.65,144.40,449.44,0.9209,-1,-1,-1
275,67,852.02,406.34,42.31,127.51,0.8187,-1,-1,-1
275,63,358.83,430.84,40.36,128.00,0.5909,-1,-1,-1
275,71,294.93,428.56,44.13,133.68,0.7286,-1,-1,-1
276,4,1248.31,216.06,260.35,834.49,0.9824,-1,-1,-1
276,5,1593.52,192.07,365.62,903.43,0.9648,-1,-1,-1
276,61,659.25,328.25,190.42,483.93,0.9746,-1,-1,-1
276,13,1057.39,296.26,199.37,477.17,0.9785,-1,-1,-1
276,44,77.91,448.27,49.44,131.91,0.8087,-1,-1,-1
276,50,1208.39,358.56,125.54,389.71,0.7988,-1,-1,-1
276,67,853.59,404.77,42.41,128.47,0.8311,-1,-1,-1
276,77,1204.05,283.97,174.99,465.34,0.9160,-1,-1,-1
276,57,24.09,476.42,43.76,110.45,0.5828,-1,-1,-1
277,4,1252.18,217.93,259.68,827.73,0.9805,-1,-1,-1
277,5,1595.58,184.84,372.31,927.09,0.9551,-1,-1,-1
277,61,655.01,327.87,192.72,490.56,0.9722,-1,-1,-1
277,13,1049.65,295.75,197.71,478.44,0.9766,-1,-1,-1
277,44,78.79,447.66,51.48,137.98,0.8014,-1,-1,-1
277,50,1198.78,305.40,142.84,446.39,0.9430,-1,-1,-1
277,67,853.53,404.06,42.59,129.27,0.8458,-1,-1,-1
277,71,294.85,425.84,43.70,131.06,0.7718,-1,-1,-1
278,4,1256.71,215.58,260.50,827.84,0.9814,-1,-1,-1
278,5,1599.93,178.22,375.60,943.58,0.9561,-1,-1,-1
278,61,649.27,326.11,196.02,499.93,0.9693,-1,-1,-1
278,13,1042.26,294.41,195.98,483.76,0.9805,-1,-1,-1
278,44,79.65,446.35,51.84,139.70,0.7668,-1,-1,-1
278,50,1192.51,289.86,147.03,461.95,0.9517,-1,-1,-1
278,67,853.80,404.17,42.48,128.68,0.8452,-1,-1,-1
278,40,253.35,430.38,48.48,128.79,0.8187,-1,-1,-1
278,71,294.67,425.52,44.61,132.73,0.7468,-1,-1,-1
279,4,1261.52,213.23,262.09,830.18,0.9829,-1,-1,-1
279,5,1604.52,179.14,371.24,937.15,0.9575,-1,-1,-1
279,61,645.30,323.25,198.06,507.17,0.9712,-1,-1,-1
279,13,1037.52,293.01,193.16,487.05,0.9829,-1,-1,-1
279,44,78.89,443.33,53.22,144.78,0.8228,-1,-1,-1
279,50,1190.60,283.99,148.71,467.35,0.9576,-1,-1,-1
279,67,857.09,404.58,42.23,128.00,0.8350,-1,-1,-1
279,40,255.97,430.07,48.92,129.92,0.8232,-1,-1,-1
279,71,298.13,425.62,44.49,131.53,0.7778,-1,-1,-1
280,4,1259.79,212.35,265.08,831.83,0.9673,-1,-1,-1
280,5,1611.28,177.04,367.08,930.94,0.9600,-1,-1,-1
280,61,642.93,320.14,199.83,513.15,0.9771,-1,-1,-1
280,13,1033.42,291.12,190.09,490.01,0.9819,-1,-1,-1
280,44,79.48,441.21,53.40,145.81,0.7940,-1,-1,-1
280,50,1186.55,280.68,149.60,469.50,0.9614,-1,-1,-1
280,67,860.38,402.93,42.38,128.63,0.8423,-1,-1,-1
280,40,258.01,427.79,49.46,131.35,0.8495,-1,-1,-1
280,71,299.72,424.63,44.66,131.97,0.7941,-1,-1,-1
280,57,28.18,470.62,46.88,118.46,0.7366,-1,-1,-1
281,4,1269.02,207.09,268.42,841.00,0.9844,-1,-1,-1
281,5,1613.76,173.23,366.85,936.73,0.9531,-1,-1,-1
281,61,640.74,317.95,201.13,517.86,0.9761,-1,-1,-1
281,13,1033.22,289.53,186.75,492.18,0.9844,-1,-1,-1
281,44,81.18,441.29,52.75,144.84,0.8055,-1,-1,-1
281,50,1183.92,280.31,148.96,468.72,0.9571,-1,-1,-1
281,67,864.35,404.62,41.76,127.53,0.8367,-1,-1,-1
281,40,258.90,427.13,51.73,137.28,0.8627,-1,-1,-1
281,71,303.75,426.44,42.81,126.34,0.7546,-1,-1,-1
281,57,30.05,470.77,46.30,117.58,0.7397,-1,-1,-1
281,73,86.67,778.83,38.95,85.11,0.6217,-1,-1,-1
281,77,1234.27,332.44,140.58,380.98,0.6189,-1,-1,-1
282,4,1273.13,202.02,274.46,860.74,0.9844,-1,-1,-1
282,5,1614.99,171.88,366.15,939.60,0.9502,-1,-1,-1
282,61,637.08,314.02,202.70,524.18,0.9751,-1,-1,-1
282,13,1033.63,288.71,183.90,495.25,0.9844,-1,-1,-1
282,44,82.01,439.72,53.89,148.87,0.8142,-1,-1,-1
282,50,1180.59,278.55,150.15,472.58,0.9590,-1,-1,-1
282,67,866.15,404.87,41.51,127.56,0.8504,-1,-1,-1
282,40,260.90,426.69,52.07,137.80,0.8656,-1,-1,-1
282,71,306.06,426.89,42.67,125.57,0.8008,-1,-1,-1
282,77,1233.96,333.88,137.88,378.79,0.6801,-1,-1,-1
283,4,1277.67,198.45,276.80,866.78,0.9795,-1,-1,-1
283,5,1613.49,167.23,365.69,940.69,0.9614,-1,-1,-1
283,61,632.22,309.30,204.61,531.99,0.9732,-1,-1,-1
283,13,1033.54,287.75,181.45,498.45,0.9834,-1,-1,-1
283,44,85.87,436.73,50.84,139.38,0.6468,-1,-1,-1
283,50,1179.62,276.63,150.78,476.68,0.9566,-1,-1,-1
283,40,260.77,422.39,55.84,147.70,0.7971,-1,-1,-1
283,71,305.97,420.51,48.79,141.98,0.7418,-1,-1,-1
283,77,1221.68,334.08,138.94,383.51,0.7514,-1,-1,-1
284,4,1278.84,200.98,280.56,878.61,0.9805,-1,-1,-1
284,5,1613.44,163.04,372.16,957.08,0.9580,-1,-1,-1
284,61,625.41,304.60,206.22,539.06,0.9795,-1,-1,-1
284,13,1031.30,287.01,179.72,502.80,0.9819,-1,-1,-1
284,44,83.83,433.40,52.22,143.72,0.6302,-1,-1,-1
284,50,1177.12,274.78,150.98,480.87,0.9512,-1,-1,-1
284,40,259.49,420.72,56.30,148.95,0.8152,-1,-1,-1
284,71,305.83,417.19,49.53,143.16,0.7494,-1,-1,-1
284,77,1212.61,328.18,141.50,392.84,0.8153,-1,-1,-1
284,67,869.99,402.22,41.57,128.62,0.7070,-1,-1,-1
285,4,1281.71,200.23,285.73,896.14,0.9814,-1,-1,-1
285,5,1616.61,163.27,376.27,966.63,0.9595,-1,-1,-1
285,61,621.86,302.51,207.13,544.53,0.9810,-1,-1,-1
285,13,1030.50,289.39,177.27,504.37,0.9834,-1,-1,-1
285,44,86.44,433.25,53.07,146.60,0.8731,-1,-1,-1
285,50,1182.54,275.94,152.46,483.66,0.9546,-1,-1,-1
285,40,264.65,422.35,51.10,134.38,0.8640,-1,-1,-1
285,71,310.47,421.82,45.39,130.85,0.7981,-1,-1,-1
285,77,1212.75,327.60,143.41,400.15,0.8723,-1,-1,-1
285,67,874.42,403.24,41.51,129.32,0.8380,-1,-1,-1
285,57,34.12,465.66,44.87,113.37,0.8092,-1,-1,-1
285,73,88.15,774.98,38.66,85.03,0.8268,-1,-1,-1
286,4,1283.41,193.43,286.66,898.02,0.9824,-1,-1,-1
286,5,1616.66,157.25,383.98,983.52,0.9536,-1,-1,-1
286,61,613.57,295.60,207.83,552.00,0.9824,-1,-1,-1
286,13,1029.53,285.98,175.70,506.42,0.9800,-1,-1,-1
286,44,86.11,426.13,54.90,152.53,0.8615,-1,-1,-1
286,50,1181.39,269.26,153.96,489.00,0.9629,-1,-1,-1
286,40,266.85,417.03,48.09,126.54,0.8248,-1,-1,-1
286,71,313.74,417.21,42.01,120.38,0.7725,-1,-1,-1
286,77,1205.98,318.44,146.73,409.16,0.8431,-1,-1,-1
286,67,874.89,398.22,41.47,130.01,0.8147,-1,-1,-1
286,79,68.73,786.51,31.82,75.87,0.6648,-1,-1,-1
286,38,16.69,436.12,38.99,119.07,0.6118,-1,-1,-1
286,57,34.25,459.15,44.11,109.97,0.7844,-1,-1,-1
286,73,87.05,767.90,39.14,86.91,0.7771,-1,-1,-1
287,4,1280.94,184.97,294.66,924.29,0.9824,-1,-1,-1
287,5,1615.54,155.63,389.01,992.15,0.9562,-1,-1,-1
287,61,605.72,289.83,208.67,559.82,0.9805,-1,-1,-1
287,13,1028.56,284.59,173.80,507.34,0.9844,-1,-1,-1
287,44,85.65,421.81,55.05,154.33,0.8847,-1,-1,-1
287,50,1179.58,268.19,152.93,487.82,0.9654,-1,-1,-1
287,40,265.83,412.89,48.91,128.01,0.8562,-1,-1,-1
287,71,314.26,414.00,41.81,119.38,0.7689,-1,-1,-1
287,77,1200.39,313.54,148.74,416.34,0.8566,-1,-1,-1
287,67,875.74,395.81,40.71,128.04,0.8021,-1,-1,-1
287,79,67.50,780.83,32.15,76.71,0.6368,-1,-1,-1
287,57,33.85,455.56,43.46,107.49,0.8037,-1,-1,-1
287,73,87.00,764.33,38.27,85.76,0.7495,-1,-1,-1
288,4,1281.79,181.55,298.80,938.86,0.9824,-1,-1,-1
288,5,1613.68,153.80,391.71,996.72,0.9571,-1,-1,-1
288,61,599.53,286.37,209.20,566.66,0.9805,-1,-1,-1
288,13,1028.91,283.25,172.18,508.60,0.9844,-1,-1,-1
288,44,85.54,417.83,55.11,155.42,0.8790,-1,-1,-1
288,40,265.80,408.32,49.55,129.90,0.8645,-1,-1,-1
288,71,314.87,411.34,42.43,121.33,0.7862,-1,-1,-1
288,77,1181.41,282.20,163.11,462.59,0.9673,-1,-1,-1
288,67,877.96,392.86,40.46,128.18,0.8416,-1,-1,-1
288,79,66.91,776.12,31.86,75.94,0.6988,-1,-1,-1
288,57,33.74,451.59,43.74,107.98,0.8348,-1,-1,-1
288,73,87.02,759.44,38.52,87.11,0.7226,-1,-1,-1
289,4,1285.17,179.77,299.73,943.29,0.9815,-1,-1,-1
289,5,1618.31,151.44,388.96,984.26,0.9556,-1,-1,-1
289,61,591.31,283.06,213.03,581.25,0.9702,-1,-1,-1
289,13,1027.30,281.69,171.65,510.88,0.9849,-1,-1,-1
289,44,86.45,414.27,53.32,151.82,0.8473,-1,-1,-1
289,40,266.24,405.59,49.95,130.61,0.8775,-1,-1,-1
289,71,314.00,407.05,42.19,121.63,0.7554,-1,-1,-1
289,77,1193.02,299.81,151.71,432.28,0.8696,-1,-1,-1
289,67,878.33,385.25,41.92,133.58,0.8204,-1,-1,-1
289,79,67.46,773.78,31.31,74.65,0.7814,-1,-1,-1
289,57,32.42,447.78,43.97,108.64,0.8647,-1,-1,-1
289,73,86.75,756.42,37.98,85.82,0.8016,-1,-1,-1
289,50,1176.38,260.66,153.26,494.23,0.9644,-1,-1,-1
290,4,1288.18,180.69,300.75,947.73,0.9810,-1,-1,-1
290,5,1620.36,149.40,391.18,986.73,0.9497,-1,-1,-1
290,61,577.03,281.49,215.40,589.91,0.9741,-1,-1,-1
290,13,1027.65,280.21,170.93,511.45,0.9859,-1,-1,-1
290,44,87.37,412.68,52.19,149.03,0.7861,-1,-1,-1
290,40,267.03,403.62,49.33,129.07,0.8376,-1,-1,-1
290,71,313.70,401.74,40.26,116.83,0.6729,-1,-1,-1
290,77,1196.03,305.37,147.99,423.37,0.8628,-1,-1,-1
290,67,878.94,380.88,42.56,136.47,0.8237,-1,-1,-1
290,79,66.16,771.01,32.08,76.21,0.6833,-1,-1,-1
290,57,33.00,444.52,42.62,105.33,0.7275,-1,-1,-1
290,73,87.32,753.50,38.29,87.12,0.6791,-1,-1,-1
290,50,1172.73,258.15,151.87,498.55,0.9625,-1,-1,-1
291,4,1287.24,176.63,303.84,959.03,0.9800,-1,-1,-1
291,5,1618.89,145.55,393.87,991.24,0.9468,-1,-1,-1
291,61,559.97,279.48,219.42,598.48,0.9751,-1,-1,-1
291,13,1024.57,275.77,171.17,514.25,0.9839,-1,-1,-1
291,44,86.47,409.69,51.98,149.29,0.8112,-1,-1,-1
291,40,266.11,399.58,48.73,127.13,0.8361,-1,-1,-1
291,77,1192.30,303.27,149.42,427.94,0.8588,-1,-1,-1
291,67,878.62,372.26,43.84,141.96,0.8418,-1,-1,-1
291,57,31.34,439.74,42.88,105.92,0.6487,-1,-1,-1
291,50,1169.46,253.90,151.09,503.09,0.9566,-1,-1,-1
292,4,1288.15,175.66,302.31,953.59,0.9800,-1,-1,-1
292,5,1624.79,141.70,400.69,1005.63,0.9341,-1,-1,-1
292,61,545.53,278.73,221.94,602.07,0.9815,-1,-1,-1
292,13,1021.44,272.39,172.49,518.68,0.9824,-1,-1,-1
292,44,85.38,406.36,53.59,155.60,0.7222,-1,-1,-1
292,77,1186.53,299.95,152.28,436.07,0.8910,-1,-1,-1
292,67,879.86,373.17,42.23,137.50,0.8334,-1,-1,-1
292,57,28.50,434.62,45.48,112.00,0.6411,-1,-1,-1
292,50,1165.87,252.60,150.00,504.00,0.9537,-1,-1,-1
293,4,1290.28,174.38,299.47,943.60,0.9800,-1,-1,-1
293,5,1630.19,137.54,407.52,1018.86,0.9434,-1,-1,-1
293,61,535.48,277.92,227.57,614.71,0.9785,-1,-1,-1
293,13,1018.90,270.84,173.58,521.83,0.9854,-1,-1,-1
293,44,86.89,404.89,51.01,149.63,0.7947,-1,-1,-1
293,77,1183.90,297.85,153.85,439.89,0.9059,-1,-1,-1
293,67,880.92,372.50,41.68,137.00,0.8491,-1,-1,-1
293,57,26.18,432.93,47.52,118.64,0.7295,-1,-1,-1
293,50,1164.04,251.29,148.40,502.42,0.9518,-1,-1,-1
293,79,65.46,766.38,31.40,74.48,0.7485,-1,-1,-1
294,4,1291.51,173.54,298.98,939.73,0.9790,-1,-1,-1
294,5,1640.84,137.74,411.72,1023.92,0.9434,-1,-1,-1
294,61,527.29,275.98,234.39,630.59,0.9824,-1,-1,-1
294,13,1017.74,268.57,174.81,525.39,0.9844,-1,-1,-1
294,44,88.50,405.31,50.43,149.44,0.8379,-1,-1,-1
294,77,1183.44,297.10,153.83,438.86,0.8858,-1,-1,-1
294,67,883.61,376.62,40.48,132.78,0.8635,-1,-1,-1
294,57,27.91,432.62,47.80,119.46,0.6575,-1,-1,-1
294,50,1161.14,248.66,148.19,504.66,0.9591,-1,-1,-1
294,80,765.48,380.97,36.13,119.07,0.8035,-1,-1,-1
294,40,265.21,393.39,53.06,142.83,0.8470,-1,-1,-1
294,79,67.31,763.93,32.44,77.11,0.8049,-1,-1,-1
295,4,1292.60,166.12,302.71,950.09,0.9780,-1,-1,-1
295,5,1656.12,137.64,414.10,1024.04,0.9357,-1,-1,-1
295,61,523.70,275.98,238.01,637.88,0.9810,-1,-1,-1
295,13,1015.54,264.92,175.94,529.42,0.9849,-1,-1,-1
295,44,91.40,405.21,48.99,146.69,0.7981,-1,-1,-1
295,77,1181.86,294.33,156.42,445.29,0.8721,-1,-1,-1
295,67,887.46,377.29,40.16,132.05,0.8733,-1,-1,-1
295,57,30.31,429.39,50.63,127.67,0.8026,-1,-1,-1
295,50,1160.90,246.32,147.98,506.82,0.9600,-1,-1,-1
295,80,768.02,379.55,36.74,120.95,0.7462,-1,-1,-1
295,40,269.68,393.65,51.45,138.37,0.8654,-1,-1,-1
295,79,70.19,763.99,32.35,77.05,0.7746,-1,-1,-1
296,4,1296.55,164.53,302.55,947.42,0.9785,-1,-1,-1
296,5,1672.85,131.34,411.03,1014.30,0.9398,-1,-1,-1
296,61,517.68,271.42,242.34,648.50,0.9810,-1,-1,-1
296,13,1011.89,262.47,175.38,531.08,0.9800,-1,-1,-1
296,44,95.75,405.11,47.55,142.94,0.7968,-1,-1,-1
296,77,1187.62,296.20,153.17,437.27,0.8624,-1,-1,-1
296,67,891.07,376.87,40.35,133.12,0.8711,-1,-1,-1
296,50,1160.96,244.16,147.25,506.26,0.9557,-1,-1,-1
296,80,771.92,379.92,33.60,110.10,0.7788,-1,-1,-1
296,40,272.56,393.49,51.75,139.01,0.8543,-1,-1,-1
296,79,74.28,769.40,30.18,71.61,0.6682,-1,-1,-1
297,4,1299.65,160.96,304.33,949.97,0.9761,-1,-1,-1
297,5,1685.80,126.20,412.05,1015.70,0.9356,-1,-1,-1
297,61,507.90,266.76,245.52,655.92,0.9775,-1,-1,-1
297,13,1011.91,258.64,176.11,534.83,0.9795,-1,-1,-1
297,44,102.48,404.90,40.39,121.64,0.7367,-1,-1,-1
297,77,1191.37,295.57,152.56,436.66,0.8720,-1,-1,-1
297,67,894.64,375.45,40.44,134.41,0.8435,-1,-1,-1
297,50,1161.63,241.68,147.65,508.90,0.9591,-1,-1,-1
297,80,774.28,378.18,35.14,114.55,0.8034,-1,-1,-1
297,40,273.65,390.77,53.61,144.38,0.8932,-1,-1,-1
297,79,77.40,767.53,30.29,71.38,0.6211,-1,-1,-1
297,57,37.16,429.39,47.48,120.75,0.6910,-1,-1,-1
298,4,1300.99,154.67,309.64,963.22,0.9746,-1,-1,-1
298,5,1699.25,116.01,428.18,1054.98,0.9329,-1,-1,-1
298,61,498.07,260.94,249.54,665.93,0.9771,-1,-1,-1
298,13,1008.80,256.79,175.77,538.26,0.9732,-1,-1,-1
298,77,1197.00,296.46,151.09,433.84,0.8723,-1,-1,-1
298,67,899.19,375.51,40.34,134.00,0.8553,-1,-1,-1
298,50,1157.18,240.47,152.03,519.42,0.9580,-1,-1,-1
298,80,777.38,380.40,32.97,106.60,0.7679,-1,-1,-1
298,40,276.56,390.18,54.73,148.08,0.8318,-1,-1,-1
298,57,42.38,429.14,46.37,118.71,0.7627,-1,-1,-1
299,4,1302.18,140.28,317.92,985.55,0.9620,-1,-1,-1
299,5,1713.27,120.37,432.13,1064.11,0.9191,-1,-1,-1
299,61,488.26,257.51,251.61,673.54,0.9761,-1,-1,-1
299,13,1008.76,255.80,174.60,538.14,0.9732,-1,-1,-1
299,77,1200.40,296.56,150.94,437.55,0.8584,-1,-1,-1
299,67,904.12,374.99,40.09,132.94,0.8231,-1,-1,-1
299,50,1157.65,239.04,155.05,524.45,0.9605,-1,-1,-1
299,80,782.31,381.55,31.02,99.44,0.7340,-1,-1,-1
299,40,279.47,389.71,54.66,148.41,0.7785,-1,-1,-1
299,79,87.84,768.16,29.93,70.33,0.6483,-1,-1,-1
300,4,1302.69,131.20,327.75,1015.00,0.9547,-1,-1,-1
300,5,1724.89,86.84,452.86,1116.71,0.8546,-1,-1,-1
300,61,476.68,252.22,253.77,682.97,0.9731,-1,-1,-1
300,13,1009.20,254.34,173.63,539.32,0.9668,-1,-1,-1
300,77,1204.00,297.26,151.92,441.59,0.8467,-1,-1,-1
300,67,908.62,370.27,40.97,135.22,0.6973,-1,-1,-1
300,50,1159.31,237.87,158.99,531.16,0.9478,-1,-1,-1
300,40,283.29,387.59,53.45,146.13,0.7570,-1,-1,-1
301,4,1314.08,136.79,324.83,998.70,0.9649,-1,-1,-1
301,5,1743.03,84.75,455.03,1127.97,0.7947,-1,-1,-1
301,61,465.24,245.07,255.76,693.76,0.9771,-1,-1,-1
301,13,1008.81,252.44,173.40,543.78,0.9737,-1,-1,-1
301,77,1208.24,297.56,152.45,444.43,0.8404,-1,-1,-1
301,67,912.88,362.60,42.90,141.83,0.6701,-1,-1,-1
301,50,1164.07,237.38,160.03,529.33,0.9591,-1,-1,-1
302,4,1321.49,137.92,325.77,994.53,0.9722,-1,-1,-1
302,5,1756.97,126.28,418.35,1047.04,0.9035,-1,-1,-1
302,61,455.03,242.42,256.75,701.78,0.9771,-1,-1,-1
302,13,1010.44,252.59,171.78,544.06,0.9790,-1,-1,-1
302,77,1213.04,297.77,154.30,447.13,0.8922,-1,-1,-1
302,67,920.35,369.03,41.66,137.33,0.8173,-1,-1,-1
302,50,1171.75,235.57,163.06,537.72,0.9737,-1,-1,-1
303,4,1332.10,135.53,328.48,998.27,0.9697,-1,-1,-1
303,5,1779.83,64.50,443.44,1121.81,0.6297,-1,-1,-1
303,61,446.85,237.64,258.20,710.92,0.9839,-1,-1,-1
303,13,1013.87,250.21,170.43,544.29,0.9795,-1,-1,-1
303,77,1223.16,294.61,155.39,450.43,0.8807,-1,-1,-1
303,67,928.85,370.76,40.73,134.13,0.8771,-1,-1,-1
303,50,1180.83,232.46,165.37,542.35,0.9722,-1,-1,-1
303,80,802.94,373.94,39.06,124.61,0.7306,-1,-1,-1
304,4,1345.28,132.94,331.56,1001.49,0.9697,-1,-1,-1
304,5,1801.94,25.35,465.94,1191.56,0.6193,-1,-1,-1
304,61,438.96,230.25,263.20,732.55,0.9712,-1,-1,-1
304,13,1018.68,247.34,169.18,543.51,0.9795,-1,-1,-1
304,77,1232.54,290.98,155.37,450.31,0.8780,-1,-1,-1
304,67,936.98,367.30,40.74,134.27,0.8634,-1,-1,-1
304,50,1189.53,231.55,168.19,545.33,0.9727,-1,-1,-1
304,80,810.33,368.80,38.33,120.74,0.6649,-1,-1,-1
305,4,1351.33,126.57,338.06,1016.04,0.9678,-1,-1,-1
305,61,432.47,223.20,270.34,759.54,0.9693,-1,-1,-1
305,13,1016.92,243.31,170.94,545.81,0.9785,-1,-1,-1
305,77,1236.33,288.90,155.63,448.75,0.8687,-1,-1,-1
305,67,945.84,364.13,40.63,133.43,0.8400,-1,-1,-1
305,50,1194.44,229.23,170.85,546.69,0.9610,-1,-1,-1
306,4,1358.05,118.95,344.44,1031.98,0.9683,-1,-1,-1
306,61,427.70,219.95,274.80,778.38,0.9746,-1,-1,-1
306,13,1012.09,240.10,174.32,549.06,0.9791,-1,-1,-1
306,77,1242.57,287.22,155.72,449.33,0.8780,-1,-1,-1
306,67,953.40,359.76,41.13,134.90,0.8263,-1,-1,-1
306,50,1205.70,225.25,175.47,552.29,0.9683,-1,-1,-1
307,4,1367.31,113.89,351.26,1053.27,0.9702,-1,-1,-1
307,61,429.11,216.87,273.47,777.51,0.9746,-1,-1,-1
307,13,1006.40,237.66,179.13,551.55,0.9820,-1,-1,-1
307,77,1244.81,285.47,156.60,448.06,0.8663,-1,-1,-1
307,67,962.29,357.20,41.10,135.01,0.8776,-1,-1,-1
307,50,1212.39,222.45,179.79,559.73,0.9620,-1,-1,-1
307,80,837.55,361.68,33.59,103.74,0.5832,-1,-1,-1
308,4,1377.89,105.63,359.79,1080.29,0.9712,-1,-1,-1
308,61,424.63,214.75,282.02,803.64,0.9780,-1,-1,-1
308,13,1002.48,237.52,185.00,553.87,0.9839,-1,-1,-1
308,77,1254.29,283.53,158.66,452.33,0.8874,-1,-1,-1
308,67,971.77,355.76,41.30,135.49,0.8806,-1,-1,-1
308,50,1219.13,220.26,180.41,557.82,0.9644,-1,-1,-1
309,4,1387.18,93.41,368.65,1107.45,0.9664,-1,-1,-1
309,61,419.64,213.07,290.68,829.81,0.9736,-1,-1,-1
309,13,1000.43,237.32,190.81,553.78,0.9771,-1,-1,-1
309,77,1261.18,279.11,158.76,455.57,0.8984,-1,-1,-1
309,67,981.12,352.23,41.61,137.45,0.8401,-1,-1,-1
309,50,1225.60,217.67,181.33,558.48,0.9707,-1,-1,-1
310,4,1405.13,86.97,376.68,1130.04,0.9590,-1,-1,-1
310,61,420.43,211.97,293.69,838.75,0.9693,-1,-1,-1
310,13,1002.95,236.58,197.53,555.67,0.9771,-1,-1,-1
310,77,1267.56,277.46,158.14,454.54,0.8825,-1,-1,-1
310,67,992.35,352.15,41.37,136.41,0.7712,-1,-1,-1
310,50,1232.91,215.95,180.57,554.08,0.9561,-1,-1,-1
310,81,701.14,361.40,49.24,186.30,0.6733,-1,-1,-1
311,4,1418.92,80.00,379.15,1137.48,0.9644,-1,-1,-1
311,61,414.79,206.49,303.90,871.16,0.9648,-1,-1,-1
311,13,1008.55,235.94,204.00,558.76,0.9766,-1,-1,-1
311,77,1275.27,278.67,156.04,450.31,0.8768,-1,-1,-1
311,67,1003.98,351.81,40.98,134.21,0.7777,-1,-1,-1
311,50,1240.83,212.27,182.21,557.41,0.9512,-1,-1,-1
311,81,714.99,369.60,46.38,175.23,0.7507,-1,-1,-1
311,82,111.65,392.65,42.61,103.14,0.6307,-1,-1,-1
312,4,1434.59,74.27,382.89,1148.43,0.9629,-1,-1,-1
312,61,410.15,203.62,307.48,881.98,0.9595,-1,-1,-1
312,13,1014.72,234.98,210.10,561.75,0.9800,-1,-1,-1
312,77,1280.99,278.17,155.04,448.66,0.8787,-1,-1,-1
312,50,1242.54,210.71,187.69,570.25,0.9551,-1,-1,-1
312,82,126.01,390.90,41.70,101.15,0.7302,-1,-1,-1
313,4,1449.57,69.21,388.19,1162.51,0.9644,-1,-1,-1
313,61,403.96,196.79,315.06,906.77,0.9668,-1,-1,-1
313,13,1021.80,233.72,216.10,563.70,0.9844,-1,-1,-1
313,77,1283.70,275.13,158.75,461.08,0.8762,-1,-1,-1
313,50,1248.88,209.98,190.17,578.66,0.9503,-1,-1,-1
313,67,1024.89,348.16,41.51,135.34,0.8018,-1,-1,-1
314,4,1469.64,68.18,391.28,1170.56,0.9600,-1,-1,-1
314,61,395.28,187.01,322.05,928.07,0.9614,-1,-1,-1
314,13,1029.21,232.79,221.51,564.36,0.9771,-1,-1,-1
314,77,1292.79,272.03,161.81,475.08,0.8911,-1,-1,-1
314,50,1248.73,209.77,185.26,571.51,0.9348,-1,-1,-1
314,67,1035.55,346.92,42.09,137.43,0.8125,-1,-1,-1
315,4,1490.67,58.37,402.48,1201.80,0.9639,-1,-1,-1
315,61,388.75,178.65,327.79,949.97,0.9595,-1,-1,-1
315,13,1039.32,233.19,227.74,568.64,0.9815,-1,-1,-1
315,77,1304.98,272.21,162.40,483.01,0.8998,-1,-1,-1
315,50,1255.60,210.96,182.70,567.80,0.9488,-1,-1,-1
315,67,1047.39,350.65,41.55,135.95,0.8421,-1,-1,-1
315,57,211.88,409.69,47.25,124.79,0.7843,-1,-1,-1
315,80,915.44,359.26,32.66,98.67,0.6598,-1,-1,-1
316,4,1514.50,59.26,406.34,1211.82,0.9503,-1,-1,-1
316,61,374.59,166.98,337.63,985.10,0.9639,-1,-1,-1
316,13,1045.54,231.02,238.47,588.93,0.9795,-1,-1,-1
316,77,1318.26,273.49,161.63,485.63,0.9057,-1,-1,-1
316,50,1257.37,209.31,186.06,586.69,0.9488,-1,-1,-1
316,67,1059.23,352.11,43.09,140.73,0.7340,-1,-1,-1
316,80,923.82,359.44,36.16,108.48,0.5771,-1,-1,-1
317,4,1531.61,50.47,417.25,1243.27,0.9329,-1,-1,-1
317,61,371.41,166.82,347.44,1010.79,0.9405,-1,-1,-1
317,13,1052.39,231.30,241.58,589.28,0.9805,-1,-1,-1
317,77,1322.00,279.59,160.71,479.55,0.9083,-1,-1,-1
317,50,1261.50,209.70,182.19,579.51,0.9508,-1,-1,-1
318,4,1550.19,63.63,416.12,1236.11,0.9248,-1,-1,-1
318,61,356.67,168.74,347.24,1007.27,0.9275,-1,-1,-1
318,13,1057.31,232.33,245.39,593.66,0.9815,-1,-1,-1
318,77,1330.15,286.66,158.33,469.73,0.9071,-1,-1,-1
318,50,1267.99,212.79,179.70,576.30,0.9512,-1,-1,-1
318,80,940.63,364.38,38.32,113.49,0.7378,-1,-1,-1
319,4,1568.37,59.99,417.16,1239.03,0.9134,-1,-1,-1
319,61,330.07,160.78,347.17,1011.41,0.9275,-1,-1,-1
319,13,1060.54,232.63,249.98,600.49,0.9815,-1,-1,-1
319,77,1336.53,285.25,159.41,473.08,0.9344,-1,-1,-1
319,50,1273.49,215.48,180.06,585.02,0.9576,-1,-1,-1
320,4,1579.44,48.56,426.90,1268.15,0.9095,-1,-1,-1
320,61,307.91,158.69,350.89,1021.62,0.9125,-1,-1,-1
320,13,1057.61,234.82,252.61,606.94,0.9825,-1,-1,-1
320,77,1331.24,284.84,165.04,481.96,0.9629,-1,-1,-1
320,50,1275.18,220.98,178.47,584.90,0.9561,-1,-1,-1
320,80,949.60,371.92,39.80,117.71,0.6537,-1,-1,-1
321,4,1589.72,58.35,426.39,1269.21,0.8869,-1,-1,-1
321,61,282.16,161.22,354.81,1034.22,0.9275,-1,-1,-1
321,13,1056.78,239.23,251.01,604.73,0.9800,-1,-1,-1
321,77,1335.11,288.98,168.10,487.14,0.9615,-1,-1,-1
321,50,1275.20,224.71,179.17,589.74,0.9585,-1,-1,-1
322,4,1597.32,70.73,418.90,1253.15,0.9080,-1,-1,-1
322,61,254.73,161.90,359.26,1049.07,0.9181,-1,-1,-1
322,13,1055.72,239.12,254.69,615.90,0.9785,-1,-1,-1
322,77,1337.23,289.65,171.44,491.36,0.9678,-1,-1,-1
322,50,1268.10,224.91,181.62,593.70,0.9580,-1,-1,-1
322,80,959.98,378.65,35.28,102.37,0.6883,-1,-1,-1
323,4,1620.83,84.55,406.71,1208.02,0.8869,-1,-1,-1
323,61,222.50,148.10,381.25,1108.36,0.9027,-1,-1,-1
323,13,1052.62,239.62,252.07,613.18,0.9746,-1,-1,-1
323,77,1337.98,291.39,173.63,490.33,0.9600,-1,-1,-1
323,50,1264.32,225.80,185.59,601.64,0.9533,-1,-1,-1
323,80,966.04,380.09,34.48,99.70,0.5915,-1,-1,-1
324,4,1635.01,89.72,402.50,1188.34,0.8483,-1,-1,-1
324,61,190.33,153.05,383.40,1107.82,0.9024,-1,-1,-1
324,13,1046.41,239.86,252.63,621.37,0.9717,-1,-1,-1
324,77,1338.15,293.40,178.91,498.38,0.9595,-1,-1,-1
324,50,1255.92,227.50,189.08,600.69,0.9587,-1,-1,-1
324,80,968.48,381.66,33.73,97.49,0.5929,-1,-1,-1
325,4,1640.33,99.60,400.10,1178.24,0.8725,-1,-1,-1
325,61,156.87,155.29,397.25,1146.73,0.8986,-1,-1,-1
325,13,1034.10,239.76,249.17,625.99,0.9761,-1,-1,-1
325,77,1338.38,294.47,182.86,502.11,0.9663,-1,-1,-1
325,50,1249.92,229.42,193.18,602.63,0.9736,-1,-1,-1
325,80,968.11,379.72,37.14,107.28,0.7265,-1,-1,-1
326,4,1643.73,92.53,408.17,1197.32,0.8889,-1,-1,-1
326,61,117.54,146.06,415.32,1175.90,0.8552,-1,-1,-1
326,13,1025.28,239.87,241.94,620.32,0.9849,-1,-1,-1
326,77,1334.62,293.05,186.19,504.76,0.9761,-1,-1,-1
326,50,1245.54,228.10,196.84,601.26,0.9722,-1,-1,-1
326,80,965.24,378.73,40.90,118.58,0.7157,-1,-1,-1
327,4,1648.72,88.88,406.99,1190.62,0.8478,-1,-1,-1
327,61,82.34,152.92,430.55,1213.78,0.8537,-1,-1,-1
327,13,1019.26,239.61,238.88,624.53,0.9863,-1,-1,-1
327,77,1328.72,292.37,188.25,506.21,0.9732,-1,-1,-1
327,50,1242.55,228.58,200.55,601.85,0.9639,-1,-1,-1
327,80,964.53,378.61,39.98,116.99,0.7350,-1,-1,-1
327,84,791.19,393.39,56.26,138.11,0.8917,-1,-1,-1
328,4,1657.20,86.72,408.51,1189.31,0.8612,-1,-1,-1
328,61,38.00,143.07,444.43,1259.07,0.8762,-1,-1,-1
328,13,1013.21,239.62,237.18,631.66,0.9849,-1,-1,-1
328,77,1321.93,292.30,187.53,504.54,0.9707,-1,-1,-1
328,50,1237.76,227.87,202.88,597.43,0.9663,-1,-1,-1
328,80,963.12,378.34,39.56,116.26,0.6003,-1,-1,-1
328,84,790.34,393.33,56.01,137.79,0.8898,-1,-1,-1
329,4,1665.48,66.81,423.63,1228.76,0.8767,-1,-1,-1
329,61,-10.15,124.18,459.99,1305.23,0.8721,-1,-1,-1
329,13,1008.55,239.44,234.90,635.79,0.9844,-1,-1,-1
329,77,1314.86,292.79,185.95,503.25,0.9610,-1,-1,-1
329,50,1224.31,227.69,210.24,610.73,0.9741,-1,-1,-1
329,80,961.78,379.60,36.84,108.86,0.6013,-1,-1,-1
329,84,789.94,394.37,55.72,137.69,0.8747,-1,-1,-1
330,4,1666.71,60.52,431.77,1254.22,0.8882,-1,-1,-1
330,61,-63.12,114.96,468.42,1324.33,0.8406,-1,-1,-1
330,13,1004.59,236.48,232.32,638.01,0.9844,-1,-1,-1
330,77,1309.52,289.48,183.94,504.00,0.9625,-1,-1,-1
330,50,1214.69,225.04,215.95,618.74,0.9727,-1,-1,-1
330,80,960.87,378.12,37.14,110.06,0.7097,-1,-1,-1
330,84,788.89,392.90,55.78,138.68,0.8852,-1,-1,-1
331,4,1672.67,61.29,431.06,1253.03,0.8942,-1,-1,-1
331,61,-152.55,71.75,495.92,1396.84,0.8056,-1,-1,-1
331,13,1001.92,235.24,229.58,638.16,0.9844,-1,-1,-1
331,77,1303.72,286.77,181.02,504.55,0.9475,-1,-1,-1
331,50,1206.03,221.37,219.92,621.48,0.9736,-1,-1,-1
331,80,960.31,377.99,38.48,114.95,0.7049,-1,-1,-1
331,84,789.81,392.33,55.89,139.99,0.8992,-1,-1,-1
332,4,1680.75,60.29,428.83,1245.60,0.8802,-1,-1,-1
332,61,-205.41,65.29,492.74,1387.84,0.8270,-1,-1,-1
332,13,998.53,232.74,227.56,640.63,0.9839,-1,-1,-1
332,77,1299.31,286.78,175.55,500.13,0.9415,-1,-1,-1
332,50,1198.64,219.02,223.23,625.17,0.9732,-1,-1,-1
332,80,960.35,380.02,35.04,104.93,0.5725,-1,-1,-1
332,84,793.13,391.30,55.68,140.42,0.9124,-1,-1,-1
333,4,1687.16,57.45,432.16,1252.08,0.8630,-1,-1,-1
333,61,-269.24,33.57,491.09,1377.71,0.5813,-1,-1,-1
333,13,994.86,230.16,226.00,644.45,0.9854,-1,-1,-1
333,77,1292.76,282.69,177.01,516.47,0.9508,-1,-1,-1
333,50,1192.19,214.92,227.02,629.33,0.9663,-1,-1,-1
333,80,958.90,378.49,34.39,104.08,0.7069,-1,-1,-1
333,84,794.59,389.44,56.40,142.89,0.9272,-1,-1,-1
333,57,253.21,426.73,52.14,142.24,0.7619,-1,-1,-1
334,4,1693.63,59.98,422.86,1221.08,0.8554,-1,-1,-1
334,13,990.23,227.15,225.51,651.76,0.9868,-1,-1,-1
334,77,1288.02,280.92,174.56,518.34,0.9503,-1,-1,-1
334,50,1180.74,211.46,227.99,634.00,0.9585,-1,-1,-1
334,80,956.74,377.88,36.93,112.84,0.6664,-1,-1,-1
334,84,796.62,388.94,56.75,143.30,0.9412,-1,-1,-1
335,4,1696.90,55.89,431.76,1242.86,0.8487,-1,-1,-1
335,13,986.06,224.53,226.41,662.83,0.9888,-1,-1,-1
335,77,1286.09,279.23,172.72,522.38,0.9465,-1,-1,-1
335,50,1173.16,209.39,224.85,634.00,0.9795,-1,-1,-1
335,80,953.26,377.52,41.70,128.18,0.7699,-1,-1,-1
335,84,797.95,389.33,56.73,142.96,0.9403,-1,-1,-1
335,57,254.43,430.70,45.30,125.88,0.7296,-1,-1,-1
336,4,1696.46,53.05,446.95,1286.76,0.8713,-1,-1,-1
336,13,983.02,226.16,226.11,669.34,0.9868,-1,-1,-1
336,77,1285.06,282.40,168.44,518.51,0.9460,-1,-1,-1
336,50,1172.32,209.75,224.41,638.74,0.9649,-1,-1,-1
336,80,952.34,379.92,40.84,124.81,0.8249,-1,-1,-1
336,84,800.16,392.26,56.46,141.89,0.9450,-1,-1,-1
336,57,255.67,433.74,43.51,123.29,0.7757,-1,-1,-1
337,4,1701.41,56.06,449.56,1288.55,0.8365,-1,-1,-1
337,13,980.03,229.59,223.90,668.36,0.9858,-1,-1,-1
337,77,1282.23,282.19,166.41,520.92,0.9420,-1,-1,-1
337,50,1170.63,209.26,221.79,642.31,0.9746,-1,-1,-1
337,84,801.85,392.40,57.13,142.83,0.9435,-1,-1,-1
338,4,1712.54,26.36,470.11,1342.89,0.7829,-1,-1,-1
338,13,976.16,230.71,223.90,673.01,0.9868,-1,-1,-1
338,77,1277.04,283.07,164.34,520.43,0.9518,-1,-1,-1
338,50,1170.66,209.30,218.42,646.09,0.9727,-1,-1,-1
338,84,802.29,393.90,56.96,141.81,0.9376,-1,-1,-1
339,4,1721.14,5.09,490.48,1395.89,0.7820,-1,-1,-1
339,13,970.70,233.28,225.25,680.61,0.9839,-1,-1,-1
339,77,1274.01,287.75,163.13,520.94,0.9557,-1,-1,-1
339,50,1172.84,214.76,213.12,643.97,0.9611,-1,-1,-1
339,84,802.98,398.34,57.02,141.41,0.9450,-1,-1,-1
340,13,965.69,232.07,225.84,686.00,0.9829,-1,-1,-1
340,77,1268.59,282.90,165.97,533.96,0.9364,-1,-1,-1
340,50,1174.58,214.57,209.84,647.14,0.9650,-1,-1,-1
340,84,802.57,396.47,58.19,143.50,0.9221,-1,-1,-1
341,13,961.37,233.61,229.25,701.15,0.9776,-1,-1,-1
341,77,1263.90,286.93,167.44,538.80,0.9390,-1,-1,-1
341,50,1177.36,217.21,202.56,635.93,0.9659,-1,-1,-1
341,84,803.24,396.71,59.31,144.71,0.9363,-1,-1,-1
341,4,1740.88,31.02,450.91,1271.64,0.7202,-1,-1,-1
342,13,958.02,230.79,235.47,724.34,0.9815,-1,-1,-1
342,77,1264.56,288.02,167.02,539.01,0.9488,-1,-1,-1
342,50,1179.87,216.20,200.97,642.26,0.9756,-1,-1,-1
342,84,805.55,396.47,60.51,146.05,0.9455,-1,-1,-1
342,4,1745.23,27.85,470.45,1316.11,0.7639,-1,-1,-1
343,13,961.43,232.23,233.60,720.61,0.9834,-1,-1,-1
343,77,1267.61,292.81,167.48,539.96,0.9456,-1,-1,-1
343,50,1183.13,218.31,202.68,660.79,0.9717,-1,-1,-1
343,84,810.50,397.15,60.96,146.53,0.9425,-1,-1,-1
343,4,1744.60,36.34,466.90,1301.37,0.7368,-1,-1,-1
344,13,963.63,232.14,230.81,713.94,0.9829,-1,-1,-1
344,77,1270.47,294.29,169.25,541.66,0.9450,-1,-1,-1
344,50,1188.89,220.09,200.06,663.42,0.9732,-1,-1,-1
344,84,815.23,396.69,61.70,147.59,0.9430,-1,-1,-1
344,4,1743.60,15.02,489.99,1364.26,0.6834,-1,-1,-1
344,80,960.99,380.39,47.02,142.27,0.6951,-1,-1,-1
345,13,962.75,229.55,228.49,711.81,0.9829,-1,-1,-1
345,77,1269.55,291.22,174.18,548.42,0.9405,-1,-1,-1
345,50,1192.00,218.60,197.91,665.95,0.9771,-1,-1,-1
345,84,818.76,394.10,62.32,148.85,0.9474,-1,-1,-1
345,4,1758.58,25.63,472.60,1302.75,0.6026,-1,-1,-1
345,80,965.20,377.29,49.67,147.22,0.6893,-1,-1,-1
346,13,961.40,229.37,230.20,718.38,0.9815,-1,-1,-1
346,77,1272.92,290.68,178.94,554.21,0.9430,-1,-1,-1
346,50,1192.86,218.43,196.48,668.55,0.9751,-1,-1,-1
346,84,820.56,393.38,62.68,150.19,0.9372,-1,-1,-1
346,4,1752.26,16.13,485.10,1337.47,0.6438,-1,-1,-1
347,13,960.78,229.38,227.97,714.96,0.9819,-1,-1,-1
347,77,1277.94,285.87,183.70,562.27,0.9474,-1,-1,-1
347,50,1193.09,216.86,195.49,671.84,0.9775,-1,-1,-1
347,84,823.25,392.99,62.47,151.12,0.9337,-1,-1,-1
347,4,1749.00,1.32,507.27,1401.32,0.6296,-1,-1,-1
348,13,956.92,228.08,227.60,719.47,0.9814,-1,-1,-1
348,77,1280.04,282.03,185.38,563.03,0.9523,-1,-1,-1
348,50,1192.27,216.92,193.59,671.20,0.9785,-1,-1,-1
348,84,825.33,392.88,61.97,151.89,0.9366,-1,-1,-1
348,4,1749.63,4.19,509.20,1407.95,0.6489,-1,-1,-1
348,85,758.30,406.08,41.02,137.03,0.8464,-1,-1,-1
349,13,953.99,226.31,226.64,721.71,0.9854,-1,-1,-1
349,77,1277.63,283.99,187.63,563.17,0.9518,-1,-1,-1
349,50,1191.86,217.70,192.76,672.60,0.9766,-1,-1,-1
349,84,827.84,393.06,61.40,153.04,0.9342,-1,-1,-1
349,85,759.50,406.07,41.09,137.03,0.8072,-1,-1,-1
350,13,952.94,227.17,222.64,713.33,0.9873,-1,-1,-1
350,77,1269.62,284.17,194.98,580.06,0.9502,-1,-1,-1
350,50,1191.57,218.19,190.86,668.81,0.9751,-1,-1,-1
350,84,830.52,394.65,60.91,154.33,0.9396,-1,-1,-1
350,85,755.72,397.10,47.74,159.15,0.7063,-1,-1,-1
350,4,1759.59,-3.38,506.67,1405.58,0.6438,-1,-1,-1
351,13,950.76,225.70,223.14,718.91,0.9868,-1,-1,-1
351,77,1262.60,287.17,193.86,571.52,0.9425,-1,-1,-1
351,50,1191.31,217.64,190.45,668.81,0.9737,-1,-1,-1
351,84,834.19,397.04,59.73,153.47,0.9406,-1,-1,-1
351,85,756.96,394.75,47.87,159.16,0.8476,-1,-1,-1
351,4,1766.72,21.92,468.89,1305.47,0.6224,-1,-1,-1
352,13,948.91,227.37,219.95,709.82,0.9868,-1,-1,-1
352,77,1262.20,288.66,190.83,566.30,0.9362,-1,-1,-1
352,50,1190.39,216.54,190.96,668.74,0.9732,-1,-1,-1
352,84,837.02,399.46,58.55,152.65,0.9425,-1,-1,-1
352,85,750.41,391.23,54.87,182.47,0.8921,-1,-1,-1
353,13,944.73,228.26,220.89,715.18,0.9878,-1,-1,-1
353,77,1260.41,289.54,187.93,563.65,0.9396,-1,-1,-1
353,50,1186.82,215.12,192.56,673.88,0.9810,-1,-1,-1
353,84,839.28,401.96,57.66,152.77,0.9376,-1,-1,-1
353,85,748.37,392.07,57.13,190.26,0.8843,-1,-1,-1
353,86,773.26,413.84,43.51,136.08,0.8618,-1,-1,-1
353,4,1774.22,22.18,464.86,1301.05,0.6518,-1,-1,-1
354,13,940.44,230.49,221.60,717.13,0.9858,-1,-1,-1
354,77,1253.76,291.84,185.27,565.58,0.9426,-1,-1,-1
354,50,1184.57,215.78,194.31,678.64,0.9805,-1,-1,-1
354,84,840.58,405.22,57.12,154.13,0.9274,-1,-1,-1
354,85,747.81,394.69,58.42,195.03,0.8841,-1,-1,-1
354,86,774.27,415.79,44.41,138.88,0.8805,-1,-1,-1
354,4,1779.46,18.44,455.92,1286.87,0.6392,-1,-1,-1
355,13,927.90,231.91,225.09,719.58,0.9849,-1,-1,-1
355,77,1253.26,292.66,181.16,564.24,0.9470,-1,-1,-1
355,50,1180.13,217.09,195.92,683.48,0.9810,-1,-1,-1
355,84,840.79,406.71,57.17,155.95,0.9181,-1,-1,-1
355,85,747.14,396.33,58.76,197.35,0.8782,-1,-1,-1
355,86,773.66,415.13,45.58,142.42,0.8456,-1,-1,-1
355,4,1806.16,56.51,414.69,1168.49,0.6374,-1,-1,-1
356,13,912.39,232.10,230.75,727.11,0.9814,-1,-1,-1
356,77,1251.25,293.40,178.83,567.68,0.9411,-1,-1,-1
356,50,1171.74,215.63,199.70,692.55,0.9751,-1,-1,-1
356,84,839.93,406.30,57.50,157.51,0.9210,-1,-1,-1
356,85,745.70,395.71,59.08,198.74,0.8671,-1,-1,-1
356,86,767.67,401.64,51.10,158.41,0.8756,-1,-1,-1
357,13,898.26,236.13,237.45,734.10,0.9829,-1,-1,-1
357,77,1244.49,295.86,177.84,569.14,0.9566,-1,-1,-1
357,50,1158.46,217.94,203.89,699.43,0.9810,-1,-1,-1
357,84,841.65,410.74,57.08,157.19,0.9400,-1,-1,-1
357,85,740.16,400.62,58.84,198.95,0.8491,-1,-1,-1
357,86,774.23,414.10,48.54,148.62,0.8656,-1,-1,-1
358,13,882.12,239.17,243.24,736.66,0.9839,-1,-1,-1
358,77,1236.33,299.86,178.25,572.63,0.9678,-1,-1,-1
358,50,1144.26,218.88,208.05,703.04,0.9829,-1,-1,-1
358,84,841.13,410.74,57.41,157.93,0.9381,-1,-1,-1
358,85,732.86,400.01,59.35,199.60,0.8591,-1,-1,-1
358,86,776.40,420.06,46.92,141.24,0.8886,-1,-1,-1
359,13,868.25,238.95,248.84,739.08,0.9814,-1,-1,-1
359,77,1225.49,299.77,179.91,576.11,0.9727,-1,-1,-1
359,50,1131.33,222.51,212.47,702.51,0.9829,-1,-1,-1
359,84,839.04,408.00,58.48,159.07,0.9371,-1,-1,-1
359,85,724.84,395.79,59.42,198.72,0.8929,-1,-1,-1
359,86,777.53,420.96,46.47,137.57,0.8970,-1,-1,-1
360,13,854.30,240.31,254.54,744.10,0.9854,-1,-1,-1
360,77,1212.60,303.05,181.89,578.25,0.9746,-1,-1,-1
360,50,1122.01,225.73,216.97,705.50,0.9785,-1,-1,-1
360,84,836.99,408.00,59.37,160.36,0.9366,-1,-1,-1
360,85,719.84,395.33,59.68,199.45,0.9080,-1,-1,-1
360,86,771.91,411.29,51.52,150.31,0.8519,-1,-1,-1
361,13,845.66,240.11,261.36,753.43,0.9849,-1,-1,-1
361,77,1198.56,299.10,186.25,585.65,0.9668,-1,-1,-1
361,50,1110.57,227.32,221.64,710.73,0.9766,-1,-1,-1
361,84,831.80,408.18,59.70,162.15,0.9377,-1,-1,-1
361,85,714.91,398.30,59.05,197.78,0.9052,-1,-1,-1
361,86,767.14,407.46,54.32,155.17,0.8810,-1,-1,-1
362,13,835.49,239.90,266.70,762.39,0.9834,-1,-1,-1
362,77,1187.82,300.26,189.29,586.72,0.9707,-1,-1,-1
362,50,1093.30,227.82,228.32,715.92,0.9722,-1,-1,-1
362,84,824.52,408.55,59.79,163.69,0.9189,-1,-1,-1
362,85,708.25,400.02,58.91,197.82,0.9134,-1,-1,-1
362,86,767.42,418.72,51.10,143.68,0.8538,-1,-1,-1
363,13,824.19,241.11,271.79,772.08,0.9819,-1,-1,-1
363,77,1179.45,302.47,191.23,586.24,0.9751,-1,-1,-1
363,50,1083.96,228.36,234.84,724.63,0.9741,-1,-1,-1
363,84,819.19,409.41,59.71,165.13,0.9167,-1,-1,-1
363,85,702.65,399.94,59.20,198.57,0.9116,-1,-1,-1
363,86,760.22,413.51,54.67,151.36,0.7318,-1,-1,-1
364,13,813.51,239.01,276.25,783.34,0.9839,-1,-1,-1
364,77,1169.42,304.24,193.97,588.42,0.9702,-1,-1,-1
364,50,1073.25,226.83,239.83,728.92,0.9741,-1,-1,-1
364,84,812.41,410.20,59.21,165.64,0.9062,-1,-1,-1
364,85,695.69,399.97,59.07,197.84,0.9223,-1,-1,-1
364,86,758.26,421.44,52.47,143.43,0.7750,-1,-1,-1
364,87,1383.78,389.54,42.60,112.46,0.6936,-1,-1,-1
365,13,802.64,237.45,278.42,787.47,0.9844,-1,-1,-1
365,77,1160.15,302.57,196.10,592.05,0.9736,-1,-1,-1
365,50,1067.27,226.58,243.75,732.40,0.9790,-1,-1,-1
365,84,806.40,411.99,58.51,164.91,0.8627,-1,-1,-1
365,85,689.43,399.97,59.36,198.32,0.9371,-1,-1,-1
365,86,744.72,407.26,58.87,158.87,0.9096,-1,-1,-1
366,13,794.55,234.72,275.95,774.71,0.9858,-1,-1,-1
366,77,1154.00,299.90,198.09,596.34,0.9795,-1,-1,-1
366,50,1056.56,225.45,247.37,733.79,0.9746,-1,-1,-1
366,85,681.89,399.61,59.79,198.39,0.9412,-1,-1,-1
366,86,735.95,400.35,62.41,166.46,0.9192,-1,-1,-1
367,13,784.48,229.01,280.00,782.06,0.9844,-1,-1,-1
367,77,1149.63,295.63,200.10,600.43,0.9800,-1,-1,-1
367,50,1049.42,219.01,252.91,736.83,0.9790,-1,-1,-1
367,85,675.51,399.08,60.06,197.88,0.9376,-1,-1,-1
367,86,732.09,396.78,63.95,168.98,0.9259,-1,-1,-1
368,13,776.44,222.37,281.23,780.49,0.9834,-1,-1,-1
368,77,1148.47,291.20,203.26,607.88,0.9756,-1,-1,-1
368,50,1048.36,214.88,255.17,732.97,0.9800,-1,-1,-1
368,85,671.49,399.34,59.99,195.82,0.9330,-1,-1,-1
368,86,729.64,393.93,64.53,170.72,0.9071,-1,-1,-1
368,87,1359.90,384.08,42.18,110.76,0.8200,-1,-1,-1
369,13,764.66,217.31,282.90,775.73,0.9888,-1,-1,-1
369,77,1146.96,285.17,206.21,615.58,0.9790,-1,-1,-1
369,50,1047.43,205.26,257.65,733.35,0.9795,-1,-1,-1
369,85,668.15,397.74,59.64,193.16,0.9431,-1,-1,-1
369,86,728.70,390.98,64.14,170.41,0.9363,-1,-1,-1
369,88,1316.80,380.63,41.55,122.04,0.5848,-1,-1,-1
369,87,1359.73,381.78,39.66,103.67,0.7020,-1,-1,-1
370,13,753.31,212.95,286.88,777.81,0.9858,-1,-1,-1
370,77,1144.65,280.66,208.21,618.19,0.9785,-1,-1,-1
370,50,1044.84,199.19,259.56,735.17,0.9795,-1,-1,-1
370,85,664.96,396.21,60.06,193.45,0.9382,-1,-1,-1
370,86,728.73,389.45,63.97,171.07,0.9108,-1,-1,-1
370,87,1356.66,379.53,41.24,107.28,0.7884,-1,-1,-1
370,89,1006.13,377.06,52.43,158.76,0.8620,-1,-1,-1
371,13,734.77,208.80,290.86,782.73,0.9839,-1,-1,-1
371,77,1142.05,276.61,209.42,618.27,0.9741,-1,-1,-1
371,50,1038.51,197.54,260.86,736.87,0.9785,-1,-1,-1
371,85,660.32,394.35,60.80,194.85,0.9359,-1,-1,-1
371,87,1354.26,378.41,41.35,107.10,0.7747,-1,-1,-1
371,89,1000.58,374.83,52.44,159.18,0.7622,-1,-1,-1
371,67,964.12,374.49,54.38,164.43,0.7830,-1,-1,-1
371,90,614.59,390.15,60.21,201.15,0.9183,-1,-1,-1
372,13,716.09,204.51,295.64,790.50,0.9844,-1,-1,-1
372,77,1137.71,274.76,209.30,618.16,0.9683,-1,-1,-1
372,50,1033.16,196.87,261.78,739.42,0.9829,-1,-1,-1
372,85,656.32,394.68,61.13,195.35,0.9315,-1,-1,-1
372,87,1351.83,378.82,40.89,105.68,0.7737,-1,-1,-1
372,89,996.01,374.61,52.54,159.84,0.8765,-1,-1,-1
372,67,961.51,376.43,52.77,159.45,0.7995,-1,-1,-1
372,90,610.18,388.96,60.85,203.22,0.9382,-1,-1,-1
373,13,696.77,192.96,301.81,807.97,0.9834,-1,-1,-1
373,77,1130.71,274.54,213.71,632.77,0.9454,-1,-1,-1
373,50,1022.15,190.80,264.09,748.96,0.9702,-1,-1,-1
373,85,652.96,393.29,60.99,195.50,0.8942,-1,-1,-1
373,90,605.51,386.28,61.58,205.49,0.9049,-1,-1,-1
374,13,680.92,186.77,304.70,819.33,0.9839,-1,-1,-1
374,77,1125.35,271.05,213.58,633.12,0.9508,-1,-1,-1
374,50,1015.76,187.73,263.76,750.93,0.9746,-1,-1,-1
374,85,651.34,390.54,60.56,194.62,0.8917,-1,-1,-1
374,90,605.19,384.41,61.44,205.15,0.9146,-1,-1,-1
374,89,987.07,367.91,58.00,176.94,0.5995,-1,-1,-1
375,13,668.99,189.16,305.24,827.04,0.9824,-1,-1,-1
375,77,1121.09,268.25,210.97,629.32,0.9571,-1,-1,-1
375,50,1003.93,187.88,264.19,759.99,0.9639,-1,-1,-1
375,85,650.61,391.79,59.71,193.37,0.8444,-1,-1,-1
375,90,604.07,385.06,61.36,204.96,0.8788,-1,-1,-1
375,89,986.98,368.56,55.49,169.76,0.8846,-1,-1,-1
376,13,664.00,188.16,303.20,825.60,0.9849,-1,-1,-1
376,77,1116.71,261.32,206.89,621.83,0.9577,-1,-1,-1
376,50,994.68,181.71,260.11,761.10,0.9756,-1,-1,-1
376,85,651.81,386.55,59.00,191.53,0.8675,-1,-1,-1
376,90,603.69,380.06,61.52,204.37,0.9342,-1,-1,-1
376,89,989.02,362.59,54.10,165.89,0.9096,-1,-1,-1
377,13,656.79,180.98,306.77,840.55,0.9844,-1,-1,-1
377,77,1113.13,255.02,205.42,627.48,0.9664,-1,-1,-1
377,50,989.56,179.14,256.26,766.47,0.9746,-1,-1,-1
377,85,654.37,381.32,59.56,193.95,0.8739,-1,-1,-1
377,90,605.51,377.90,61.42,202.73,0.9372,-1,-1,-1
377,89,989.66,355.66,54.23,167.22,0.9002,-1,-1,-1
377,80,946.04,359.23,55.90,164.65,0.6426,-1,-1,-1
377,88,1303.40,362.45,44.86,132.21,0.6376,-1,-1,-1
378,13,652.95,176.46,308.76,850.45,0.9810,-1,-1,-1
378,77,1111.13,247.60,203.85,635.52,0.9674,-1,-1,-1
378,50,986.35,172.91,252.51,774.15,0.9751,-1,-1,-1
378,85,656.56,376.38,59.54,194.40,0.8915,-1,-1,-1
378,90,607.98,374.53,61.39,201.66,0.9296,-1,-1,-1
378,89,992.04,349.76,53.94,167.21,0.9020,-1,-1,-1
378,80,949.84,354.33,54.49,161.71,0.6391,-1,-1,-1
378,88,1306.70,357.41,45.28,134.03,0.5974,-1,-1,-1
378,87,1353.83,353.56,44.61,116.09,0.7988,-1,-1,-1
379,13,651.45,170.00,310.25,859.32,0.9805,-1,-1,-1
379,77,1111.02,240.32,201.89,643.14,0.9650,-1,-1,-1
379,50,985.92,164.72,249.50,782.91,0.9702,-1,-1,-1
379,85,660.56,371.61,59.28,193.67,0.8622,-1,-1,-1
379,90,611.33,369.87,61.75,201.27,0.9172,-1,-1,-1
379,89,995.04,344.51,54.66,168.97,0.6521,-1,-1,-1
379,80,951.93,348.08,58.42,171.88,0.7053,-1,-1,-1
379,88,1310.97,352.04,44.53,132.42,0.6423,-1,-1,-1
379,87,1359.49,346.68,43.34,113.75,0.6653,-1,-1,-1
380,13,650.35,168.80,310.02,860.28,0.9824,-1,-1,-1
380,77,1113.18,240.95,198.58,643.84,0.9678,-1,-1,-1
380,50,987.62,160.67,245.79,788.75,0.9751,-1,-1,-1
380,85,663.82,361.89,61.38,200.06,0.8079,-1,-1,-1
380,90,613.60,365.94,62.60,201.58,0.9231,-1,-1,-1
380,89,997.49,342.15,54.09,167.46,0.8254,-1,-1,-1
380,80,955.06,345.20,56.11,165.53,0.8424,-1,-1,-1
380,88,1315.71,348.18,43.19,128.61,0.6409,-1,-1,-1
380,87,1362.42,342.85,45.53,121.25,0.7027,-1,-1,-1
381,13,647.38,163.35,312.93,870.56,0.9819,-1,-1,-1
381,77,1112.82,236.68,196.05,644.86,0.9620,-1,-1,-1
381,50,989.57,153.05,242.75,795.45,0.9727,-1,-1,-1
381,85,664.64,347.95,64.24,207.72,0.8503,-1,-1,-1
381,90,616.52,360.98,62.55,199.44,0.9188,-1,-1,-1
381,89,1000.06,335.84,54.04,167.30,0.7902,-1,-1,-1
381,80,956.93,339.39,54.32,161.53,0.8629,-1,-1,-1
381,88,1320.39,342.87,42.77,127.13,0.7342,-1,-1,-1
381,87,1365.36,336.48,45.34,122.25,0.6952,-1,-1,-1
382,13,645.46,162.66,311.01,866.33,0.9834,-1,-1,-1
382,77,1112.39,231.03,193.73,645.80,0.9639,-1,-1,-1
382,50,990.55,149.41,239.30,799.60,0.9771,-1,-1,-1
382,90,617.12,354.40,63.61,200.92,0.9148,-1,-1,-1
382,80,959.75,332.50,49.94,148.81,0.8490,-1,-1,-1
382,88,1321.82,336.80,43.84,131.08,0.7923,-1,-1,-1
382,87,1369.95,330.16,43.69,119.18,0.7656,-1,-1,-1
383,13,638.73,156.03,315.10,880.63,0.9834,-1,-1,-1
383,77,1111.02,225.76,193.32,653.26,0.9668,-1,-1,-1
383,50,990.07,142.61,236.98,806.98,0.9707,-1,-1,-1
383,90,616.10,348.32,64.36,201.48,0.9143,-1,-1,-1
383,80,959.04,326.72,51.37,154.16,0.8279,-1,-1,-1
383,88,1325.17,331.93,41.79,125.00,0.7479,-1,-1,-1
383,87,1371.91,325.23,42.71,117.92,0.7665,-1,-1,-1
383,89,999.75,328.57,51.18,159.02,0.5871,-1,-1,-1
384,13,634.06,150.90,316.87,886.51,0.9849,-1,-1,-1
384,77,1110.93,216.28,193.33,665.84,0.9722,-1,-1,-1
384,50,989.39,136.68,234.67,813.15,0.9741,-1,-1,-1
384,90,615.08,341.63,65.87,203.48,0.9071,-1,-1,-1
384,80,959.51,321.56,49.45,150.29,0.8083,-1,-1,-1
384,88,1326.01,326.63,42.55,128.04,0.7926,-1,-1,-1
384,87,1373.61,320.27,41.97,117.08,0.7699,-1,-1,-1
384,91,555.94,406.69,49.39,139.18,0.8611,-1,-1,-1
385,13,628.34,145.03,318.91,894.05,0.9849,-1,-1,-1
385,77,1110.13,209.11,191.98,672.17,0.9615,-1,-1,-1
385,50,987.60,129.65,233.21,820.40,0.9693,-1,-1,-1
385,90,613.31,335.48,66.70,202.79,0.9212,-1,-1,-1
385,80,959.37,316.36,48.00,146.58,0.7476,-1,-1,-1
385,91,555.58,400.88,49.42,139.08,0.8944,-1,-1,-1
386,13,624.45,138.77,320.55,899.13,0.9815,-1,-1,-1
386,77,1107.83,202.96,190.32,673.67,0.9571,-1,-1,-1
386,50,987.31,120.12,232.94,830.49,0.9668,-1,-1,-1
386,90,613.52,329.64,67.38,202.63,0.9071,-1,-1,-1
386,80,958.48,311.14,50.00,154.26,0.8007,-1,-1,-1
386,91,555.09,395.52,49.54,139.05,0.8993,-1,-1,-1
386,87,1373.51,312.96,45.42,128.00,0.6042,-1,-1,-1
387,13,621.74,133.06,322.27,904.59,0.9815,-1,-1,-1
387,77,1106.56,195.77,191.44,685.47,0.9596,-1,-1,-1
387,50,988.51,113.34,232.16,836.35,0.9727,-1,-1,-1
387,90,614.27,324.56,68.46,203.01,0.9145,-1,-1,-1
387,80,957.96,306.90,50.95,158.37,0.8064,-1,-1,-1
387,91,556.36,390.34,49.90,139.54,0.9286,-1,-1,-1
388,13,620.71,127.63,324.27,911.09,0.9844,-1,-1,-1
388,77,1108.34,189.93,191.06,691.57,0.9615,-1,-1,-1
388,50,989.85,105.25,232.13,843.45,0.9722,-1,-1,-1
388,90,615.42,319.38,69.78,204.49,0.9173,-1,-1,-1
388,80,958.17,304.42,52.21,163.93,0.6064,-1,-1,-1
388,91,556.93,386.50,50.41,139.71,0.9348,-1,-1,-1
389,13,621.92,116.46,326.66,921.08,0.9834,-1,-1,-1
389,77,1111.30,185.21,191.26,700.57,0.9620,-1,-1,-1
389,50,991.13,99.47,231.98,849.04,0.9717,-1,-1,-1
389,90,617.91,316.59,70.38,204.93,0.9191,-1,-1,-1
389,80,959.73,305.26,51.74,164.62,0.7042,-1,-1,-1
389,91,558.10,383.67,51.13,140.23,0.9126,-1,-1,-1
390,13,623.12,114.53,325.97,921.36,0.9819,-1,-1,-1
390,77,1115.85,183.09,190.15,703.61,0.9586,-1,-1,-1
390,50,990.68,96.30,231.52,852.73,0.9688,-1,-1,-1
390,90,623.56,311.41,72.27,209.99,0.8742,-1,-1,-1
390,80,959.86,305.14,53.53,172.48,0.6630,-1,-1,-1
391,13,623.06,105.36,328.52,929.62,0.9819,-1,-1,-1
391,77,1114.82,179.68,189.84,704.13,0.9576,-1,-1,-1
391,50,987.26,94.26,231.57,853.47,0.9644,-1,-1,-1
391,90,624.97,305.17,73.49,213.87,0.8289,-1,-1,-1
391,91,564.84,381.41,51.20,140.41,0.7671,-1,-1,-1
392,13,623.13,95.02,329.52,933.65,0.9819,-1,-1,-1
392,77,1113.30,174.54,190.87,708.12,0.9446,-1,-1,-1
392,50,984.01,90.08,233.58,858.85,0.9600,-1,-1,-1
392,90,627.86,316.06,69.06,200.22,0.7789,-1,-1,-1
392,91,565.86,377.20,51.20,140.40,0.7911,-1,-1,-1
393,13,622.08,98.19,327.66,925.45,0.9849,-1,-1,-1
393,77,1116.68,173.54,190.87,711.46,0.9474,-1,-1,-1
393,50,982.75,87.66,233.94,859.61,0.9659,-1,-1,-1
393,90,625.67,309.15,71.53,207.54,0.8148,-1,-1,-1
393,91,564.33,377.10,51.66,141.31,0.9040,-1,-1,-1
394,13,618.96,95.01,330.56,934.08,0.9805,-1,-1,-1
394,77,1115.46,170.45,190.12,708.13,0.9365,-1,-1,-1
394,50,979.36,84.50,234.35,857.92,0.9678,-1,-1,-1
394,90,624.75,308.59,71.35,206.05,0.7540,-1,-1,-1
394,91,563.45,374.20,52.57,143.90,0.9131,-1,-1,-1
395,13,615.39,84.29,330.19,931.20,0.9795,-1,-1,-1
395,77,1113.33,167.74,189.45,703.80,0.9333,-1,-1,-1
395,50,974.61,82.44,234.20,851.32,0.9595,-1,-1,-1
395,91,561.39,368.16,53.15,145.31,0.8864,-1,-1,-1
396,13,609.77,80.56,332.48,935.02,0.9810,-1,-1,-1
396,77,1110.65,165.17,189.00,701.35,0.9494,-1,-1,-1
396,50,965.53,80.60,236.01,852.00,0.9658,-1,-1,-1
396,91,559.45,364.65,53.62,146.72,0.9081,-1,-1,-1
397,13,595.69,75.85,336.08,946.75,0.9790,-1,-1,-1
397,77,1108.13,160.14,189.49,703.88,0.9581,-1,-1,-1
397,50,960.97,75.87,239.36,856.16,0.9780,-1,-1,-1
397,91,555.90,360.40,53.78,146.34,0.9309,-1,-1,-1
398,13,588.04,66.70,335.01,942.86,0.9795,-1,-1,-1
398,77,1102.75,158.05,190.41,706.31,0.9668,-1,-1,-1
398,50,948.00,69.64,244.51,864.30,0.9693,-1,-1,-1
398,91,553.73,356.62,54.53,147.50,0.9265,-1,-1,-1
398,93,430.99,298.22,74.37,209.39,0.8625,-1,-1,-1
398,87,1372.68,278.06,47.73,136.17,0.6710,-1,-1,-1
399,13,574.95,48.71,340.77,959.63,0.9800,-1,-1,-1
399,77,1097.73,148.86,191.06,707.37,0.9610,-1,-1,-1
399,50,931.61,60.90,251.44,874.81,0.9688,-1,-1,-1
399,91,547.18,350.21,55.51,148.81,0.9308,-1,-1,-1
399,93,424.15,290.41,75.66,213.01,0.9089,-1,-1,-1
399,87,1369.83,273.18,46.49,134.26,0.8253,-1,-1,-1
400,13,565.93,47.95,339.78,955.88,0.9819,-1,-1,-1
400,77,1091.95,142.40,192.09,709.24,0.9649,-1,-1,-1
400,50,915.23,58.21,258.68,880.68,0.9717,-1,-1,-1
400,91,538.37,343.38,56.87,152.84,0.9294,-1,-1,-1
400,93,418.99,285.69,74.09,208.23,0.9158,-1,-1,-1
400,87,1367.85,270.36,44.74,129.92,0.8046,-1,-1,-1
401,13,556.40,42.78,343.54,965.32,0.9824,-1,-1,-1
401,77,1083.42,136.56,195.15,715.87,0.9663,-1,-1,-1
401,50,900.56,50.92,266.80,891.61,0.9761,-1,-1,-1
401,91,530.90,333.47,59.40,159.95,0.9041,-1,-1,-1
401,93,414.40,282.22,72.57,203.64,0.9197,-1,-1,-1
401,87,1362.89,267.46,47.24,138.43,0.7520,-1,-1,-1
401,94,391.46,265.55,56.25,203.85,0.8744,-1,-1,-1
401,67,828.97,258.42,71.68,238.11,0.8364,-1,-1,-1
402,13,538.02,28.14,350.30,989.10,0.9795,-1,-1,-1
402,77,1066.94,130.89,199.36,719.19,0.9785,-1,-1,-1
402,50,890.89,48.24,271.68,888.99,0.9785,-1,-1,-1
402,91,524.79,320.48,63.21,171.02,0.8820,-1,-1,-1
402,93,410.06,277.57,73.41,205.24,0.9343,-1,-1,-1
402,87,1360.60,265.15,46.31,135.93,0.7604,-1,-1,-1
402,94,387.28,261.09,55.97,201.72,0.8802,-1,-1,-1
402,67,828.29,263.79,69.52,230.91,0.9133,-1,-1,-1
402,95,481.47,302.10,45.92,108.51,0.7884,-1,-1,-1
403,13,523.76,19.51,354.66,1004.11,0.9790,-1,-1,-1
403,77,1054.97,127.43,205.25,730.78,0.9771,-1,-1,-1
403,50,879.31,49.09,277.26,891.99,0.9780,-1,-1,-1
403,91,523.63,320.24,62.90,171.39,0.7699,-1,-1,-1
403,93,407.17,275.94,73.41,204.41,0.9191,-1,-1,-1
403,87,1359.22,264.56,45.33,132.55,0.7882,-1,-1,-1
403,94,384.63,256.58,58.81,210.67,0.8807,-1,-1,-1
403,67,828.01,266.34,68.88,229.09,0.9091,-1,-1,-1
403,95,478.60,300.48,45.56,107.60,0.8260,-1,-1,-1
404,13,514.97,29.92,354.32,1003.26,0.9761,-1,-1,-1
404,77,1042.64,125.31,211.60,742.14,0.9741,-1,-1,-1
404,50,870.79,38.44,286.95,912.05,0.9780,-1,-1,-1
404,91,525.54,334.36,57.50,157.75,0.6490,-1,-1,-1
404,93,404.47,274.22,74.66,206.53,0.9258,-1,-1,-1
404,87,1358.28,263.61,45.63,132.83,0.7922,-1,-1,-1
404,94,384.31,254.44,59.23,210.43,0.8882,-1,-1,-1
404,67,827.31,272.37,67.31,223.11,0.9207,-1,-1,-1
404,95,475.61,299.54,45.03,106.37,0.8693,-1,-1,-1
404,96,350.33,306.79,45.09,131.22,0.6996,-1,-1,-1
405,13,503.47,19.68,358.96,1019.65,0.9741,-1,-1,-1
405,77,1033.26,123.43,216.03,745.69,0.9795,-1,-1,-1
405,50,864.25,36.17,291.76,915.97,0.9814,-1,-1,-1
405,93,402.88,274.76,74.14,203.16,0.9327,-1,-1,-1
405,87,1357.49,261.78,46.96,136.84,0.8493,-1,-1,-1
405,94,381.81,252.95,60.75,213.93,0.8713,-1,-1,-1
405,67,840.59,267.08,58.05,191.92,0.8466,-1,-1,-1
405,95,472.16,299.64,44.33,105.38,0.7494,-1,-1,-1
405,96,347.39,305.05,46.22,134.64,0.8140,-1,-1,-1
405,97,310.26,285.39,70.82,192.51,0.9382,-1,-1,-1
406,13,494.94,27.53,359.07,1020.14,0.9751,-1,-1,-1
406,77,1026.29,122.85,220.26,749.53,0.9761,-1,-1,-1
406,50,857.76,35.64,294.78,913.49,0.9834,-1,-1,-1
406,93,401.09,273.78,75.75,206.11,0.9259,-1,-1,-1
406,87,1358.62,259.63,45.07,130.84,0.8183,-1,-1,-1
406,94,378.51,254.09,61.56,214.81,0.8731,-1,-1,-1
406,67,844.87,263.64,56.79,187.15,0.8461,-1,-1,-1
406,95,469.41,298.42,44.13,106.09,0.6714,-1,-1,-1
406,96,344.98,303.42,47.04,137.35,0.8399,-1,-1,-1
406,97,304.43,282.51,71.50,193.58,0.9456,-1,-1,-1
406,98,822.70,272.84,74.77,223.02,0.9450,-1,-1,-1
407,13,479.66,17.08,362.82,1032.18,0.9736,-1,-1,-1
407,77,1017.94,120.13,224.62,755.48,0.9746,-1,-1,-1
407,50,850.58,30.51,299.43,918.09,0.9795,-1,-1,-1
407,93,399.43,273.10,76.63,207.20,0.9303,-1,-1,-1
407,87,1358.95,257.55,44.91,130.50,0.7942,-1,-1,-1
407,94,377.24,254.78,61.54,212.57,0.8776,-1,-1,-1
407,67,846.32,262.23,58.79,193.71,0.7256,-1,-1,-1
407,96,342.78,303.86,47.78,139.76,0.8427,-1,-1,-1
407,97,302.43,282.78,71.99,193.80,0.9499,-1,-1,-1
407,98,823.53,271.29,75.09,223.85,0.9425,-1,-1,-1
408,13,466.41,10.75,368.24,1047.10,0.9756,-1,-1,-1
408,77,1011.85,118.81,228.10,760.02,0.9732,-1,-1,-1
408,50,844.75,24.27,304.35,924.76,0.9785,-1,-1,-1
408,93,396.86,272.57,77.59,209.43,0.9256,-1,-1,-1
408,87,1358.79,256.61,45.60,132.06,0.7512,-1,-1,-1
408,94,376.31,255.35,61.82,211.30,0.8541,-1,-1,-1
408,96,341.68,304.77,46.70,136.98,0.7349,-1,-1,-1
408,97,300.56,282.03,73.28,195.87,0.9465,-1,-1,-1
408,98,821.07,269.44,75.51,225.70,0.9318,-1,-1,-1
409,13,454.41,12.21,372.94,1059.14,0.9756,-1,-1,-1
409,77,1007.87,118.73,232.20,768.22,0.9557,-1,-1,-1
409,50,834.65,17.33,308.06,928.23,0.9678,-1,-1,-1
409,93,393.41,268.95,79.24,214.31,0.7647,-1,-1,-1
409,94,374.14,249.80,62.27,211.46,0.6051,-1,-1,-1
409,97,294.16,277.29,75.82,201.87,0.8909,-1,-1,-1
409,98,818.19,264.24,74.47,222.74,0.8214,-1,-1,-1
410,13,440.46,5.75,375.34,1063.68,0.9771,-1,-1,-1
410,77,1003.87,116.79,235.19,774.06,0.9625,-1,-1,-1
410,50,824.79,15.16,313.64,938.68,0.9766,-1,-1,-1
410,93,391.09,266.72,78.60,213.90,0.8174,-1,-1,-1
410,94,373.39,248.09,63.48,214.78,0.7233,-1,-1,-1
410,97,297.06,277.78,75.72,199.33,0.9392,-1,-1,-1
410,98,817.92,261.65,75.76,226.49,0.8521,-1,-1,-1
411,13,430.14,4.35,376.63,1066.19,0.9780,-1,-1,-1
411,77,1004.18,121.70,237.37,776.33,0.9683,-1,-1,-1
411,50,816.20,15.35,317.10,942.47,0.9771,-1,-1,-1
411,93,393.31,267.54,76.54,209.69,0.8341,-1,-1,-1
411,94,375.71,250.03,63.54,214.18,0.8643,-1,-1,-1
411,97,302.58,279.51,76.25,198.16,0.9568,-1,-1,-1
411,98,822.74,262.12,80.60,241.00,0.7960,-1,-1,-1
411,87,1361.23,252.55,44.27,128.26,0.7676,-1,-1,-1
411,96,343.99,304.68,46.94,137.73,0.5905,-1,-1,-1
412,13,420.17,21.38,370.04,1040.08,0.9742,-1,-1,-1
412,77,997.76,119.88,240.61,777.01,0.9556,-1,-1,-1
412,50,808.48,19.36,316.58,934.41,0.9712,-1,-1,-1
412,94,380.51,243.48,63.68,213.45,0.8480,-1,-1,-1
412,97,304.15,274.27,77.28,198.61,0.9571,-1,-1,-1
413,13,409.96,24.62,369.39,1032.61,0.9742,-1,-1,-1
413,77,996.92,114.29,244.74,781.30,0.9606,-1,-1,-1
413,50,796.52,11.87,323.74,952.94,0.9702,-1,-1,-1
413,94,381.13,238.96,69.57,232.02,0.8628,-1,-1,-1
413,97,305.68,272.08,78.13,198.74,0.9430,-1,-1,-1
414,13,400.43,22.07,371.56,1035.27,0.9684,-1,-1,-1
414,77,992.97,104.36,249.34,791.20,0.9541,-1,-1,-1
414,50,784.08,-3.14,331.23,975.66,0.9644,-1,-1,-1
414,97,310.03,270.59,78.38,197.40,0.9489,-1,-1,-1
415,13,388.05,4.40,379.69,1056.20,0.9707,-1,-1,-1
415,77,985.01,105.38,249.14,783.76,0.9639,-1,-1,-1
415,50,773.38,-2.57,329.62,974.26,0.9712,-1,-1,-1
415,97,311.23,269.32,79.39,198.23,0.9479,-1,-1,-1
415,99,812.97,177.93,255.15,532.58,0.6613,-1,-1,-1
416,13,376.22,-1.44,382.41,1062.43,0.9702,-1,-1,-1
416,77,976.55,98.92,252.32,793.60,0.9697,-1,-1,-1
416,50,760.96,1.08,325.98,969.87,0.9761,-1,-1,-1
416,97,311.75,269.91,80.73,200.77,0.9345,-1,-1,-1
416,99,798.97,160.27,256.44,534.15,0.7542,-1,-1,-1
417,13,367.96,4.19,378.02,1051.33,0.9649,-1,-1,-1
417,77,969.76,96.82,251.14,792.76,0.9712,-1,-1,-1
417,50,752.50,16.17,321.86,961.73,0.9795,-1,-1,-1
417,97,312.07,268.63,81.63,202.60,0.9384,-1,-1,-1
418,13,350.56,3.58,379.09,1049.54,0.9639,-1,-1,-1
418,77,962.13,96.86,249.78,791.83,0.9653,-1,-1,-1
418,50,740.14,3.56,330.53,994.98,0.9814,-1,-1,-1
418,97,311.96,267.06,82.68,205.05,0.9264,-1,-1,-1
418,93,394.47,237.50,92.60,260.39,0.6265,-1,-1,-1
418,99,775.25,141.67,252.46,526.94,0.6133,-1,-1,-1
419,13,331.89,-2.50,383.37,1061.01,0.9688,-1,-1,-1
419,77,953.09,103.83,248.03,793.78,0.9615,-1,-1,-1
419,50,733.45,3.09,331.67,1004.86,0.9814,-1,-1,-1
419,97,313.44,266.77,82.68,206.28,0.7993,-1,-1,-1
419,99,768.51,144.32,244.28,511.55,0.6590,-1,-1,-1
419,90,611.52,229.29,76.28,221.66,0.6878,-1,-1,-1
420,13,320.40,3.13,380.38,1050.59,0.9746,-1,-1,-1
420,77,940.64,102.61,248.90,804.84,0.9591,-1,-1,-1
420,50,727.29,4.83,331.07,1010.83,0.9736,-1,-1,-1
420,99,779.51,155.67,237.51,494.40,0.6968,-1,-1,-1
421,13,307.41,-5.11,387.28,1066.32,0.9762,-1,-1,-1
421,77,934.45,105.58,249.65,814.89,0.9659,-1,-1,-1
421,50,718.58,-0.35,337.68,1040.90,0.9791,-1,-1,-1
422,13,295.51,-14.49,396.18,1087.64,0.9727,-1,-1,-1
422,77,927.70,105.50,250.68,825.87,0.9663,-1,-1,-1
422,50,716.54,4.40,334.12,1038.74,0.9761,-1,-1,-1
422,99,789.49,176.73,187.68,397.88,0.6764,-1,-1,-1
423,13,284.78,-9.55,406.35,1115.46,0.9761,-1,-1,-1
423,77,923.41,108.33,250.77,833.20,0.9717,-1,-1,-1
423,50,711.05,14.68,332.36,1041.45,0.9756,-1,-1,-1
423,90,631.01,271.89,67.82,196.36,0.8264,-1,-1,-1
424,13,269.10,-7.81,416.24,1145.89,0.9741,-1,-1,-1
424,77,920.71,111.77,251.18,841.33,0.9707,-1,-1,-1
424,50,710.73,22.76,331.84,1047.71,0.9756,-1,-1,-1
424,100,177.58,344.01,143.47,428.59,0.6619,-1,-1,-1
424,90,632.78,280.52,66.34,192.30,0.8546,-1,-1,-1
425,13,259.36,-0.92,417.48,1147.69,0.9673,-1,-1,-1
425,77,917.08,120.11,251.19,845.13,0.9644,-1,-1,-1
425,50,704.75,30.01,333.63,1064.19,0.9688,-1,-1,-1
425,90,631.96,286.09,65.97,191.05,0.8513,-1,-1,-1
425,93,329.95,203.02,169.04,473.90,0.7005,-1,-1,-1
425,99,751.75,196.30,189.46,402.22,0.6306,-1,-1,-1
426,13,257.36,11.37,411.98,1128.99,0.9605,-1,-1,-1
426,77,914.55,123.51,252.22,853.44,0.9664,-1,-1,-1
426,50,698.65,29.47,340.81,1095.74,0.9697,-1,-1,-1
426,90,628.68,292.59,63.88,185.66,0.8215,-1,-1,-1
427,13,242.76,23.22,410.68,1117.18,0.9274,-1,-1,-1
427,77,910.36,132.02,254.32,865.90,0.9658,-1,-1,-1
427,50,692.54,26.56,350.81,1137.71,0.9707,-1,-1,-1
427,90,629.90,304.67,63.84,185.99,0.8389,-1,-1,-1
428,13,236.46,22.92,411.78,1117.17,0.9537,-1,-1,-1
428,77,906.54,143.45,253.70,870.45,0.9537,-1,-1,-1
428,50,688.51,32.47,350.36,1142.92,0.9698,-1,-1,-1
428,90,630.13,314.62,63.67,185.40,0.8605,-1,-1,-1
429,13,229.14,37.27,402.35,1085.42,0.9595,-1,-1,-1
429,77,900.59,150.59,253.95,878.79,0.9522,-1,-1,-1
429,50,682.97,37.04,347.14,1137.55,0.9580,-1,-1,-1
429,90,623.54,319.13,64.81,187.10,0.7967,-1,-1,-1
430,13,218.29,56.00,398.09,1062.54,0.9503,-1,-1,-1
430,77,896.86,160.82,252.86,883.96,0.9473,-1,-1,-1
430,50,676.84,52.09,341.09,1121.72,0.9610,-1,-1,-1
430,90,619.11,329.25,64.70,186.00,0.8734,-1,-1,-1
431,13,203.91,50.18,409.24,1082.24,0.9543,-1,-1,-1
431,77,889.44,169.45,250.80,883.26,0.9576,-1,-1,-1
431,50,670.01,65.51,336.85,1111.20,0.9580,-1,-1,-1
431,90,614.16,335.06,65.24,186.11,0.8856,-1,-1,-1
432,13,193.56,70.04,403.34,1055.03,0.9532,-1,-1,-1
432,77,875.93,176.68,251.97,894.50,0.9527,-1,-1,-1
432,50,654.55,68.71,334.64,1106.70,0.9624,-1,-1,-1
433,13,190.27,77.93,385.69,998.58,0.9221,-1,-1,-1
433,77,863.24,187.57,249.51,891.28,0.9585,-1,-1,-1
433,50,643.12,83.79,329.29,1086.50,0.9659,-1,-1,-1
433,91,527.90,337.42,71.31,198.30,0.6490,-1,-1,-1
433,90,592.11,347.14,64.34,182.78,0.8499,-1,-1,-1
434,13,190.71,93.64,371.42,955.82,0.8870,-1,-1,-1
434,77,848.98,191.61,250.07,899.11,0.9585,-1,-1,-1
434,50,630.76,88.92,325.97,1071.89,0.9615,-1,-1,-1
434,67,1122.97,338.48,49.33,146.91,0.8864,-1,-1,-1
434,90,581.92,351.65,65.63,186.49,0.6153,-1,-1,-1
435,13,189.16,107.10,360.87,925.84,0.8985,-1,-1,-1
435,77,833.42,195.74,249.62,903.00,0.9673,-1,-1,-1
435,50,617.11,94.82,323.84,1063.40,0.9722,-1,-1,-1
435,67,1111.74,344.82,49.15,146.57,0.8747,-1,-1,-1
435,90,568.31,355.82,66.20,188.23,0.8543,-1,-1,-1
435,91,506.35,345.17,72.29,205.47,0.6115,-1,-1,-1
436,77,820.62,197.74,248.64,906.71,0.9625,-1,-1,-1
436,50,596.56,90.59,331.03,1083.09,0.9580,-1,-1,-1
436,67,1102.59,347.78,49.23,146.99,0.9064,-1,-1,-1
436,90,557.49,358.13,66.80,189.76,0.8041,-1,-1,-1
436,91,493.32,348.59,71.03,204.56,0.8594,-1,-1,-1
437,77,806.47,201.67,248.46,910.14,0.9629,-1,-1,-1
437,50,576.26,83.79,337.83,1104.17,0.9639,-1,-1,-1
437,67,1096.03,353.02,48.94,146.62,0.8871,-1,-1,-1
437,90,544.58,358.68,67.84,193.00,0.8413,-1,-1,-1
438,77,793.61,202.45,245.01,896.18,0.9600,-1,-1,-1
438,50,552.82,106.64,329.68,1052.39,0.9358,-1,-1,-1
438,67,1088.91,357.91,49.22,147.97,0.9221,-1,-1,-1
439,77,780.25,204.97,248.52,905.83,0.9429,-1,-1,-1
439,50,560.13,154.99,305.41,954.92,0.8185,-1,-1,-1
439,67,1082.88,362.11,48.90,147.48,0.9021,-1,-1,-1
440,77,776.62,209.02,247.96,909.33,0.9292,-1,-1,-1
440,67,1076.65,367.30,48.81,147.76,0.9236,-1,-1,-1
441,77,760.53,217.70,238.26,855.02,0.7963,-1,-1,-1
441,67,1069.37,372.41,48.60,147.39,0.9041,-1,-1,-1
442,67,1062.73,378.27,48.06,145.87,0.9020,-1,-1,-1
442,103,-17.26,-541.96,1045.40,2150.89,0.7034,-1,-1,-1
443,67,1056.18,381.98,48.17,147.14,0.9070,-1,-1,-1
449,103,-32.72,-675.87,1132.27,2310.75,0.5870,-1,-1,-1
451,103,87.17,-461.23,1131.10,2309.89,0.7092,-1,-1,-1
452,103,80.22,-435.60,1199.52,2446.88,0.6347,-1,-1,-1
453,103,129.40,-385.97,1129.26,2273.54,0.6443,-1,-1,-1
454,103,165.66,-341.75,1077.74,2157.14,0.7595,-1,-1,-1
455,103,137.38,-354.43,1093.08,2167.01,0.8172,-1,-1,-1
456,103,166.05,-336.81,1068.87,2115.83,0.7821,-1,-1,-1
457,103,170.24,-338.27,1053.09,2094.76,0.8538,-1,-1,-1
457,50,172.53,103.70,328.66,979.43,0.7750,-1,-1,-1
458,103,172.54,-288.70,1072.30,2151.38,0.7622,-1,-1,-1
458,97,106.08,409.73,92.82,237.74,0.9304,-1,-1,-1
458,50,184.33,77.74,370.20,1063.04,0.8152,-1,-1,-1
459,103,187.22,-280.91,1060.90,2155.60,0.8751,-1,-1,-1
459,97,101.88,404.54,93.58,239.71,0.9248,-1,-1,-1
459,50,183.44,148.40,391.36,1096.35,0.8652,-1,-1,-1
460,103,191.96,-272.21,1067.40,2203.39,0.8807,-1,-1,-1
460,97,98.42,399.69,96.12,246.13,0.9160,-1,-1,-1
460,50,161.64,146.96,416.94,1152.11,0.9128,-1,-1,-1
460,105,18.36,454.95,77.56,199.67,0.9368,-1,-1,-1
461,103,224.10,-284.09,1043.29,2190.85,0.8992,-1,-1,-1
461,97,92.62,395.95,96.60,248.11,0.8795,-1,-1,-1
461,50,133.71,111.10,443.06,1225.29,0.9449,-1,-1,-1
461,105,13.22,450.02,78.46,202.37,0.9494,-1,-1,-1
462,103,235.60,-298.00,1034.72,2206.29,0.8039,-1,-1,-1
462,97,91.93,388.75,99.37,254.42,0.7842,-1,-1,-1
462,50,112.34,88.42,466.00,1283.50,0.9386,-1,-1,-1
462,105,6.79,445.40,79.27,204.84,0.9517,-1,-1,-1
463,103,261.13,-301.75,997.30,2150.29,0.8294,-1,-1,-1
463,50,95.11,87.58,464.89,1284.07,0.9421,-1,-1,-1
463,105,1.19,443.24,80.58,208.56,0.9517,-1,-1,-1
464,103,282.30,-307.90,980.22,2140.30,0.8175,-1,-1,-1
464,50,78.21,84.81,469.00,1297.94,0.9391,-1,-1,-1
464,105,-3.89,443.11,81.03,210.20,0.9397,-1,-1,-1
465,103,301.65,-272.63,958.21,2120.27,0.7445,-1,-1,-1
465,50,51.18,73.01,471.95,1312.16,0.9304,-1,-1,-1
465,105,-10.04,440.16,81.72,213.02,0.9353,-1,-1,-1
466,103,329.24,-268.37,928.02,2075.34,0.8482,-1,-1,-1
466,50,35.02,73.87,467.68,1302.29,0.9393,-1,-1,-1
466,105,-17.30,436.50,81.24,212.55,0.9025,-1,-1,-1
467,103,353.48,-253.28,898.39,2027.30,0.8959,-1,-1,-1
467,50,18.98,73.19,471.53,1310.12,0.9378,-1,-1,-1
467,105,-21.67,437.38,81.11,212.72,0.8936,-1,-1,-1
467,77,412.31,169.23,349.47,1155.26,0.6963,-1,-1,-1
468,103,377.53,-227.02,869.26,1975.61,0.9112,-1,-1,-1
468,50,0.39,74.91,471.63,1311.41,0.9499,-1,-1,-1
468,77,404.74,219.70,339.37,1076.13,0.7719,-1,-1,-1
469,103,403.39,-204.25,842.73,1929.11,0.9496,-1,-1,-1
469,50,-16.38,71.08,479.48,1336.16,0.9610,-1,-1,-1
469,77,367.87,205.69,345.82,1069.32,0.8865,-1,-1,-1
470,103,414.77,-199.09,828.11,1913.44,0.9470,-1,-1,-1
470,50,-33.01,62.25,489.06,1373.39,0.9576,-1,-1,-1
470,77,338.69,197.04,347.37,1064.44,0.8442,-1,-1,-1
471,103,420.57,-181.30,823.99,1919.50,0.9352,-1,-1,-1
471,50,-50.14,58.47,483.72,1360.77,0.9572,-1,-1,-1
471,77,314.18,197.68,353.75,1081.30,0.8952,-1,-1,-1
472,103,408.04,-204.92,842.96,1988.38,0.9389,-1,-1,-1
472,50,-70.63,63.38,489.10,1378.14,0.9538,-1,-1,-1
472,77,287.64,200.76,362.27,1108.73,0.8705,-1,-1,-1
473,103,416.91,-190.51,824.45,1963.22,0.9220,-1,-1,-1
473,50,-90.41,67.65,488.09,1373.25,0.9413,-1,-1,-1
473,77,271.72,194.97,371.89,1134.83,0.8854,-1,-1,-1
474,103,410.71,-186.56,822.56,1980.04,0.9042,-1,-1,-1
474,50,-107.10,68.48,486.29,1360.77,0.9402,-1,-1,-1
474,77,262.48,193.83,378.34,1148.99,0.8796,-1,-1,-1
475,103,407.98,-187.54,802.99,1941.54,0.8996,-1,-1,-1
475,50,-124.76,67.10,487.42,1359.01,0.9282,-1,-1,-1
475,77,245.42,191.72,393.89,1196.31,0.9141,-1,-1,-1
476,103,396.01,-210.34,810.01,1967.85,0.9060,-1,-1,-1
476,50,-141.97,60.92,495.22,1378.60,0.9235,-1,-1,-1
476,77,228.19,184.66,403.37,1228.00,0.9084,-1,-1,-1
477,103,397.35,-183.37,806.07,1956.44,0.9173,-1,-1,-1
477,50,-158.90,44.98,505.18,1406.45,0.9185,-1,-1,-1
477,77,213.22,181.27,406.69,1237.05,0.9165,-1,-1,-1
477,106,1365.46,383.67,38.19,104.36,0.7572,-1,-1,-1
478,103,380.34,-179.55,814.46,1969.43,0.9269,-1,-1,-1
478,50,-175.00,27.20,510.97,1418.91,0.9299,-1,-1,-1
478,77,210.28,186.67,397.59,1208.86,0.9274,-1,-1,-1
478,106,1368.17,384.43,35.81,97.82,0.6551,-1,-1,-1
479,103,377.80,-146.77,795.57,1913.42,0.9013,-1,-1,-1
479,50,-185.53,22.27,514.53,1431.17,0.9312,-1,-1,-1
479,77,202.46,184.82,397.92,1210.11,0.9297,-1,-1,-1
480,103,372.54,-132.47,788.24,1887.41,0.9207,-1,-1,-1
480,50,-207.80,-11.08,534.21,1491.43,0.9221,-1,-1,-1
480,77,191.05,170.23,403.26,1226.63,0.9271,-1,-1,-1
481,103,358.04,-124.58,782.87,1864.69,0.9195,-1,-1,-1
481,50,-222.43,-21.88,542.91,1521.35,0.9311,-1,-1,-1
481,77,178.21,169.93,408.91,1242.71,0.9222,-1,-1,-1
482,103,339.22,-111.18,772.21,1831.50,0.9168,-1,-1,-1
482,50,-236.91,-30.94,549.55,1544.62,0.9344,-1,-1,-1
482,77,166.54,168.00,412.41,1251.36,0.9288,-1,-1,-1
483,103,329.87,-123.39,757.78,1796.67,0.9320,-1,-1,-1
483,50,-249.71,-37.28,554.25,1561.28,0.9314,-1,-1,-1
483,77,160.35,160.02,416.87,1270.37,0.9364,-1,-1,-1
484,103,340.15,-101.48,725.73,1720.51,0.9342,-1,-1,-1
484,50,-260.42,-33.28,555.05,1562.20,0.9280,-1,-1,-1
484,77,149.54,159.30,423.19,1291.56,0.9294,-1,-1,-1
485,103,331.47,-120.24,731.55,1746.45,0.9275,-1,-1,-1
485,50,-266.19,-27.92,557.16,1565.79,0.9294,-1,-1,-1
485,77,152.46,162.53,418.35,1278.64,0.9270,-1,-1,-1
486,103,345.43,-110.18,708.37,1706.27,0.9385,-1,-1,-1
486,50,-284.77,-24.99,556.75,1554.64,0.9087,-1,-1,-1
486,77,145.62,162.97,408.37,1239.59,0.9180,-1,-1,-1
486,67,1005.91,376.65,48.55,154.30,0.7317,-1,-1,-1
487,103,357.08,-110.81,692.85,1688.00,0.9414,-1,-1,-1
487,50,-284.79,2.65,547.48,1517.37,0.9168,-1,-1,-1
487,77,138.77,159.44,398.29,1204.25,0.9318,-1,-1,-1
487,67,1013.68,372.01,48.22,153.47,0.7287,-1,-1,-1
488,103,358.84,-144.23,698.14,1728.84,0.9481,-1,-1,-1
488,50,-299.50,29.24,547.86,1497.20,0.9056,-1,-1,-1
488,77,139.81,163.79,388.84,1168.10,0.9407,-1,-1,-1
489,103,398.75,-137.90,677.70,1704.07,0.9433,-1,-1,-1
489,50,-309.23,-2.94,579.72,1568.64,0.9206,-1,-1,-1
489,77,142.44,164.58,398.59,1174.17,0.8964,-1,-1,-1
490,103,430.37,-142.76,651.25,1661.47,0.9452,-1,-1,-1
490,50,-292.81,-12.73,588.91,1586.55,0.9218,-1,-1,-1
490,77,173.97,157.53,400.34,1172.00,0.9282,-1,-1,-1
491,103,460.81,-118.71,626.10,1616.32,0.9461,-1,-1,-1
491,50,-261.37,-2.15,577.17,1552.90,0.9348,-1,-1,-1
491,77,198.49,156.63,407.19,1181.82,0.9509,-1,-1,-1
492,103,485.67,-110.14,607.18,1582.96,0.9564,-1,-1,-1
492,50,-260.93,-15.10,584.59,1567.84,0.9325,-1,-1,-1
492,77,189.54,140.42,412.20,1206.12,0.9422,-1,-1,-1
493,103,504.59,-85.48,585.68,1535.19,0.9593,-1,-1,-1
493,50,-255.68,-24.48,580.31,1555.44,0.9314,-1,-1,-1
493,77,181.03,131.47,413.34,1219.70,0.9543,-1,-1,-1
493,67,1122.21,352.76,44.37,156.06,0.8703,-1,-1,-1
493,106,1552.28,357.04,38.16,101.90,0.5974,-1,-1,-1
494,103,519.76,-68.69,570.35,1498.79,0.9550,-1,-1,-1
494,50,-256.53,-17.18,577.19,1544.55,0.9357,-1,-1,-1
494,77,177.90,133.07,408.34,1210.84,0.9586,-1,-1,-1
494,67,1131.48,348.39,44.90,158.04,0.8787,-1,-1,-1
494,8,1009.41,340.91,65.57,212.86,0.8708,-1,-1,-1
495,103,544.75,-41.93,547.84,1438.35,0.9457,-1,-1,-1
495,50,-253.61,-21.57,577.09,1543.32,0.9411,-1,-1,-1
495,77,179.19,130.52,408.08,1213.57,0.9572,-1,-1,-1
495,67,1145.01,344.84,44.89,158.18,0.8721,-1,-1,-1
495,8,1024.87,337.85,64.00,207.43,0.8649,-1,-1,-1
495,4,759.65,199.26,323.45,789.08,0.9301,-1,-1,-1
496,103,552.50,-37.44,537.87,1419.25,0.9577,-1,-1,-1
496,50,-256.27,-15.68,572.47,1523.08,0.9353,-1,-1,-1
496,77,181.19,128.50,405.72,1209.85,0.9645,-1,-1,-1
496,67,1157.90,342.32,44.79,158.04,0.8718,-1,-1,-1
496,8,1038.14,334.20,64.92,209.94,0.8546,-1,-1,-1
496,4,790.36,213.08,318.40,778.00,0.9075,-1,-1,-1
496,106,1595.28,348.16,36.32,93.43,0.5916,-1,-1,-1
497,103,563.86,-23.40,525.77,1392.92,0.9621,-1,-1,-1
497,50,-269.12,-32.57,584.80,1551.10,0.9358,-1,-1,-1
497,77,184.22,127.67,403.11,1205.47,0.9635,-1,-1,-1
497,67,1170.74,341.85,44.80,158.57,0.8008,-1,-1,-1
497,8,1050.62,332.00,68.20,220.95,0.8368,-1,-1,-1
497,4,834.32,241.11,312.96,766.19,0.9133,-1,-1,-1
498,103,572.79,-34.03,525.78,1403.62,0.9654,-1,-1,-1
498,50,-274.70,-30.79,589.65,1557.92,0.9387,-1,-1,-1
498,77,183.29,121.47,409.26,1227.20,0.9610,-1,-1,-1
498,67,1183.80,341.18,44.14,156.36,0.6049,-1,-1,-1
498,4,854.16,248.66,314.12,775.81,0.9556,-1,-1,-1
499,103,584.54,-27.27,514.74,1382.35,0.9630,-1,-1,-1
499,50,-265.30,-25.23,582.25,1532.35,0.9314,-1,-1,-1
499,77,187.14,125.04,408.88,1226.22,0.9586,-1,-1,-1
499,67,1196.55,340.51,45.04,159.43,0.7430,-1,-1,-1
499,4,871.68,254.90,319.06,797.03,0.9605,-1,-1,-1
500,103,592.52,-31.36,510.28,1378.96,0.9703,-1,-1,-1
500,50,-279.10,-34.71,591.51,1550.63,0.9266,-1,-1,-1
500,77,189.54,129.59,408.51,1219.50,0.9547,-1,-1,-1
500,67,1209.05,340.73,45.58,161.32,0.7871,-1,-1,-1
500,4,895.18,258.27,318.12,805.30,0.9546,-1,-1,-1
500,107,542.11,319.88,91.63,237.20,0.9230,-1,-1,-1
501,103,599.34,-56.04,512.26,1395.11,0.9688,-1,-1,-1
501,50,-297.58,-36.52,604.67,1575.15,0.9166,-1,-1,-1
501,77,192.08,126.63,411.50,1219.75,0.9566,-1,-1,-1
501,67,1221.23,340.88,45.23,160.19,0.5840,-1,-1,-1
501,4,923.28,256.59,318.17,817.85,0.9547,-1,-1,-1
501,107,547.68,320.08,92.52,240.12,0.9054,-1,-1,-1
501,108,1176.80,324.71,72.61,210.57,0.6133,-1,-1,-1
502,103,610.99,-52.46,505.17,1383.99,0.9644,-1,-1,-1
502,50,-294.77,-23.84,602.64,1560.42,0.9218,-1,-1,-1
502,77,192.95,121.11,415.12,1220.90,0.9644,-1,-1,-1
502,4,948.82,252.78,322.09,842.57,0.9503,-1,-1,-1
502,107,554.93,318.70,91.43,237.95,0.9071,-1,-1,-1
502,108,1192.47,323.36,73.78,214.17,0.7585,-1,-1,-1
503,103,621.43,-55.20,497.99,1373.10,0.9717,-1,-1,-1
503,50,-286.50,-26.18,602.56,1558.98,0.9030,-1,-1,-1
503,77,193.58,115.81,418.29,1217.27,0.9629,-1,-1,-1
503,4,972.62,243.40,323.41,857.34,0.9722,-1,-1,-1
503,107,560.75,317.60,89.88,234.63,0.9196,-1,-1,-1
503,108,1206.15,322.51,74.44,216.47,0.7633,-1,-1,-1
504,103,633.75,-43.36,489.04,1355.48,0.9708,-1,-1,-1
504,50,-300.99,-27.79,604.57,1552.53,0.8993,-1,-1,-1
504,77,192.44,110.26,426.07,1227.89,0.9595,-1,-1,-1
504,4,995.90,236.73,327.81,876.65,0.9635,-1,-1,-1
504,107,566.66,319.43,90.27,237.01,0.9329,-1,-1,-1
504,108,1222.41,326.79,75.04,217.98,0.8777,-1,-1,-1
505,103,648.50,-22.01,477.96,1328.55,0.9737,-1,-1,-1
505,50,-284.50,-17.74,593.73,1525.44,0.9293,-1,-1,-1
505,77,196.49,116.04,429.42,1226.07,0.9493,-1,-1,-1
505,4,1026.34,227.32,334.47,900.93,0.9595,-1,-1,-1
505,107,574.87,322.11,89.36,236.42,0.9232,-1,-1,-1
505,108,1236.56,328.04,75.65,219.00,0.6986,-1,-1,-1
505,110,725.95,326.63,85.21,249.08,0.5961,-1,-1,-1
506,103,663.72,-3.80,469.25,1308.81,0.9722,-1,-1,-1
506,50,-267.87,7.69,574.71,1478.31,0.9294,-1,-1,-1
506,77,199.83,118.10,429.01,1210.59,0.9459,-1,-1,-1
506,4,1050.71,215.60,338.45,914.44,0.9678,-1,-1,-1
506,107,580.90,320.14,88.36,235.75,0.9358,-1,-1,-1
506,108,1245.65,326.69,74.68,217.26,0.7238,-1,-1,-1
506,111,658.59,322.92,76.83,227.88,0.8477,-1,-1,-1
507,103,672.82,7.89,463.39,1299.28,0.9712,-1,-1,-1
507,50,-272.43,11.62,574.56,1482.92,0.9112,-1,-1,-1
507,77,198.08,124.48,431.76,1203.55,0.9270,-1,-1,-1
507,4,1075.19,208.05,343.14,929.75,0.9683,-1,-1,-1
507,107,585.53,319.29,87.52,235.06,0.9197,-1,-1,-1
507,111,666.09,320.67,77.34,229.64,0.8849,-1,-1,-1
508,103,676.02,2.79,463.86,1311.35,0.9756,-1,-1,-1
508,50,-264.31,39.35,558.55,1440.83,0.9214,-1,-1,-1
508,77,186.12,117.42,444.48,1226.00,0.9280,-1,-1,-1
508,4,1089.93,199.34,359.99,981.81,0.9727,-1,-1,-1
508,107,588.46,320.06,86.98,233.56,0.9229,-1,-1,-1
508,111,671.44,319.28,77.95,231.80,0.9089,-1,-1,-1
508,112,510.94,422.15,133.72,273.24,0.7368,-1,-1,-1
509,103,685.83,29.49,445.36,1266.27,0.9776,-1,-1,-1
509,50,-276.09,46.43,563.35,1454.23,0.8828,-1,-1,-1
509,77,179.75,120.94,447.23,1221.97,0.9474,-1,-1,-1
509,4,1105.46,196.39,371.67,1019.51,0.9713,-1,-1,-1
509,107,590.80,321.93,86.52,232.46,0.9196,-1,-1,-1
509,111,672.17,320.12,77.95,231.43,0.9030,-1,-1,-1
509,112,515.84,423.35,131.17,268.21,0.8941,-1,-1,-1
509,113,548.55,358.29,64.98,177.39,0.6715,-1,-1,-1
510,103,685.35,20.81,446.43,1278.62,0.9780,-1,-1,-1
510,50,-322.46,34.36,593.56,1525.27,0.8495,-1,-1,-1
510,77,159.17,120.13,457.84,1239.76,0.9552,-1,-1,-1
510,4,1111.80,198.90,374.25,1020.80,0.9450,-1,-1,-1
510,107,592.15,321.51,86.98,232.99,0.9150,-1,-1,-1
510,111,674.44,318.64,78.31,231.73,0.9151,-1,-1,-1
510,112,518.60,423.16,131.14,268.58,0.8975,-1,-1,-1
510,113,555.02,359.30,63.50,173.34,0.5931,-1,-1,-1
511,103,687.21,29.06,437.92,1263.29,0.9780,-1,-1,-1
511,50,-334.33,32.41,599.67,1538.55,0.8585,-1,-1,-1
511,77,144.64,113.39,467.45,1257.26,0.9602,-1,-1,-1
511,4,1099.19,190.61,389.57,1043.65,0.9468,-1,-1,-1
511,107,595.46,322.30,86.83,231.85,0.9197,-1,-1,-1
511,111,675.44,317.96,78.54,231.79,0.9183,-1,-1,-1
511,112,533.80,423.11,108.05,220.29,0.8699,-1,-1,-1
511,113,554.57,356.53,67.97,185.80,0.7023,-1,-1,-1
512,103,690.69,37.13,425.38,1233.73,0.9751,-1,-1,-1
512,50,-359.77,3.59,627.19,1606.52,0.7986,-1,-1,-1
512,77,131.95,110.37,472.21,1263.81,0.9543,-1,-1,-1
512,4,1099.63,187.97,404.85,1063.89,0.9586,-1,-1,-1
512,107,598.16,323.30,86.63,230.54,0.9291,-1,-1,-1
512,111,676.18,317.87,79.24,233.07,0.9260,-1,-1,-1
512,112,524.21,421.67,128.58,264.26,0.9062,-1,-1,-1
512,113,557.07,355.38,66.87,183.29,0.6478,-1,-1,-1
513,103,693.51,31.42,420.61,1226.31,0.9790,-1,-1,-1
513,50,-350.46,31.16,618.17,1577.86,0.8010,-1,-1,-1
513,77,117.79,108.18,479.23,1280.55,0.9500,-1,-1,-1
513,4,1110.69,190.30,418.41,1079.21,0.9553,-1,-1,-1
513,107,599.50,322.92,86.88,230.53,0.9211,-1,-1,-1
513,111,677.05,317.68,79.49,232.70,0.9221,-1,-1,-1
513,112,524.97,421.78,131.96,274.35,0.9388,-1,-1,-1
513,113,562.12,356.40,62.30,171.41,0.6890,-1,-1,-1
513,114,744.00,238.14,224.35,465.88,0.7636,-1,-1,-1
513,115,471.31,275.03,121.04,348.81,0.9304,-1,-1,-1
514,103,692.62,18.93,421.54,1236.12,0.9805,-1,-1,-1
514,50,-362.07,12.18,622.35,1591.38,0.7411,-1,-1,-1
514,77,110.43,108.28,477.84,1275.25,0.9442,-1,-1,-1
514,4,1130.47,189.89,436.15,1104.16,0.9314,-1,-1,-1
514,107,602.18,323.65,87.16,230.10,0.9299,-1,-1,-1
514,111,680.26,318.64,77.95,227.62,0.9104,-1,-1,-1
514,112,526.10,421.04,132.95,280.59,0.9527,-1,-1,-1
514,114,746.61,244.02,216.90,450.71,0.7043,-1,-1,-1
514,115,476.28,274.80,122.23,352.19,0.9338,-1,-1,-1
514,116,1133.66,336.96,56.84,198.99,0.7318,-1,-1,-1
515,103,692.66,4.75,423.03,1248.06,0.9790,-1,-1,-1
515,50,-377.65,10.97,612.38,1560.84,0.7326,-1,-1,-1
515,77,92.61,102.44,490.97,1314.07,0.9402,-1,-1,-1
515,4,1143.30,168.99,476.51,1194.24,0.9393,-1,-1,-1
515,107,604.72,325.56,86.66,227.72,0.9158,-1,-1,-1
515,111,681.56,319.38,77.77,226.97,0.8602,-1,-1,-1
515,112,528.46,422.01,131.83,282.81,0.9533,-1,-1,-1
515,114,755.98,246.81,210.06,438.00,0.5819,-1,-1,-1
515,115,481.97,274.64,123.34,355.68,0.9317,-1,-1,-1
515,116,1137.99,337.31,56.58,198.05,0.8368,-1,-1,-1
515,108,1330.73,331.11,74.44,220.00,0.8173,-1,-1,-1
516,103,695.78,3.27,417.77,1237.27,0.9747,-1,-1,-1
516,50,-382.07,10.64,617.12,1572.52,0.7753,-1,-1,-1
516,77,76.63,94.19,496.38,1329.16,0.9421,-1,-1,-1
516,4,1174.99,155.00,505.84,1251.43,0.9287,-1,-1,-1
516,107,601.88,325.48,87.74,229.10,0.9178,-1,-1,-1
516,111,681.90,321.61,77.47,225.83,0.9292,-1,-1,-1
516,112,530.61,422.24,130.53,285.29,0.9605,-1,-1,-1
516,115,488.92,276.72,122.62,352.91,0.9445,-1,-1,-1
516,116,1142.25,338.25,56.49,197.61,0.8811,-1,-1,-1
516,108,1340.18,330.94,76.93,230.03,0.8553,-1,-1,-1
517,103,700.72,11.25,408.77,1212.68,0.9771,-1,-1,-1
517,50,-366.05,45.30,593.62,1510.59,0.7612,-1,-1,-1
517,77,60.52,85.31,505.70,1356.03,0.9514,-1,-1,-1
517,4,1199.87,127.36,546.47,1337.50,0.9437,-1,-1,-1
517,107,598.98,325.00,88.70,229.64,0.9138,-1,-1,-1
517,111,683.40,323.15,77.76,225.88,0.9266,-1,-1,-1
517,112,531.71,422.55,128.44,286.54,0.9547,-1,-1,-1
517,115,492.93,276.98,122.97,353.09,0.9459,-1,-1,-1
517,116,1143.92,338.03,56.97,199.15,0.8550,-1,-1,-1
517,108,1348.10,330.46,74.12,222.59,0.7820,-1,-1,-1
518,103,705.46,31.43,399.90,1188.29,0.9771,-1,-1,-1
518,50,-384.79,38.64,605.01,1537.69,0.6975,-1,-1,-1
518,77,47.48,75.38,511.54,1373.02,0.9542,-1,-1,-1
518,4,1222.60,75.24,611.01,1481.96,0.9305,-1,-1,-1
518,107,597.11,325.08,89.34,230.75,0.9182,-1,-1,-1
518,111,683.05,325.10,77.92,225.91,0.9334,-1,-1,-1
518,112,532.92,422.98,126.49,288.22,0.9552,-1,-1,-1
518,115,497.94,277.08,123.96,355.73,0.9474,-1,-1,-1
518,116,1146.35,339.58,57.10,199.67,0.7466,-1,-1,-1
518,108,1352.61,330.22,78.74,238.52,0.7873,-1,-1,-1
519,103,712.51,52.93,389.43,1156.84,0.9790,-1,-1,-1
519,50,-361.74,71.85,585.87,1488.00,0.7008,-1,-1,-1
519,77,37.08,74.05,515.64,1382.25,0.9508,-1,-1,-1
519,4,1250.41,40.08,660.66,1585.50,0.9320,-1,-1,-1
519,107,596.42,326.61,90.41,234.20,0.9226,-1,-1,-1
519,111,684.93,329.04,77.39,223.69,0.9364,-1,-1,-1
519,112,536.32,424.52,124.57,290.30,0.9532,-1,-1,-1
519,115,501.66,278.75,124.49,355.70,0.9532,-1,-1,-1
519,116,1151.57,341.15,57.14,199.36,0.7914,-1,-1,-1
519,108,1360.61,330.59,78.64,238.20,0.8716,-1,-1,-1
519,114,768.13,266.14,206.76,433.28,0.6086,-1,-1,-1
520,103,719.45,64.95,383.58,1139.41,0.9785,-1,-1,-1
520,77,28.01,69.60,521.45,1398.15,0.9475,-1,-1,-1
520,4,1254.49,1.17,708.76,1698.09,0.9004,-1,-1,-1
520,107,598.12,327.20,89.16,232.50,0.9156,-1,-1,-1
520,111,686.51,331.17,77.23,222.54,0.9435,-1,-1,-1
520,112,539.35,424.61,123.43,293.87,0.9498,-1,-1,-1
520,115,505.24,279.87,126.61,359.68,0.9483,-1,-1,-1
520,116,1157.54,343.36,56.43,196.43,0.8560,-1,-1,-1
520,108,1368.93,333.63,72.99,220.62,0.8474,-1,-1,-1
520,114,762.99,261.29,215.33,454.84,0.7331,-1,-1,-1
521,103,724.37,71.39,381.94,1138.14,0.9776,-1,-1,-1
521,77,18.77,71.80,522.45,1394.59,0.9514,-1,-1,-1
521,4,1269.98,-6.37,732.77,1753.42,0.8439,-1,-1,-1
521,107,596.17,326.09,89.72,235.54,0.8785,-1,-1,-1
521,111,688.37,330.51,78.31,225.05,0.9430,-1,-1,-1
521,112,542.98,424.65,121.42,295.57,0.9445,-1,-1,-1
521,115,507.30,278.62,128.64,362.91,0.9556,-1,-1,-1
521,116,1162.60,337.51,58.59,203.39,0.7368,-1,-1,-1
521,108,1377.16,333.03,71.93,217.86,0.8474,-1,-1,-1
521,114,763.10,276.47,192.06,411.22,0.6289,-1,-1,-1
521,117,471.37,365.85,69.35,214.65,0.7881,-1,-1,-1
522,103,731.04,88.76,377.35,1126.46,0.9776,-1,-1,-1
522,77,8.65,76.47,532.48,1421.96,0.9562,-1,-1,-1
522,4,1299.38,-66.83,790.81,1887.32,0.6209,-1,-1,-1
522,107,596.29,327.73,89.44,236.56,0.9362,-1,-1,-1
522,111,688.82,333.33,79.51,226.68,0.9493,-1,-1,-1
522,112,546.87,427.53,119.64,297.00,0.9600,-1,-1,-1
522,115,507.51,279.61,130.81,364.97,0.9571,-1,-1,-1
522,116,1162.93,342.44,58.34,202.15,0.8487,-1,-1,-1
522,108,1384.60,333.96,74.82,225.91,0.8912,-1,-1,-1
522,117,478.29,367.56,68.34,211.52,0.8650,-1,-1,-1
523,103,741.92,106.39,367.74,1098.01,0.9805,-1,-1,-1
523,77,0.21,76.46,536.78,1432.45,0.9524,-1,-1,-1
523,107,597.84,329.24,88.56,235.49,0.9219,-1,-1,-1
523,111,689.52,333.71,80.57,228.53,0.9488,-1,-1,-1
523,112,551.29,429.85,116.98,296.11,0.9625,-1,-1,-1
523,115,508.65,278.67,132.70,366.23,0.9523,-1,-1,-1
523,116,1165.13,345.81,58.04,200.28,0.8859,-1,-1,-1
523,108,1395.60,336.11,73.93,226.32,0.8979,-1,-1,-1
523,117,485.45,368.55,67.88,210.48,0.9008,-1,-1,-1
524,103,745.53,98.35,369.21,1107.18,0.9790,-1,-1,-1
524,77,-11.40,69.84,543.26,1450.14,0.9448,-1,-1,-1
524,107,597.92,326.22,87.77,234.85,0.9159,-1,-1,-1
524,111,689.72,330.45,79.83,225.22,0.9522,-1,-1,-1
524,112,553.14,427.63,115.33,297.22,0.9605,-1,-1,-1
524,115,507.73,274.29,134.71,367.31,0.9469,-1,-1,-1
524,116,1167.68,342.16,58.56,201.49,0.8762,-1,-1,-1
524,108,1401.39,332.67,74.34,228.13,0.8973,-1,-1,-1
524,117,489.28,365.65,68.70,213.31,0.8859,-1,-1,-1
525,103,755.18,103.35,363.65,1093.61,0.9819,-1,-1,-1
525,77,-14.53,73.10,540.94,1443.72,0.9403,-1,-1,-1
525,107,599.62,325.13,88.07,237.16,0.9022,-1,-1,-1
525,111,690.86,329.57,79.67,223.96,0.9537,-1,-1,-1
525,112,555.79,426.50,114.18,299.12,0.9581,-1,-1,-1
525,115,518.62,272.28,134.99,370.45,0.9348,-1,-1,-1
525,116,1169.73,341.66,58.81,200.92,0.8925,-1,-1,-1
525,108,1406.09,331.64,74.92,228.79,0.8747,-1,-1,-1
525,117,490.71,364.96,69.79,216.71,0.8958,-1,-1,-1
526,103,762.73,97.01,361.48,1090.42,0.9819,-1,-1,-1
526,77,-20.99,64.95,544.99,1457.58,0.9322,-1,-1,-1
526,107,600.13,324.81,88.08,238.47,0.8919,-1,-1,-1
526,111,691.47,327.77,79.77,223.49,0.9590,-1,-1,-1
526,112,557.78,426.23,112.99,300.65,0.9668,-1,-1,-1
526,115,515.31,270.87,137.65,375.70,0.9581,-1,-1,-1
526,116,1172.82,340.50,59.48,202.04,0.8995,-1,-1,-1
526,108,1410.96,330.10,75.86,229.02,0.8701,-1,-1,-1
526,117,493.05,365.30,70.31,216.94,0.9076,-1,-1,-1
526,114,756.14,310.47,136.62,301.83,0.5924,-1,-1,-1
527,103,770.78,93.42,351.32,1058.80,0.9824,-1,-1,-1
527,77,-28.52,61.14,547.07,1464.25,0.9168,-1,-1,-1
527,107,603.44,325.44,87.14,237.17,0.8985,-1,-1,-1
527,111,692.41,327.60,80.15,222.44,0.9493,-1,-1,-1
527,112,560.55,425.44,112.39,303.37,0.9620,-1,-1,-1
527,115,523.07,268.43,137.23,377.17,0.9508,-1,-1,-1
527,116,1176.48,340.97,59.93,201.55,0.8989,-1,-1,-1
527,108,1423.62,329.18,76.91,231.87,0.8591,-1,-1,-1
527,117,498.75,361.72,71.05,219.31,0.9083,-1,-1,-1
527,114,754.91,278.43,158.77,363.32,0.6308,-1,-1,-1
527,110,816.28,274.47,133.28,375.79,0.5768,-1,-1,-1
528,103,774.88,86.66,347.47,1043.88,0.9849,-1,-1,-1
528,77,-29.29,60.01,543.49,1454.89,0.9210,-1,-1,-1
528,107,606.08,327.94,86.19,234.88,0.8771,-1,-1,-1
528,111,694.69,327.80,79.24,216.68,0.9503,-1,-1,-1
528,112,562.99,425.62,111.62,305.44,0.9625,-1,-1,-1
528,115,531.21,268.12,136.38,380.65,0.9591,-1,-1,-1
528,116,1179.87,341.04,61.00,202.25,0.8940,-1,-1,-1
528,108,1435.19,329.32,75.50,231.92,0.8672,-1,-1,-1
528,117,503.83,360.19,71.60,220.59,0.8973,-1,-1,-1
529,103,773.37,82.00,351.52,1050.97,0.9849,-1,-1,-1
529,77,-46.58,54.02,557.80,1490.89,0.9137,-1,-1,-1
529,107,610.56,328.36,84.90,232.66,0.8716,-1,-1,-1
529,111,698.02,325.53,80.78,219.50,0.9556,-1,-1,-1
529,112,565.84,424.56,110.68,306.82,0.9678,-1,-1,-1
529,115,536.35,266.29,135.42,384.22,0.9605,-1,-1,-1
529,116,1185.77,340.48,61.65,201.62,0.9073,-1,-1,-1
529,108,1446.12,327.23,73.94,232.80,0.8849,-1,-1,-1
529,117,508.56,358.68,71.82,221.48,0.9051,-1,-1,-1
530,103,767.42,83.79,356.96,1059.17,0.9873,-1,-1,-1
530,77,-47.98,53.67,559.40,1494.49,0.9238,-1,-1,-1
530,107,613.97,329.93,84.08,230.93,0.8589,-1,-1,-1
530,111,700.49,325.22,81.38,220.56,0.9566,-1,-1,-1
530,112,569.07,425.26,109.92,307.71,0.9659,-1,-1,-1
530,115,537.39,263.60,135.76,390.70,0.9537,-1,-1,-1
530,116,1188.93,339.82,62.67,202.15,0.9112,-1,-1,-1
530,108,1454.99,326.00,71.18,228.78,0.8612,-1,-1,-1
530,117,512.10,356.84,72.67,223.57,0.9029,-1,-1,-1
531,103,760.42,84.43,365.12,1072.71,0.9863,-1,-1,-1
531,77,-54.80,52.47,561.55,1497.63,0.9375,-1,-1,-1
531,107,616.04,332.32,82.82,228.05,0.8961,-1,-1,-1
531,111,702.80,326.27,81.88,221.87,0.9533,-1,-1,-1
531,112,570.43,425.76,109.69,308.86,0.9683,-1,-1,-1
531,115,540.06,265.06,134.61,393.52,0.9541,-1,-1,-1
531,116,1191.35,339.77,64.16,203.34,0.9137,-1,-1,-1
531,108,1457.96,326.58,69.49,224.75,0.8461,-1,-1,-1
531,117,514.11,357.30,73.59,225.21,0.8989,-1,-1,-1
531,118,1393.70,331.22,64.87,218.43,0.6026,-1,-1,-1
532,103,758.77,98.31,366.03,1060.45,0.9863,-1,-1,-1
532,77,-60.11,42.87,565.59,1509.07,0.9306,-1,-1,-1
532,107,617.15,332.37,82.38,227.44,0.8480,-1,-1,-1
532,111,703.17,325.51,82.86,224.05,0.9537,-1,-1,-1
532,112,571.45,425.12,109.62,310.11,0.9683,-1,-1,-1
532,115,541.12,262.18,134.54,398.48,0.9649,-1,-1,-1
532,116,1193.55,339.19,65.45,203.79,0.9001,-1,-1,-1
532,108,1458.61,325.70,71.01,228.28,0.8570,-1,-1,-1
532,117,517.56,356.67,74.35,226.68,0.8983,-1,-1,-1
532,119,1433.66,346.95,49.76,191.29,0.6057,-1,-1,-1
533,103,758.38,106.29,368.16,1051.60,0.9849,-1,-1,-1
533,77,-67.28,42.40,567.11,1513.51,0.9309,-1,-1,-1
533,107,616.15,330.84,82.20,226.79,0.8028,-1,-1,-1
533,111,702.03,325.85,83.61,224.55,0.9556,-1,-1,-1
533,112,572.62,424.05,110.22,311.85,0.9683,-1,-1,-1
533,115,542.05,260.83,134.66,404.35,0.9634,-1,-1,-1
533,116,1194.68,336.54,67.45,205.84,0.9222,-1,-1,-1
533,108,1471.57,326.89,70.27,228.71,0.7935,-1,-1,-1
533,117,518.57,358.73,74.15,223.61,0.9065,-1,-1,-1
533,119,1454.83,329.04,56.12,214.84,0.8578,-1,-1,-1
533,118,1401.47,327.65,64.81,216.86,0.6561,-1,-1,-1
534,103,757.27,115.40,371.72,1048.79,0.9854,-1,-1,-1
534,77,-74.20,49.73,565.54,1507.75,0.9231,-1,-1,-1
534,107,615.50,329.98,82.69,228.36,0.8239,-1,-1,-1
534,111,701.46,326.26,83.94,223.96,0.9551,-1,-1,-1
534,112,572.99,423.85,110.35,312.45,0.9703,-1,-1,-1
534,115,541.90,259.66,134.86,409.57,0.9639,-1,-1,-1
534,116,1196.02,334.44,69.76,208.26,0.9194,-1,-1,-1
534,108,1481.14,324.21,71.06,233.65,0.8839,-1,-1,-1
534,117,523.95,359.07,75.26,225.99,0.8969,-1,-1,-1
534,119,1464.39,323.27,59.28,225.38,0.8799,-1,-1,-1
534,118,1401.95,326.70,65.44,216.59,0.6351,-1,-1,-1
535,103,758.93,124.58,371.18,1035.67,0.9824,-1,-1,-1
535,77,-80.48,65.64,560.20,1488.74,0.9210,-1,-1,-1
535,107,615.10,327.86,82.97,230.31,0.8787,-1,-1,-1
535,111,703.28,325.72,84.84,224.84,0.9440,-1,-1,-1
535,112,575.05,423.77,111.04,313.50,0.9688,-1,-1,-1
535,115,542.96,258.50,134.79,413.54,0.9654,-1,-1,-1
535,116,1195.04,333.89,71.95,208.72,0.8934,-1,-1,-1
535,108,1489.29,324.02,70.89,235.28,0.8358,-1,-1,-1
535,117,528.22,358.12,76.36,226.84,0.8997,-1,-1,-1
535,119,1469.37,321.21,61.21,230.91,0.8844,-1,-1,-1
535,118,1403.73,325.25,68.13,221.90,0.5782,-1,-1,-1
535,120,387.51,318.77,132.32,342.06,0.8450,-1,-1,-1
536,103,759.03,126.22,369.44,1021.57,0.9844,-1,-1,-1
536,77,-93.26,64.06,554.38,1466.92,0.9284,-1,-1,-1
536,107,617.25,326.76,81.79,227.83,0.8716,-1,-1,-1
536,111,704.25,326.37,84.82,223.51,0.9508,-1,-1,-1
536,112,576.11,422.89,111.67,314.73,0.9698,-1,-1,-1
536,115,542.87,255.79,134.89,418.13,0.9644,-1,-1,-1
536,116,1191.92,331.42,73.96,209.20,0.8714,-1,-1,-1
536,108,1495.59,321.68,70.48,235.87,0.8647,-1,-1,-1
536,117,531.90,358.21,76.57,224.46,0.7696,-1,-1,-1
536,119,1474.16,320.38,61.44,229.47,0.9022,-1,-1,-1
536,120,388.66,322.88,132.34,341.80,0.7991,-1,-1,-1
537,103,760.20,130.57,364.80,1001.07,0.9844,-1,-1,-1
537,77,-112.01,45.08,568.37,1504.69,0.9096,-1,-1,-1
537,107,616.81,326.49,82.05,229.25,0.7050,-1,-1,-1
537,111,703.83,328.40,84.49,221.65,0.9451,-1,-1,-1
537,112,577.35,423.72,111.99,316.02,0.9678,-1,-1,-1
537,115,540.35,254.43,135.32,422.18,0.9654,-1,-1,-1
537,108,1502.97,321.02,70.34,236.40,0.8554,-1,-1,-1
537,119,1477.29,320.05,61.15,225.61,0.9007,-1,-1,-1
537,120,380.97,322.41,145.73,377.22,0.7792,-1,-1,-1
538,103,758.30,132.63,364.69,997.65,0.9824,-1,-1,-1
538,77,-140.35,20.47,580.36,1533.19,0.8818,-1,-1,-1
538,107,615.56,327.49,81.19,227.23,0.7636,-1,-1,-1
538,111,703.08,330.15,84.98,221.41,0.9456,-1,-1,-1
538,112,576.90,424.66,112.77,318.90,0.9615,-1,-1,-1
538,115,538.47,255.18,135.15,424.49,0.9624,-1,-1,-1
538,108,1509.56,321.78,69.61,236.57,0.8417,-1,-1,-1
538,119,1478.78,319.99,61.46,225.23,0.8889,-1,-1,-1
538,120,378.00,318.79,144.40,373.48,0.8400,-1,-1,-1
539,103,756.89,127.43,362.15,991.32,0.9824,-1,-1,-1
539,77,-163.58,12.42,587.70,1552.70,0.8971,-1,-1,-1
539,107,613.76,325.98,81.71,229.94,0.7609,-1,-1,-1
539,111,700.92,330.60,85.06,220.88,0.9464,-1,-1,-1
539,112,576.23,425.25,113.25,321.04,0.9552,-1,-1,-1
539,115,535.24,256.39,135.31,426.55,0.9566,-1,-1,-1
539,108,1514.20,320.64,69.58,239.27,0.8623,-1,-1,-1
539,119,1478.19,318.21,62.88,228.54,0.9121,-1,-1,-1
539,120,378.46,316.62,140.49,363.01,0.8839,-1,-1,-1
539,121,314.03,282.35,172.11,486.61,0.9460,-1,-1,-1
539,110,869.25,308.01,109.60,298.97,0.7034,-1,-1,-1
539,118,1410.42,320.17,75.87,237.61,0.6893,-1,-1,-1
540,103,752.28,118.23,360.32,989.77,0.9805,-1,-1,-1
540,77,-164.44,32.98,569.43,1506.01,0.8817,-1,-1,-1
540,107,610.04,324.62,83.86,235.86,0.7948,-1,-1,-1
540,111,696.92,328.61,86.87,225.60,0.9493,-1,-1,-1
540,112,573.11,425.34,114.07,324.67,0.9566,-1,-1,-1
540,115,532.35,257.08,136.24,431.30,0.9605,-1,-1,-1
540,108,1516.32,321.22,67.43,234.51,0.8064,-1,-1,-1
540,119,1476.38,316.33,63.28,229.49,0.8584,-1,-1,-1
540,120,372.74,316.98,142.43,367.85,0.9065,-1,-1,-1
540,121,304.35,280.92,176.48,499.77,0.9476,-1,-1,-1
540,122,431.83,355.59,83.24,216.81,0.7725,-1,-1,-1
540,114,804.82,294.23,106.49,323.60,0.7077,-1,-1,-1
540,110,869.05,317.98,103.74,278.87,0.5835,-1,-1,-1
541,103,750.52,117.51,355.70,982.77,0.9795,-1,-1,-1
541,77,-173.34,54.28,556.33,1472.19,0.8657,-1,-1,-1
541,107,606.35,328.99,82.94,234.56,0.9157,-1,-1,-1
541,111,693.06,332.95,86.54,224.72,0.9382,-1,-1,-1
541,112,569.38,429.54,115.11,329.09,0.9702,-1,-1,-1
541,115,525.88,259.82,135.54,430.35,0.9668,-1,-1,-1
541,108,1517.62,324.34,66.02,230.85,0.8635,-1,-1,-1
541,119,1471.41,318.52,63.49,228.89,0.9048,-1,-1,-1
541,120,362.39,319.24,149.03,385.35,0.9191,-1,-1,-1
541,121,293.55,283.78,175.25,496.35,0.9480,-1,-1,-1
541,122,437.48,360.04,70.88,184.58,0.7002,-1,-1,-1
541,114,805.72,294.81,102.12,310.03,0.5751,-1,-1,-1
542,103,748.73,114.82,351.98,980.91,0.9829,-1,-1,-1
542,77,-179.18,72.22,545.22,1450.01,0.8707,-1,-1,-1
542,107,602.64,329.66,83.11,235.70,0.8972,-1,-1,-1
542,111,688.52,333.84,86.41,224.25,0.9479,-1,-1,-1
542,112,563.84,431.11,115.94,332.69,0.9664,-1,-1,-1
542,115,520.53,259.63,137.27,437.26,0.9698,-1,-1,-1
542,108,1516.86,324.78,65.90,230.81,0.8512,-1,-1,-1
542,119,1465.55,319.82,64.05,228.96,0.8870,-1,-1,-1
542,120,354.97,320.18,147.73,380.46,0.9116,-1,-1,-1
542,121,287.39,283.77,173.28,487.10,0.9566,-1,-1,-1
542,122,436.99,362.28,65.76,171.24,0.7265,-1,-1,-1
542,114,799.91,293.07,100.37,304.40,0.7519,-1,-1,-1
542,118,1382.25,322.45,76.44,232.20,0.8236,-1,-1,-1
542,116,1184.31,334.54,73.72,212.43,0.5907,-1,-1,-1
543,103,750.13,113.81,346.52,975.12,0.9829,-1,-1,-1
543,77,-200.78,67.29,552.08,1474.20,0.8763,-1,-1,-1
543,107,599.17,327.58,81.95,233.56,0.7026,-1,-1,-1
543,111,685.06,329.83,86.50,223.74,0.9398,-1,-1,-1
543,112,557.40,428.80,115.99,332.89,0.9567,-1,-1,-1
543,115,515.84,253.92,138.32,443.19,0.9561,-1,-1,-1
543,108,1519.82,321.23,67.88,238.29,0.7838,-1,-1,-1
543,119,1461.80,317.24,65.21,231.55,0.8144,-1,-1,-1
543,120,349.05,315.70,150.40,387.25,0.8784,-1,-1,-1
543,121,281.16,279.18,174.08,485.65,0.9470,-1,-1,-1
543,122,432.40,355.56,66.35,172.88,0.7822,-1,-1,-1
543,114,793.27,281.24,102.32,310.75,0.6334,-1,-1,-1
543,118,1376.37,319.47,77.34,234.89,0.7527,-1,-1,-1
543,116,1184.33,329.98,70.38,205.21,0.6439,-1,-1,-1
544,103,751.50,113.69,341.41,971.65,0.9854,-1,-1,-1
544,77,-211.53,103.88,544.71,1460.06,0.9015,-1,-1,-1
544,107,594.94,326.90,80.96,231.83,0.7433,-1,-1,-1
544,111,680.69,327.93,86.92,223.99,0.9344,-1,-1,-1
544,112,548.89,429.14,117.74,337.96,0.9547,-1,-1,-1
544,115,509.33,251.67,138.25,442.92,0.9561,-1,-1,-1
544,108,1522.10,321.94,66.26,232.81,0.7592,-1,-1,-1
544,119,1453.28,322.42,67.51,234.55,0.8952,-1,-1,-1
544,120,338.66,313.16,160.01,414.32,0.8858,-1,-1,-1
544,121,268.63,278.00,177.16,491.06,0.9508,-1,-1,-1
544,122,429.26,353.65,68.74,179.16,0.7193,-1,-1,-1
544,118,1371.50,319.51,76.66,232.59,0.8195,-1,-1,-1
545,103,751.39,118.69,336.96,970.40,0.9839,-1,-1,-1
545,77,-224.67,107.86,547.42,1477.96,0.8930,-1,-1,-1
545,107,591.58,325.91,80.38,231.18,0.8002,-1,-1,-1
545,111,676.47,326.04,87.57,225.42,0.9218,-1,-1,-1
545,112,537.98,428.73,119.48,342.02,0.9498,-1,-1,-1
545,115,503.08,245.91,140.72,449.30,0.9702,-1,-1,-1
545,108,1519.57,326.40,63.48,223.01,0.5944,-1,-1,-1
545,119,1451.44,321.47,69.34,236.25,0.8677,-1,-1,-1
545,120,329.33,311.81,157.32,405.07,0.8081,-1,-1,-1
545,121,262.24,274.43,182.32,500.80,0.9323,-1,-1,-1
545,122,424.86,350.85,67.28,176.24,0.8006,-1,-1,-1
545,118,1367.74,317.48,75.28,228.23,0.8241,-1,-1,-1
546,103,751.30,123.13,334.80,975.78,0.9815,-1,-1,-1
546,77,-293.12,61.88,591.33,1596.35,0.8733,-1,-1,-1
546,107,590.04,327.15,78.92,228.25,0.7456,-1,-1,-1
546,111,671.52,326.17,86.93,224.28,0.9308,-1,-1,-1
546,112,522.59,429.94,122.61,346.58,0.9444,-1,-1,-1
546,115,497.21,242.69,143.72,454.91,0.9688,-1,-1,-1
546,108,1521.36,320.00,66.00,229.77,0.7695,-1,-1,-1
546,119,1450.22,320.69,71.32,237.13,0.8759,-1,-1,-1
546,120,325.56,311.91,156.64,404.73,0.8604,-1,-1,-1
546,121,248.09,276.42,187.21,511.06,0.9389,-1,-1,-1
546,122,419.64,349.85,68.71,180.71,0.7325,-1,-1,-1
546,118,1362.97,318.28,74.52,224.47,0.8385,-1,-1,-1
546,116,1163.34,327.24,74.36,209.71,0.8759,-1,-1,-1
547,103,746.54,130.27,329.08,968.82,0.9814,-1,-1,-1
547,77,-328.26,66.30,598.49,1610.89,0.8731,-1,-1,-1
547,107,581.51,325.64,78.67,228.50,0.8199,-1,-1,-1
547,111,662.05,322.50,87.46,225.63,0.9275,-1,-1,-1
547,112,505.82,427.52,125.13,350.87,0.9488,-1,-1,-1
547,115,488.19,240.05,146.46,458.15,0.9697,-1,-1,-1
547,108,1518.16,316.65,69.16,240.98,0.7665,-1,-1,-1
547,119,1447.98,321.89,72.06,234.70,0.8806,-1,-1,-1
547,120,317.50,307.68,158.09,410.62,0.8731,-1,-1,-1
547,121,232.28,273.18,192.52,523.48,0.9441,-1,-1,-1
547,122,414.18,347.70,67.35,178.68,0.7902,-1,-1,-1
547,118,1356.68,317.88,75.17,225.09,0.8607,-1,-1,-1
547,124,161.66,390.35,123.47,339.32,0.8134,-1,-1,-1
547,116,1156.05,325.60,76.80,212.31,0.8692,-1,-1,-1
548,103,738.72,131.92,327.41,974.25,0.9844,-1,-1,-1
548,77,-351.52,63.29,603.01,1630.06,0.8631,-1,-1,-1
548,111,651.60,319.51,87.95,227.03,0.9211,-1,-1,-1
548,112,487.52,426.37,126.08,351.98,0.9615,-1,-1,-1
548,115,477.85,237.55,149.64,462.77,0.9756,-1,-1,-1
548,108,1513.88,313.48,70.81,246.20,0.8745,-1,-1,-1
548,119,1442.43,322.14,72.75,232.34,0.9168,-1,-1,-1
548,120,308.83,305.03,155.94,409.14,0.9105,-1,-1,-1
548,121,208.02,270.48,200.01,542.77,0.9625,-1,-1,-1
548,122,402.50,346.07,68.84,184.08,0.6429,-1,-1,-1
548,118,1347.98,317.03,75.75,225.38,0.9068,-1,-1,-1
548,124,148.40,388.10,126.84,349.38,0.8902,-1,-1,-1
548,116,1147.74,323.93,79.01,213.65,0.9054,-1,-1,-1
549,103,731.90,135.97,324.12,974.86,0.9834,-1,-1,-1
549,77,-363.85,99.88,592.55,1612.32,0.8542,-1,-1,-1
549,111,643.44,319.38,88.39,227.43,0.9271,-1,-1,-1
549,112,474.96,427.05,126.10,351.85,0.9596,-1,-1,-1
549,115,467.42,237.13,152.17,464.19,0.9780,-1,-1,-1
549,108,1511.36,312.97,72.20,249.95,0.8056,-1,-1,-1
549,119,1439.67,323.86,73.51,230.48,0.9350,-1,-1,-1
549,120,303.12,303.13,154.74,409.55,0.9205,-1,-1,-1
549,121,189.98,269.45,201.57,547.16,0.9557,-1,-1,-1
549,122,396.98,345.72,66.59,179.75,0.7637,-1,-1,-1
549,118,1338.07,317.41,75.98,225.08,0.9035,-1,-1,-1
549,124,134.13,385.98,127.11,351.20,0.8831,-1,-1,-1
549,116,1139.61,323.87,80.27,212.36,0.9048,-1,-1,-1
549,107,562.39,324.94,77.43,226.57,0.8515,-1,-1,-1
550,103,727.76,140.32,320.12,972.78,0.9824,-1,-1,-1
550,77,-371.34,124.92,578.42,1585.34,0.8080,-1,-1,-1
550,111,635.96,319.45,88.59,227.13,0.9133,-1,-1,-1
550,112,464.44,426.10,127.20,355.68,0.9547,-1,-1,-1
550,115,460.08,235.94,155.41,466.68,0.9766,-1,-1,-1
550,108,1509.23,311.99,73.07,253.09,0.8305,-1,-1,-1
550,119,1437.65,324.61,73.88,230.17,0.9299,-1,-1,-1
550,120,295.59,302.39,153.91,409.76,0.9240,-1,-1,-1
550,121,172.81,267.61,211.08,573.30,0.9654,-1,-1,-1
550,122,390.48,345.10,66.91,182.29,0.8690,-1,-1,-1
550,118,1330.73,317.89,76.30,225.02,0.9021,-1,-1,-1
550,124,121.30,383.46,131.39,364.53,0.8747,-1,-1,-1
550,116,1135.76,321.60,82.52,214.96,0.9116,-1,-1,-1
551,103,725.67,145.71,312.48,956.02,0.9824,-1,-1,-1
551,77,-414.77,158.45,578.91,1593.37,0.7629,-1,-1,-1
551,111,629.48,319.35,88.70,227.00,0.9390,-1,-1,-1
551,112,458.31,423.65,127.51,360.80,0.9499,-1,-1,-1
551,115,450.59,233.99,157.48,465.40,0.9790,-1,-1,-1
551,108,1507.65,309.53,73.69,255.55,0.7942,-1,-1,-1
551,119,1435.00,321.66,74.87,232.25,0.9207,-1,-1,-1
551,120,290.63,300.20,153.65,411.57,0.9145,-1,-1,-1
551,121,162.15,265.27,206.94,558.48,0.9577,-1,-1,-1
551,122,383.74,343.46,67.73,186.86,0.8549,-1,-1,-1
551,118,1324.67,315.94,76.80,226.86,0.9164,-1,-1,-1
551,124,109.92,381.20,132.61,368.80,0.8685,-1,-1,-1
551,116,1133.17,320.27,82.83,215.03,0.8930,-1,-1,-1
551,107,545.15,324.47,77.50,227.25,0.8821,-1,-1,-1
552,103,719.43,145.03,310.45,958.84,0.9819,-1,-1,-1
552,77,-437.42,213.47,562.42,1548.22,0.6330,-1,-1,-1
552,111,623.13,319.11,88.90,226.61,0.9510,-1,-1,-1
552,112,453.46,419.50,127.47,366.41,0.9456,-1,-1,-1
552,115,439.72,230.31,160.73,466.55,0.9785,-1,-1,-1
552,108,1503.95,309.43,73.24,255.99,0.7633,-1,-1,-1
552,119,1433.94,319.71,75.69,234.89,0.9121,-1,-1,-1
552,120,279.98,297.07,153.93,415.45,0.9224,-1,-1,-1
552,121,148.18,262.90,211.76,569.71,0.9557,-1,-1,-1
552,122,377.39,342.75,66.62,185.92,0.8868,-1,-1,-1
552,118,1319.36,314.23,77.42,228.93,0.9236,-1,-1,-1
552,124,97.31,379.14,135.40,377.95,0.9066,-1,-1,-1
552,116,1129.84,319.72,82.94,215.91,0.8952,-1,-1,-1
552,107,537.56,322.35,77.68,228.34,0.8141,-1,-1,-1
553,103,717.09,146.94,296.89,920.43,0.9844,-1,-1,-1
553,111,616.28,320.28,88.20,224.56,0.9418,-1,-1,-1
553,112,444.34,421.72,125.94,366.26,0.9110,-1,-1,-1
553,115,428.78,230.00,164.13,469.65,0.9805,-1,-1,-1
553,108,1498.61,334.78,67.19,236.64,0.6134,-1,-1,-1
553,119,1431.80,318.15,76.43,236.64,0.9076,-1,-1,-1
553,120,274.17,298.97,152.17,412.26,0.9004,-1,-1,-1
553,121,132.50,256.30,215.87,579.80,0.9489,-1,-1,-1
553,122,371.43,343.45,65.27,184.68,0.8766,-1,-1,-1
553,118,1313.42,313.54,76.89,229.27,0.9019,-1,-1,-1
553,124,87.58,378.75,136.76,382.85,0.8887,-1,-1,-1
553,116,1129.01,319.06,82.73,217.55,0.8389,-1,-1,-1
553,107,531.80,322.64,76.52,225.27,0.6047,-1,-1,-1
554,103,712.21,140.16,292.46,908.10,0.9844,-1,-1,-1
554,111,609.29,320.66,88.33,224.23,0.9469,-1,-1,-1
554,112,438.21,422.23,124.68,367.84,0.9431,-1,-1,-1
554,115,418.44,228.17,166.85,473.05,0.9815,-1,-1,-1
554,108,1497.61,343.70,62.90,222.11,0.6320,-1,-1,-1
554,119,1430.04,317.32,77.13,238.47,0.9052,-1,-1,-1
554,120,263.37,297.81,151.93,413.33,0.9076,-1,-1,-1
554,121,120.47,252.40,215.68,577.40,0.9561,-1,-1,-1
554,122,365.42,342.03,64.80,185.58,0.9020,-1,-1,-1
554,118,1307.46,312.45,76.29,229.85,0.9026,-1,-1,-1
554,124,75.86,380.06,136.78,384.39,0.8705,-1,-1,-1
554,116,1127.83,317.31,82.35,218.15,0.8823,-1,-1,-1
554,107,522.25,321.43,78.47,230.72,0.8371,-1,-1,-1
555,103,705.92,130.53,290.13,903.66,0.9844,-1,-1,-1
555,111,605.47,322.24,87.69,222.88,0.9426,-1,-1,-1
555,112,425.43,416.25,126.07,380.29,0.9391,-1,-1,-1
555,115,409.49,227.09,168.47,473.80,0.9790,-1,-1,-1
555,119,1429.17,316.26,78.75,242.01,0.9054,-1,-1,-1
555,120,256.13,299.10,152.23,415.08,0.9098,-1,-1,-1
555,121,109.22,250.01,216.99,577.61,0.9605,-1,-1,-1
555,122,360.80,342.98,64.18,186.27,0.8589,-1,-1,-1
555,118,1305.12,311.72,75.67,231.86,0.9187,-1,-1,-1
555,124,65.00,379.98,139.96,396.19,0.8652,-1,-1,-1
555,116,1126.22,316.60,82.04,219.67,0.8610,-1,-1,-1
555,107,514.40,320.11,80.86,236.72,0.8519,-1,-1,-1
556,103,701.31,130.33,286.16,890.59,0.9815,-1,-1,-1
556,111,602.12,324.61,87.84,223.49,0.9441,-1,-1,-1
556,112,413.37,415.30,125.78,386.88,0.9265,-1,-1,-1
556,115,399.28,229.14,170.91,478.85,0.9746,-1,-1,-1
556,119,1427.01,317.35,81.31,246.73,0.8963,-1,-1,-1
556,120,243.33,298.76,154.12,422.42,0.9024,-1,-1,-1
556,121,98.36,250.92,221.14,587.77,0.9625,-1,-1,-1
556,118,1303.40,314.12,74.82,232.17,0.9085,-1,-1,-1
556,124,53.02,382.29,141.43,403.97,0.8450,-1,-1,-1
557,103,692.67,128.15,289.60,901.67,0.9858,-1,-1,-1
557,111,599.49,325.47,85.35,217.48,0.9321,-1,-1,-1
557,112,400.95,415.56,125.76,391.28,0.9504,-1,-1,-1
557,115,390.25,227.96,173.04,484.43,0.9766,-1,-1,-1
557,119,1426.49,317.59,82.20,246.27,0.8987,-1,-1,-1
557,120,235.18,297.90,155.27,428.09,0.9063,-1,-1,-1
557,121,85.02,247.51,225.65,598.39,0.9688,-1,-1,-1
557,118,1300.88,312.87,74.60,234.06,0.9056,-1,-1,-1
557,124,45.08,385.23,141.01,406.04,0.8767,-1,-1,-1
557,122,352.11,347.27,64.19,186.77,0.7814,-1,-1,-1
557,116,1117.69,318.34,82.24,224.22,0.8274,-1,-1,-1
557,107,506.62,322.37,80.59,232.94,0.6219,-1,-1,-1
558,103,686.01,129.99,291.82,908.00,0.9854,-1,-1,-1
558,111,598.45,327.16,84.72,216.68,0.9133,-1,-1,-1
558,112,389.43,412.38,128.11,398.98,0.9469,-1,-1,-1
558,115,382.16,229.15,174.96,491.65,0.9790,-1,-1,-1
558,119,1428.14,318.90,83.58,246.02,0.8646,-1,-1,-1
558,120,225.36,297.34,155.79,430.59,0.9188,-1,-1,-1
558,121,76.85,248.22,227.81,601.37,0.9732,-1,-1,-1
558,118,1298.69,312.61,74.81,237.10,0.9073,-1,-1,-1
558,124,40.35,390.83,131.53,381.48,0.5769,-1,-1,-1
558,122,349.55,348.75,65.04,189.67,0.7535,-1,-1,-1
558,116,1116.63,319.12,81.42,226.07,0.8031,-1,-1,-1
558,107,502.33,324.11,85.23,246.50,0.7902,-1,-1,-1
558,114,690.02,320.38,90.39,273.65,0.6079,-1,-1,-1
559,103,682.23,138.39,292.52,908.59,0.9839,-1,-1,-1
559,111,599.81,329.34,83.24,213.37,0.9237,-1,-1,-1
559,112,380.98,408.84,132.28,409.69,0.9634,-1,-1,-1
559,115,377.89,231.51,176.17,497.15,0.9839,-1,-1,-1
559,119,1434.13,320.29,85.10,245.86,0.9242,-1,-1,-1
559,120,219.18,298.99,156.65,433.85,0.9084,-1,-1,-1
559,121,70.11,250.60,229.34,602.28,0.9776,-1,-1,-1
559,118,1297.59,313.27,75.05,239.45,0.9089,-1,-1,-1
559,122,349.77,350.50,65.39,190.25,0.8228,-1,-1,-1
559,116,1118.22,320.59,80.37,226.40,0.8550,-1,-1,-1
559,107,504.76,327.39,82.02,238.13,0.7735,-1,-1,-1
559,114,687.79,321.79,90.68,276.30,0.7005,-1,-1,-1
560,103,678.11,143.73,293.63,906.76,0.9834,-1,-1,-1
560,111,601.03,331.93,81.38,208.90,0.9290,-1,-1,-1
560,112,374.21,414.84,134.25,410.18,0.9659,-1,-1,-1
560,115,374.75,234.33,177.27,502.88,0.9810,-1,-1,-1
560,119,1438.31,323.01,85.69,243.86,0.9243,-1,-1,-1
560,120,215.37,301.60,156.19,433.76,0.8868,-1,-1,-1
560,121,60.32,249.96,232.92,608.25,0.9683,-1,-1,-1
560,118,1295.57,315.70,75.32,239.32,0.9082,-1,-1,-1
560,122,350.58,354.36,64.16,187.34,0.8627,-1,-1,-1
560,116,1121.49,323.16,78.62,224.95,0.8278,-1,-1,-1
560,107,502.74,330.41,83.33,242.72,0.8211,-1,-1,-1
560,127,1352.95,311.04,68.49,246.65,0.8110,-1,-1,-1
560,117,481.85,329.79,97.92,291.07,0.7564,-1,-1,-1
560,124,32.34,409.38,120.16,347.82,0.6544,-1,-1,-1
561,103,674.74,158.76,289.08,885.18,0.9805,-1,-1,-1
561,111,599.18,329.60,82.78,213.63,0.9037,-1,-1,-1
561,112,367.03,418.44,137.17,410.16,0.9576,-1,-1,-1
561,115,371.71,232.75,178.66,508.46,0.9698,-1,-1,-1
561,119,1441.54,323.27,85.95,243.61,0.8770,-1,-1,-1
561,120,200.21,298.57,159.83,438.04,0.9320,-1,-1,-1
561,121,50.11,246.34,239.16,621.15,0.9653,-1,-1,-1
561,118,1294.32,314.92,74.76,238.02,0.8588,-1,-1,-1
561,122,348.50,352.91,64.74,188.46,0.6931,-1,-1,-1
561,116,1117.18,321.40,79.44,225.05,0.8323,-1,-1,-1
561,107,493.86,326.68,94.11,274.04,0.8567,-1,-1,-1
561,124,7.83,406.03,107.60,299.15,0.6688,-1,-1,-1
562,103,673.20,168.04,287.85,875.19,0.9834,-1,-1,-1
562,111,599.44,328.25,84.15,218.50,0.9031,-1,-1,-1
562,112,363.43,428.07,139.38,404.24,0.9673,-1,-1,-1
562,115,370.35,232.72,179.27,512.32,0.9707,-1,-1,-1
562,119,1446.57,327.80,84.63,239.03,0.7832,-1,-1,-1
562,120,195.21,298.00,162.39,440.11,0.9211,-1,-1,-1
562,121,41.16,246.35,240.73,620.84,0.9703,-1,-1,-1
562,118,1294.25,315.84,74.79,237.82,0.8480,-1,-1,-1
562,116,1116.92,319.93,80.51,226.30,0.8655,-1,-1,-1
562,107,495.02,326.74,94.68,275.87,0.8447,-1,-1,-1
562,127,1350.87,309.32,69.90,251.72,0.7423,-1,-1,-1
563,103,674.87,174.22,286.25,865.41,0.9883,-1,-1,-1
563,111,601.42,326.97,85.98,223.58,0.9350,-1,-1,-1
563,112,358.63,429.52,146.04,413.14,0.9849,-1,-1,-1
563,115,373.45,232.73,178.99,512.11,0.9751,-1,-1,-1
563,119,1453.61,324.53,86.93,243.53,0.9015,-1,-1,-1
563,120,200.66,297.82,162.85,442.78,0.9311,-1,-1,-1
563,121,28.21,244.44,249.73,640.35,0.9761,-1,-1,-1
563,118,1293.08,316.60,75.42,237.51,0.8872,-1,-1,-1
563,116,1124.14,320.68,79.77,225.87,0.8958,-1,-1,-1
563,107,486.38,330.93,98.39,286.86,0.8145,-1,-1,-1
563,127,1351.88,309.66,70.52,253.72,0.8741,-1,-1,-1
563,117,502.94,326.50,85.20,251.34,0.6971,-1,-1,-1
563,122,344.44,351.54,65.84,190.49,0.8366,-1,-1,-1
563,124,-6.50,407.71,115.27,313.68,0.6568,-1,-1,-1
564,103,676.38,176.07,287.77,868.12,0.9883,-1,-1,-1
564,111,605.55,326.45,86.21,224.53,0.9485,-1,-1,-1
564,112,356.51,424.60,154.98,427.60,0.9863,-1,-1,-1
564,115,379.73,231.38,180.22,515.85,0.9746,-1,-1,-1
564,119,1464.40,322.75,88.03,244.75,0.9363,-1,-1,-1
564,120,204.92,298.01,162.24,443.47,0.9556,-1,-1,-1
564,121,24.61,242.86,253.29,645.93,0.9810,-1,-1,-1
564,118,1296.61,316.91,77.23,240.38,0.9083,-1,-1,-1
564,116,1131.23,320.48,79.99,227.92,0.9063,-1,-1,-1
564,107,485.90,327.51,101.19,297.04,0.8089,-1,-1,-1
564,127,1351.54,310.84,71.06,253.81,0.8889,-1,-1,-1
564,117,514.58,329.71,78.67,231.28,0.7492,-1,-1,-1
564,122,343.47,351.34,66.14,191.37,0.8836,-1,-1,-1
564,124,-10.72,408.11,112.94,304.09,0.5955,-1,-1,-1
565,103,677.67,177.88,287.75,868.45,0.9873,-1,-1,-1
565,111,609.47,325.01,87.67,228.42,0.9419,-1,-1,-1
565,112,354.99,422.30,162.94,439.79,0.9839,-1,-1,-1
565,115,384.92,229.72,181.10,517.69,0.9775,-1,-1,-1
565,119,1474.85,320.27,89.73,247.41,0.9488,-1,-1,-1
565,120,206.45,297.36,162.77,445.06,0.9498,-1,-1,-1
565,121,21.03,239.23,257.44,653.31,0.9800,-1,-1,-1
565,118,1298.72,315.65,78.26,241.44,0.9140,-1,-1,-1
565,116,1139.15,318.91,79.36,228.13,0.9107,-1,-1,-1
565,107,489.23,325.53,102.82,303.49,0.7376,-1,-1,-1
565,127,1352.42,310.12,71.46,253.27,0.8931,-1,-1,-1
565,122,347.57,350.44,66.09,192.12,0.8881,-1,-1,-1
565,124,-13.69,406.81,119.35,318.09,0.6514,-1,-1,-1
566,103,678.87,179.79,283.18,855.56,0.9868,-1,-1,-1
566,111,613.15,322.09,88.40,230.75,0.9361,-1,-1,-1
566,112,352.56,421.28,169.14,447.19,0.9824,-1,-1,-1
566,115,388.01,226.77,183.78,525.67,0.9795,-1,-1,-1
566,119,1483.54,319.17,89.82,246.17,0.9523,-1,-1,-1
566,120,201.41,291.07,165.34,451.33,0.9561,-1,-1,-1
566,121,18.29,235.64,260.55,660.41,0.9742,-1,-1,-1
566,118,1300.88,313.86,79.17,239.60,0.8641,-1,-1,-1
566,116,1145.47,316.62,79.32,229.63,0.9105,-1,-1,-1
566,127,1355.70,309.54,72.31,252.67,0.9056,-1,-1,-1
566,122,350.78,348.30,65.65,191.51,0.8860,-1,-1,-1
566,124,-13.74,399.54,120.81,320.68,0.6253,-1,-1,-1
567,103,677.61,173.67,277.83,841.46,0.9849,-1,-1,-1
567,111,617.37,320.62,87.11,227.64,0.9269,-1,-1,-1
567,112,350.15,428.77,173.79,448.56,0.9839,-1,-1,-1
567,115,390.74,223.74,185.70,532.33,0.9810,-1,-1,-1
567,119,1491.67,316.94,91.35,248.78,0.9470,-1,-1,-1
567,120,199.49,286.85,166.67,454.61,0.9561,-1,-1,-1
567,121,15.87,233.56,261.01,659.26,0.9766,-1,-1,-1
567,118,1303.14,313.67,79.38,236.53,0.8659,-1,-1,-1
567,116,1151.89,315.02,78.35,229.30,0.9157,-1,-1,-1
567,127,1357.78,308.90,73.31,253.67,0.8724,-1,-1,-1
567,122,353.26,345.21,66.12,193.60,0.8525,-1,-1,-1
568,103,676.43,171.38,271.58,824.72,0.9854,-1,-1,-1
568,111,620.96,320.24,86.81,227.29,0.9407,-1,-1,-1
568,112,348.58,435.81,176.46,444.47,0.9849,-1,-1,-1
568,115,394.07,219.69,187.27,537.38,0.9824,-1,-1,-1
568,119,1499.35,316.36,92.36,250.18,0.9374,-1,-1,-1
568,120,197.00,283.26,167.83,457.52,0.9654,-1,-1,-1
568,121,10.94,231.06,264.97,668.93,0.9791,-1,-1,-1
568,118,1300.81,312.43,78.07,231.88,0.7954,-1,-1,-1
568,116,1156.15,315.17,78.05,229.59,0.9101,-1,-1,-1
568,127,1361.82,307.79,73.87,254.46,0.8740,-1,-1,-1
568,122,356.75,342.35,66.21,192.50,0.6712,-1,-1,-1
568,124,-19.85,391.85,123.21,327.93,0.6134,-1,-1,-1
569,103,675.42,166.87,266.20,809.74,0.9849,-1,-1,-1
569,111,624.17,320.09,85.86,225.25,0.9327,-1,-1,-1
569,112,343.41,440.47,181.74,445.77,0.9863,-1,-1,-1
569,115,398.09,215.24,189.23,544.01,0.9829,-1,-1,-1
569,119,1506.49,315.85,93.31,251.67,0.9319,-1,-1,-1
569,120,197.88,283.27,167.65,458.75,0.9668,-1,-1,-1
569,121,3.33,228.13,270.45,684.39,0.9790,-1,-1,-1
569,118,1295.98,310.94,81.43,237.34,0.8918,-1,-1,-1
569,116,1161.86,313.83,77.98,230.13,0.9140,-1,-1,-1
569,127,1367.50,306.56,75.25,256.99,0.9094,-1,-1,-1
569,122,361.06,340.35,65.75,190.72,0.8041,-1,-1,-1
569,124,-19.38,389.78,121.73,326.11,0.5829,-1,-1,-1
570,103,674.19,161.64,264.32,806.36,0.9858,-1,-1,-1
570,111,626.73,320.47,85.29,225.01,0.9442,-1,-1,-1
570,112,336.60,443.65,189.23,452.75,0.9873,-1,-1,-1
570,115,402.16,210.60,191.11,549.92,0.9844,-1,-1,-1
570,119,1514.28,315.92,93.95,251.65,0.9353,-1,-1,-1
570,120,197.01,282.65,167.03,458.10,0.9707,-1,-1,-1
570,121,-1.78,224.32,274.91,696.02,0.9785,-1,-1,-1
570,118,1294.19,308.95,82.88,240.69,0.8777,-1,-1,-1
570,116,1167.95,313.00,77.94,230.76,0.9048,-1,-1,-1
570,127,1372.13,305.77,76.26,258.35,0.9041,-1,-1,-1
570,122,364.19,339.24,66.12,192.28,0.8383,-1,-1,-1
570,117,543.63,320.28,77.68,229.94,0.7041,-1,-1,-1
570,107,501.63,319.15,105.06,313.34,0.6474,-1,-1,-1
571,103,674.47,156.30,264.21,809.95,0.9878,-1,-1,-1
571,111,630.08,320.32,84.47,224.14,0.9139,-1,-1,-1
571,112,330.28,445.51,196.21,459.67,0.9902,-1,-1,-1
571,115,406.41,206.50,192.20,554.22,0.9834,-1,-1,-1
571,119,1523.82,314.80,94.68,252.94,0.9382,-1,-1,-1
571,120,194.05,279.98,167.32,458.75,0.9678,-1,-1,-1
571,121,-13.68,217.95,289.68,737.95,0.9722,-1,-1,-1
571,118,1297.70,307.51,83.89,245.94,0.8158,-1,-1,-1
571,116,1174.10,311.90,77.95,232.43,0.9223,-1,-1,-1
571,127,1377.19,304.08,77.42,261.51,0.9027,-1,-1,-1
571,122,366.10,337.57,68.84,200.42,0.7923,-1,-1,-1
572,103,676.18,157.10,264.82,816.05,0.9858,-1,-1,-1
572,111,635.63,319.82,84.05,223.24,0.9158,-1,-1,-1
572,112,325.55,445.83,202.63,465.69,0.9902,-1,-1,-1
572,115,411.27,203.01,192.78,557.35,0.9849,-1,-1,-1
572,119,1532.34,313.56,95.37,254.28,0.9465,-1,-1,-1
572,120,191.53,277.03,169.51,463.24,0.9707,-1,-1,-1
572,121,-15.66,215.29,285.08,726.59,0.9775,-1,-1,-1
572,118,1302.25,304.63,85.44,253.21,0.7996,-1,-1,-1
572,116,1180.00,312.36,76.84,232.04,0.9198,-1,-1,-1
572,127,1380.56,302.63,78.43,263.56,0.9061,-1,-1,-1
572,122,371.41,338.18,66.49,192.51,0.8528,-1,-1,-1
573,103,680.85,159.87,262.39,812.30,0.9863,-1,-1,-1
573,111,639.71,319.18,85.01,226.92,0.9342,-1,-1,-1
573,112,318.84,441.63,208.67,472.67,0.9893,-1,-1,-1
573,115,416.33,200.49,192.57,556.72,0.9839,-1,-1,-1
573,119,1540.91,312.11,96.66,256.08,0.9484,-1,-1,-1
573,120,191.99,274.77,171.38,466.63,0.9702,-1,-1,-1
573,121,-21.84,211.36,283.05,720.52,0.9707,-1,-1,-1
573,118,1307.81,303.40,84.82,254.20,0.8359,-1,-1,-1
573,116,1186.95,311.50,76.30,231.87,0.9187,-1,-1,-1
573,127,1384.79,300.40,79.20,266.50,0.9079,-1,-1,-1
573,122,378.25,337.19,65.16,189.42,0.8686,-1,-1,-1
574,103,685.79,167.06,260.27,809.76,0.9834,-1,-1,-1
574,111,644.22,319.30,84.06,225.64,0.9252,-1,-1,-1
574,112,310.27,438.13,213.87,477.82,0.9873,-1,-1,-1
574,115,420.58,196.56,194.49,562.40,0.9819,-1,-1,-1
574,119,1550.58,311.97,97.34,257.17,0.9542,-1,-1,-1
574,120,191.20,274.05,173.08,468.60,0.9673,-1,-1,-1
574,121,-32.99,212.38,287.20,726.06,0.9518,-1,-1,-1
574,118,1310.85,301.19,83.04,251.42,0.6792,-1,-1,-1
574,116,1192.99,311.43,76.46,233.57,0.9194,-1,-1,-1
574,127,1388.54,297.89,79.79,269.90,0.9201,-1,-1,-1
574,122,383.46,336.67,66.13,191.32,0.8414,-1,-1,-1
575,103,688.76,175.40,257.92,806.53,0.9834,-1,-1,-1
575,111,649.32,320.65,81.53,219.00,0.9350,-1,-1,-1
575,112,301.96,439.91,219.17,483.14,0.9863,-1,-1,-1
575,115,423.84,195.56,196.75,569.83,0.9839,-1,-1,-1
575,119,1559.87,312.55,97.93,258.99,0.9557,-1,-1,-1
575,120,185.65,276.03,175.19,478.23,0.9406,-1,-1,-1
575,121,-37.46,212.51,295.76,752.59,0.9396,-1,-1,-1
575,118,1314.84,301.55,82.54,252.06,0.8350,-1,-1,-1
575,116,1199.52,313.49,75.41,233.31,0.9078,-1,-1,-1
575,127,1388.08,297.57,79.73,271.02,0.9134,-1,-1,-1
575,122,387.50,338.36,65.88,189.35,0.8531,-1,-1,-1
576,103,691.21,179.68,254.32,796.98,0.9829,-1,-1,-1
576,111,650.74,318.51,81.70,220.42,0.9382,-1,-1,-1
576,112,292.85,439.17,225.23,491.60,0.9863,-1,-1,-1
576,115,425.87,192.46,198.73,577.26,0.9844,-1,-1,-1
576,119,1566.45,312.62,99.00,260.86,0.9503,-1,-1,-1
576,120,176.67,270.99,180.04,497.10,0.9392,-1,-1,-1
576,121,-43.37,207.23,290.96,741.55,0.9440,-1,-1,-1
576,118,1318.17,303.20,81.66,249.16,0.8316,-1,-1,-1
576,116,1204.69,312.87,75.25,234.97,0.9106,-1,-1,-1
576,127,1391.39,296.52,79.70,272.27,0.9056,-1,-1,-1
576,122,388.91,337.17,68.12,194.87,0.8366,-1,-1,-1
577,103,690.12,185.80,252.73,794.95,0.9854,-1,-1,-1
577,111,649.66,319.07,81.52,222.30,0.9124,-1,-1,-1
577,112,287.26,442.07,228.60,496.21,0.9873,-1,-1,-1
577,115,425.88,191.41,200.27,584.02,0.9834,-1,-1,-1
577,119,1571.48,315.01,99.44,261.86,0.9454,-1,-1,-1
577,120,169.33,270.37,181.37,503.44,0.9556,-1,-1,-1
577,121,-46.91,204.29,290.69,742.48,0.9298,-1,-1,-1
577,118,1312.14,305.16,83.36,254.70,0.8379,-1,-1,-1
577,116,1206.42,314.36,74.67,236.46,0.9072,-1,-1,-1
577,127,1389.98,298.58,80.28,274.01,0.9100,-1,-1,-1
577,122,391.49,338.91,67.50,193.39,0.8700,-1,-1,-1
577,114,828.23,316.47,107.45,293.32,0.5714,-1,-1,-1
578,103,689.74,192.86,251.10,791.23,0.9858,-1,-1,-1
578,111,650.33,320.41,81.03,222.12,0.9192,-1,-1,-1
578,112,268.79,442.32,235.52,503.50,0.9888,-1,-1,-1
578,115,425.60,189.83,201.92,591.50,0.9849,-1,-1,-1
578,119,1578.57,318.42,99.87,262.19,0.9474,-1,-1,-1
578,120,164.64,273.57,180.88,504.40,0.9654,-1,-1,-1
578,121,-50.89,204.71,295.54,752.98,0.9064,-1,-1,-1
578,118,1316.15,306.62,85.54,261.60,0.8932,-1,-1,-1
578,116,1210.29,315.18,75.50,240.11,0.9261,-1,-1,-1
578,127,1390.29,301.08,80.58,275.83,0.9179,-1,-1,-1
578,122,392.26,340.81,68.01,194.25,0.9106,-1,-1,-1
578,117,574.51,319.40,77.98,228.89,0.8534,-1,-1,-1
579,103,686.80,195.73,249.63,788.46,0.9858,-1,-1,-1
579,111,650.92,318.48,81.14,223.84,0.9180,-1,-1,-1
579,112,249.94,443.18,243.90,512.71,0.9829,-1,-1,-1
579,115,424.16,187.89,202.66,596.61,0.9805,-1,-1,-1
579,119,1582.03,318.09,100.62,262.83,0.9527,-1,-1,-1
579,120,161.04,273.06,180.45,505.12,0.9610,-1,-1,-1
579,121,-63.66,204.31,301.02,775.47,0.9230,-1,-1,-1
579,118,1315.96,306.54,85.81,263.31,0.8588,-1,-1,-1
579,116,1211.29,314.41,75.40,240.59,0.9270,-1,-1,-1
579,127,1385.12,300.76,81.74,276.24,0.8819,-1,-1,-1
579,122,392.37,339.40,68.89,196.23,0.9095,-1,-1,-1
579,117,577.38,320.08,75.88,222.25,0.7635,-1,-1,-1
580,103,684.60,196.44,248.62,786.26,0.9844,-1,-1,-1
580,111,651.40,318.11,80.39,222.27,0.9137,-1,-1,-1
580,112,228.47,442.88,257.84,533.59,0.9839,-1,-1,-1
580,115,423.58,186.19,203.21,601.79,0.9824,-1,-1,-1
580,119,1586.55,317.82,101.95,263.91,0.9445,-1,-1,-1
580,120,153.58,273.99,180.72,505.23,0.9625,-1,-1,-1
580,121,-61.49,202.28,307.66,793.03,0.8985,-1,-1,-1
580,118,1316.40,307.28,86.37,264.79,0.8793,-1,-1,-1
580,116,1213.76,313.88,75.87,241.73,0.9241,-1,-1,-1
580,127,1382.00,300.62,82.87,276.66,0.8770,-1,-1,-1
580,122,391.66,339.03,69.51,197.85,0.9169,-1,-1,-1
580,117,579.56,319.05,76.65,225.06,0.8511,-1,-1,-1
581,103,684.02,194.55,243.13,770.13,0.9824,-1,-1,-1
581,111,652.95,317.82,80.18,222.56,0.8956,-1,-1,-1
581,112,207.03,445.55,266.37,539.48,0.9854,-1,-1,-1
581,115,423.92,187.10,201.92,602.16,0.9810,-1,-1,-1
581,119,1590.66,317.87,102.27,263.84,0.9465,-1,-1,-1
581,120,142.53,272.68,182.14,512.19,0.9581,-1,-1,-1
581,121,-75.47,202.28,301.10,787.50,0.9074,-1,-1,-1
581,118,1316.21,308.20,86.79,265.72,0.8697,-1,-1,-1
581,116,1217.07,313.56,75.54,242.46,0.9229,-1,-1,-1
581,127,1382.31,300.65,84.17,276.43,0.8780,-1,-1,-1
581,122,391.97,338.54,70.02,198.01,0.9022,-1,-1,-1
581,117,581.44,321.31,76.44,225.98,0.7999,-1,-1,-1
581,107,532.18,318.64,111.85,335.52,0.7436,-1,-1,-1
582,103,681.54,190.06,238.68,754.55,0.9883,-1,-1,-1
582,111,656.61,315.63,79.87,222.23,0.8600,-1,-1,-1
582,112,185.34,445.35,279.33,552.86,0.9854,-1,-1,-1
582,115,422.60,184.77,202.59,608.51,0.9805,-1,-1,-1
582,119,1595.82,315.05,103.95,266.44,0.9459,-1,-1,-1
582,120,134.64,271.06,182.90,518.13,0.9533,-1,-1,-1
582,121,-76.06,200.65,308.32,800.38,0.8888,-1,-1,-1
582,118,1313.63,307.13,87.34,266.57,0.8812,-1,-1,-1
582,116,1220.15,312.10,75.35,243.14,0.9241,-1,-1,-1
582,127,1384.16,300.59,85.51,277.07,0.8947,-1,-1,-1
582,122,391.70,337.34,70.12,198.05,0.9024,-1,-1,-1
582,117,582.86,321.76,76.23,227.35,0.8516,-1,-1,-1
582,107,535.18,322.46,110.21,332.77,0.7962,-1,-1,-1
582,114,891.94,337.25,60.55,165.31,0.8368,-1,-1,-1
583,103,678.67,183.72,236.63,745.39,0.9893,-1,-1,-1
583,111,660.45,311.99,82.35,230.25,0.6332,-1,-1,-1
583,112,161.72,447.88,290.99,563.89,0.9825,-1,-1,-1
583,115,420.71,182.39,203.84,617.60,0.9800,-1,-1,-1
583,119,1600.93,313.51,104.82,267.84,0.9537,-1,-1,-1
583,120,129.01,268.33,184.48,525.54,0.9480,-1,-1,-1
583,121,-95.79,192.49,303.04,795.57,0.9099,-1,-1,-1
583,118,1312.24,305.76,87.83,267.16,0.8864,-1,-1,-1
583,116,1223.43,310.29,75.19,243.36,0.9167,-1,-1,-1
583,127,1377.91,300.37,88.70,277.26,0.9041,-1,-1,-1
583,122,392.07,336.60,70.50,199.26,0.9013,-1,-1,-1
583,117,584.66,321.03,76.15,228.32,0.8244,-1,-1,-1
583,107,536.03,318.95,111.36,339.27,0.7139,-1,-1,-1
583,114,896.45,334.11,60.08,164.08,0.8675,-1,-1,-1
584,103,675.67,177.07,235.22,739.79,0.9893,-1,-1,-1
584,112,136.07,448.56,302.18,574.88,0.9829,-1,-1,-1
584,115,419.33,178.21,205.28,628.28,0.9819,-1,-1,-1
584,119,1604.63,309.34,106.42,270.10,0.9401,-1,-1,-1
584,120,123.30,263.41,185.57,530.97,0.9649,-1,-1,-1
584,121,-107.35,189.64,303.21,795.56,0.9089,-1,-1,-1
584,118,1311.57,301.52,88.13,269.10,0.8938,-1,-1,-1
584,116,1226.76,307.02,74.99,243.86,0.9183,-1,-1,-1
584,127,1371.27,295.88,93.37,278.63,0.9522,-1,-1,-1
584,122,390.41,333.65,71.18,201.15,0.8938,-1,-1,-1
584,117,585.42,319.02,75.90,227.34,0.8222,-1,-1,-1
584,107,539.10,315.46,111.21,344.30,0.8072,-1,-1,-1
585,103,672.54,173.57,236.21,739.56,0.9868,-1,-1,-1
585,112,110.77,452.57,311.06,582.58,0.9854,-1,-1,-1
585,115,415.08,172.80,208.19,643.61,0.9810,-1,-1,-1
585,119,1607.53,306.79,107.49,271.25,0.9353,-1,-1,-1
585,120,117.13,261.38,186.18,534.43,0.9712,-1,-1,-1
585,121,-124.01,185.56,305.29,806.37,0.9109,-1,-1,-1
585,118,1312.96,299.23,88.37,270.67,0.8963,-1,-1,-1
585,116,1226.85,304.20,74.67,245.79,0.9217,-1,-1,-1
585,127,1368.08,293.84,98.17,280.77,0.9494,-1,-1,-1
585,122,389.54,332.17,71.18,201.84,0.8804,-1,-1,-1
585,117,586.42,318.36,75.35,225.18,0.8520,-1,-1,-1
585,107,542.09,318.40,108.97,341.54,0.8478,-1,-1,-1
585,114,902.94,329.48,59.10,161.20,0.8702,-1,-1,-1
586,103,667.24,173.14,236.93,739.73,0.9839,-1,-1,-1
586,112,82.45,450.43,325.99,604.28,0.9829,-1,-1,-1
586,115,411.94,169.80,208.94,651.60,0.9839,-1,-1,-1
586,119,1611.73,305.12,108.06,270.42,0.9241,-1,-1,-1
586,120,112.00,258.94,186.10,535.58,0.9766,-1,-1,-1
586,121,-141.01,181.74,303.00,810.04,0.9106,-1,-1,-1
586,118,1312.74,296.25,88.34,272.53,0.9154,-1,-1,-1
586,116,1227.11,301.60,73.57,246.61,0.9241,-1,-1,-1
586,127,1367.28,291.07,102.45,283.43,0.9362,-1,-1,-1
586,122,390.59,330.76,72.06,206.07,0.8757,-1,-1,-1
586,117,586.43,317.32,75.42,224.26,0.9192,-1,-1,-1
586,107,542.18,321.30,107.62,338.61,0.8995,-1,-1,-1
586,114,903.67,329.68,59.82,161.56,0.6719,-1,-1,-1
587,103,661.13,172.81,238.06,741.59,0.9849,-1,-1,-1
587,112,56.63,448.65,335.61,614.99,0.9834,-1,-1,-1
587,115,407.65,165.72,209.13,656.96,0.9868,-1,-1,-1
587,119,1616.44,302.50,108.77,270.94,0.9352,-1,-1,-1
587,120,105.79,256.51,187.64,539.06,0.9771,-1,-1,-1
587,121,-149.50,182.67,299.04,807.42,0.9012,-1,-1,-1
587,118,1311.77,293.07,89.10,275.84,0.8970,-1,-1,-1
587,116,1229.00,299.32,72.76,247.66,0.9237,-1,-1,-1
587,127,1367.96,287.30,105.17,285.28,0.9129,-1,-1,-1
587,122,391.83,329.05,71.00,204.12,0.8302,-1,-1,-1
587,117,585.27,315.45,75.41,223.14,0.9176,-1,-1,-1
587,107,541.22,320.36,107.59,339.45,0.9164,-1,-1,-1
588,103,656.17,175.06,239.56,742.48,0.9849,-1,-1,-1
588,112,40.49,447.49,343.46,624.93,0.9849,-1,-1,-1
588,115,404.82,162.01,209.59,663.39,0.9834,-1,-1,-1
588,119,1620.24,300.51,109.13,270.66,0.9367,-1,-1,-1
588,120,102.56,253.96,190.61,546.53,0.9771,-1,-1,-1
588,121,-154.64,180.20,298.35,811.49,0.8614,-1,-1,-1
588,118,1310.42,290.14,89.28,278.26,0.9286,-1,-1,-1
588,116,1232.71,297.97,72.35,248.47,0.9208,-1,-1,-1
588,127,1364.34,283.70,106.51,287.59,0.8823,-1,-1,-1
588,122,391.41,328.23,68.66,200.20,0.8297,-1,-1,-1
588,117,584.92,313.42,76.88,226.77,0.9117,-1,-1,-1
588,107,541.45,316.60,108.58,343.29,0.9251,-1,-1,-1
589,103,653.41,180.43,239.63,738.06,0.9854,-1,-1,-1
589,112,27.32,447.54,350.04,633.69,0.9878,-1,-1,-1
589,115,400.78,159.22,211.00,671.44,0.9834,-1,-1,-1
589,119,1626.26,301.94,108.18,267.40,0.9363,-1,-1,-1
589,120,95.64,252.55,198.40,568.62,0.9698,-1,-1,-1
589,121,-184.79,188.36,286.20,782.05,0.6713,-1,-1,-1
589,118,1309.42,288.04,90.01,281.11,0.9378,-1,-1,-1
589,116,1236.12,298.22,71.61,247.85,0.9179,-1,-1,-1
589,127,1357.84,283.24,104.65,287.65,0.8763,-1,-1,-1
589,117,586.42,311.96,77.87,229.47,0.8621,-1,-1,-1
589,107,540.85,312.27,110.01,348.03,0.9358,-1,-1,-1
590,103,651.46,183.80,238.87,731.62,0.9854,-1,-1,-1
590,112,13.75,442.69,356.40,641.99,0.9863,-1,-1,-1
590,115,394.39,155.67,212.65,679.46,0.9849,-1,-1,-1
590,119,1630.33,297.99,109.27,269.82,0.9232,-1,-1,-1
590,120,90.17,248.71,205.23,586.70,0.9566,-1,-1,-1
590,121,-181.77,220.16,271.16,750.38,0.5822,-1,-1,-1
590,118,1309.19,284.99,90.44,283.34,0.9305,-1,-1,-1
590,116,1238.80,296.37,71.00,248.47,0.9109,-1,-1,-1
590,127,1353.76,281.26,103.61,288.16,0.8678,-1,-1,-1
590,117,587.19,309.28,79.75,233.93,0.8516,-1,-1,-1
590,107,538.99,305.95,111.74,354.42,0.9421,-1,-1,-1
590,129,-48.98,365.45,197.24,619.65,0.8228,-1,-1,-1
591,103,649.40,187.06,237.82,724.87,0.9849,-1,-1,-1
591,112,-7.29,441.47,370.39,665.19,0.9810,-1,-1,-1
591,115,385.58,151.34,216.64,693.51,0.9863,-1,-1,-1
591,119,1636.63,301.72,107.48,265.71,0.8990,-1,-1,-1
591,120,87.27,247.34,209.91,594.07,0.9527,-1,-1,-1
591,121,-168.28,212.61,279.14,784.88,0.7681,-1,-1,-1
591,118,1325.57,287.55,86.94,277.06,0.5871,-1,-1,-1
591,116,1241.45,295.40,70.19,249.12,0.9131,-1,-1,-1
591,127,1354.26,280.81,100.62,286.42,0.8199,-1,-1,-1
591,117,587.21,308.24,81.90,238.81,0.8102,-1,-1,-1
591,107,538.16,304.02,112.71,357.02,0.9416,-1,-1,-1
591,129,-35.31,366.94,160.80,504.22,0.6466,-1,-1,-1
592,103,649.84,190.04,236.56,719.82,0.9810,-1,-1,-1
592,112,-14.98,437.10,373.91,670.16,0.9839,-1,-1,-1
592,115,378.80,147.77,220.96,708.52,0.9844,-1,-1,-1
592,119,1643.45,300.46,107.91,266.80,0.9026,-1,-1,-1
592,120,85.37,245.69,209.10,582.44,0.9697,-1,-1,-1
592,121,-142.37,263.31,264.96,748.50,0.8954,-1,-1,-1
592,118,1314.18,284.27,89.19,284.38,0.9064,-1,-1,-1
592,116,1246.95,295.21,69.59,249.79,0.8487,-1,-1,-1
592,127,1353.61,280.29,98.94,287.82,0.8027,-1,-1,-1
592,117,588.39,307.25,84.83,246.81,0.6823,-1,-1,-1
592,107,536.27,303.43,114.10,360.03,0.9367,-1,-1,-1
593,103,649.11,188.97,236.33,719.92,0.9746,-1,-1,-1
593,112,-26.27,433.23,380.46,678.45,0.9805,-1,-1,-1
593,115,374.24,142.85,224.98,721.26,0.9858,-1,-1,-1
593,119,1651.23,300.91,108.68,268.99,0.8948,-1,-1,-1
593,120,79.94,242.50,215.99,595.85,0.9605,-1,-1,-1
593,121,-153.65,260.46,271.84,765.59,0.7218,-1,-1,-1
593,118,1312.18,281.77,89.09,284.43,0.8951,-1,-1,-1
593,116,1251.82,294.40,69.29,251.45,0.7828,-1,-1,-1
593,127,1356.96,276.25,100.59,297.32,0.8414,-1,-1,-1
593,107,536.75,299.46,116.73,367.18,0.9450,-1,-1,-1
593,114,920.36,321.25,62.34,167.93,0.7657,-1,-1,-1
594,103,648.97,186.78,234.02,714.29,0.9761,-1,-1,-1
594,112,-32.88,427.77,385.62,683.04,0.9824,-1,-1,-1
594,115,368.92,136.20,229.25,734.21,0.9849,-1,-1,-1
594,119,1660.08,300.67,109.35,270.36,0.8785,-1,-1,-1
594,120,72.54,237.65,226.04,620.14,0.9517,-1,-1,-1
594,121,-161.65,292.59,271.67,758.00,0.8205,-1,-1,-1
594,127,1359.41,273.73,99.02,300.85,0.8032,-1,-1,-1
594,107,538.94,296.97,118.83,373.01,0.9321,-1,-1,-1
595,103,648.79,185.89,231.17,707.17,0.9814,-1,-1,-1
595,112,-34.33,428.83,392.34,695.42,0.9761,-1,-1,-1
595,115,365.24,135.05,232.75,742.84,0.9854,-1,-1,-1
595,119,1669.29,304.13,109.89,270.75,0.9084,-1,-1,-1
595,120,73.51,238.90,226.93,613.73,0.9552,-1,-1,-1
595,121,-166.48,303.54,274.05,761.14,0.7866,-1,-1,-1
595,127,1364.89,275.94,98.33,304.35,0.9034,-1,-1,-1
595,107,542.62,300.94,120.60,377.67,0.9498,-1,-1,-1
595,117,603.96,305.96,79.13,234.33,0.8141,-1,-1,-1
595,118,1312.07,283.26,91.47,287.21,0.9330,-1,-1,-1
595,116,1267.49,295.14,69.84,254.51,0.8947,-1,-1,-1
596,103,653.30,183.78,226.65,695.46,0.9844,-1,-1,-1
596,112,-41.41,429.62,398.18,705.55,0.9712,-1,-1,-1
596,115,361.90,132.45,237.25,750.89,0.9858,-1,-1,-1
596,119,1682.11,303.87,110.89,272.66,0.9192,-1,-1,-1
596,120,75.87,238.29,233.09,618.63,0.9732,-1,-1,-1
596,121,-195.20,275.53,293.26,805.66,0.7474,-1,-1,-1
596,127,1361.63,277.69,98.91,304.84,0.8935,-1,-1,-1
596,107,548.42,305.68,120.73,376.39,0.9547,-1,-1,-1
596,117,613.24,305.81,76.91,230.09,0.8169,-1,-1,-1
596,118,1312.39,284.85,93.58,287.02,0.9242,-1,-1,-1
596,116,1275.92,296.68,68.99,253.65,0.8700,-1,-1,-1
596,114,943.41,326.91,61.67,164.06,0.6582,-1,-1,-1
597,103,656.75,177.23,223.57,687.90,0.9766,-1,-1,-1
597,112,-62.78,428.83,408.20,718.10,0.9611,-1,-1,-1
597,115,358.47,123.97,242.81,761.78,0.9844,-1,-1,-1
597,119,1695.65,301.38,110.67,272.03,0.9074,-1,-1,-1
597,120,76.27,232.91,237.68,618.84,0.9722,-1,-1,-1
597,121,-210.95,274.42,300.17,815.18,0.7891,-1,-1,-1
597,127,1363.40,275.06,99.98,306.61,0.8984,-1,-1,-1
597,107,552.16,302.30,122.35,378.97,0.9353,-1,-1,-1
597,117,620.24,302.02,76.79,232.33,0.7360,-1,-1,-1
597,118,1311.26,282.64,97.64,289.63,0.9169,-1,-1,-1
597,116,1281.81,292.87,68.46,252.00,0.8749,-1,-1,-1
598,103,658.44,172.92,223.84,689.82,0.9736,-1,-1,-1
598,112,-68.72,428.94,412.29,723.48,0.9591,-1,-1,-1
598,115,355.39,116.55,248.68,772.67,0.9839,-1,-1,-1
598,119,1709.78,300.15,110.94,272.76,0.9064,-1,-1,-1
598,120,73.14,230.21,243.15,624.08,0.9751,-1,-1,-1
598,121,-228.17,275.60,312.09,840.29,0.7004,-1,-1,-1
598,127,1370.79,274.10,101.13,307.64,0.8841,-1,-1,-1
598,107,556.19,302.92,124.25,381.95,0.9309,-1,-1,-1
598,118,1313.06,282.06,101.35,288.83,0.9222,-1,-1,-1
598,116,1290.27,291.04,67.87,246.91,0.8422,-1,-1,-1
599,103,660.99,170.22,223.58,692.29,0.9819,-1,-1,-1
599,112,-62.73,430.03,411.23,726.06,0.9664,-1,-1,-1
599,115,353.63,109.96,254.34,781.59,0.9839,-1,-1,-1
599,119,1724.90,300.00,111.65,273.36,0.9251,-1,-1,-1
599,120,74.98,223.49,250.35,631.38,0.9727,-1,-1,-1
599,127,1379.79,273.92,101.54,309.40,0.9135,-1,-1,-1
599,107,557.94,300.58,126.21,388.62,0.9274,-1,-1,-1
599,118,1316.32,279.31,107.77,293.30,0.9548,-1,-1,-1
599,116,1301.91,289.26,67.80,246.80,0.8001,-1,-1,-1
599,114,970.11,320.56,62.41,164.40,0.8817,-1,-1,-1
600,103,667.65,171.00,222.12,691.60,0.9844,-1,-1,-1
600,112,-61.56,428.10,414.00,742.54,0.9605,-1,-1,-1
600,115,353.81,105.89,259.16,786.01,0.9844,-1,-1,-1
600,119,1741.71,299.59,112.93,275.78,0.9348,-1,-1,-1
600,120,72.46,219.19,254.90,634.19,0.9746,-1,-1,-1
600,127,1387.56,273.64,102.35,310.01,0.9256,-1,-1,-1
600,107,562.44,300.60,126.93,391.50,0.9332,-1,-1,-1
600,118,1324.12,279.26,111.71,291.54,0.9435,-1,-1,-1
600,116,1309.45,287.94,68.67,249.01,0.8072,-1,-1,-1
600,114,980.09,318.66,62.90,165.55,0.9090,-1,-1,-1
601,103,675.83,173.61,220.70,689.70,0.9873,-1,-1,-1
601,112,-74.28,427.88,413.17,757.31,0.9328,-1,-1,-1
601,115,354.53,103.03,264.29,790.66,0.9810,-1,-1,-1
601,119,1757.99,298.12,114.17,277.68,0.9337,-1,-1,-1
601,120,74.42,215.77,258.99,634.82,0.9727,-1,-1,-1
601,127,1398.29,273.41,103.06,310.49,0.9197,-1,-1,-1
601,107,569.69,297.61,126.78,391.61,0.9353,-1,-1,-1
601,118,1332.56,278.56,114.78,291.72,0.9401,-1,-1,-1
601,116,1320.79,286.32,71.32,257.43,0.7858,-1,-1,-1
601,114,991.51,317.59,63.61,165.95,0.9128,-1,-1,-1
602,103,683.53,175.39,219.13,687.11,0.9863,-1,-1,-1
602,112,-97.83,412.60,416.18,772.30,0.8764,-1,-1,-1
602,115,354.45,94.40,269.88,796.31,0.9819,-1,-1,-1
602,119,1775.63,293.15,116.02,280.92,0.9406,-1,-1,-1
602,120,74.66,210.52,264.98,640.71,0.9780,-1,-1,-1
602,127,1406.72,269.34,105.07,314.94,0.9376,-1,-1,-1
602,107,572.83,293.33,128.94,397.83,0.9377,-1,-1,-1
602,118,1340.41,274.40,117.95,293.56,0.9493,-1,-1,-1
602,116,1334.29,282.49,71.54,257.95,0.6210,-1,-1,-1
602,114,1002.57,314.61,63.82,165.64,0.8688,-1,-1,-1
603,103,690.83,176.14,219.28,689.40,0.9849,-1,-1,-1
603,112,-111.44,402.15,432.20,816.21,0.8928,-1,-1,-1
603,115,350.58,86.53,277.41,808.75,0.9790,-1,-1,-1
603,119,1792.90,288.98,117.72,283.44,0.9469,-1,-1,-1
603,120,76.21,206.25,272.05,646.63,0.9761,-1,-1,-1
603,127,1416.42,265.24,106.51,318.89,0.9285,-1,-1,-1
603,107,577.83,289.19,130.29,402.74,0.9435,-1,-1,-1
603,118,1346.94,271.93,120.86,296.46,0.9474,-1,-1,-1
603,114,1013.27,312.21,64.18,166.41,0.8566,-1,-1,-1
604,103,700.10,179.44,215.40,677.41,0.9814,-1,-1,-1
604,112,-124.54,394.37,440.94,857.14,0.9123,-1,-1,-1
604,115,349.07,79.16,282.36,815.86,0.9790,-1,-1,-1
604,119,1806.28,284.65,119.16,285.69,0.9314,-1,-1,-1
604,120,71.95,200.75,278.66,651.24,0.9780,-1,-1,-1
604,127,1425.89,262.05,106.97,320.77,0.9279,-1,-1,-1
604,107,579.18,282.57,132.23,409.47,0.9479,-1,-1,-1
604,118,1352.65,269.13,122.14,297.09,0.9437,-1,-1,-1
604,114,1022.65,308.34,64.93,167.59,0.9145,-1,-1,-1
604,117,667.97,303.53,64.88,201.34,0.6488,-1,-1,-1
605,103,706.97,182.71,212.72,669.96,0.9849,-1,-1,-1
605,112,-136.34,390.41,435.43,873.29,0.9177,-1,-1,-1
605,115,344.82,66.23,289.74,832.37,0.9800,-1,-1,-1
605,119,1817.06,281.71,119.62,289.16,0.9116,-1,-1,-1
605,120,69.08,195.27,285.33,654.80,0.9717,-1,-1,-1
605,127,1433.71,258.84,106.90,320.96,0.9256,-1,-1,-1
605,107,581.13,274.68,134.76,416.76,0.9488,-1,-1,-1
605,118,1356.40,264.82,123.69,301.63,0.9348,-1,-1,-1
605,114,1032.66,305.27,65.50,169.35,0.8870,-1,-1,-1
605,117,675.40,302.97,62.32,196.59,0.6148,-1,-1,-1
606,103,713.00,182.07,211.48,667.34,0.9819,-1,-1,-1
606,112,-144.42,392.91,422.00,870.83,0.9078,-1,-1,-1
606,115,341.31,56.59,296.23,847.62,0.9805,-1,-1,-1
606,119,1829.69,279.66,118.01,289.10,0.8931,-1,-1,-1
606,120,72.01,188.97,295.10,658.95,0.9722,-1,-1,-1
606,127,1441.69,255.60,107.16,321.40,0.9127,-1,-1,-1
606,107,584.42,269.70,135.77,420.09,0.9469,-1,-1,-1
606,118,1360.02,259.94,124.46,305.64,0.9206,-1,-1,-1
606,114,1041.75,302.19,65.90,170.34,0.8453,-1,-1,-1
606,117,683.06,301.20,59.43,189.27,0.7565,-1,-1,-1
607,103,719.37,179.79,210.86,666.52,0.9839,-1,-1,-1
607,112,-146.62,405.37,413.59,874.00,0.9090,-1,-1,-1
607,115,338.43,47.95,303.16,867.41,0.9819,-1,-1,-1
607,119,1844.07,281.68,116.42,288.68,0.8850,-1,-1,-1
607,120,61.40,181.26,305.21,669.30,0.9761,-1,-1,-1
607,127,1446.19,252.06,109.07,325.93,0.9274,-1,-1,-1
607,107,587.29,264.87,135.62,421.00,0.9469,-1,-1,-1
607,118,1362.98,255.69,124.69,308.34,0.9313,-1,-1,-1
607,114,1050.81,301.84,65.79,169.04,0.9030,-1,-1,-1
607,117,689.40,300.17,58.12,187.00,0.8000,-1,-1,-1
608,103,726.90,176.72,209.16,661.98,0.9863,-1,-1,-1
608,112,-144.89,412.72,401.77,864.64,0.9058,-1,-1,-1
608,115,334.06,39.03,309.96,889.36,0.9810,-1,-1,-1
608,119,1862.32,279.96,117.38,291.47,0.8101,-1,-1,-1
608,120,58.90,178.55,312.49,670.43,0.9712,-1,-1,-1
608,127,1452.19,247.65,110.62,329.79,0.9333,-1,-1,-1
608,107,590.42,261.59,135.62,422.41,0.9459,-1,-1,-1
608,118,1367.42,251.10,124.88,312.08,0.9216,-1,-1,-1
608,114,1060.66,299.89,66.09,169.41,0.8814,-1,-1,-1
608,117,695.08,298.16,60.60,195.61,0.7862,-1,-1,-1
609,103,734.84,170.63,206.69,654.47,0.9834,-1,-1,-1
609,112,-158.15,412.35,407.38,890.05,0.8988,-1,-1,-1
609,115,332.25,35.75,314.60,906.21,0.9795,-1,-1,-1
609,120,57.07,174.66,323.81,678.49,0.9746,-1,-1,-1
609,127,1457.69,243.26,112.21,334.28,0.9313,-1,-1,-1
609,107,594.60,254.64,139.44,435.63,0.9450,-1,-1,-1
609,118,1385.63,254.48,118.51,301.20,0.7202,-1,-1,-1
609,114,1070.59,297.04,66.81,170.32,0.8669,-1,-1,-1
609,117,700.33,295.86,61.82,200.99,0.8599,-1,-1,-1
609,116,1387.67,249.65,89.62,310.73,0.9318,-1,-1,-1
610,103,744.11,164.20,203.74,644.84,0.9844,-1,-1,-1
610,112,-161.40,425.46,396.17,873.39,0.8763,-1,-1,-1
610,115,331.40,30.60,318.08,920.85,0.9805,-1,-1,-1
610,120,49.84,170.42,336.12,690.87,0.9751,-1,-1,-1
610,127,1464.61,239.62,113.50,337.35,0.9338,-1,-1,-1
610,107,598.56,251.29,141.58,442.72,0.9503,-1,-1,-1
610,118,1398.95,254.93,115.74,299.03,0.8107,-1,-1,-1
610,114,1080.81,294.53,67.04,170.76,0.8661,-1,-1,-1
610,117,706.10,293.22,62.49,204.10,0.8932,-1,-1,-1
610,116,1392.24,244.72,94.63,317.29,0.9380,-1,-1,-1
611,103,751.60,158.42,201.28,636.46,0.9834,-1,-1,-1
611,112,-191.11,416.21,417.67,926.51,0.8463,-1,-1,-1
611,115,330.53,22.03,321.26,937.88,0.9780,-1,-1,-1
611,120,35.31,164.51,349.75,710.14,0.9780,-1,-1,-1
611,127,1471.97,237.00,114.67,341.31,0.9435,-1,-1,-1
611,107,603.10,249.56,144.26,450.46,0.9585,-1,-1,-1
611,118,1411.40,256.49,113.55,297.76,0.8613,-1,-1,-1
611,114,1091.01,293.74,67.00,171.69,0.8940,-1,-1,-1
611,117,714.13,291.77,62.93,205.97,0.8955,-1,-1,-1
611,116,1396.20,242.05,98.16,321.86,0.9430,-1,-1,-1
612,103,761.79,150.85,200.92,630.27,0.9707,-1,-1,-1
612,112,-197.66,407.00,413.54,912.60,0.7472,-1,-1,-1
612,115,332.04,11.94,324.69,954.52,0.9800,-1,-1,-1
612,120,22.22,152.55,364.23,732.43,0.9732,-1,-1,-1
612,127,1476.28,230.43,117.48,350.44,0.9440,-1,-1,-1
612,107,605.07,246.24,145.11,451.53,0.9420,-1,-1,-1
612,118,1421.31,255.69,111.28,298.73,0.7352,-1,-1,-1
612,117,719.07,289.75,62.14,201.58,0.8684,-1,-1,-1
612,116,1399.14,239.52,100.16,323.50,0.9173,-1,-1,-1
613,103,766.13,147.63,201.62,632.58,0.9785,-1,-1,-1
613,112,-205.93,421.00,410.47,896.29,0.8373,-1,-1,-1
613,115,330.14,3.37,329.70,976.90,0.9791,-1,-1,-1
613,120,13.60,150.86,374.75,746.46,0.9727,-1,-1,-1
613,127,1478.33,225.68,119.73,354.06,0.9252,-1,-1,-1
613,107,607.34,245.66,146.32,456.25,0.9503,-1,-1,-1
613,118,1429.88,254.94,109.73,298.87,0.7911,-1,-1,-1
613,117,723.62,284.82,63.42,205.97,0.8716,-1,-1,-1
613,116,1402.48,233.19,103.51,329.22,0.9233,-1,-1,-1
614,103,770.29,147.87,202.26,633.95,0.9863,-1,-1,-1
614,112,-230.36,398.99,419.19,905.59,0.6570,-1,-1,-1
614,115,329.52,-0.70,333.33,993.61,0.9810,-1,-1,-1
614,120,10.88,151.78,384.51,753.56,0.9717,-1,-1,-1
614,127,1480.02,228.85,120.74,351.37,0.9440,-1,-1,-1
614,107,609.03,244.24,149.43,464.72,0.9727,-1,-1,-1
614,118,1435.09,252.53,110.93,304.83,0.8244,-1,-1,-1
614,117,728.21,282.30,64.75,210.03,0.9104,-1,-1,-1
614,116,1402.51,234.59,105.91,330.42,0.9254,-1,-1,-1
614,114,1116.55,285.08,67.86,174.98,0.7906,-1,-1,-1
615,103,776.15,142.11,202.73,634.86,0.9873,-1,-1,-1
615,115,328.66,-14.71,338.47,1015.10,0.9834,-1,-1,-1
615,120,0.58,145.56,390.17,757.94,0.9761,-1,-1,-1
615,127,1481.47,221.67,123.48,352.41,0.9396,-1,-1,-1
615,107,610.53,235.88,151.55,471.87,0.9717,-1,-1,-1
615,118,1450.08,244.76,104.98,292.45,0.8062,-1,-1,-1
615,117,733.05,273.04,65.54,211.47,0.8939,-1,-1,-1
615,116,1404.95,228.08,107.29,328.98,0.9319,-1,-1,-1
615,114,1125.34,277.68,67.83,175.88,0.8223,-1,-1,-1
616,103,780.71,139.88,203.24,635.11,0.9854,-1,-1,-1
616,115,326.90,-30.10,342.57,1031.87,0.9829,-1,-1,-1
616,120,-17.12,135.67,398.96,773.13,0.9717,-1,-1,-1
616,127,1483.38,214.69,126.53,355.36,0.9310,-1,-1,-1
616,107,611.77,230.30,153.31,477.40,0.9644,-1,-1,-1
616,118,1461.36,236.81,103.48,291.67,0.8246,-1,-1,-1
616,117,737.33,266.23,65.97,212.33,0.9136,-1,-1,-1
616,116,1408.19,222.49,109.59,329.59,0.9323,-1,-1,-1
616,114,1132.76,271.26,66.88,175.30,0.7365,-1,-1,-1
617,103,786.02,137.74,203.88,635.55,0.9815,-1,-1,-1
617,115,326.62,-46.76,347.62,1050.73,0.9805,-1,-1,-1
617,120,-32.26,129.39,408.91,793.33,0.9678,-1,-1,-1
617,127,1486.15,209.34,128.15,356.18,0.9421,-1,-1,-1
617,107,610.16,221.97,156.96,488.90,0.9712,-1,-1,-1
617,118,1469.37,230.21,108.69,305.76,0.8454,-1,-1,-1
617,117,740.55,258.60,67.06,214.85,0.9304,-1,-1,-1
617,116,1408.42,216.80,111.69,331.46,0.9187,-1,-1,-1
617,114,1139.45,263.50,68.60,180.41,0.8749,-1,-1,-1
618,103,790.80,135.70,203.95,635.04,0.9790,-1,-1,-1
618,115,325.77,-62.02,352.80,1067.99,0.9800,-1,-1,-1
618,120,-47.00,127.38,414.92,800.60,0.9644,-1,-1,-1
618,127,1488.16,205.21,129.36,356.17,0.9347,-1,-1,-1
618,107,608.97,212.97,159.49,496.97,0.9663,-1,-1,-1
618,118,1479.67,224.47,110.72,310.08,0.7146,-1,-1,-1
618,117,743.94,253.28,67.63,215.78,0.9338,-1,-1,-1
618,116,1410.95,211.20,113.57,333.39,0.9172,-1,-1,-1
618,114,1147.35,259.05,67.98,179.24,0.6611,-1,-1,-1
619,103,795.77,133.72,202.54,629.12,0.9824,-1,-1,-1
619,115,323.45,-72.99,358.93,1085.27,0.9771,-1,-1,-1
619,120,-70.33,115.58,429.23,820.12,0.9576,-1,-1,-1
619,127,1486.56,196.66,132.46,360.17,0.9488,-1,-1,-1
619,107,607.66,203.99,160.51,502.51,0.9629,-1,-1,-1
619,117,747.16,246.76,67.92,215.88,0.9376,-1,-1,-1
619,116,1412.57,203.88,116.13,337.43,0.9327,-1,-1,-1
619,114,1153.99,253.67,67.79,179.19,0.7729,-1,-1,-1
620,103,800.97,131.61,200.91,623.85,0.9805,-1,-1,-1
620,115,324.06,-88.68,366.56,1104.31,0.9790,-1,-1,-1
620,120,-82.33,104.17,442.17,837.56,0.9571,-1,-1,-1
620,127,1495.96,190.01,133.74,362.50,0.9250,-1,-1,-1
620,107,605.85,197.46,161.83,507.06,0.9580,-1,-1,-1
620,117,751.27,241.92,67.79,214.00,0.9133,-1,-1,-1
620,116,1415.18,196.91,117.22,336.34,0.9257,-1,-1,-1
620,114,1160.57,247.89,67.78,180.49,0.8044,-1,-1,-1
621,103,803.47,127.72,200.11,621.98,0.9722,-1,-1,-1
621,115,321.41,-94.28,372.40,1116.81,0.9780,-1,-1,-1
621,120,-84.14,93.45,451.52,852.45,0.9537,-1,-1,-1
621,127,1502.68,183.59,134.97,365.07,0.9484,-1,-1,-1
621,107,603.34,189.47,162.75,512.99,0.9435,-1,-1,-1
621,117,755.28,237.59,68.19,214.60,0.8980,-1,-1,-1
621,116,1417.65,190.84,118.07,335.80,0.9386,-1,-1,-1
622,103,807.44,120.77,198.86,619.60,0.9727,-1,-1,-1
622,115,319.18,-105.17,383.33,1143.61,0.9771,-1,-1,-1
622,120,-74.90,84.88,455.08,861.09,0.9421,-1,-1,-1
622,127,1507.88,172.52,137.51,372.16,0.9346,-1,-1,-1
622,107,596.42,179.18,165.53,521.87,0.9096,-1,-1,-1
622,117,761.74,232.38,68.94,216.14,0.9145,-1,-1,-1
622,116,1420.36,182.70,120.44,340.71,0.9225,-1,-1,-1
622,114,1175.73,234.97,69.29,185.65,0.6380,-1,-1,-1
623,103,815.14,114.20,195.54,610.19,0.9702,-1,-1,-1
623,115,320.35,-106.70,388.83,1150.60,0.9780,-1,-1,-1
623,120,-78.13,70.36,465.57,879.34,0.9396,-1,-1,-1
623,127,1513.69,166.11,140.04,378.29,0.9338,-1,-1,-1
623,107,596.16,169.09,168.30,531.76,0.9324,-1,-1,-1
623,117,768.46,229.25,69.37,217.25,0.9096,-1,-1,-1
623,116,1424.73,175.21,122.20,346.90,0.9167,-1,-1,-1
624,103,821.85,108.84,192.76,601.59,0.9756,-1,-1,-1
624,115,320.17,-111.82,396.29,1163.18,0.9780,-1,-1,-1
624,120,-76.58,58.77,474.32,900.83,0.9369,-1,-1,-1
624,127,1519.69,159.12,141.64,383.07,0.9352,-1,-1,-1
624,107,601.30,164.25,169.97,537.77,0.9595,-1,-1,-1
624,117,776.63,226.28,69.79,217.99,0.9092,-1,-1,-1
624,116,1428.54,168.24,123.37,352.59,0.9323,-1,-1,-1
625,103,827.37,102.41,190.90,596.85,0.9785,-1,-1,-1
625,115,317.00,-116.16,403.51,1171.85,0.9732,-1,-1,-1
625,120,-86.90,64.19,471.21,894.15,0.9396,-1,-1,-1
625,127,1527.07,150.26,144.36,391.83,0.9299,-1,-1,-1
625,107,605.16,161.07,172.53,544.90,0.9659,-1,-1,-1
625,117,784.50,224.10,70.06,218.80,0.9187,-1,-1,-1
625,116,1434.25,162.55,124.10,356.31,0.9396,-1,-1,-1
626,103,835.84,96.35,190.45,597.50,0.9776,-1,-1,-1
626,115,305.26,-129.58,416.89,1193.52,0.9722,-1,-1,-1
626,120,-87.88,51.89,472.73,908.13,0.9537,-1,-1,-1
626,127,1538.73,145.10,144.98,396.39,0.9391,-1,-1,-1
626,107,606.87,155.68,176.41,556.41,0.9640,-1,-1,-1
626,117,792.71,222.31,69.92,218.19,0.9178,-1,-1,-1
626,116,1439.37,157.50,125.27,360.05,0.9352,-1,-1,-1
627,103,842.81,92.87,191.00,600.25,0.9727,-1,-1,-1
627,115,299.07,-137.06,428.33,1212.29,0.9693,-1,-1,-1
627,120,-89.05,48.64,472.11,920.12,0.9542,-1,-1,-1
627,127,1550.13,140.04,145.62,402.07,0.9388,-1,-1,-1
627,107,606.58,153.43,180.63,568.49,0.9649,-1,-1,-1
627,117,802.65,221.36,69.65,216.60,0.8825,-1,-1,-1
627,116,1444.68,153.08,126.18,364.11,0.9371,-1,-1,-1
628,103,852.81,92.96,190.10,598.27,0.9717,-1,-1,-1
628,115,296.90,-147.87,440.84,1241.11,0.9697,-1,-1,-1
628,120,-92.54,47.96,469.52,927.41,0.9551,-1,-1,-1
628,127,1563.53,136.50,146.26,407.95,0.9445,-1,-1,-1
628,107,604.56,154.17,184.64,577.51,0.9668,-1,-1,-1
628,117,812.78,220.07,70.49,218.99,0.9113,-1,-1,-1
628,116,1451.29,150.57,127.32,367.54,0.9342,-1,-1,-1
629,103,863.41,94.40,190.17,599.10,0.9693,-1,-1,-1
629,115,287.71,-160.93,456.79,1285.32,0.9732,-1,-1,-1
629,120,-96.99,37.36,479.34,956.60,0.9513,-1,-1,-1
629,127,1576.85,133.64,147.09,411.39,0.9338,-1,-1,-1
629,107,605.73,155.20,188.44,586.75,0.9664,-1,-1,-1
629,117,821.36,217.45,69.85,217.65,0.8832,-1,-1,-1
629,116,1453.74,148.19,129.09,369.05,0.9319,-1,-1,-1
630,103,876.72,95.37,190.51,598.05,0.9659,-1,-1,-1
630,115,274.90,-157.58,463.07,1300.36,0.9717,-1,-1,-1
630,120,-132.43,24.39,495.06,1005.14,0.9392,-1,-1,-1
630,127,1595.83,127.82,149.13,417.39,0.9226,-1,-1,-1
630,107,610.65,155.34,190.94,595.09,0.9688,-1,-1,-1
630,117,829.74,212.76,67.39,209.98,0.8398,-1,-1,-1
630,116,1461.45,141.64,132.55,374.25,0.9390,-1,-1,-1
631,103,884.80,102.21,190.31,597.53,0.9751,-1,-1,-1
631,115,269.44,-159.83,469.77,1318.36,0.9741,-1,-1,-1
631,120,-135.48,41.54,488.07,1009.09,0.9600,-1,-1,-1
631,127,1604.61,129.43,151.23,422.51,0.9342,-1,-1,-1
631,107,615.09,158.35,193.78,607.99,0.9668,-1,-1,-1
631,117,841.04,215.52,67.60,209.32,0.8963,-1,-1,-1
631,116,1458.67,145.52,135.30,377.23,0.9172,-1,-1,-1
632,103,895.69,107.89,188.66,592.05,0.9766,-1,-1,-1
632,115,258.23,-165.81,475.28,1331.87,0.9644,-1,-1,-1
632,120,-142.78,38.76,488.86,1027.18,0.9566,-1,-1,-1
632,127,1618.68,131.24,154.02,427.18,0.9440,-1,-1,-1
632,107,616.61,158.53,195.42,616.97,0.9669,-1,-1,-1
632,117,850.90,214.45,70.70,218.29,0.9182,-1,-1,-1
632,116,1464.62,147.07,138.68,380.56,0.9220,-1,-1,-1
632,131,759.44,241.79,63.86,200.81,0.9270,-1,-1,-1
632,118,1658.20,162.29,115.16,329.08,0.7517,-1,-1,-1
633,103,907.94,108.76,188.11,590.07,0.9741,-1,-1,-1
633,115,251.71,-179.44,479.25,1348.02,0.9673,-1,-1,-1
633,120,-152.44,37.54,490.56,1045.44,0.9566,-1,-1,-1
633,127,1632.11,127.91,155.90,427.16,0.9309,-1,-1,-1
633,107,619.08,155.18,197.86,628.24,0.9610,-1,-1,-1
633,117,862.01,212.65,72.46,222.49,0.8953,-1,-1,-1
633,116,1471.35,144.34,141.08,384.25,0.9142,-1,-1,-1
633,131,772.45,237.00,64.44,202.89,0.9028,-1,-1,-1
634,103,918.75,112.26,187.41,588.75,0.9736,-1,-1,-1
634,115,246.68,-167.55,473.83,1336.51,0.9600,-1,-1,-1
634,120,-154.66,40.92,494.72,1067.70,0.9473,-1,-1,-1
634,127,1645.69,127.64,159.26,430.07,0.9537,-1,-1,-1
634,107,622.60,154.35,199.87,639.41,0.9649,-1,-1,-1
634,117,873.90,211.97,73.30,225.30,0.9172,-1,-1,-1
634,116,1479.86,144.37,143.33,385.65,0.9134,-1,-1,-1
634,131,783.53,236.22,65.35,205.81,0.9154,-1,-1,-1
635,103,929.36,114.62,187.15,588.34,0.9775,-1,-1,-1
635,115,227.84,-178.42,486.35,1378.32,0.9605,-1,-1,-1
635,120,-153.26,45.51,492.78,1073.18,0.9261,-1,-1,-1
635,127,1653.68,125.19,169.50,448.58,0.9776,-1,-1,-1
635,107,620.20,151.72,202.54,650.20,0.9693,-1,-1,-1
635,117,887.05,212.00,74.74,228.22,0.9227,-1,-1,-1
635,116,1492.34,144.80,146.02,392.35,0.9288,-1,-1,-1
635,131,792.89,235.99,66.11,208.05,0.9396,-1,-1,-1
636,103,941.31,118.36,186.33,587.16,0.9717,-1,-1,-1
636,115,205.64,-190.41,501.33,1425.58,0.9644,-1,-1,-1
636,120,-151.47,40.62,507.71,1111.27,0.9115,-1,-1,-1
636,127,1659.57,124.78,176.60,453.31,0.9712,-1,-1,-1
636,107,622.76,151.93,203.82,657.90,0.9751,-1,-1,-1
636,117,897.69,213.15,76.20,232.61,0.9450,-1,-1,-1
636,116,1506.25,146.72,146.39,393.37,0.9226,-1,-1,-1
636,131,803.04,239.37,66.21,207.51,0.9449,-1,-1,-1
636,118,1719.11,156.66,115.75,330.53,0.5893,-1,-1,-1
637,103,956.03,118.73,183.87,580.63,0.9780,-1,-1,-1
637,115,190.98,-203.41,512.89,1465.05,0.9620,-1,-1,-1
637,120,-134.21,45.52,509.77,1112.62,0.8893,-1,-1,-1
637,127,1667.55,124.75,185.51,462.39,0.9761,-1,-1,-1
637,107,624.84,148.51,206.73,669.20,0.9683,-1,-1,-1
637,117,909.29,214.31,77.31,235.33,0.9388,-1,-1,-1
637,116,1519.44,146.74,147.45,395.05,0.9162,-1,-1,-1
637,131,812.67,241.68,66.80,208.29,0.9469,-1,-1,-1
637,118,1713.77,152.40,122.44,343.89,0.6669,-1,-1,-1
638,103,968.59,119.37,181.19,572.87,0.9834,-1,-1,-1
638,115,179.33,-210.82,514.36,1474.51,0.9513,-1,-1,-1
638,120,-150.00,44.06,507.54,1120.72,0.8944,-1,-1,-1
638,127,1677.06,123.86,193.36,471.29,0.9795,-1,-1,-1
638,107,626.78,145.26,209.97,681.01,0.9712,-1,-1,-1
638,117,920.35,216.26,77.38,234.67,0.9388,-1,-1,-1
638,116,1529.54,151.08,148.07,393.26,0.9058,-1,-1,-1
638,131,823.56,243.80,67.33,208.86,0.9585,-1,-1,-1
638,118,1733.94,155.19,122.31,337.83,0.7851,-1,-1,-1
639,103,981.73,117.07,179.42,567.60,0.9829,-1,-1,-1
639,115,158.43,-212.40,521.98,1500.28,0.9634,-1,-1,-1
639,120,-169.50,46.78,500.50,1124.82,0.9138,-1,-1,-1
639,127,1689.83,123.23,198.87,476.82,0.9810,-1,-1,-1
639,107,629.74,145.57,211.95,688.11,0.9732,-1,-1,-1
639,117,932.01,218.42,77.65,235.23,0.9371,-1,-1,-1
639,116,1538.40,146.11,152.61,403.10,0.9307,-1,-1,-1
639,131,834.88,246.44,67.66,209.01,0.9649,-1,-1,-1
639,118,1756.84,157.76,121.68,335.98,0.8812,-1,-1,-1
640,103,993.99,115.51,178.32,564.63,0.9854,-1,-1,-1
640,115,125.67,-243.24,543.40,1566.08,0.9542,-1,-1,-1
640,120,-198.64,32.81,504.38,1147.40,0.8887,-1,-1,-1
640,127,1700.73,119.98,203.71,484.77,0.9810,-1,-1,-1
640,107,629.75,142.86,214.88,694.67,0.9741,-1,-1,-1
640,117,941.31,218.75,78.42,236.27,0.9367,-1,-1,-1
640,116,1546.82,141.93,155.50,412.22,0.9347,-1,-1,-1
640,131,844.51,246.65,68.38,210.84,0.9522,-1,-1,-1
640,118,1774.73,156.82,123.06,339.56,0.8904,-1,-1,-1
641,103,1004.88,115.00,178.12,563.66,0.9849,-1,-1,-1
641,115,87.04,-255.32,556.43,1596.20,0.9649,-1,-1,-1
641,120,-207.72,51.27,476.11,1100.63,0.8789,-1,-1,-1
641,127,1710.01,117.43,206.37,490.69,0.9854,-1,-1,-1
641,107,628.02,140.97,219.19,704.11,0.9693,-1,-1,-1
641,117,949.74,219.98,78.81,237.17,0.9356,-1,-1,-1
641,116,1553.12,141.32,156.31,414.18,0.9556,-1,-1,-1
641,131,852.22,247.73,68.68,211.03,0.9615,-1,-1,-1
641,118,1797.77,158.15,119.67,336.50,0.8801,-1,-1,-1
641,114,1424.16,214.71,65.23,172.93,0.7535,-1,-1,-1
642,103,1012.28,114.63,178.34,563.19,0.9834,-1,-1,-1
642,115,54.31,-251.88,560.23,1589.45,0.9572,-1,-1,-1
642,120,-220.42,66.06,461.80,1087.22,0.7676,-1,-1,-1
642,127,1718.25,113.19,207.94,497.15,0.9834,-1,-1,-1
642,107,617.25,137.38,228.45,725.63,0.9761,-1,-1,-1
642,117,956.02,218.60,79.72,240.01,0.9420,-1,-1,-1
642,116,1557.43,138.54,157.78,418.42,0.9512,-1,-1,-1
642,131,858.91,246.89,69.17,212.30,0.9620,-1,-1,-1
642,118,1813.50,158.25,117.84,334.86,0.8352,-1,-1,-1
642,114,1433.15,215.34,64.19,169.52,0.8419,-1,-1,-1
643,103,1020.30,115.57,179.57,565.59,0.9795,-1,-1,-1
643,115,9.55,-246.26,563.58,1571.63,0.9436,-1,-1,-1
643,127,1727.03,110.89,208.69,503.91,0.9873,-1,-1,-1
643,107,601.47,137.34,239.87,747.56,0.9790,-1,-1,-1
643,117,961.71,217.72,80.57,242.48,0.9450,-1,-1,-1
643,116,1561.08,138.30,160.69,425.97,0.9396,-1,-1,-1
643,131,864.36,246.62,69.79,213.74,0.9576,-1,-1,-1
643,118,1824.64,157.69,117.98,339.09,0.8133,-1,-1,-1
643,114,1440.47,215.49,67.55,179.44,0.7501,-1,-1,-1
644,103,1026.71,119.57,180.20,565.69,0.9751,-1,-1,-1
644,115,-26.94,-225.48,563.99,1531.36,0.9129,-1,-1,-1
644,127,1734.98,109.03,209.28,511.23,0.9834,-1,-1,-1
644,107,590.20,134.38,251.80,772.27,0.9819,-1,-1,-1
644,117,966.54,216.12,81.58,245.36,0.9469,-1,-1,-1
644,116,1563.73,134.78,163.70,433.88,0.9488,-1,-1,-1
644,131,870.89,246.10,69.85,213.80,0.9610,-1,-1,-1
644,118,1837.44,157.90,119.06,346.45,0.7029,-1,-1,-1
644,114,1449.39,216.25,67.76,181.55,0.8105,-1,-1,-1
645,103,1032.91,124.87,180.07,563.69,0.9776,-1,-1,-1
645,115,-57.60,-221.53,579.35,1554.62,0.9321,-1,-1,-1
645,127,1742.93,108.25,209.26,517.78,0.9810,-1,-1,-1
645,107,582.45,132.25,261.79,792.36,0.9819,-1,-1,-1
645,117,970.79,215.91,82.55,247.94,0.9503,-1,-1,-1
645,116,1567.27,137.68,166.10,439.96,0.9600,-1,-1,-1
645,131,876.17,245.19,70.64,216.02,0.9629,-1,-1,-1
645,114,1457.51,216.64,71.57,195.63,0.7255,-1,-1,-1
646,103,1037.43,131.05,179.36,558.53,0.9766,-1,-1,-1
646,115,-101.86,-239.58,597.57,1582.99,0.8905,-1,-1,-1
646,127,1747.13,108.45,209.63,524.80,0.9756,-1,-1,-1
646,107,577.71,136.16,267.71,803.48,0.9815,-1,-1,-1
646,117,974.84,216.12,83.55,250.08,0.9547,-1,-1,-1
646,116,1568.43,137.92,170.33,450.81,0.9566,-1,-1,-1
646,131,880.19,245.88,71.57,217.71,0.9512,-1,-1,-1
647,103,1043.42,136.92,178.75,554.54,0.9761,-1,-1,-1
647,115,-155.60,-261.76,629.17,1642.84,0.9390,-1,-1,-1
647,127,1746.79,111.13,209.15,526.51,0.9751,-1,-1,-1
647,107,569.79,136.11,278.34,830.22,0.9858,-1,-1,-1
647,117,978.71,218.13,84.01,250.17,0.9415,-1,-1,-1
647,116,1570.47,141.23,171.56,452.75,0.9556,-1,-1,-1
647,131,884.77,247.38,72.37,219.64,0.9488,-1,-1,-1
647,114,1474.65,222.79,72.74,202.49,0.8216,-1,-1,-1
648,103,1047.90,139.80,178.98,553.36,0.9751,-1,-1,-1
648,115,-201.75,-279.78,654.25,1689.01,0.9078,-1,-1,-1
648,127,1743.13,111.62,211.14,533.86,0.9708,-1,-1,-1
648,107,559.83,135.36,286.07,848.84,0.9854,-1,-1,-1
648,117,981.76,218.63,84.99,251.80,0.9449,-1,-1,-1
648,116,1571.38,142.96,174.17,458.56,0.9527,-1,-1,-1
648,131,887.89,246.91,73.01,221.22,0.9478,-1,-1,-1
648,114,1482.46,225.37,69.53,197.36,0.7669,-1,-1,-1
649,103,1049.81,141.12,179.35,552.79,0.9712,-1,-1,-1
649,115,-214.29,-246.22,621.04,1559.37,0.9058,-1,-1,-1
649,127,1741.83,112.21,213.28,540.76,0.9683,-1,-1,-1
649,107,546.10,132.94,294.51,876.25,0.9795,-1,-1,-1
649,117,984.10,217.68,86.30,254.90,0.9367,-1,-1,-1
649,116,1569.83,143.89,176.97,464.14,0.9800,-1,-1,-1
649,131,889.61,246.69,73.58,223.22,0.9430,-1,-1,-1
649,114,1487.69,226.84,68.30,199.62,0.7984,-1,-1,-1
650,103,1049.29,146.10,180.22,553.22,0.9775,-1,-1,-1
650,115,-347.17,-353.05,734.26,1820.82,0.9113,-1,-1,-1
650,127,1741.49,120.20,214.53,546.38,0.9688,-1,-1,-1
650,107,537.27,134.31,301.65,895.55,0.9780,-1,-1,-1
650,117,986.21,223.85,86.45,254.37,0.9532,-1,-1,-1
650,116,1569.34,151.29,177.46,463.36,0.9717,-1,-1,-1
650,131,891.43,253.77,73.86,223.04,0.9547,-1,-1,-1
650,114,1496.38,231.39,66.44,198.90,0.7458,-1,-1,-1
651,103,1048.49,143.69,178.27,545.19,0.9771,-1,-1,-1
651,115,-404.53,-383.70,775.04,1907.88,0.9068,-1,-1,-1
651,127,1744.73,121.66,213.12,548.32,0.9712,-1,-1,-1
651,107,524.08,129.11,306.92,906.47,0.9800,-1,-1,-1
651,117,987.16,221.88,87.03,255.86,0.9527,-1,-1,-1
651,116,1566.20,152.11,179.39,465.61,0.9795,-1,-1,-1
651,131,891.70,252.12,74.58,224.92,0.9620,-1,-1,-1
651,114,1503.50,231.53,64.03,195.28,0.7738,-1,-1,-1
652,103,1047.42,141.16,177.41,539.99,0.9741,-1,-1,-1
652,115,-471.32,-418.19,807.99,1972.00,0.8266,-1,-1,-1
652,127,1747.97,122.45,213.53,555.33,0.9712,-1,-1,-1
652,107,507.31,119.75,316.31,929.09,0.9820,-1,-1,-1
652,117,987.13,221.24,88.15,258.92,0.9488,-1,-1,-1
652,116,1562.02,152.82,182.22,470.39,0.9663,-1,-1,-1
652,131,891.04,251.58,75.54,227.47,0.9649,-1,-1,-1
652,114,1508.71,230.22,60.88,187.86,0.6301,-1,-1,-1
652,134,739.78,226.87,91.03,240.57,0.8816,-1,-1,-1
653,103,1048.42,139.58,176.77,536.24,0.9775,-1,-1,-1
653,115,-514.58,-395.52,805.03,1966.51,0.8016,-1,-1,-1
653,127,1748.34,122.92,213.21,561.89,0.9717,-1,-1,-1
653,107,488.37,112.66,325.82,950.39,0.9815,-1,-1,-1
653,117,987.21,222.72,89.01,261.02,0.9449,-1,-1,-1
653,116,1558.03,153.41,184.28,473.61,0.9649,-1,-1,-1
653,131,890.04,253.44,76.34,229.73,0.9678,-1,-1,-1
653,134,743.27,230.83,87.16,230.76,0.9178,-1,-1,-1
653,108,1159.68,223.09,86.88,236.32,0.8433,-1,-1,-1
654,103,1048.50,138.61,176.92,534.17,0.9741,-1,-1,-1
654,115,-546.50,-370.89,823.02,2027.82,0.5880,-1,-1,-1
654,127,1750.40,121.99,212.60,569.15,0.9698,-1,-1,-1
654,107,467.59,106.34,334.10,967.71,0.9815,-1,-1,-1
654,117,986.45,224.83,88.88,259.99,0.9450,-1,-1,-1
654,116,1553.32,151.76,187.89,482.85,0.9712,-1,-1,-1
654,131,888.63,255.04,76.65,230.53,0.9644,-1,-1,-1
654,134,739.10,230.78,90.76,241.15,0.9294,-1,-1,-1
654,108,1164.35,226.98,82.90,225.46,0.8638,-1,-1,-1
654,114,1514.35,232.53,60.58,191.84,0.7778,-1,-1,-1
655,103,1051.81,139.43,176.29,532.16,0.9746,-1,-1,-1
655,127,1753.28,121.27,211.25,574.80,0.9663,-1,-1,-1
655,107,443.56,101.71,344.84,992.80,0.9805,-1,-1,-1
655,117,985.71,227.95,89.30,260.42,0.9415,-1,-1,-1
655,116,1548.27,150.43,190.16,488.32,0.9653,-1,-1,-1
655,131,886.63,257.29,76.65,230.79,0.9580,-1,-1,-1
655,134,736.59,231.54,90.98,242.89,0.9208,-1,-1,-1
655,108,1166.82,229.11,80.19,217.80,0.7763,-1,-1,-1
655,114,1516.54,232.89,59.17,191.48,0.7257,-1,-1,-1
656,103,1055.13,139.23,176.40,533.43,0.9771,-1,-1,-1
656,127,1757.58,117.78,209.67,580.28,0.9634,-1,-1,-1
656,107,420.95,95.47,354.19,1012.86,0.9776,-1,-1,-1
656,117,984.02,228.51,90.51,263.19,0.9400,-1,-1,-1
656,116,1543.16,146.80,192.33,494.10,0.9698,-1,-1,-1
656,131,884.64,256.84,77.34,232.60,0.9551,-1,-1,-1
656,134,733.94,231.08,90.78,243.76,0.9259,-1,-1,-1
656,108,1168.78,229.95,78.82,213.57,0.8646,-1,-1,-1
657,103,1056.46,142.31,176.03,533.44,0.9795,-1,-1,-1
657,127,1759.85,113.91,209.26,587.45,0.9615,-1,-1,-1
657,107,396.10,89.49,362.73,1031.82,0.9776,-1,-1,-1
657,117,982.64,229.71,91.34,264.19,0.9410,-1,-1,-1
657,116,1537.16,143.15,194.08,498.45,0.9591,-1,-1,-1
657,131,881.88,257.41,77.89,233.69,0.9571,-1,-1,-1
657,134,731.64,231.99,90.56,244.58,0.9234,-1,-1,-1
657,108,1168.08,229.05,78.67,212.45,0.8588,-1,-1,-1
658,103,1058.81,147.56,174.41,530.28,0.9805,-1,-1,-1
658,127,1761.90,108.76,208.78,596.03,0.9624,-1,-1,-1
658,107,368.60,80.93,377.80,1072.11,0.9771,-1,-1,-1
658,117,982.69,230.62,91.89,264.52,0.9396,-1,-1,-1
658,116,1534.72,138.27,195.58,502.59,0.9669,-1,-1,-1
658,131,878.98,256.79,78.81,236.27,0.9576,-1,-1,-1
658,134,731.54,231.46,90.57,246.67,0.9376,-1,-1,-1
658,108,1169.64,229.49,78.14,210.01,0.8764,-1,-1,-1
659,103,1062.09,152.51,172.54,526.15,0.9805,-1,-1,-1
659,127,1763.71,103.62,208.15,603.29,0.9649,-1,-1,-1
659,107,336.79,81.49,391.53,1109.23,0.9756,-1,-1,-1
659,117,982.30,229.12,92.97,266.80,0.9381,-1,-1,-1
659,116,1530.33,132.96,197.94,509.73,0.9741,-1,-1,-1
659,131,876.80,256.36,79.66,238.42,0.9537,-1,-1,-1
659,134,728.17,231.40,90.03,247.38,0.9488,-1,-1,-1
659,108,1170.72,227.79,79.63,213.33,0.8973,-1,-1,-1
660,103,1064.27,155.35,171.18,524.13,0.9819,-1,-1,-1
660,127,1763.82,96.82,209.41,615.09,0.9653,-1,-1,-1
660,107,309.68,86.92,397.46,1122.95,0.9678,-1,-1,-1
660,117,981.51,228.13,94.16,268.95,0.9430,-1,-1,-1
660,116,1527.51,127.44,199.95,514.93,0.9722,-1,-1,-1
660,131,874.13,255.45,80.57,240.62,0.9620,-1,-1,-1
660,134,724.59,231.87,89.48,247.58,0.9464,-1,-1,-1
660,108,1171.91,226.71,79.67,212.75,0.8941,-1,-1,-1
661,103,1067.23,158.28,168.83,518.08,0.9834,-1,-1,-1
661,127,1763.76,90.43,211.53,627.72,0.9668,-1,-1,-1
661,107,277.84,83.98,410.96,1156.00,0.9688,-1,-1,-1
661,117,980.39,227.23,95.24,271.49,0.9440,-1,-1,-1
661,116,1524.47,123.85,201.08,517.30,0.9727,-1,-1,-1
661,131,871.60,254.82,81.24,242.29,0.9649,-1,-1,-1
661,134,718.94,232.19,89.77,248.50,0.9620,-1,-1,-1
661,108,1173.30,225.86,80.23,213.94,0.8938,-1,-1,-1
662,103,1068.60,158.64,167.53,515.91,0.9824,-1,-1,-1
662,127,1758.74,84.84,217.48,646.47,0.9571,-1,-1,-1
662,107,244.92,83.24,425.32,1192.22,0.9640,-1,-1,-1
662,117,980.76,225.06,96.00,273.72,0.9362,-1,-1,-1
662,116,1519.67,120.46,204.08,524.86,0.9693,-1,-1,-1
662,131,869.51,253.62,82.17,244.19,0.9634,-1,-1,-1
662,134,714.01,232.21,90.28,249.25,0.9664,-1,-1,-1
662,108,1174.49,223.38,81.01,216.16,0.8962,-1,-1,-1
662,135,17.47,299.63,42.09,120.69,0.7317,-1,-1,-1
662,136,969.30,256.64,69.39,208.85,0.8309,-1,-1,-1
662,4,1075.32,222.68,84.97,257.58,0.7041,-1,-1,-1
663,103,1071.29,158.51,166.89,515.21,0.9800,-1,-1,-1
663,127,1751.19,79.64,225.12,664.14,0.9576,-1,-1,-1
663,107,205.43,77.97,442.47,1232.70,0.9490,-1,-1,-1
663,117,980.70,224.13,96.62,275.73,0.9401,-1,-1,-1
663,116,1512.35,118.72,208.88,535.61,0.9697,-1,-1,-1
663,131,868.02,251.89,83.08,246.30,0.9654,-1,-1,-1
663,134,710.18,232.42,91.07,250.28,0.9654,-1,-1,-1
663,108,1177.52,223.44,82.15,218.40,0.8694,-1,-1,-1
663,136,968.88,257.76,68.92,207.08,0.7987,-1,-1,-1
663,4,1076.85,222.66,85.26,258.31,0.7402,-1,-1,-1
664,103,1074.88,157.77,167.09,517.74,0.9751,-1,-1,-1
664,127,1745.05,79.25,230.42,672.45,0.9580,-1,-1,-1
664,107,166.82,67.50,463.93,1286.46,0.9388,-1,-1,-1
664,117,982.24,222.63,97.61,278.76,0.9352,-1,-1,-1
664,116,1507.35,119.58,211.25,538.79,0.9712,-1,-1,-1
664,131,867.78,251.64,84.12,248.70,0.9586,-1,-1,-1
664,134,706.65,233.36,92.50,252.07,0.9547,-1,-1,-1
664,108,1179.68,223.51,85.14,225.80,0.8468,-1,-1,-1
664,136,968.35,259.68,69.18,207.67,0.8373,-1,-1,-1
664,4,1079.85,224.85,86.28,261.18,0.6044,-1,-1,-1
664,135,12.10,301.33,43.11,123.71,0.6875,-1,-1,-1
665,103,1081.81,159.32,165.76,513.40,0.9761,-1,-1,-1
665,127,1742.54,80.23,236.18,683.10,0.9610,-1,-1,-1
665,107,142.39,53.59,473.23,1294.14,0.9338,-1,-1,-1
665,117,985.03,223.67,98.98,282.94,0.9230,-1,-1,-1
665,116,1503.98,121.65,215.28,546.85,0.9688,-1,-1,-1
665,131,868.62,253.44,85.47,251.65,0.9493,-1,-1,-1
665,134,705.55,236.08,93.75,253.60,0.9421,-1,-1,-1
665,108,1183.79,226.13,84.99,225.69,0.8284,-1,-1,-1
665,136,968.34,266.62,67.90,203.35,0.8463,-1,-1,-1
665,4,1083.73,230.93,84.57,256.01,0.6507,-1,-1,-1
665,135,10.08,303.20,47.46,136.37,0.7552,-1,-1,-1
666,103,1086.98,158.05,164.52,508.48,0.9683,-1,-1,-1
666,127,1743.14,82.43,241.21,689.52,0.9556,-1,-1,-1
666,107,92.17,36.34,493.79,1331.67,0.9397,-1,-1,-1
666,117,987.96,224.71,99.44,284.92,0.9299,-1,-1,-1
666,116,1505.19,122.86,218.10,552.39,0.9620,-1,-1,-1
666,131,870.11,255.05,86.57,253.27,0.9556,-1,-1,-1
666,134,705.10,237.64,94.70,254.14,0.9469,-1,-1,-1
666,108,1190.43,228.27,82.66,219.60,0.8576,-1,-1,-1
666,136,968.68,264.72,70.51,210.23,0.8517,-1,-1,-1
666,4,1085.63,232.51,85.18,258.54,0.8228,-1,-1,-1
666,135,12.77,304.49,43.57,124.89,0.7785,-1,-1,-1
667,103,1092.73,158.98,163.48,504.82,0.9668,-1,-1,-1
667,127,1746.30,84.60,249.11,703.70,0.9547,-1,-1,-1
667,107,27.90,8.82,540.55,1444.74,0.8951,-1,-1,-1
667,117,990.72,228.68,99.86,286.48,0.9347,-1,-1,-1
667,116,1506.49,126.51,222.44,561.68,0.9541,-1,-1,-1
667,131,872.82,259.26,88.04,256.47,0.9561,-1,-1,-1
667,134,707.40,241.18,95.49,254.74,0.9517,-1,-1,-1
667,136,971.62,268.96,71.28,211.61,0.8636,-1,-1,-1
667,4,1092.33,240.64,84.32,256.19,0.7724,-1,-1,-1
667,139,580.92,323.49,75.16,89.74,0.8691,-1,-1,-1
668,103,1099.81,160.89,164.95,505.69,0.9678,-1,-1,-1
668,127,1747.05,91.95,256.69,718.26,0.9580,-1,-1,-1
668,107,-27.16,9.10,565.91,1513.80,0.8157,-1,-1,-1
668,117,992.25,232.87,100.95,290.42,0.9347,-1,-1,-1
668,116,1506.31,133.82,225.75,569.11,0.9722,-1,-1,-1
668,131,874.14,264.61,89.12,259.27,0.9581,-1,-1,-1
668,134,708.83,245.68,95.94,254.48,0.9547,-1,-1,-1
668,136,970.02,274.44,71.66,213.01,0.8730,-1,-1,-1
668,4,1098.68,247.50,81.89,248.77,0.7767,-1,-1,-1
668,139,584.83,327.51,77.00,92.01,0.8901,-1,-1,-1
668,135,17.10,311.49,41.37,117.87,0.6805,-1,-1,-1
669,103,1108.85,166.88,164.93,502.63,0.9722,-1,-1,-1
669,127,1748.44,95.62,264.37,734.47,0.9556,-1,-1,-1
669,107,-61.15,-2.99,586.77,1587.42,0.8616,-1,-1,-1
669,117,997.45,238.44,100.82,291.08,0.9346,-1,-1,-1
669,116,1508.13,138.00,230.36,580.54,0.9756,-1,-1,-1
669,131,878.90,271.01,88.94,258.96,0.9513,-1,-1,-1
669,134,712.72,250.95,96.52,254.34,0.9522,-1,-1,-1
669,136,976.56,280.39,71.92,213.03,0.8679,-1,-1,-1
669,4,1102.51,246.78,82.83,251.29,0.8213,-1,-1,-1
669,139,595.83,332.22,74.86,89.61,0.7304,-1,-1,-1
669,108,1209.09,244.96,84.19,214.52,0.8701,-1,-1,-1
669,140,528.47,306.72,33.59,80.53,0.7651,-1,-1,-1
669,135,20.91,315.07,41.07,116.09,0.7241,-1,-1,-1
670,103,1115.70,170.51,167.03,504.82,0.9576,-1,-1,-1
670,127,1753.83,96.03,270.56,748.04,0.9323,-1,-1,-1
670,107,-106.65,-38.08,615.78,1674.86,0.8284,-1,-1,-1
670,117,1002.53,241.31,100.95,291.69,0.9308,-1,-1,-1
670,116,1510.79,140.71,232.46,585.82,0.9766,-1,-1,-1
670,131,884.04,274.51,89.48,261.07,0.9444,-1,-1,-1
670,134,716.54,252.63,97.58,255.48,0.9328,-1,-1,-1
670,136,978.82,283.01,72.56,214.25,0.8666,-1,-1,-1
670,4,1106.53,250.35,84.42,256.82,0.7901,-1,-1,-1
670,139,603.68,333.46,73.39,87.74,0.7078,-1,-1,-1
670,108,1219.30,250.10,83.34,212.53,0.8453,-1,-1,-1
670,140,535.66,307.63,32.88,78.82,0.6762,-1,-1,-1
670,12,502.16,303.78,31.94,85.02,0.6350,-1,-1,-1
671,103,1125.46,176.69,169.84,507.51,0.9722,-1,-1,-1
671,127,1766.01,99.93,273.00,747.05,0.9289,-1,-1,-1
671,107,-160.23,-66.84,641.64,1749.32,0.8062,-1,-1,-1
671,117,1008.45,246.11,100.67,291.85,0.9309,-1,-1,-1
671,116,1514.68,143.27,235.89,594.86,0.9722,-1,-1,-1
671,131,889.18,279.07,89.30,261.82,0.9484,-1,-1,-1
671,134,720.45,255.72,98.33,255.55,0.9415,-1,-1,-1
671,136,984.44,285.42,73.80,217.61,0.8747,-1,-1,-1
671,4,1111.82,251.09,86.89,263.40,0.8508,-1,-1,-1
671,139,606.47,335.19,75.63,90.02,0.6723,-1,-1,-1
671,108,1229.69,254.80,83.17,212.27,0.8498,-1,-1,-1
672,103,1128.14,183.01,170.28,506.80,0.9688,-1,-1,-1
672,127,1789.28,110.41,278.27,745.99,0.8802,-1,-1,-1
672,107,-197.91,-100.48,656.96,1804.18,0.7744,-1,-1,-1
672,117,1013.20,248.61,101.19,294.16,0.9236,-1,-1,-1
672,116,1519.09,143.17,239.63,604.25,0.9731,-1,-1,-1
672,131,895.66,280.74,89.41,263.47,0.9396,-1,-1,-1
672,134,726.39,257.29,98.21,255.09,0.9153,-1,-1,-1
672,136,988.94,287.41,73.47,217.38,0.8679,-1,-1,-1
672,4,1115.92,253.30,88.28,267.20,0.8640,-1,-1,-1
672,108,1240.55,259.27,82.93,212.25,0.8592,-1,-1,-1
673,103,1136.95,191.29,169.99,504.12,0.9746,-1,-1,-1
673,127,1806.26,110.95,283.66,750.29,0.8854,-1,-1,-1
673,107,-215.22,-114.23,663.01,1833.55,0.7286,-1,-1,-1
673,117,1020.78,252.04,101.56,295.76,0.9285,-1,-1,-1
673,116,1526.46,144.52,242.36,610.91,0.9702,-1,-1,-1
673,131,902.90,282.99,89.93,265.69,0.9474,-1,-1,-1
673,134,733.77,259.56,98.95,255.67,0.9352,-1,-1,-1
673,136,991.68,291.20,73.29,217.24,0.8647,-1,-1,-1
673,4,1121.32,257.49,87.44,265.15,0.8562,-1,-1,-1
673,108,1251.91,263.68,82.41,211.90,0.8982,-1,-1,-1
674,103,1147.49,199.09,168.80,498.69,0.9727,-1,-1,-1
674,127,1825.40,102.70,293.54,770.14,0.8234,-1,-1,-1
674,107,-285.23,-158.60,705.99,1962.78,0.6565,-1,-1,-1
674,117,1028.40,253.77,103.06,301.28,0.9367,-1,-1,-1
674,116,1532.93,141.14,246.80,621.13,0.9692,-1,-1,-1
674,131,911.52,284.21,90.23,266.92,0.9440,-1,-1,-1
674,134,742.53,260.76,99.28,255.98,0.9362,-1,-1,-1
674,136,1001.22,291.59,74.37,219.83,0.8855,-1,-1,-1
674,4,1129.53,257.98,87.35,264.30,0.8842,-1,-1,-1
674,108,1263.16,267.09,83.19,214.68,0.8869,-1,-1,-1
674,140,565.60,314.29,34.03,81.70,0.6456,-1,-1,-1
675,103,1159.62,201.38,168.60,495.92,0.9712,-1,-1,-1
675,127,1846.49,107.79,289.22,752.74,0.7283,-1,-1,-1
675,117,1035.06,251.36,104.65,306.29,0.9479,-1,-1,-1
675,116,1540.46,137.27,250.98,628.77,0.9678,-1,-1,-1
675,131,920.71,283.23,90.53,267.76,0.9532,-1,-1,-1
675,134,748.54,258.85,99.78,256.52,0.9459,-1,-1,-1
675,136,1008.50,289.42,74.29,220.33,0.8980,-1,-1,-1
675,4,1137.66,255.97,88.55,268.32,0.8769,-1,-1,-1
675,108,1275.91,266.66,83.01,215.20,0.8914,-1,-1,-1
675,140,574.82,312.84,34.22,82.24,0.7187,-1,-1,-1
675,139,638.80,337.17,77.76,92.90,0.8395,-1,-1,-1
676,103,1170.51,203.12,168.29,492.26,0.9766,-1,-1,-1
676,117,1044.30,250.05,105.16,308.13,0.9484,-1,-1,-1
676,116,1552.07,135.61,254.88,635.18,0.9790,-1,-1,-1
676,131,930.74,280.38,90.91,268.58,0.9625,-1,-1,-1
676,134,752.61,256.33,101.76,258.59,0.9474,-1,-1,-1
676,136,1017.30,287.75,74.74,221.82,0.8934,-1,-1,-1
676,4,1147.04,254.37,87.13,263.13,0.9034,-1,-1,-1
676,108,1292.24,267.04,82.18,213.42,0.9025,-1,-1,-1
676,140,586.92,312.20,32.06,76.91,0.7649,-1,-1,-1
677,103,1183.07,203.83,168.14,490.41,0.9795,-1,-1,-1
677,117,1054.85,249.30,105.62,309.52,0.9561,-1,-1,-1
677,116,1556.72,130.77,263.09,650.78,0.9732,-1,-1,-1
677,131,940.69,277.97,92.34,271.82,0.9639,-1,-1,-1
677,134,763.65,255.87,101.64,258.36,0.9483,-1,-1,-1
677,136,1027.86,286.43,74.92,223.34,0.9085,-1,-1,-1
677,4,1156.53,251.79,89.03,268.28,0.9054,-1,-1,-1
677,108,1305.94,266.58,82.42,215.16,0.9222,-1,-1,-1
677,140,598.41,311.65,31.45,75.46,0.6437,-1,-1,-1
678,103,1193.84,202.29,168.17,489.13,0.9751,-1,-1,-1
678,117,1064.54,246.52,106.69,311.84,0.9509,-1,-1,-1
678,116,1563.91,125.02,272.07,669.97,0.9736,-1,-1,-1
678,131,949.36,274.66,93.56,274.76,0.9571,-1,-1,-1
678,134,773.36,254.17,102.03,259.57,0.9280,-1,-1,-1
678,136,1035.81,284.09,75.90,226.88,0.9013,-1,-1,-1
678,4,1166.56,248.78,92.71,279.38,0.9236,-1,-1,-1
678,108,1319.51,265.77,82.66,217.16,0.9230,-1,-1,-1
678,140,608.88,309.87,32.94,79.57,0.7137,-1,-1,-1
679,103,1207.47,198.78,164.22,475.17,0.9669,-1,-1,-1
679,117,1073.63,242.68,108.02,314.96,0.9508,-1,-1,-1
679,116,1571.50,123.16,279.12,683.66,0.9751,-1,-1,-1
679,131,958.32,271.85,94.51,277.59,0.9605,-1,-1,-1
679,134,781.77,252.34,102.00,259.68,0.9406,-1,-1,-1
679,136,1044.74,282.52,76.28,228.63,0.9068,-1,-1,-1
679,4,1176.46,246.40,92.75,279.27,0.9202,-1,-1,-1
679,108,1334.42,263.57,81.70,216.99,0.8826,-1,-1,-1
679,140,620.68,306.82,33.71,81.49,0.6315,-1,-1,-1
680,103,1219.63,191.10,163.97,472.61,0.9712,-1,-1,-1
680,117,1083.10,238.76,109.03,316.51,0.9518,-1,-1,-1
680,116,1579.20,116.36,286.17,696.96,0.9727,-1,-1,-1
680,131,967.87,268.27,94.99,278.71,0.9483,-1,-1,-1
680,134,788.32,249.96,102.28,259.91,0.9328,-1,-1,-1
680,136,1053.19,280.47,76.19,228.47,0.9058,-1,-1,-1
680,4,1187.58,241.89,94.17,283.56,0.9207,-1,-1,-1
680,135,114.38,298.67,40.90,116.07,0.7871,-1,-1,-1
681,103,1231.30,182.75,164.53,473.59,0.9722,-1,-1,-1
681,117,1092.10,231.34,110.91,321.32,0.9489,-1,-1,-1
681,116,1585.12,107.92,293.96,710.51,0.9746,-1,-1,-1
681,131,977.25,262.55,96.08,281.61,0.9386,-1,-1,-1
681,134,796.72,245.04,102.28,261.31,0.9142,-1,-1,-1
681,136,1062.01,276.42,76.48,230.01,0.9018,-1,-1,-1
681,4,1198.49,238.33,94.43,284.25,0.9229,-1,-1,-1
681,135,123.32,292.53,41.47,118.92,0.5780,-1,-1,-1
682,103,1245.25,177.51,166.54,479.56,0.9766,-1,-1,-1
682,117,1102.29,227.18,112.74,325.72,0.9610,-1,-1,-1
682,116,1583.41,104.53,303.06,720.22,0.9805,-1,-1,-1
682,131,989.17,261.97,96.17,281.87,0.9649,-1,-1,-1
682,134,805.85,242.25,101.55,262.82,0.9381,-1,-1,-1
682,136,1070.70,275.27,77.08,231.44,0.9202,-1,-1,-1
682,4,1210.93,236.79,93.51,280.89,0.9318,-1,-1,-1
682,135,134.66,290.12,41.53,120.74,0.7279,-1,-1,-1
683,103,1261.99,172.45,165.68,479.32,0.9761,-1,-1,-1
683,117,1112.95,222.27,114.49,330.40,0.9668,-1,-1,-1
683,116,1600.85,96.42,308.81,731.49,0.9785,-1,-1,-1
683,131,999.78,258.93,96.89,284.33,0.9678,-1,-1,-1
683,134,813.09,237.98,101.23,263.81,0.9508,-1,-1,-1
683,136,1080.63,272.84,76.98,231.50,0.9274,-1,-1,-1
683,4,1222.46,232.03,94.22,281.64,0.9363,-1,-1,-1
683,135,147.53,287.03,38.37,112.57,0.6388,-1,-1,-1
683,146,1399.67,252.99,71.84,217.49,0.9323,-1,-1,-1
683,139,724.12,322.55,80.25,95.75,0.8545,-1,-1,-1
683,140,659.15,293.30,38.68,94.90,0.8019,-1,-1,-1
684,103,1277.73,170.62,162.95,472.48,0.9819,-1,-1,-1
684,117,1122.79,218.07,116.47,335.94,0.9624,-1,-1,-1
684,116,1611.10,90.69,315.38,745.77,0.9815,-1,-1,-1
684,131,1007.67,255.65,96.98,285.76,0.9532,-1,-1,-1
684,134,823.88,234.55,99.65,263.27,0.9362,-1,-1,-1
684,136,1090.60,270.09,76.60,231.47,0.9138,-1,-1,-1
684,4,1233.86,229.64,94.23,280.21,0.9227,-1,-1,-1
684,135,157.20,284.54,38.13,112.54,0.6164,-1,-1,-1
684,146,1414.70,250.93,71.66,216.86,0.9206,-1,-1,-1
684,147,694.79,329.67,67.87,75.19,0.5866,-1,-1,-1
684,140,669.18,289.15,40.09,99.48,0.7783,-1,-1,-1
685,103,1294.47,171.42,161.48,470.75,0.9712,-1,-1,-1
685,117,1131.43,216.25,117.12,337.20,0.9561,-1,-1,-1
685,116,1618.86,87.14,324.00,766.00,0.9761,-1,-1,-1
685,131,1015.01,253.63,97.14,287.89,0.9537,-1,-1,-1
685,134,832.58,231.57,98.91,264.81,0.9429,-1,-1,-1
685,136,1097.30,267.10,76.89,233.63,0.9143,-1,-1,-1
685,4,1242.97,227.47,95.22,281.73,0.9146,-1,-1,-1
685,146,1429.78,249.61,71.14,215.60,0.8469,-1,-1,-1
685,140,677.59,287.28,41.68,104.42,0.5877,-1,-1,-1
686,103,1304.75,169.34,162.92,476.47,0.9785,-1,-1,-1
686,117,1139.92,212.11,117.60,338.55,0.9678,-1,-1,-1
686,116,1626.27,76.95,333.87,789.80,0.9625,-1,-1,-1
686,131,1021.74,250.76,98.31,292.29,0.9595,-1,-1,-1
686,134,837.72,227.22,98.84,266.26,0.9092,-1,-1,-1
686,136,1103.08,262.15,77.76,238.41,0.9221,-1,-1,-1
686,4,1251.13,224.90,94.97,279.27,0.9273,-1,-1,-1
686,146,1440.96,247.47,71.78,217.77,0.8163,-1,-1,-1
686,140,687.89,281.53,42.35,106.74,0.5802,-1,-1,-1
687,103,1316.76,173.61,161.80,474.77,0.9810,-1,-1,-1
687,117,1145.54,213.00,118.87,342.27,0.9678,-1,-1,-1
687,116,1626.90,74.17,337.59,804.76,0.9585,-1,-1,-1
687,131,1026.76,251.43,98.83,295.22,0.9630,-1,-1,-1
687,134,839.29,225.72,99.30,268.56,0.9357,-1,-1,-1
687,136,1108.14,260.48,78.31,241.94,0.9259,-1,-1,-1
687,4,1258.84,225.07,96.84,283.20,0.9274,-1,-1,-1
687,146,1453.84,250.00,71.42,216.43,0.9378,-1,-1,-1
687,140,692.33,273.81,47.26,120.55,0.7829,-1,-1,-1
687,150,29.38,275.16,54.42,133.14,0.7362,-1,-1,-1
688,103,1325.11,180.40,161.20,473.61,0.9780,-1,-1,-1
688,117,1150.85,215.07,119.83,344.47,0.9625,-1,-1,-1
688,116,1626.45,72.59,338.92,817.76,0.9624,-1,-1,-1
688,131,1029.73,252.14,99.42,298.58,0.9615,-1,-1,-1
688,134,844.60,228.12,98.05,267.62,0.9411,-1,-1,-1
688,136,1113.01,262.63,77.83,241.48,0.9288,-1,-1,-1
688,4,1264.24,227.74,100.27,290.40,0.9142,-1,-1,-1
688,146,1462.22,254.30,71.23,214.64,0.9308,-1,-1,-1
688,140,696.70,278.10,45.77,118.30,0.7599,-1,-1,-1
688,150,34.87,274.92,48.96,120.04,0.7628,-1,-1,-1
688,139,767.51,315.41,77.57,92.31,0.8966,-1,-1,-1
688,135,177.93,278.13,37.94,112.81,0.5997,-1,-1,-1
688,147,724.53,318.95,72.22,80.65,0.6047,-1,-1,-1
689,103,1333.79,183.73,160.33,470.66,0.9751,-1,-1,-1
689,117,1154.01,213.91,121.17,347.41,0.9625,-1,-1,-1
689,116,1628.68,64.48,340.57,830.00,0.9619,-1,-1,-1
689,131,1032.67,250.01,99.46,299.79,0.9620,-1,-1,-1
689,134,847.06,227.16,96.95,266.78,0.9420,-1,-1,-1
689,136,1115.86,261.28,77.31,241.67,0.9293,-1,-1,-1
689,4,1267.47,225.57,102.31,294.31,0.9373,-1,-1,-1
689,146,1469.40,253.62,71.28,214.49,0.9083,-1,-1,-1
689,140,701.83,279.78,43.58,113.89,0.5782,-1,-1,-1
689,139,774.05,312.35,75.98,90.09,0.7974,-1,-1,-1
690,103,1342.35,186.25,159.05,467.36,0.9780,-1,-1,-1
690,117,1157.66,212.05,122.86,351.52,0.9605,-1,-1,-1
690,116,1629.29,62.90,342.14,842.59,0.9644,-1,-1,-1
690,131,1034.63,247.72,100.27,303.26,0.9639,-1,-1,-1
690,134,848.03,225.12,97.07,267.89,0.9397,-1,-1,-1
690,136,1118.03,258.42,77.52,244.35,0.9337,-1,-1,-1
690,4,1272.00,224.45,103.50,295.53,0.9387,-1,-1,-1
690,146,1475.46,253.48,71.48,215.39,0.9237,-1,-1,-1
690,140,706.52,280.18,35.82,94.17,0.7412,-1,-1,-1
690,139,779.01,309.38,75.05,89.37,0.8836,-1,-1,-1
690,147,731.87,315.96,68.73,76.57,0.8482,-1,-1,-1
691,103,1350.47,186.14,159.00,467.19,0.9693,-1,-1,-1
691,117,1160.35,208.21,125.48,358.83,0.9561,-1,-1,-1
691,116,1631.99,56.38,344.17,854.88,0.9571,-1,-1,-1
691,131,1034.99,243.85,101.56,307.81,0.9585,-1,-1,-1
691,134,847.65,222.94,97.09,268.28,0.9397,-1,-1,-1
691,136,1119.41,256.52,77.61,246.20,0.9268,-1,-1,-1
691,4,1274.85,221.94,105.35,298.91,0.9249,-1,-1,-1
691,146,1480.60,252.56,70.11,211.72,0.8698,-1,-1,-1
691,140,705.70,273.98,40.70,108.01,0.6399,-1,-1,-1
691,139,779.82,305.87,75.92,90.81,0.6665,-1,-1,-1
691,153,1690.71,200.41,222.54,506.72,0.7338,-1,-1,-1
692,103,1358.52,186.32,157.99,464.83,0.9790,-1,-1,-1
692,117,1162.56,205.52,126.62,361.96,0.9620,-1,-1,-1
692,116,1638.51,46.14,349.80,872.31,0.9576,-1,-1,-1
692,131,1032.25,242.20,103.34,310.90,0.9517,-1,-1,-1
692,134,845.98,222.01,98.32,270.96,0.9450,-1,-1,-1
692,136,1121.20,256.35,77.72,248.18,0.9331,-1,-1,-1
692,4,1278.50,220.79,106.91,301.45,0.9425,-1,-1,-1
692,146,1485.56,253.53,70.23,213.47,0.9120,-1,-1,-1
692,140,706.91,275.71,40.37,108.59,0.7915,-1,-1,-1
692,139,783.15,306.58,75.31,90.47,0.9035,-1,-1,-1
692,153,1694.72,194.14,229.46,523.30,0.6610,-1,-1,-1
692,150,38.25,260.24,45.86,113.45,0.7215,-1,-1,-1
692,147,735.90,313.49,69.30,77.15,0.8559,-1,-1,-1
693,103,1365.50,185.60,157.01,462.22,0.9819,-1,-1,-1
693,117,1165.42,205.68,127.92,366.45,0.9664,-1,-1,-1
693,116,1640.42,40.36,353.37,883.85,0.9624,-1,-1,-1
693,131,1031.07,242.61,104.89,313.75,0.9653,-1,-1,-1
693,134,844.51,222.91,98.66,271.51,0.9474,-1,-1,-1
693,136,1122.79,258.01,77.47,249.32,0.9332,-1,-1,-1
693,4,1280.94,221.77,108.47,304.01,0.9469,-1,-1,-1
693,146,1490.25,254.81,70.18,214.02,0.9145,-1,-1,-1
693,140,709.49,278.57,37.57,102.14,0.7886,-1,-1,-1
693,139,784.73,307.98,74.24,89.12,0.8899,-1,-1,-1
693,154,1601.76,258.19,85.63,212.09,0.9224,-1,-1,-1
693,155,849.42,256.16,61.02,153.50,0.7320,-1,-1,-1
693,150,36.61,260.78,44.58,111.02,0.5809,-1,-1,-1
693,147,736.11,315.14,69.34,76.96,0.8822,-1,-1,-1
694,103,1372.06,182.86,156.34,459.51,0.9756,-1,-1,-1
694,117,1166.70,203.00,129.57,371.24,0.9595,-1,-1,-1
694,116,1643.33,42.26,354.75,886.98,0.9541,-1,-1,-1
694,131,1030.77,239.89,106.78,318.28,0.9654,-1,-1,-1
694,134,844.51,221.65,99.26,273.02,0.9479,-1,-1,-1
694,136,1125.89,257.52,77.53,250.13,0.9240,-1,-1,-1
694,4,1283.45,218.62,110.06,308.00,0.9366,-1,-1,-1
694,146,1493.35,256.09,69.71,211.65,0.5929,-1,-1,-1
694,140,698.10,275.35,42.68,111.05,0.7346,-1,-1,-1
694,139,787.72,306.79,74.89,89.87,0.8333,-1,-1,-1
694,154,1608.27,257.77,88.61,219.36,0.8190,-1,-1,-1
694,155,853.76,274.59,54.99,137.61,0.7575,-1,-1,-1
694,150,36.43,258.30,47.02,118.60,0.7664,-1,-1,-1
694,147,741.62,314.14,68.96,76.66,0.7859,-1,-1,-1
694,153,1703.55,196.88,227.43,518.67,0.6241,-1,-1,-1
695,103,1375.30,178.52,156.33,460.35,0.9751,-1,-1,-1
695,117,1166.25,200.40,130.02,372.52,0.9532,-1,-1,-1
695,116,1642.79,27.30,366.51,912.73,0.9483,-1,-1,-1
695,131,1030.56,237.11,108.31,321.23,0.9595,-1,-1,-1
695,134,840.84,219.81,100.34,275.00,0.9430,-1,-1,-1
695,136,1125.39,255.77,78.03,252.60,0.9030,-1,-1,-1
695,4,1283.41,215.01,110.17,307.79,0.9235,-1,-1,-1
695,140,706.64,273.83,38.78,101.67,0.7778,-1,-1,-1
695,139,790.27,306.44,72.68,87.02,0.8168,-1,-1,-1
695,147,741.98,313.12,69.00,76.43,0.8284,-1,-1,-1
696,103,1380.19,177.26,156.34,461.52,0.9727,-1,-1,-1
696,117,1168.11,198.67,130.67,374.19,0.9518,-1,-1,-1
696,116,1632.56,17.05,376.99,931.81,0.9582,-1,-1,-1
696,131,1030.92,236.22,109.26,323.15,0.9522,-1,-1,-1
696,134,838.70,218.22,101.86,277.49,0.9293,-1,-1,-1
696,136,1125.51,254.79,78.76,256.14,0.8992,-1,-1,-1
696,4,1285.52,213.40,110.84,309.28,0.9271,-1,-1,-1
696,140,710.91,273.08,38.14,100.39,0.7203,-1,-1,-1
696,139,793.28,305.74,72.59,86.30,0.6976,-1,-1,-1
696,135,169.92,258.34,40.51,118.86,0.7044,-1,-1,-1
696,154,1621.23,254.51,86.04,213.16,0.8697,-1,-1,-1
697,103,1387.01,173.14,157.43,464.35,0.9722,-1,-1,-1
697,117,1171.32,194.29,132.18,378.13,0.9518,-1,-1,-1
697,116,1626.31,13.36,388.60,947.91,0.9362,-1,-1,-1
697,131,1032.32,234.30,110.78,327.75,0.9473,-1,-1,-1
697,134,838.80,215.18,103.38,280.40,0.9095,-1,-1,-1
697,136,1129.15,252.89,79.04,257.77,0.9142,-1,-1,-1
697,4,1289.97,210.12,111.84,311.21,0.9236,-1,-1,-1
697,140,715.73,271.51,37.48,99.24,0.7111,-1,-1,-1
697,139,794.51,303.60,73.93,87.97,0.7266,-1,-1,-1
697,135,168.17,254.78,41.64,121.26,0.7170,-1,-1,-1
697,146,1512.06,243.85,70.88,216.43,0.8230,-1,-1,-1
697,150,39.21,251.98,41.84,105.15,0.7397,-1,-1,-1
698,103,1395.50,170.41,157.01,462.34,0.9761,-1,-1,-1
698,117,1176.23,189.88,133.10,380.96,0.9478,-1,-1,-1
698,116,1622.83,9.77,401.01,968.52,0.9313,-1,-1,-1
698,131,1035.41,232.28,112.32,331.17,0.9522,-1,-1,-1
698,134,842.38,212.67,103.98,282.45,0.9086,-1,-1,-1
698,136,1133.55,251.29,78.28,256.99,0.8961,-1,-1,-1
698,4,1294.95,207.09,113.28,313.20,0.9318,-1,-1,-1
698,140,721.10,270.37,35.32,94.09,0.7099,-1,-1,-1
698,139,800.21,302.64,71.77,85.48,0.8288,-1,-1,-1
698,135,170.68,252.88,42.13,123.41,0.6736,-1,-1,-1
698,150,41.72,250.68,42.61,107.13,0.7119,-1,-1,-1
699,103,1403.61,168.54,157.51,461.61,0.9776,-1,-1,-1
699,117,1180.86,184.11,135.07,386.77,0.9517,-1,-1,-1
699,116,1624.50,-2.37,413.86,995.64,0.9323,-1,-1,-1
699,131,1039.31,231.16,112.96,331.94,0.9571,-1,-1,-1
699,134,848.15,209.06,103.65,284.18,0.9237,-1,-1,-1
699,136,1138.63,248.88,78.43,258.96,0.9133,-1,-1,-1
699,4,1299.68,203.92,114.81,314.88,0.9349,-1,-1,-1
699,140,726.50,269.97,33.21,89.27,0.7500,-1,-1,-1
699,139,805.83,301.73,71.24,85.00,0.5911,-1,-1,-1
699,135,171.18,254.11,39.23,109.69,0.6046,-1,-1,-1
699,150,45.25,250.43,42.73,107.44,0.7268,-1,-1,-1
699,154,1650.96,241.84,85.49,213.03,0.7928,-1,-1,-1
699,146,1525.14,236.19,71.93,218.35,0.8576,-1,-1,-1
700,103,1412.68,168.35,156.68,455.56,0.9775,-1,-1,-1
700,117,1185.93,180.07,136.70,391.19,0.9561,-1,-1,-1
700,116,1629.71,-0.21,422.86,1013.72,0.9415,-1,-1,-1
700,131,1043.64,227.97,114.09,335.98,0.9552,-1,-1,-1
700,134,852.79,205.71,103.38,286.45,0.9279,-1,-1,-1
700,136,1142.87,246.18,78.72,260.54,0.9079,-1,-1,-1
700,4,1305.18,199.78,117.31,319.32,0.9212,-1,-1,-1
700,140,732.47,266.56,33.59,91.13,0.7699,-1,-1,-1
700,139,810.20,299.34,72.83,87.21,0.7728,-1,-1,-1
700,150,46.64,249.58,45.25,114.40,0.7470,-1,-1,-1
700,158,759.65,266.93,25.36,78.20,0.7676,-1,-1,-1
700,146,1535.81,232.82,74.19,224.10,0.8863,-1,-1,-1
701,103,1422.88,167.68,155.01,446.47,0.9576,-1,-1,-1
701,117,1191.05,176.35,138.87,397.49,0.9498,-1,-1,-1
701,116,1632.89,-19.30,445.06,1066.18,0.9405,-1,-1,-1
701,131,1049.14,225.92,114.82,338.97,0.9552,-1,-1,-1
701,134,854.00,203.08,103.59,287.70,0.9391,-1,-1,-1
701,136,1148.73,242.33,80.12,265.51,0.9132,-1,-1,-1
701,4,1311.83,197.47,119.30,321.83,0.9280,-1,-1,-1
701,140,738.00,265.87,34.18,93.37,0.7076,-1,-1,-1
701,139,815.90,297.47,72.36,86.93,0.7214,-1,-1,-1
701,150,50.03,249.21,46.25,116.63,0.8004,-1,-1,-1
701,158,767.99,266.10,24.57,75.67,0.7207,-1,-1,-1
701,146,1545.81,231.10,75.29,227.46,0.6593,-1,-1,-1
701,135,182.10,254.06,36.64,101.63,0.6913,-1,-1,-1
702,103,1432.91,170.68,157.62,452.27,0.9727,-1,-1,-1
702,117,1199.11,174.27,140.00,400.99,0.9371,-1,-1,-1
702,116,1640.65,-24.31,450.40,1084.91,0.9303,-1,-1,-1
702,131,1056.77,226.31,115.10,340.23,0.9474,-1,-1,-1
702,134,861.95,201.88,102.79,288.23,0.9085,-1,-1,-1
702,136,1156.17,240.49,81.16,269.10,0.8925,-1,-1,-1
702,4,1318.90,196.56,120.65,323.25,0.9112,-1,-1,-1
702,140,744.97,265.32,34.40,94.24,0.6519,-1,-1,-1
702,150,57.61,250.70,45.50,114.83,0.7095,-1,-1,-1
702,158,778.18,266.34,24.87,76.44,0.7466,-1,-1,-1
703,103,1443.29,171.61,158.53,454.02,0.9761,-1,-1,-1
703,117,1207.38,175.74,139.94,399.99,0.9386,-1,-1,-1
703,116,1649.34,-26.41,457.38,1107.62,0.9303,-1,-1,-1
703,131,1064.85,223.35,116.75,345.46,0.9459,-1,-1,-1
703,134,868.13,201.28,102.10,288.49,0.9080,-1,-1,-1
703,136,1162.84,238.92,81.27,269.97,0.8949,-1,-1,-1
703,4,1327.23,196.40,122.36,325.82,0.9056,-1,-1,-1
703,140,751.23,264.13,34.01,92.79,0.5767,-1,-1,-1
703,150,61.13,252.16,51.02,130.26,0.6417,-1,-1,-1
704,103,1452.86,167.02,160.10,456.52,0.9454,-1,-1,-1
704,117,1213.96,171.41,142.40,407.86,0.9439,-1,-1,-1
704,116,1667.31,-30.70,463.78,1121.90,0.9330,-1,-1,-1
704,131,1072.44,219.49,117.29,347.80,0.9459,-1,-1,-1
704,134,875.50,197.31,101.97,291.20,0.9018,-1,-1,-1
704,136,1170.51,235.01,81.99,272.77,0.8900,-1,-1,-1
704,4,1333.41,192.07,124.45,330.25,0.9284,-1,-1,-1
704,158,796.53,261.77,25.88,79.17,0.6165,-1,-1,-1
705,103,1462.36,168.05,158.02,448.14,0.9556,-1,-1,-1
705,117,1220.16,169.41,144.22,415.24,0.9371,-1,-1,-1
705,116,1676.94,-46.44,475.79,1155.30,0.9320,-1,-1,-1
705,131,1078.43,216.84,118.34,352.56,0.9299,-1,-1,-1
705,134,880.96,197.70,101.73,291.85,0.9066,-1,-1,-1
705,136,1177.06,232.49,82.68,275.20,0.8793,-1,-1,-1
705,4,1338.16,192.39,126.55,334.51,0.9196,-1,-1,-1
706,103,1471.61,168.12,159.99,452.63,0.9819,-1,-1,-1
706,117,1230.28,168.29,147.08,424.97,0.9541,-1,-1,-1
706,116,1686.50,-58.50,493.00,1201.68,0.9350,-1,-1,-1
706,131,1088.17,217.96,118.03,353.40,0.9523,-1,-1,-1
706,134,886.24,198.81,101.61,292.81,0.9281,-1,-1,-1
706,136,1186.02,234.16,83.38,276.94,0.9240,-1,-1,-1
706,4,1348.28,192.77,128.47,338.81,0.9362,-1,-1,-1
706,140,773.89,251.28,44.04,120.12,0.7876,-1,-1,-1
707,103,1485.91,167.35,157.98,444.52,0.9605,-1,-1,-1
707,117,1244.76,167.97,146.53,422.77,0.9488,-1,-1,-1
707,116,1699.37,-76.59,502.28,1230.15,0.9382,-1,-1,-1
707,131,1099.60,213.97,119.38,357.68,0.9586,-1,-1,-1
707,134,893.66,196.80,102.16,295.13,0.9255,-1,-1,-1
707,136,1196.94,231.98,83.81,278.85,0.9250,-1,-1,-1
707,4,1361.49,190.62,128.85,339.48,0.9352,-1,-1,-1
707,140,784.95,258.48,37.48,103.51,0.7993,-1,-1,-1
707,150,94.84,250.62,53.39,136.69,0.7044,-1,-1,-1
707,158,829.53,264.15,25.66,78.19,0.7677,-1,-1,-1
708,103,1499.56,165.50,158.78,445.98,0.9697,-1,-1,-1
708,117,1255.77,165.99,147.12,423.69,0.9464,-1,-1,-1
708,116,1718.97,-87.29,506.06,1242.50,0.9049,-1,-1,-1
708,131,1107.75,211.01,121.20,363.63,0.9527,-1,-1,-1
708,134,905.13,196.73,101.40,295.41,0.9172,-1,-1,-1
708,136,1206.10,231.36,84.55,281.16,0.9245,-1,-1,-1
708,4,1371.33,188.12,130.56,343.60,0.9280,-1,-1,-1
708,135,232.35,251.13,36.76,99.46,0.6368,-1,-1,-1
709,103,1512.00,160.68,160.30,448.36,0.9732,-1,-1,-1
709,117,1267.55,163.24,148.92,427.77,0.9454,-1,-1,-1
709,116,1735.61,-97.93,509.28,1255.17,0.8912,-1,-1,-1
709,131,1115.26,206.78,123.00,368.76,0.9605,-1,-1,-1
709,134,914.65,194.41,101.34,296.90,0.9158,-1,-1,-1
709,136,1215.38,228.66,85.93,284.73,0.9226,-1,-1,-1
709,4,1382.14,181.96,132.70,349.50,0.9372,-1,-1,-1
709,135,241.75,248.82,33.95,91.49,0.7560,-1,-1,-1
710,103,1525.68,159.24,161.54,451.08,0.9510,-1,-1,-1
710,117,1276.70,160.22,153.22,439.78,0.9653,-1,-1,-1
710,116,1748.22,-103.60,507.70,1254.95,0.8806,-1,-1,-1
710,131,1123.93,204.95,125.52,376.11,0.9683,-1,-1,-1
710,134,923.98,192.63,100.86,297.42,0.9386,-1,-1,-1
710,136,1224.77,228.94,86.47,286.02,0.9289,-1,-1,-1
710,4,1392.23,178.28,134.96,355.61,0.9313,-1,-1,-1
710,140,814.57,258.59,32.64,90.38,0.6980,-1,-1,-1
710,150,126.58,246.15,49.59,126.51,0.7947,-1,-1,-1
710,158,864.26,259.92,25.67,77.37,0.6682,-1,-1,-1
711,103,1540.17,162.25,162.29,452.59,0.9702,-1,-1,-1
711,117,1287.58,160.08,155.50,445.44,0.9668,-1,-1,-1
711,116,1757.98,-105.04,510.56,1266.54,0.8519,-1,-1,-1
711,131,1132.98,206.68,126.11,378.38,0.9581,-1,-1,-1
711,134,930.99,193.80,101.38,298.56,0.9391,-1,-1,-1
711,136,1235.47,230.15,87.06,288.20,0.9085,-1,-1,-1
711,4,1403.63,177.22,136.14,359.06,0.9196,-1,-1,-1
711,150,136.88,245.25,51.56,131.24,0.7747,-1,-1,-1
712,103,1553.73,166.11,162.02,450.94,0.9751,-1,-1,-1
712,117,1298.63,158.94,158.15,451.96,0.9639,-1,-1,-1
712,116,1737.49,-135.48,545.04,1344.22,0.7837,-1,-1,-1
712,131,1142.71,206.38,129.28,388.57,0.9591,-1,-1,-1
712,134,935.05,195.07,102.33,299.18,0.9416,-1,-1,-1
712,136,1246.35,232.93,87.31,290.28,0.9194,-1,-1,-1
712,4,1414.39,177.83,137.89,363.78,0.9357,-1,-1,-1
713,103,1570.93,170.75,158.67,440.06,0.9507,-1,-1,-1
713,117,1311.55,158.16,160.86,456.06,0.9595,-1,-1,-1
713,116,1746.77,-203.88,589.56,1468.70,0.6537,-1,-1,-1
713,131,1151.74,209.08,131.11,394.20,0.9474,-1,-1,-1
713,134,940.73,194.86,103.95,300.58,0.9440,-1,-1,-1
713,136,1256.85,233.73,87.71,291.55,0.8999,-1,-1,-1
713,4,1425.40,176.62,140.34,371.19,0.9180,-1,-1,-1
713,146,1733.82,232.33,70.78,214.16,0.7554,-1,-1,-1
713,150,156.69,246.16,53.45,136.45,0.6162,-1,-1,-1
714,103,1584.86,175.20,161.47,447.34,0.9732,-1,-1,-1
714,117,1324.26,157.42,165.27,464.93,0.9561,-1,-1,-1
714,131,1161.14,210.60,131.88,396.22,0.9460,-1,-1,-1
714,134,946.32,196.14,105.33,300.85,0.9488,-1,-1,-1
714,136,1268.67,235.44,88.59,295.82,0.9114,-1,-1,-1
714,4,1438.98,178.11,141.44,374.35,0.9071,-1,-1,-1
714,161,37.25,615.53,52.18,115.90,0.7737,-1,-1,-1
714,140,855.24,263.74,30.15,83.62,0.6777,-1,-1,-1
714,158,913.94,263.30,24.49,72.75,0.6842,-1,-1,-1
715,103,1600.61,178.55,162.55,449.05,0.9751,-1,-1,-1
715,117,1337.30,157.68,169.69,474.31,0.9382,-1,-1,-1
715,131,1171.42,213.71,131.79,395.51,0.9504,-1,-1,-1
715,134,953.31,196.71,107.43,302.24,0.9494,-1,-1,-1
715,136,1281.00,235.83,88.98,299.03,0.8973,-1,-1,-1
715,4,1452.14,175.93,145.14,385.10,0.9185,-1,-1,-1
715,161,52.31,617.66,49.88,110.82,0.7549,-1,-1,-1
715,140,865.47,264.23,30.26,83.63,0.6810,-1,-1,-1
715,158,925.74,263.98,24.91,72.72,0.6323,-1,-1,-1
716,103,1617.64,181.24,162.91,448.72,0.9751,-1,-1,-1
716,117,1351.94,157.13,174.01,481.25,0.9678,-1,-1,-1
716,131,1183.12,215.50,132.91,399.05,0.9640,-1,-1,-1
716,134,961.12,196.78,109.46,303.17,0.9542,-1,-1,-1
716,136,1292.85,235.25,89.81,302.60,0.9211,-1,-1,-1
716,4,1466.53,177.08,146.32,389.09,0.9233,-1,-1,-1
716,161,66.36,616.59,50.46,112.13,0.6124,-1,-1,-1
716,140,874.49,264.12,30.56,84.88,0.6319,-1,-1,-1
716,158,937.29,267.00,28.57,82.23,0.5861,-1,-1,-1
716,150,190.70,247.88,53.19,137.60,0.8102,-1,-1,-1
717,103,1634.62,182.37,163.31,447.83,0.9756,-1,-1,-1
717,117,1364.15,156.92,177.02,486.03,0.9586,-1,-1,-1
717,131,1194.50,216.13,134.48,404.56,0.9742,-1,-1,-1
717,134,967.96,197.24,111.73,303.82,0.9654,-1,-1,-1
717,136,1305.92,234.33,90.50,305.98,0.9284,-1,-1,-1
717,4,1482.34,175.01,147.67,393.98,0.9146,-1,-1,-1
717,161,78.76,614.90,51.92,115.41,0.7177,-1,-1,-1
717,140,884.56,265.44,31.97,89.95,0.8031,-1,-1,-1
717,158,950.41,271.44,27.74,79.38,0.7341,-1,-1,-1
717,150,203.05,247.99,51.18,135.50,0.8366,-1,-1,-1
717,147,924.95,302.26,71.14,79.13,0.7858,-1,-1,-1
718,103,1652.40,179.44,163.45,447.05,0.9539,-1,-1,-1
718,117,1380.09,156.83,179.98,491.51,0.9600,-1,-1,-1
718,131,1205.69,216.14,135.30,408.86,0.9712,-1,-1,-1
718,134,976.65,198.75,113.52,302.80,0.9752,-1,-1,-1
718,136,1319.60,232.95,90.81,308.06,0.9323,-1,-1,-1
718,4,1499.57,174.42,148.47,397.57,0.9348,-1,-1,-1
718,161,90.85,612.44,53.82,119.90,0.7268,-1,-1,-1
718,140,895.36,267.03,31.53,89.32,0.7929,-1,-1,-1
718,158,961.87,266.51,30.73,88.30,0.7689,-1,-1,-1
718,150,214.98,250.24,49.74,134.33,0.8283,-1,-1,-1
719,103,1667.36,180.79,163.88,447.22,0.9756,-1,-1,-1
719,117,1393.47,154.49,185.17,501.76,0.9746,-1,-1,-1
719,131,1214.44,212.05,136.75,415.20,0.9727,-1,-1,-1
719,134,983.34,198.35,116.01,304.15,0.9737,-1,-1,-1
719,136,1331.17,231.19,91.77,311.86,0.9318,-1,-1,-1
719,4,1513.63,174.41,148.96,400.43,0.9361,-1,-1,-1
719,161,101.56,612.06,53.57,119.12,0.8130,-1,-1,-1
719,140,904.02,267.13,32.45,93.06,0.8281,-1,-1,-1
719,158,971.52,271.39,30.64,87.80,0.7322,-1,-1,-1
719,150,225.79,250.18,48.58,133.00,0.8211,-1,-1,-1
719,162,946.93,264.40,29.07,92.48,0.7754,-1,-1,-1
719,163,1081.65,304.02,61.77,94.77,0.7652,-1,-1,-1
719,146,1836.18,237.06,77.90,229.75,0.8492,-1,-1,-1
720,103,1685.14,178.79,162.16,439.83,0.9600,-1,-1,-1
720,117,1407.43,153.09,189.75,509.88,0.9766,-1,-1,-1
720,131,1224.30,210.31,137.51,418.71,0.9683,-1,-1,-1
720,134,990.17,197.01,118.95,306.41,0.9761,-1,-1,-1
720,136,1343.18,229.89,92.88,315.09,0.9304,-1,-1,-1
720,4,1528.28,173.87,150.97,406.66,0.9371,-1,-1,-1
720,161,107.47,611.88,53.93,118.74,0.8295,-1,-1,-1
720,140,913.21,268.51,32.17,92.58,0.7924,-1,-1,-1
720,158,984.09,268.37,29.01,83.45,0.6691,-1,-1,-1
720,150,231.56,252.25,47.71,131.29,0.8091,-1,-1,-1
720,162,960.46,265.92,27.06,86.06,0.7822,-1,-1,-1
720,163,1092.54,304.00,61.26,94.05,0.7452,-1,-1,-1
720,147,956.50,304.47,72.01,79.45,0.7695,-1,-1,-1
721,103,1698.54,169.43,164.96,446.37,0.9527,-1,-1,-1
721,117,1418.74,151.30,194.77,520.69,0.9630,-1,-1,-1
721,131,1230.73,206.30,139.29,425.18,0.9712,-1,-1,-1
721,134,996.81,199.06,121.03,307.24,0.9688,-1,-1,-1
721,136,1353.11,228.29,94.58,321.08,0.9093,-1,-1,-1
721,4,1539.72,171.58,153.48,415.04,0.9236,-1,-1,-1
721,161,112.77,610.84,58.28,127.99,0.8042,-1,-1,-1
721,140,920.66,268.34,31.44,90.92,0.7227,-1,-1,-1
721,158,994.82,268.03,28.00,81.13,0.6982,-1,-1,-1
721,162,970.70,266.36,26.76,85.08,0.7198,-1,-1,-1
722,103,1712.05,171.05,163.18,440.81,0.9576,-1,-1,-1
722,117,1427.67,149.68,199.87,531.53,0.9678,-1,-1,-1
722,131,1238.93,204.35,141.16,431.70,0.9625,-1,-1,-1
722,134,1002.68,200.43,122.83,308.95,0.9615,-1,-1,-1
722,136,1362.86,228.04,94.12,317.02,0.8991,-1,-1,-1
722,4,1549.82,169.75,155.33,421.29,0.9221,-1,-1,-1
722,140,925.91,266.96,33.91,98.54,0.7022,-1,-1,-1
722,150,240.76,256.23,48.86,133.95,0.5861,-1,-1,-1
723,103,1722.72,170.39,165.45,446.78,0.9795,-1,-1,-1
723,117,1437.68,149.18,204.37,537.90,0.9683,-1,-1,-1
723,131,1244.56,204.60,143.26,436.90,0.9756,-1,-1,-1
723,134,1007.09,203.12,123.90,309.01,0.9688,-1,-1,-1
723,136,1367.94,229.81,96.63,324.63,0.9162,-1,-1,-1
723,4,1559.59,168.62,156.51,425.17,0.9313,-1,-1,-1
723,140,928.63,271.02,34.61,101.86,0.7307,-1,-1,-1
723,150,246.79,258.83,49.35,134.99,0.8363,-1,-1,-1
723,161,126.03,613.06,61.65,134.45,0.5716,-1,-1,-1
724,103,1733.34,171.29,165.96,447.79,0.9800,-1,-1,-1
724,117,1446.27,146.40,209.36,545.47,0.9663,-1,-1,-1
724,131,1248.98,204.42,144.59,440.50,0.9654,-1,-1,-1
724,134,1010.19,202.97,125.78,312.10,0.9635,-1,-1,-1
724,136,1373.84,230.19,99.07,331.81,0.9304,-1,-1,-1
724,4,1569.28,168.32,156.11,426.05,0.9280,-1,-1,-1
724,140,931.32,272.31,34.77,103.57,0.7546,-1,-1,-1
724,150,252.02,261.93,49.19,133.25,0.8229,-1,-1,-1
724,161,128.05,616.16,63.64,138.39,0.7772,-1,-1,-1
725,103,1741.96,169.66,166.92,451.19,0.9580,-1,-1,-1
725,117,1453.71,143.08,214.85,555.15,0.9702,-1,-1,-1
725,131,1249.69,199.33,148.43,452.38,0.9688,-1,-1,-1
725,134,1013.38,205.24,126.41,312.79,0.9469,-1,-1,-1
725,136,1376.75,230.27,100.36,335.36,0.9132,-1,-1,-1
725,4,1576.92,167.29,156.46,428.41,0.9164,-1,-1,-1
725,150,256.01,263.61,44.56,118.48,0.7671,-1,-1,-1
725,164,966.28,257.85,45.46,137.36,0.7152,-1,-1,-1
726,103,1748.97,175.19,165.74,448.91,0.9800,-1,-1,-1
726,117,1458.38,139.57,220.86,564.00,0.9732,-1,-1,-1
726,131,1251.87,200.49,151.78,461.04,0.9858,-1,-1,-1
726,134,1014.17,207.48,127.56,315.56,0.9688,-1,-1,-1
726,136,1382.55,233.02,102.44,340.45,0.9251,-1,-1,-1
726,4,1580.90,160.31,160.31,439.62,0.9298,-1,-1,-1
726,150,257.19,270.62,47.49,125.74,0.7993,-1,-1,-1
726,163,1125.60,317.83,60.09,91.84,0.7914,-1,-1,-1
726,147,990.27,317.08,71.27,78.53,0.6700,-1,-1,-1
726,140,935.40,277.71,34.89,104.82,0.7443,-1,-1,-1
727,103,1755.01,181.05,164.80,446.25,0.9766,-1,-1,-1
727,117,1464.02,137.40,225.36,569.90,0.9727,-1,-1,-1
727,131,1251.59,201.60,154.73,470.01,0.9824,-1,-1,-1
727,134,1014.60,207.60,128.07,317.12,0.9527,-1,-1,-1
727,136,1383.77,235.16,103.26,343.38,0.9084,-1,-1,-1
727,4,1585.94,160.98,161.21,443.32,0.9210,-1,-1,-1
727,150,255.34,273.55,45.01,119.28,0.7101,-1,-1,-1
727,164,970.40,265.05,45.14,136.46,0.8233,-1,-1,-1
728,103,1760.22,184.80,164.01,443.79,0.9629,-1,-1,-1
728,117,1472.72,134.30,229.87,576.30,0.9737,-1,-1,-1
728,131,1255.51,201.32,156.35,475.03,0.9742,-1,-1,-1
728,134,1015.77,206.70,128.20,318.11,0.9488,-1,-1,-1
728,136,1386.83,236.54,103.82,344.60,0.9065,-1,-1,-1
728,4,1592.63,160.28,162.73,448.52,0.9396,-1,-1,-1
728,150,254.88,275.83,41.09,108.76,0.7180,-1,-1,-1
728,164,973.46,264.62,44.68,134.90,0.8367,-1,-1,-1
729,103,1767.95,186.09,162.71,440.30,0.9541,-1,-1,-1
729,117,1477.49,129.74,233.96,583.44,0.9737,-1,-1,-1
729,131,1256.92,203.08,158.79,482.34,0.9756,-1,-1,-1
729,134,1017.40,204.53,128.95,320.21,0.9542,-1,-1,-1
729,136,1390.82,236.17,103.87,346.04,0.9150,-1,-1,-1
729,4,1600.17,156.54,163.93,452.32,0.9600,-1,-1,-1
729,150,252.03,275.28,44.32,118.46,0.8231,-1,-1,-1
729,164,973.93,263.62,44.76,134.79,0.7825,-1,-1,-1
729,135,346.34,273.64,40.53,111.22,0.6245,-1,-1,-1
730,103,1773.86,184.85,161.17,438.11,0.9497,-1,-1,-1
730,117,1479.53,125.78,240.03,593.72,0.9795,-1,-1,-1
730,131,1260.00,205.04,161.67,489.34,0.9790,-1,-1,-1
730,134,1018.57,204.96,129.97,323.29,0.9581,-1,-1,-1
730,136,1393.55,235.45,104.89,351.34,0.9371,-1,-1,-1
730,4,1604.90,154.58,165.66,456.58,0.9257,-1,-1,-1
730,150,252.11,278.81,41.90,112.16,0.8093,-1,-1,-1
730,164,981.01,299.64,35.55,100.42,0.5996,-1,-1,-1
730,163,1133.05,317.31,62.31,94.84,0.7308,-1,-1,-1
730,140,937.83,279.92,34.34,105.24,0.7219,-1,-1,-1
731,103,1776.89,190.28,159.95,437.32,0.9454,-1,-1,-1
731,117,1483.57,126.30,247.41,604.87,0.9761,-1,-1,-1
731,131,1262.84,209.31,163.93,496.65,0.9810,-1,-1,-1
731,134,1018.87,208.18,130.58,325.07,0.9552,-1,-1,-1
731,136,1396.74,239.42,105.86,354.79,0.9440,-1,-1,-1
731,4,1612.54,158.79,168.16,464.64,0.9556,-1,-1,-1
731,150,250.75,285.50,39.77,105.46,0.7798,-1,-1,-1
731,164,974.37,279.79,42.59,121.31,0.6738,-1,-1,-1
731,140,939.68,284.24,33.21,102.52,0.6910,-1,-1,-1
732,103,1776.86,187.77,159.79,440.31,0.9460,-1,-1,-1
732,117,1484.21,123.85,255.27,621.50,0.9815,-1,-1,-1
732,131,1263.85,211.53,166.29,504.84,0.9839,-1,-1,-1
732,134,1019.51,211.64,129.76,325.47,0.9522,-1,-1,-1
732,136,1398.76,240.21,106.30,357.54,0.9295,-1,-1,-1
732,4,1615.18,158.97,171.14,473.39,0.9649,-1,-1,-1
732,150,247.07,290.62,40.90,108.43,0.7069,-1,-1,-1
732,164,972.15,276.66,44.10,127.31,0.6272,-1,-1,-1
732,140,937.76,285.50,33.50,104.53,0.7295,-1,-1,-1
732,163,1129.30,324.56,62.38,92.91,0.6897,-1,-1,-1
733,103,1779.90,185.96,157.55,437.44,0.9707,-1,-1,-1
733,117,1487.90,121.43,264.01,638.99,0.9751,-1,-1,-1
733,131,1267.22,211.16,168.01,512.93,0.9815,-1,-1,-1
733,134,1020.47,213.23,129.50,327.67,0.9552,-1,-1,-1
733,136,1401.00,237.64,107.58,362.77,0.9275,-1,-1,-1
733,4,1620.32,159.98,171.39,472.53,0.9649,-1,-1,-1
733,150,242.43,296.81,43.44,116.25,0.7834,-1,-1,-1
733,164,971.35,275.49,45.10,131.60,0.7387,-1,-1,-1
733,140,937.96,288.67,32.22,101.93,0.7634,-1,-1,-1
733,166,1173.01,327.51,77.76,96.52,0.6661,-1,-1,-1
733,163,1132.26,325.73,63.55,94.27,0.7407,-1,-1,-1
734,103,1782.50,184.99,155.22,433.58,0.9688,-1,-1,-1
734,117,1498.03,122.25,270.42,646.91,0.9664,-1,-1,-1
734,131,1270.71,211.05,168.36,518.13,0.9746,-1,-1,-1
734,134,1018.04,215.61,129.65,328.01,0.9527,-1,-1,-1
734,136,1404.85,237.36,107.12,361.58,0.9216,-1,-1,-1
734,4,1625.13,162.12,172.54,475.50,0.9605,-1,-1,-1
734,150,241.02,302.10,42.42,113.45,0.8014,-1,-1,-1
734,164,972.16,276.15,45.13,132.45,0.7301,-1,-1,-1
734,140,937.27,290.11,33.38,106.78,0.7104,-1,-1,-1
735,103,1782.26,182.37,153.68,430.71,0.9673,-1,-1,-1
735,117,1498.14,124.98,275.82,657.94,0.9712,-1,-1,-1
735,131,1270.16,209.43,170.12,526.05,0.9732,-1,-1,-1
735,134,1016.02,218.95,129.57,328.08,0.9353,-1,-1,-1
735,136,1406.24,236.86,106.17,357.33,0.9348,-1,-1,-1
735,4,1630.27,160.24,172.14,474.70,0.9586,-1,-1,-1
735,150,237.06,308.02,42.66,113.59,0.8001,-1,-1,-1
735,164,974.19,280.34,44.80,132.18,0.6460,-1,-1,-1
735,140,932.77,293.57,36.50,116.90,0.7472,-1,-1,-1
736,103,1784.25,181.54,153.04,431.13,0.9580,-1,-1,-1
736,117,1500.94,124.45,279.70,666.14,0.9800,-1,-1,-1
736,131,1271.57,206.59,173.34,537.09,0.9741,-1,-1,-1
736,134,1012.93,221.94,130.42,329.38,0.9304,-1,-1,-1
736,136,1410.13,236.23,106.72,359.70,0.9354,-1,-1,-1
736,4,1628.53,160.31,178.04,489.15,0.9532,-1,-1,-1
736,150,232.94,313.04,43.07,114.21,0.8306,-1,-1,-1
736,164,974.59,283.19,44.32,132.04,0.6865,-1,-1,-1
736,140,935.00,299.21,32.17,103.50,0.6295,-1,-1,-1
737,103,1788.30,178.61,151.88,431.34,0.9369,-1,-1,-1
737,117,1502.08,120.54,286.45,682.65,0.9736,-1,-1,-1
737,131,1274.65,203.29,175.58,544.07,0.9698,-1,-1,-1
737,134,1009.17,223.79,132.02,331.61,0.9323,-1,-1,-1
737,136,1412.90,235.08,108.24,365.06,0.9325,-1,-1,-1
737,4,1632.48,158.36,181.85,499.42,0.9532,-1,-1,-1
737,150,232.53,317.94,43.03,112.34,0.8361,-1,-1,-1
737,140,934.07,302.68,32.88,106.09,0.6207,-1,-1,-1
737,168,65.11,325.32,37.28,106.75,0.7907,-1,-1,-1
738,103,1793.47,179.17,149.36,429.22,0.9207,-1,-1,-1
738,117,1507.14,117.84,291.78,694.82,0.9746,-1,-1,-1
738,131,1280.69,200.59,178.66,552.76,0.9722,-1,-1,-1
738,134,1008.60,226.80,133.08,334.18,0.9142,-1,-1,-1
738,136,1414.53,235.43,111.22,375.74,0.9274,-1,-1,-1
738,4,1640.00,155.30,179.92,493.14,0.9455,-1,-1,-1
738,150,233.27,324.39,42.24,108.39,0.8296,-1,-1,-1
738,140,936.59,307.80,30.49,97.65,0.6099,-1,-1,-1
738,168,69.50,332.05,37.99,108.76,0.7846,-1,-1,-1
738,164,980.70,288.88,46.78,138.18,0.7689,-1,-1,-1
739,103,1797.85,180.93,148.93,433.27,0.9100,-1,-1,-1
739,117,1512.05,113.86,296.50,705.95,0.9810,-1,-1,-1
739,131,1283.95,198.63,181.91,561.46,0.9780,-1,-1,-1
739,134,1007.87,229.80,133.77,336.32,0.9285,-1,-1,-1
739,136,1420.38,237.60,112.45,380.60,0.9383,-1,-1,-1
739,4,1648.02,150.97,184.71,503.84,0.9581,-1,-1,-1
739,150,230.31,330.11,45.49,116.36,0.8353,-1,-1,-1
739,140,936.78,312.69,31.22,100.22,0.6126,-1,-1,-1
739,168,71.64,338.17,38.00,108.91,0.6444,-1,-1,-1
739,164,983.39,293.21,47.53,139.30,0.7636,-1,-1,-1
740,103,1801.89,184.83,147.45,436.27,0.8981,-1,-1,-1
740,117,1517.45,108.28,301.51,718.43,0.9727,-1,-1,-1
740,131,1286.52,196.90,184.84,568.72,0.9727,-1,-1,-1
740,134,1007.96,233.35,133.40,336.31,0.9118,-1,-1,-1
740,136,1426.10,242.81,112.94,384.00,0.9313,-1,-1,-1
740,4,1654.40,147.88,190.20,518.94,0.9580,-1,-1,-1
740,150,227.92,337.83,46.71,120.18,0.7886,-1,-1,-1
740,140,936.73,317.14,32.67,105.26,0.6265,-1,-1,-1
740,168,76.04,346.03,36.51,104.85,0.6439,-1,-1,-1
740,164,984.36,298.36,49.59,144.69,0.7855,-1,-1,-1
741,103,1810.52,193.24,142.97,431.19,0.8880,-1,-1,-1
741,117,1523.75,106.19,306.74,731.42,0.9727,-1,-1,-1
741,131,1289.76,199.36,188.73,579.71,0.9673,-1,-1,-1
741,134,1006.07,238.77,133.79,337.68,0.9266,-1,-1,-1
741,136,1430.25,248.05,114.29,390.02,0.9179,-1,-1,-1
741,4,1663.86,144.37,197.07,536.80,0.9426,-1,-1,-1
741,150,225.75,346.19,48.35,126.05,0.7529,-1,-1,-1
741,168,81.94,354.34,34.76,100.00,0.5957,-1,-1,-1
741,164,985.37,304.70,51.90,151.95,0.7867,-1,-1,-1
742,103,1815.80,197.62,139.07,428.37,0.7516,-1,-1,-1
742,117,1524.50,100.49,318.89,757.26,0.9434,-1,-1,-1
742,131,1289.91,200.91,194.41,594.08,0.9736,-1,-1,-1
742,134,1006.52,241.64,135.06,342.15,0.9139,-1,-1,-1
742,136,1433.92,249.96,115.79,397.15,0.9060,-1,-1,-1
742,4,1676.49,140.39,200.83,547.54,0.9195,-1,-1,-1
742,164,989.17,309.64,43.14,124.81,0.6331,-1,-1,-1
742,140,938.94,325.63,31.28,100.13,0.7391,-1,-1,-1
743,103,1818.41,201.74,138.98,434.06,0.5717,-1,-1,-1
743,117,1539.97,90.55,330.41,785.78,0.9615,-1,-1,-1
743,131,1290.20,204.30,198.31,607.56,0.9678,-1,-1,-1
743,134,1011.08,245.74,134.67,343.57,0.8935,-1,-1,-1
743,136,1441.45,252.22,115.09,398.11,0.8956,-1,-1,-1
743,4,1677.96,136.69,204.66,567.72,0.8776,-1,-1,-1
744,117,1538.23,94.86,345.92,812.75,0.9498,-1,-1,-1
744,131,1298.99,212.69,204.09,626.56,0.9663,-1,-1,-1
744,134,1007.96,252.36,136.74,346.48,0.9273,-1,-1,-1
744,136,1448.34,261.68,115.74,404.27,0.8576,-1,-1,-1
744,4,1692.55,139.31,206.47,580.38,0.8638,-1,-1,-1
744,140,948.95,338.68,26.05,81.17,0.7403,-1,-1,-1
745,117,1556.55,93.43,346.33,806.46,0.9624,-1,-1,-1
745,131,1312.08,217.35,207.10,633.87,0.9741,-1,-1,-1
745,134,1013.93,255.35,137.68,347.75,0.9342,-1,-1,-1
745,136,1453.81,260.70,118.23,414.07,0.8963,-1,-1,-1
745,4,1703.48,142.22,210.06,594.59,0.9071,-1,-1,-1
745,140,951.62,338.45,29.25,90.99,0.7557,-1,-1,-1
746,117,1574.23,87.42,354.76,826.72,0.9576,-1,-1,-1
746,131,1321.31,218.55,213.11,649.99,0.9727,-1,-1,-1
746,134,1020.32,256.13,138.98,348.83,0.9275,-1,-1,-1
746,136,1463.91,259.19,120.34,423.28,0.8969,-1,-1,-1
746,4,1718.00,138.16,209.78,601.45,0.8621,-1,-1,-1
746,140,958.12,337.24,29.57,91.49,0.7247,-1,-1,-1
746,150,239.56,368.59,40.22,104.93,0.6854,-1,-1,-1
746,168,119.99,376.80,38.86,110.68,0.7450,-1,-1,-1
747,117,1589.13,87.27,361.61,850.42,0.9659,-1,-1,-1
747,131,1326.01,219.88,219.40,669.95,0.9785,-1,-1,-1
747,134,1029.97,256.70,138.83,349.40,0.9440,-1,-1,-1
747,136,1476.02,257.28,121.44,428.10,0.9207,-1,-1,-1
747,4,1734.62,137.22,209.19,609.88,0.8002,-1,-1,-1
747,140,967.06,338.83,27.89,86.33,0.7733,-1,-1,-1
747,150,245.18,369.95,40.32,106.72,0.7424,-1,-1,-1
747,168,133.33,379.14,38.39,108.05,0.7785,-1,-1,-1
748,117,1607.88,84.60,365.13,867.66,0.9586,-1,-1,-1
748,131,1335.81,219.82,223.85,684.55,0.9815,-1,-1,-1
748,134,1038.11,257.47,139.98,353.76,0.9483,-1,-1,-1
748,136,1489.43,257.98,122.58,431.42,0.9338,-1,-1,-1
748,4,1752.69,139.51,216.22,644.81,0.6995,-1,-1,-1
748,140,974.84,339.52,29.36,91.04,0.8316,-1,-1,-1
748,150,254.15,370.94,40.29,106.66,0.7185,-1,-1,-1
748,168,147.60,380.18,40.27,112.43,0.7681,-1,-1,-1
748,169,824.05,349.45,39.14,99.22,0.8325,-1,-1,-1
748,163,1191.40,367.28,65.70,97.82,0.7156,-1,-1,-1
748,164,1029.81,367.78,33.38,86.75,0.6310,-1,-1,-1
749,117,1623.90,86.91,369.62,888.66,0.9431,-1,-1,-1
749,131,1347.81,219.23,229.74,700.95,0.9819,-1,-1,-1
749,134,1045.40,259.27,139.67,353.37,0.9388,-1,-1,-1
749,136,1501.49,258.03,125.11,439.88,0.9362,-1,-1,-1
749,140,982.21,341.36,29.63,91.92,0.8087,-1,-1,-1
749,150,261.66,372.34,38.67,102.61,0.7279,-1,-1,-1
749,168,160.85,381.16,40.20,110.94,0.7981,-1,-1,-1
749,169,834.96,351.04,38.86,98.70,0.8358,-1,-1,-1
749,170,130.26,373.95,38.97,122.99,0.8137,-1,-1,-1
749,164,1020.33,372.45,39.26,87.92,0.8506,-1,-1,-1
750,117,1646.35,86.25,371.24,903.08,0.9173,-1,-1,-1
750,131,1357.65,216.23,236.02,715.42,0.9829,-1,-1,-1
750,134,1052.21,260.91,139.34,352.48,0.9499,-1,-1,-1
750,136,1512.81,256.56,126.72,445.48,0.9381,-1,-1,-1
750,140,989.73,343.87,29.23,90.93,0.8171,-1,-1,-1
750,150,266.15,373.98,39.82,107.60,0.7560,-1,-1,-1
750,168,170.86,383.24,40.04,110.28,0.7945,-1,-1,-1
750,169,843.72,352.56,39.28,100.11,0.8361,-1,-1,-1
750,170,141.59,376.32,39.27,123.92,0.8107,-1,-1,-1
750,164,1022.78,375.37,43.78,88.38,0.7373,-1,-1,-1
750,163,1197.78,370.26,71.67,101.63,0.7245,-1,-1,-1
751,117,1677.15,87.03,364.85,887.90,0.9253,-1,-1,-1
751,131,1360.86,208.65,239.91,729.58,0.9834,-1,-1,-1
751,134,1059.19,260.97,139.10,352.53,0.9615,-1,-1,-1
751,136,1522.58,254.20,129.48,454.36,0.9298,-1,-1,-1
751,140,995.86,344.03,29.29,91.00,0.8117,-1,-1,-1
751,150,268.54,372.09,42.71,117.41,0.8080,-1,-1,-1
751,168,179.74,381.54,39.79,109.99,0.8318,-1,-1,-1
751,169,852.09,353.74,37.61,96.03,0.7969,-1,-1,-1
751,170,152.71,375.87,39.26,123.71,0.8457,-1,-1,-1
751,164,1027.78,375.33,47.21,87.72,0.8320,-1,-1,-1
751,163,1201.56,371.38,72.85,99.69,0.8395,-1,-1,-1
752,117,1702.17,70.97,373.23,905.97,0.9263,-1,-1,-1
752,131,1370.21,201.60,245.27,745.99,0.9732,-1,-1,-1
752,134,1063.35,261.84,140.45,354.94,0.9528,-1,-1,-1
752,136,1531.97,252.15,132.03,463.40,0.9299,-1,-1,-1
752,140,1001.08,342.92,30.69,95.96,0.8236,-1,-1,-1
752,150,272.35,370.57,42.97,120.23,0.7838,-1,-1,-1
752,168,187.30,380.30,39.67,109.84,0.8226,-1,-1,-1
752,169,858.79,354.03,37.78,97.14,0.7853,-1,-1,-1
752,170,161.97,375.80,38.29,120.58,0.8466,-1,-1,-1
752,164,1032.22,376.94,49.80,86.66,0.7872,-1,-1,-1
752,163,1207.63,372.43,75.59,100.32,0.8014,-1,-1,-1
752,173,1296.82,339.86,26.71,81.54,0.6573,-1,-1,-1
752,166,1257.06,372.95,81.92,103.26,0.6496,-1,-1,-1
753,117,1719.27,59.21,381.00,924.49,0.9231,-1,-1,-1
753,131,1382.68,196.03,249.82,757.61,0.9702,-1,-1,-1
753,134,1067.52,262.03,142.43,357.69,0.9450,-1,-1,-1
753,136,1540.07,250.66,133.72,466.70,0.9489,-1,-1,-1
753,140,1005.93,343.17,31.23,97.79,0.8319,-1,-1,-1
753,150,278.26,371.14,41.53,117.39,0.7437,-1,-1,-1
753,168,195.14,379.03,40.68,113.32,0.8382,-1,-1,-1
753,169,866.17,353.36,37.46,97.06,0.7680,-1,-1,-1
753,170,171.09,374.77,39.52,124.50,0.8507,-1,-1,-1
753,173,1304.43,341.76,26.09,79.59,0.7169,-1,-1,-1
754,117,1735.26,64.61,378.26,921.82,0.8821,-1,-1,-1
754,131,1394.84,188.52,255.75,770.19,0.9746,-1,-1,-1
754,134,1072.47,261.11,145.12,362.68,0.9523,-1,-1,-1
754,136,1548.31,249.49,135.93,472.80,0.9474,-1,-1,-1
754,140,1010.85,342.52,32.14,100.69,0.8269,-1,-1,-1
754,150,281.63,370.08,42.86,122.48,0.6984,-1,-1,-1
754,168,204.44,378.40,39.72,111.53,0.8088,-1,-1,-1
754,169,872.95,353.55,36.91,96.58,0.7895,-1,-1,-1
754,170,181.34,373.58,39.73,125.34,0.8431,-1,-1,-1
754,173,1311.29,342.69,26.33,80.37,0.8331,-1,-1,-1
754,163,1220.91,375.61,74.52,97.93,0.7952,-1,-1,-1
755,117,1758.04,60.56,383.46,936.72,0.8990,-1,-1,-1
755,131,1403.13,181.80,264.16,791.65,0.9732,-1,-1,-1
755,134,1077.04,259.25,147.07,367.72,0.9489,-1,-1,-1
755,136,1559.40,250.27,137.88,480.76,0.9435,-1,-1,-1
755,140,1017.44,342.83,31.86,100.47,0.8202,-1,-1,-1
755,150,285.89,369.12,40.79,118.67,0.7057,-1,-1,-1
755,168,212.47,376.72,38.83,110.33,0.8006,-1,-1,-1
755,169,879.99,353.30,36.48,96.42,0.7766,-1,-1,-1
755,170,190.29,372.11,38.88,122.84,0.8126,-1,-1,-1
755,173,1317.06,342.37,27.22,83.17,0.7369,-1,-1,-1
755,163,1225.57,375.10,77.41,100.11,0.7395,-1,-1,-1
756,117,1777.45,52.50,379.93,936.98,0.8950,-1,-1,-1
756,131,1411.97,176.85,276.16,823.89,0.9780,-1,-1,-1
756,134,1082.39,259.21,148.27,369.58,0.9552,-1,-1,-1
756,136,1570.85,248.28,140.84,493.59,0.9373,-1,-1,-1
756,140,1023.24,343.87,31.15,98.58,0.8208,-1,-1,-1
756,150,289.47,369.05,38.73,113.53,0.7772,-1,-1,-1
756,168,221.99,376.17,38.31,109.85,0.8312,-1,-1,-1
756,169,886.83,354.37,35.68,95.46,0.8425,-1,-1,-1
756,170,198.81,372.08,37.85,120.04,0.8122,-1,-1,-1
756,173,1322.75,343.40,27.00,82.67,0.7935,-1,-1,-1
756,163,1232.91,374.70,78.44,99.97,0.8586,-1,-1,-1
756,177,1386.21,342.29,32.89,110.97,0.7126,-1,-1,-1
756,164,1054.85,378.74,55.38,90.51,0.7180,-1,-1,-1
757,117,1794.14,15.02,406.45,1011.55,0.7047,-1,-1,-1
757,131,1419.63,170.71,290.87,868.41,0.9746,-1,-1,-1
757,134,1085.69,260.60,149.33,370.21,0.9518,-1,-1,-1
757,136,1578.47,248.71,143.71,504.12,0.9513,-1,-1,-1
757,140,1027.76,344.37,32.88,104.51,0.8267,-1,-1,-1
757,150,293.94,369.74,37.11,109.32,0.6879,-1,-1,-1
757,168,230.49,376.05,37.33,108.31,0.7873,-1,-1,-1
757,169,893.17,355.10,35.28,95.58,0.7422,-1,-1,-1
757,170,206.19,370.73,37.39,119.03,0.8297,-1,-1,-1
757,173,1329.39,344.93,26.36,80.79,0.7070,-1,-1,-1
757,163,1237.94,376.57,79.16,100.37,0.8925,-1,-1,-1
757,178,1194.78,371.52,51.25,107.33,0.7504,-1,-1,-1
757,179,859.82,357.89,29.14,86.13,0.7678,-1,-1,-1
757,180,1345.93,347.83,24.61,76.41,0.5839,-1,-1,-1
757,166,1299.69,378.27,80.28,102.07,0.6031,-1,-1,-1
758,131,1427.81,167.86,294.60,879.22,0.9766,-1,-1,-1
758,134,1086.89,257.94,152.02,375.90,0.9341,-1,-1,-1
758,136,1589.32,248.62,144.44,507.98,0.9427,-1,-1,-1
758,140,1031.77,345.11,31.24,98.44,0.7905,-1,-1,-1
758,150,298.35,369.63,34.87,102.32,0.5911,-1,-1,-1
758,168,237.88,375.41,34.93,101.89,0.7906,-1,-1,-1
758,169,898.23,355.05,34.72,95.19,0.6348,-1,-1,-1
758,170,212.21,369.42,37.08,117.31,0.7912,-1,-1,-1
758,173,1333.45,345.19,26.77,81.74,0.6851,-1,-1,-1
758,163,1242.28,376.30,81.09,102.30,0.9007,-1,-1,-1
758,178,1200.15,371.39,48.00,100.10,0.7191,-1,-1,-1
758,166,1302.10,378.94,77.23,100.06,0.6201,-1,-1,-1
759,131,1438.34,171.65,296.44,885.59,0.9742,-1,-1,-1
759,134,1093.97,260.56,150.76,374.58,0.9077,-1,-1,-1
759,136,1596.32,250.75,147.38,516.01,0.9485,-1,-1,-1
759,140,1035.11,347.39,29.82,92.76,0.7535,-1,-1,-1
759,150,298.45,369.86,35.61,104.40,0.5708,-1,-1,-1
759,168,246.14,376.87,31.71,92.11,0.7315,-1,-1,-1
759,170,219.70,369.70,35.66,111.67,0.7889,-1,-1,-1
759,173,1338.35,345.24,29.61,89.56,0.6750,-1,-1,-1
759,163,1245.40,377.69,80.99,101.69,0.6588,-1,-1,-1
760,131,1448.44,169.68,309.91,928.85,0.9805,-1,-1,-1
760,134,1095.37,261.09,151.10,378.29,0.9084,-1,-1,-1
760,136,1604.66,252.94,149.95,523.58,0.9151,-1,-1,-1
760,140,1037.55,349.88,29.60,91.55,0.7169,-1,-1,-1
760,168,251.50,378.08,32.45,94.68,0.6311,-1,-1,-1
760,170,224.98,369.77,36.68,113.80,0.7447,-1,-1,-1
761,131,1459.62,167.01,316.11,951.11,0.9790,-1,-1,-1
761,134,1093.95,260.29,150.44,378.08,0.9309,-1,-1,-1
761,140,1037.91,349.07,29.50,90.22,0.5968,-1,-1,-1
762,131,1470.47,168.25,318.82,961.40,0.9751,-1,-1,-1
762,134,1087.39,260.37,153.67,387.23,0.9267,-1,-1,-1
762,140,1035.60,354.52,28.87,87.94,0.7522,-1,-1,-1
762,179,870.93,365.17,31.95,94.35,0.5732,-1,-1,-1
762,180,1355.53,356.69,26.30,80.91,0.6469,-1,-1,-1
762,178,1209.86,380.08,47.90,99.14,0.7138,-1,-1,-1
762,173,1339.70,353.07,26.62,80.21,0.6270,-1,-1,-1
762,163,1249.83,384.85,80.15,100.20,0.7882,-1,-1,-1
762,136,1618.03,262.76,155.13,535.86,0.7979,-1,-1,-1
762,170,227.60,373.66,35.14,107.95,0.5958,-1,-1,-1
763,131,1478.05,169.69,322.62,975.61,0.9795,-1,-1,-1
763,134,1079.17,263.62,153.31,387.11,0.9218,-1,-1,-1
763,140,1032.64,357.82,28.45,85.75,0.7449,-1,-1,-1
763,179,869.76,367.28,30.43,89.28,0.5993,-1,-1,-1
763,180,1350.87,358.00,28.09,85.96,0.6513,-1,-1,-1
763,178,1213.20,381.23,50.48,103.19,0.7383,-1,-1,-1
763,173,1334.68,355.80,27.51,82.40,0.7204,-1,-1,-1
763,163,1248.23,386.92,80.53,100.87,0.8171,-1,-1,-1
763,169,908.83,366.93,32.74,90.80,0.6919,-1,-1,-1
763,166,1302.26,387.19,80.63,104.83,0.6265,-1,-1,-1
764,131,1491.96,160.87,334.81,1007.29,0.9688,-1,-1,-1
764,134,1078.42,261.37,152.94,390.26,0.8740,-1,-1,-1
764,140,1029.25,354.92,27.43,81.79,0.8019,-1,-1,-1
764,179,867.17,365.48,29.42,85.53,0.7162,-1,-1,-1
764,178,1204.16,379.53,49.69,99.96,0.7039,-1,-1,-1
764,173,1330.64,353.86,27.22,80.76,0.5971,-1,-1,-1
764,163,1244.13,384.55,81.47,101.99,0.8097,-1,-1,-1
764,169,907.28,364.47,32.29,90.44,0.6971,-1,-1,-1
765,131,1482.99,151.02,342.52,1027.90,0.9790,-1,-1,-1
765,134,1049.72,257.74,155.81,394.58,0.9483,-1,-1,-1
765,140,1011.44,354.63,26.57,78.53,0.6810,-1,-1,-1
765,178,1184.95,378.66,50.73,100.05,0.6889,-1,-1,-1
765,163,1227.36,382.77,83.04,104.19,0.5785,-1,-1,-1
766,131,1480.06,139.92,354.36,1057.45,0.9756,-1,-1,-1
766,134,1031.11,259.35,156.67,394.82,0.9267,-1,-1,-1
766,140,996.09,354.88,27.73,81.58,0.7900,-1,-1,-1
766,178,1170.87,378.42,50.69,98.25,0.7129,-1,-1,-1
766,163,1213.11,382.14,84.40,105.90,0.7326,-1,-1,-1
766,179,835.31,364.93,29.91,85.64,0.7107,-1,-1,-1
766,173,1298.31,353.32,26.36,77.03,0.7538,-1,-1,-1
767,131,1481.38,123.56,370.39,1098.24,0.9746,-1,-1,-1
767,134,1033.57,261.09,153.20,394.36,0.8812,-1,-1,-1
767,140,985.26,355.36,28.48,83.57,0.8122,-1,-1,-1
767,178,1157.99,379.90,50.56,95.74,0.7915,-1,-1,-1
767,163,1203.80,384.77,83.16,104.34,0.8795,-1,-1,-1
767,182,-150.49,465.08,585.01,1353.10,0.6808,-1,-1,-1
767,179,824.61,365.84,29.71,84.32,0.6430,-1,-1,-1
767,173,1288.05,353.88,28.00,81.54,0.7490,-1,-1,-1
767,180,1303.35,358.40,27.17,82.28,0.5706,-1,-1,-1
768,131,1482.47,106.98,381.70,1119.38,0.9761,-1,-1,-1
768,134,1018.97,260.95,153.28,395.42,0.9164,-1,-1,-1
768,140,973.21,354.94,28.16,82.57,0.7596,-1,-1,-1
768,163,1191.80,382.51,83.90,105.94,0.7116,-1,-1,-1
768,179,813.10,364.90,29.96,84.77,0.7198,-1,-1,-1
768,173,1275.72,353.72,26.30,75.53,0.7122,-1,-1,-1
768,169,865.17,362.67,30.49,86.80,0.6687,-1,-1,-1
769,131,1487.85,106.39,389.19,1125.39,0.9722,-1,-1,-1
769,134,1005.85,262.50,152.08,393.87,0.8913,-1,-1,-1
769,140,961.28,355.37,28.06,81.77,0.8049,-1,-1,-1
769,163,1182.21,383.99,82.22,103.44,0.8470,-1,-1,-1
769,179,800.77,364.95,31.13,86.74,0.7753,-1,-1,-1
769,173,1262.97,353.76,27.15,77.73,0.6326,-1,-1,-1
769,169,855.89,362.09,29.70,85.00,0.6083,-1,-1,-1
769,166,1237.27,390.98,74.08,96.51,0.7252,-1,-1,-1
769,178,1131.43,378.94,52.97,97.91,0.7681,-1,-1,-1
769,180,1278.08,356.09,28.80,86.59,0.5948,-1,-1,-1
770,131,1490.95,91.40,410.50,1173.15,0.9664,-1,-1,-1
770,134,1000.20,259.69,151.02,395.09,0.9337,-1,-1,-1
770,140,953.29,355.54,29.31,84.65,0.8233,-1,-1,-1
770,163,1175.42,385.01,84.10,105.60,0.9153,-1,-1,-1
770,179,795.20,366.13,31.18,86.14,0.7825,-1,-1,-1
770,173,1258.25,354.67,27.10,78.50,0.6371,-1,-1,-1
770,169,853.30,364.66,29.74,86.24,0.5795,-1,-1,-1
770,166,1233.82,391.99,76.17,99.69,0.7991,-1,-1,-1
770,178,1122.02,380.08,54.86,97.53,0.8301,-1,-1,-1
770,180,1274.42,357.96,26.98,81.25,0.7313,-1,-1,-1
771,131,1491.47,84.05,427.26,1210.83,0.9621,-1,-1,-1
771,134,992.03,255.81,151.66,400.04,0.9217,-1,-1,-1
771,140,946.29,355.34,29.39,84.39,0.8046,-1,-1,-1
771,163,1170.19,385.37,84.31,105.95,0.8246,-1,-1,-1
771,179,789.84,365.85,30.23,82.76,0.7482,-1,-1,-1
771,169,846.59,363.55,30.87,90.73,0.7304,-1,-1,-1
771,178,1117.02,379.59,55.56,96.03,0.8253,-1,-1,-1
771,180,1268.00,357.06,27.06,81.04,0.7020,-1,-1,-1
771,183,1407.77,353.70,24.86,68.98,0.7075,-1,-1,-1
771,184,1490.34,353.77,26.59,69.12,0.6977,-1,-1,-1
771,164,979.32,339.60,83.44,139.51,0.8030,-1,-1,-1
772,131,1491.50,66.64,457.86,1291.83,0.9451,-1,-1,-1
772,134,987.53,256.86,150.39,402.08,0.9187,-1,-1,-1
772,140,938.73,355.34,29.53,84.75,0.8552,-1,-1,-1
772,163,1165.33,385.75,83.11,103.85,0.9061,-1,-1,-1
772,179,782.32,365.86,31.00,84.20,0.8173,-1,-1,-1
772,169,839.82,362.79,31.60,93.72,0.8079,-1,-1,-1
772,178,1108.00,379.45,56.79,95.02,0.8473,-1,-1,-1
772,180,1262.04,356.73,26.26,78.72,0.7975,-1,-1,-1
772,183,1400.47,353.27,23.87,66.21,0.7252,-1,-1,-1
772,184,1483.03,352.99,26.13,67.87,0.7856,-1,-1,-1
772,185,1121.14,348.77,28.42,71.14,0.7633,-1,-1,-1
772,164,971.66,335.68,85.26,142.69,0.7015,-1,-1,-1
772,173,1244.39,354.24,26.14,76.75,0.7308,-1,-1,-1
772,166,1220.83,394.76,73.98,95.56,0.6752,-1,-1,-1
773,131,1501.33,49.11,480.69,1349.26,0.9160,-1,-1,-1
773,134,982.41,257.14,149.31,402.79,0.9456,-1,-1,-1
773,140,933.51,355.86,29.45,84.44,0.8249,-1,-1,-1
773,163,1161.28,386.15,82.14,102.14,0.9050,-1,-1,-1
773,179,776.57,366.62,32.23,86.52,0.8072,-1,-1,-1
773,169,835.79,364.14,31.61,94.43,0.8235,-1,-1,-1
773,178,1104.34,379.91,58.29,95.54,0.8474,-1,-1,-1
773,180,1257.84,356.85,25.82,76.95,0.6920,-1,-1,-1
773,183,1396.26,353.62,23.40,64.81,0.6914,-1,-1,-1
773,184,1479.45,353.50,26.59,69.05,0.7958,-1,-1,-1
773,185,1116.14,347.76,30.11,75.47,0.8134,-1,-1,-1
773,173,1240.05,354.19,26.11,77.29,0.6833,-1,-1,-1
773,166,1217.07,391.16,77.39,100.75,0.8250,-1,-1,-1
774,131,1500.76,13.23,512.10,1444.81,0.9073,-1,-1,-1
774,134,974.09,253.30,150.64,407.53,0.9649,-1,-1,-1
774,140,928.10,355.48,29.70,84.78,0.8548,-1,-1,-1
774,163,1156.98,385.14,83.34,103.30,0.9037,-1,-1,-1
774,179,772.66,366.51,32.08,85.62,0.8239,-1,-1,-1
774,169,832.12,363.84,31.74,95.57,0.8626,-1,-1,-1
774,178,1096.93,379.80,60.72,96.63,0.8642,-1,-1,-1
774,180,1252.73,355.74,26.14,78.13,0.6835,-1,-1,-1
774,183,1391.55,351.76,24.74,68.65,0.7432,-1,-1,-1
774,184,1476.04,352.52,26.01,67.42,0.7992,-1,-1,-1
774,185,1113.07,347.39,30.29,76.05,0.8446,-1,-1,-1
774,173,1235.04,353.25,26.24,77.92,0.7308,-1,-1,-1
774,166,1214.71,387.29,79.04,102.92,0.6597,-1,-1,-1
774,164,963.34,335.35,85.56,143.71,0.7759,-1,-1,-1
775,131,1505.45,-16.35,549.49,1557.58,0.8586,-1,-1,-1
775,134,968.89,251.59,150.90,410.48,0.9659,-1,-1,-1
775,140,922.26,355.61,29.47,83.58,0.8297,-1,-1,-1
775,163,1153.00,384.37,84.07,103.73,0.9218,-1,-1,-1
775,179,768.73,366.75,31.68,83.47,0.8172,-1,-1,-1
775,169,828.48,364.45,30.90,93.77,0.8427,-1,-1,-1
775,178,1091.67,379.60,61.28,94.81,0.8740,-1,-1,-1
775,183,1387.52,350.75,24.48,67.93,0.8128,-1,-1,-1
775,184,1472.38,353.00,25.19,65.39,0.8224,-1,-1,-1
775,185,1109.70,346.88,29.44,74.13,0.7514,-1,-1,-1
775,166,1212.14,385.86,80.37,104.64,0.7558,-1,-1,-1
775,186,1509.77,340.64,32.53,81.57,0.8264,-1,-1,-1
775,187,1538.20,341.21,27.51,79.11,0.7622,-1,-1,-1
775,136,1582.79,218.03,220.91,731.24,0.7528,-1,-1,-1
776,131,1525.20,-46.34,566.50,1594.74,0.7592,-1,-1,-1
776,134,961.71,251.59,150.98,412.96,0.9405,-1,-1,-1
776,140,915.63,356.38,30.44,86.72,0.7627,-1,-1,-1
776,179,761.58,368.00,34.12,90.33,0.7538,-1,-1,-1
776,169,824.49,366.29,30.57,93.50,0.8248,-1,-1,-1
776,178,1084.80,380.70,65.21,99.07,0.8363,-1,-1,-1
776,184,1466.15,353.11,25.39,65.71,0.7182,-1,-1,-1
776,185,1105.81,348.13,28.15,70.95,0.7996,-1,-1,-1
776,186,1505.69,339.16,33.57,84.25,0.7924,-1,-1,-1
776,136,1569.59,220.64,221.96,708.40,0.8896,-1,-1,-1
777,131,1545.17,-67.30,569.69,1591.88,0.7927,-1,-1,-1
777,134,951.27,255.48,151.04,413.38,0.9538,-1,-1,-1
777,179,753.82,369.41,36.00,95.84,0.6017,-1,-1,-1
777,169,819.02,368.60,30.84,94.27,0.7805,-1,-1,-1
777,178,1075.87,382.79,69.17,103.70,0.8023,-1,-1,-1
777,184,1460.69,354.97,26.03,67.26,0.6732,-1,-1,-1
777,185,1100.28,350.83,29.17,73.70,0.6271,-1,-1,-1
777,186,1502.93,341.09,32.86,83.09,0.6751,-1,-1,-1
777,136,1546.23,219.48,225.17,704.02,0.9371,-1,-1,-1
777,163,1139.97,386.88,87.12,108.12,0.8689,-1,-1,-1
778,131,1570.44,-81.28,575.46,1600.67,0.6211,-1,-1,-1
778,134,940.55,253.93,152.48,417.01,0.9732,-1,-1,-1
778,179,749.43,369.17,37.59,100.58,0.8120,-1,-1,-1
778,169,814.22,369.10,30.93,95.00,0.8257,-1,-1,-1
778,178,1069.76,383.36,69.37,101.55,0.8664,-1,-1,-1
778,184,1455.50,354.37,26.94,69.67,0.7501,-1,-1,-1
778,185,1097.13,351.55,30.21,76.47,0.6392,-1,-1,-1
778,136,1545.46,215.26,225.56,705.32,0.9303,-1,-1,-1
778,163,1137.46,387.87,85.00,105.50,0.6335,-1,-1,-1
778,180,1229.23,356.88,26.98,81.25,0.6542,-1,-1,-1
778,173,1211.71,355.13,26.78,79.45,0.7853,-1,-1,-1
778,140,903.43,358.52,29.82,84.93,0.6869,-1,-1,-1
779,134,928.96,255.38,154.83,421.08,0.9518,-1,-1,-1
779,136,1543.32,208.48,230.73,724.15,0.8945,-1,-1,-1
780,134,918.37,260.87,155.33,420.78,0.9834,-1,-1,-1
780,136,1552.56,208.25,232.92,733.74,0.8932,-1,-1,-1
780,183,1357.38,356.47,26.03,71.98,0.7172,-1,-1,-1
780,187,1507.91,345.66,29.97,86.24,0.7353,-1,-1,-1
780,179,738.34,377.08,35.23,92.69,0.7634,-1,-1,-1
780,178,1058.72,389.54,70.75,100.91,0.8576,-1,-1,-1
780,184,1445.19,359.29,25.78,66.93,0.7585,-1,-1,-1
780,180,1217.38,360.88,26.19,79.00,0.6124,-1,-1,-1
780,173,1200.28,361.61,24.11,71.12,0.6712,-1,-1,-1
780,140,890.41,363.78,31.35,87.11,0.7351,-1,-1,-1
781,134,910.98,262.00,156.19,421.34,0.9820,-1,-1,-1
781,136,1555.76,202.90,235.30,741.29,0.9029,-1,-1,-1
781,188,1237.42,360.52,23.21,69.66,0.6961,-1,-1,-1
781,189,1062.66,357.41,30.36,81.67,0.7118,-1,-1,-1
781,190,1528.42,348.57,28.71,79.65,0.6610,-1,-1,-1
781,183,1354.20,355.77,25.52,70.45,0.7488,-1,-1,-1
781,187,1503.67,344.65,29.65,85.79,0.7166,-1,-1,-1
781,179,734.84,377.74,33.39,86.66,0.8134,-1,-1,-1
781,178,1053.48,390.46,71.10,98.82,0.8901,-1,-1,-1
781,184,1441.99,358.15,25.65,66.27,0.7650,-1,-1,-1
781,180,1213.25,360.71,25.01,76.13,0.7304,-1,-1,-1
781,173,1195.54,361.73,23.03,67.83,0.6944,-1,-1,-1
781,140,884.34,364.00,31.91,87.62,0.7867,-1,-1,-1
781,186,1490.47,343.14,32.24,82.89,0.6069,-1,-1,-1
781,169,803.37,376.32,27.83,85.55,0.5944,-1,-1,-1
781,185,1086.03,355.82,31.71,80.47,0.6570,-1,-1,-1
781,163,1123.44,394.20,84.43,104.21,0.8507,-1,-1,-1
782,134,906.51,262.81,157.21,422.70,0.9800,-1,-1,-1
782,136,1541.06,197.60,243.98,749.59,0.9222,-1,-1,-1
782,188,1233.73,359.53,24.02,72.19,0.7123,-1,-1,-1
782,189,1062.00,357.36,29.79,80.15,0.7798,-1,-1,-1
782,183,1352.81,355.10,26.77,73.99,0.7942,-1,-1,-1
782,179,732.55,378.52,33.32,85.59,0.8010,-1,-1,-1
782,178,1052.67,391.87,70.68,96.28,0.8917,-1,-1,-1
782,184,1440.71,356.16,25.92,67.42,0.5985,-1,-1,-1
782,180,1211.92,360.30,24.22,74.69,0.6957,-1,-1,-1
782,173,1193.66,360.49,23.91,70.50,0.7285,-1,-1,-1
782,140,881.29,363.46,33.39,90.47,0.7931,-1,-1,-1
782,169,803.81,376.25,28.37,86.84,0.7944,-1,-1,-1
782,185,1087.41,356.85,29.86,75.91,0.6892,-1,-1,-1
782,163,1122.30,392.05,86.67,106.31,0.7618,-1,-1,-1
783,134,904.13,262.12,158.56,425.80,0.9824,-1,-1,-1
783,136,1554.75,194.57,244.36,757.29,0.9522,-1,-1,-1
783,188,1231.66,357.34,24.96,75.09,0.8053,-1,-1,-1
783,189,1062.10,357.01,30.12,81.18,0.8023,-1,-1,-1
783,183,1352.58,354.68,25.03,69.10,0.7279,-1,-1,-1
783,179,730.51,378.01,33.23,85.25,0.8104,-1,-1,-1
783,178,1046.20,388.40,77.71,105.30,0.9030,-1,-1,-1
783,184,1440.47,355.26,24.79,65.15,0.8343,-1,-1,-1
783,180,1210.88,360.02,24.33,75.09,0.7422,-1,-1,-1
783,173,1190.94,359.23,24.86,73.22,0.8225,-1,-1,-1
783,140,879.08,363.58,33.77,91.08,0.7682,-1,-1,-1
783,169,803.10,375.48,30.24,92.64,0.8344,-1,-1,-1
783,185,1088.23,355.71,29.52,75.64,0.7025,-1,-1,-1
783,163,1120.63,393.39,87.41,106.12,0.8586,-1,-1,-1
783,186,1493.42,342.33,31.12,81.46,0.6773,-1,-1,-1
784,134,902.18,265.17,159.02,425.70,0.9752,-1,-1,-1
784,136,1562.52,191.66,246.63,770.92,0.9615,-1,-1,-1
784,189,1062.21,357.59,30.36,82.04,0.7335,-1,-1,-1
784,183,1351.36,354.76,26.16,72.13,0.7568,-1,-1,-1
784,179,731.11,380.04,32.64,83.81,0.8301,-1,-1,-1
784,178,1047.34,389.47,77.10,102.89,0.7232,-1,-1,-1
784,184,1440.54,354.93,24.45,64.31,0.6761,-1,-1,-1
784,140,877.16,365.25,36.47,97.92,0.7162,-1,-1,-1
784,169,803.62,376.78,30.52,93.87,0.7885,-1,-1,-1
784,163,1117.15,391.37,91.05,110.50,0.7604,-1,-1,-1
785,134,898.85,267.54,159.89,426.24,0.9718,-1,-1,-1
785,136,1569.23,190.64,251.25,790.97,0.9741,-1,-1,-1
785,189,1062.94,356.74,30.77,83.30,0.6858,-1,-1,-1
785,183,1351.37,355.12,25.36,69.67,0.7200,-1,-1,-1
785,179,730.33,380.75,32.61,84.24,0.8113,-1,-1,-1
785,178,1044.54,388.90,82.34,109.46,0.8323,-1,-1,-1
785,140,876.60,365.52,36.21,97.46,0.7417,-1,-1,-1
785,169,803.33,377.27,30.56,94.80,0.7466,-1,-1,-1
785,163,1118.08,391.48,89.42,108.19,0.5859,-1,-1,-1
785,185,1088.89,354.55,33.29,86.19,0.6069,-1,-1,-1
785,186,1494.13,344.20,31.54,83.77,0.7177,-1,-1,-1
786,134,895.30,266.80,161.40,428.60,0.9698,-1,-1,-1
786,136,1574.98,188.12,258.80,822.60,0.9746,-1,-1,-1
786,189,1063.88,356.62,30.47,82.78,0.7197,-1,-1,-1
786,183,1352.10,355.87,24.65,67.33,0.6886,-1,-1,-1
786,179,729.68,380.01,33.24,86.24,0.7849,-1,-1,-1
786,178,1041.55,385.58,84.73,112.75,0.8784,-1,-1,-1
786,140,874.97,366.39,33.69,91.50,0.7001,-1,-1,-1
786,169,803.08,376.70,30.69,95.58,0.6892,-1,-1,-1
786,163,1117.98,391.88,89.75,107.70,0.8774,-1,-1,-1
786,185,1089.23,354.99,32.59,85.03,0.6904,-1,-1,-1
786,186,1495.96,342.67,31.56,85.08,0.7310,-1,-1,-1
786,180,1208.64,361.64,24.74,76.02,0.5786,-1,-1,-1
786,184,1439.88,354.49,25.32,66.19,0.7781,-1,-1,-1
787,134,889.97,267.13,163.28,430.99,0.9649,-1,-1,-1
787,136,1577.83,190.19,267.96,855.11,0.9639,-1,-1,-1
787,189,1064.20,358.85,28.86,78.38,0.7387,-1,-1,-1
787,183,1351.15,356.17,25.33,69.19,0.6245,-1,-1,-1
787,179,727.96,380.72,34.11,88.80,0.7474,-1,-1,-1
787,178,1044.22,391.67,77.36,101.37,0.7250,-1,-1,-1
787,169,803.06,378.17,29.95,93.22,0.6604,-1,-1,-1
787,185,1087.84,355.40,33.72,88.48,0.7790,-1,-1,-1
787,186,1497.14,344.32,29.80,81.64,0.7431,-1,-1,-1
787,190,1521.94,347.28,28.82,80.32,0.7028,-1,-1,-1
787,188,1225.70,360.77,23.34,69.97,0.6483,-1,-1,-1
788,134,885.31,267.62,164.64,435.05,0.9693,-1,-1,-1
788,136,1586.67,192.13,273.10,875.86,0.9741,-1,-1,-1
788,189,1062.65,361.38,25.81,70.14,0.7394,-1,-1,-1
788,183,1346.71,358.98,24.47,66.75,0.7124,-1,-1,-1
788,179,724.04,382.26,34.51,89.34,0.7608,-1,-1,-1
788,178,1038.55,393.05,80.52,104.48,0.8530,-1,-1,-1
788,169,802.65,379.14,26.58,82.42,0.7644,-1,-1,-1
788,185,1086.17,355.25,33.35,88.45,0.7679,-1,-1,-1
788,186,1493.71,346.58,30.08,82.57,0.7512,-1,-1,-1
788,191,1552.81,344.69,27.45,81.17,0.6137,-1,-1,-1
788,188,1221.63,362.39,25.12,75.35,0.6296,-1,-1,-1
788,164,897.86,315.61,109.36,197.33,0.6342,-1,-1,-1
788,184,1432.65,358.99,25.34,65.69,0.7497,-1,-1,-1
789,134,874.01,268.27,167.23,438.96,0.9741,-1,-1,-1
789,136,1590.56,194.41,277.20,892.62,0.9741,-1,-1,-1
789,189,1059.09,363.35,26.76,73.07,0.7903,-1,-1,-1
789,183,1343.03,362.43,23.45,63.99,0.7990,-1,-1,-1
789,179,721.31,384.89,33.20,86.00,0.7938,-1,-1,-1
789,178,1034.23,395.56,81.35,104.67,0.8302,-1,-1,-1
789,169,797.95,380.62,29.49,90.94,0.7985,-1,-1,-1
789,185,1083.51,358.47,32.42,86.19,0.7895,-1,-1,-1
789,186,1493.12,349.33,28.52,79.32,0.7603,-1,-1,-1
789,191,1548.40,348.90,25.47,75.35,0.7385,-1,-1,-1
789,188,1217.14,364.09,25.97,77.75,0.6433,-1,-1,-1
789,164,889.14,312.82,108.04,205.16,0.7559,-1,-1,-1
789,184,1429.63,361.78,23.97,61.84,0.7945,-1,-1,-1
789,163,1108.70,396.40,90.04,107.98,0.8076,-1,-1,-1
789,180,1197.02,367.74,25.56,78.56,0.5791,-1,-1,-1
789,190,1513.28,351.85,27.76,78.13,0.6711,-1,-1,-1
790,134,863.79,269.60,169.30,442.36,0.9756,-1,-1,-1
790,136,1593.25,197.71,281.15,912.35,0.9736,-1,-1,-1
790,189,1054.43,364.24,28.07,76.76,0.7725,-1,-1,-1
790,183,1337.51,364.51,24.92,68.02,0.6821,-1,-1,-1
790,179,715.52,387.41,32.94,84.28,0.8130,-1,-1,-1
790,178,1025.82,396.68,85.22,109.18,0.9192,-1,-1,-1
790,169,793.02,382.31,31.14,95.89,0.8041,-1,-1,-1
790,185,1080.71,361.88,30.87,81.69,0.8134,-1,-1,-1
790,186,1489.91,351.38,28.31,79.90,0.6802,-1,-1,-1
790,191,1544.06,352.63,24.80,73.40,0.6303,-1,-1,-1
790,188,1211.59,366.66,25.82,77.32,0.7571,-1,-1,-1
790,164,873.16,314.35,119.22,236.62,0.6178,-1,-1,-1
790,184,1423.41,364.30,24.46,63.24,0.7745,-1,-1,-1
790,163,1101.86,400.08,91.23,109.84,0.8735,-1,-1,-1
790,180,1190.76,369.83,25.19,77.09,0.6377,-1,-1,-1
790,166,1164.20,402.97,81.62,107.96,0.6910,-1,-1,-1
791,134,856.72,271.61,170.53,443.80,0.9673,-1,-1,-1
791,136,1594.98,194.44,286.95,936.69,0.9761,-1,-1,-1
791,189,1050.13,366.83,28.24,77.24,0.7722,-1,-1,-1
791,183,1331.94,367.13,26.81,73.41,0.7987,-1,-1,-1
791,179,709.00,389.42,33.86,86.83,0.8039,-1,-1,-1
791,178,1021.37,399.96,83.87,106.92,0.9009,-1,-1,-1
791,169,788.81,384.03,32.18,98.70,0.7811,-1,-1,-1
791,185,1076.68,364.29,30.78,81.76,0.7762,-1,-1,-1
791,186,1486.69,354.43,28.14,80.57,0.7023,-1,-1,-1
791,191,1538.48,355.43,24.97,74.02,0.7669,-1,-1,-1
791,188,1207.31,370.53,26.52,79.39,0.7220,-1,-1,-1
791,164,864.09,315.44,120.76,248.80,0.6891,-1,-1,-1
791,184,1419.09,367.29,24.75,64.18,0.8091,-1,-1,-1
791,163,1096.78,402.09,92.23,111.81,0.8936,-1,-1,-1
791,140,835.23,379.11,43.37,117.67,0.6553,-1,-1,-1
791,190,1503.26,357.25,27.71,78.21,0.5746,-1,-1,-1
792,134,843.72,272.81,173.45,446.03,0.9712,-1,-1,-1
792,136,1601.38,191.16,288.31,942.21,0.9795,-1,-1,-1
792,189,1046.87,370.90,26.50,72.49,0.7178,-1,-1,-1
792,183,1326.31,369.65,27.08,74.17,0.6932,-1,-1,-1
792,179,704.56,391.24,33.83,86.00,0.7801,-1,-1,-1
792,178,1017.06,403.63,82.78,105.09,0.8978,-1,-1,-1
792,169,784.43,387.50,32.03,98.03,0.7138,-1,-1,-1
792,185,1072.38,368.73,29.39,77.76,0.8042,-1,-1,-1
792,186,1482.96,357.34,28.24,81.27,0.7045,-1,-1,-1
792,191,1532.60,358.68,26.08,77.27,0.7458,-1,-1,-1
792,188,1202.22,373.95,25.27,75.71,0.6357,-1,-1,-1
792,184,1412.26,371.51,25.11,65.44,0.6954,-1,-1,-1
792,163,1092.39,405.48,91.67,111.66,0.8213,-1,-1,-1
792,147,991.18,411.35,55.06,90.45,0.7176,-1,-1,-1
792,190,1498.66,360.51,28.10,79.68,0.7384,-1,-1,-1
792,173,1157.18,375.25,23.99,69.65,0.6314,-1,-1,-1
793,134,830.25,271.46,176.89,451.78,0.9698,-1,-1,-1
793,136,1575.87,181.81,300.30,954.86,0.9722,-1,-1,-1
793,189,1039.70,373.20,25.28,69.30,0.6441,-1,-1,-1
793,179,695.67,393.58,34.29,87.04,0.7405,-1,-1,-1
793,169,779.28,389.60,30.18,90.65,0.6636,-1,-1,-1
793,185,1063.48,370.70,28.20,74.39,0.7302,-1,-1,-1
793,186,1477.65,358.71,28.72,82.43,0.6493,-1,-1,-1
793,191,1524.04,359.87,26.62,78.40,0.7881,-1,-1,-1
793,163,1084.26,405.50,92.90,113.81,0.8054,-1,-1,-1
793,190,1488.73,362.01,28.41,80.19,0.6217,-1,-1,-1
793,180,1169.56,371.47,25.71,78.12,0.5756,-1,-1,-1
794,134,802.98,274.62,178.54,453.88,0.9590,-1,-1,-1
794,136,1576.83,176.81,310.34,993.53,0.9688,-1,-1,-1
794,185,1041.17,373.57,29.71,78.22,0.6278,-1,-1,-1
794,190,1461.79,364.38,28.70,79.92,0.6390,-1,-1,-1
795,134,779.21,276.16,178.88,457.13,0.9352,-1,-1,-1
795,136,1563.24,170.04,318.34,1022.49,0.9698,-1,-1,-1
795,185,1016.81,378.39,29.15,76.92,0.7245,-1,-1,-1
795,189,995.01,381.41,23.43,63.87,0.7041,-1,-1,-1
796,134,748.24,277.69,180.69,461.81,0.9512,-1,-1,-1
796,136,1555.66,168.84,320.12,1028.94,0.9712,-1,-1,-1
796,185,993.75,381.14,29.33,77.32,0.6658,-1,-1,-1
796,179,621.50,403.05,34.59,88.75,0.5917,-1,-1,-1
796,186,1407.85,371.87,28.82,82.38,0.7555,-1,-1,-1
796,191,1441.25,372.09,28.49,83.03,0.6124,-1,-1,-1
796,180,1095.71,381.88,25.16,75.42,0.6349,-1,-1,-1
797,134,715.34,274.94,183.21,467.59,0.9469,-1,-1,-1
797,136,1545.53,164.33,320.56,1032.04,0.9590,-1,-1,-1
798,134,682.94,277.02,184.36,469.47,0.9469,-1,-1,-1
798,136,1526.39,161.10,329.79,1061.76,0.9678,-1,-1,-1
798,192,1828.59,280.90,95.82,364.53,0.9021,-1,-1,-1
798,186,1352.82,377.26,29.94,85.02,0.7693,-1,-1,-1
798,191,1384.83,375.51,30.35,87.97,0.7028,-1,-1,-1
799,134,648.71,282.30,186.21,472.61,0.9518,-1,-1,-1
799,136,1511.34,152.26,335.54,1079.65,0.9688,-1,-1,-1
799,192,1806.04,289.33,90.20,341.44,0.8877,-1,-1,-1
799,186,1325.47,379.45,29.84,84.23,0.6560,-1,-1,-1
800,134,605.89,279.58,189.09,482.10,0.9372,-1,-1,-1
800,136,1487.59,150.47,339.19,1089.71,0.9396,-1,-1,-1
801,134,561.03,280.44,189.76,485.83,0.9464,-1,-1,-1
801,136,1459.09,149.32,343.69,1100.42,0.9446,-1,-1,-1
801,192,1710.04,291.45,89.74,335.79,0.6771,-1,-1,-1
802,134,523.48,278.52,191.85,494.95,0.9422,-1,-1,-1
802,136,1439.31,139.27,352.88,1129.38,0.9571,-1,-1,-1
802,193,1827.02,316.37,74.12,213.16,0.8374,-1,-1,-1
803,134,491.76,279.17,193.27,500.39,0.9688,-1,-1,-1
803,136,1428.35,131.32,362.79,1161.38,0.9707,-1,-1,-1
803,193,1798.29,316.65,76.10,217.99,0.9127,-1,-1,-1
803,178,722.00,423.63,83.60,103.99,0.6494,-1,-1,-1
803,184,1112.46,394.06,24.80,64.16,0.7428,-1,-1,-1
803,173,860.38,395.56,22.97,65.57,0.6712,-1,-1,-1
803,179,388.20,406.95,38.31,98.02,0.7275,-1,-1,-1
803,180,879.64,395.69,22.61,66.62,0.5708,-1,-1,-1
803,191,1223.09,381.51,28.22,81.66,0.6538,-1,-1,-1
803,186,1195.98,380.80,29.51,84.38,0.7816,-1,-1,-1
804,134,471.87,280.36,193.60,501.78,0.9819,-1,-1,-1
804,136,1431.98,132.69,366.91,1172.15,0.9708,-1,-1,-1
804,193,1780.43,317.43,74.53,212.42,0.9267,-1,-1,-1
804,194,1849.89,343.64,57.01,171.18,0.8668,-1,-1,-1
804,147,656.93,433.28,86.83,91.80,0.8492,-1,-1,-1
804,178,711.22,422.67,87.15,108.63,0.8953,-1,-1,-1
804,184,1100.87,393.77,24.43,64.58,0.5711,-1,-1,-1
804,173,846.76,395.92,25.03,71.64,0.6673,-1,-1,-1
804,179,376.00,408.85,37.01,94.57,0.7995,-1,-1,-1
804,191,1211.99,381.94,26.87,78.62,0.6269,-1,-1,-1
804,186,1183.53,380.47,29.33,84.84,0.7385,-1,-1,-1
804,183,1022.25,393.32,23.86,65.05,0.6278,-1,-1,-1
804,188,890.69,395.99,24.89,74.94,0.6365,-1,-1,-1
804,185,781.00,388.44,34.01,90.51,0.6960,-1,-1,-1
805,134,458.83,279.35,196.10,508.10,0.9780,-1,-1,-1
805,136,1442.46,126.69,377.49,1203.84,0.9606,-1,-1,-1
805,193,1772.60,317.40,75.78,215.45,0.8940,-1,-1,-1
805,194,1843.15,341.99,56.85,170.86,0.8429,-1,-1,-1
805,147,652.62,432.83,86.29,91.27,0.8194,-1,-1,-1
805,178,704.34,422.05,89.50,110.99,0.8860,-1,-1,-1
805,184,1094.82,392.27,25.31,66.95,0.6947,-1,-1,-1
805,179,367.69,409.30,37.23,94.64,0.8126,-1,-1,-1
805,191,1205.78,381.59,26.32,77.21,0.6606,-1,-1,-1
805,186,1176.91,380.54,30.92,90.80,0.7440,-1,-1,-1
805,183,1015.62,392.74,24.45,66.17,0.6513,-1,-1,-1
805,185,776.43,387.02,34.31,92.16,0.8240,-1,-1,-1
805,166,850.63,430.41,84.38,108.67,0.5842,-1,-1,-1
806,134,440.03,277.54,198.20,514.12,0.9805,-1,-1,-1
806,136,1451.38,118.56,387.87,1232.68,0.9384,-1,-1,-1
806,193,1761.44,316.62,73.73,209.62,0.7797,-1,-1,-1
806,194,1830.11,339.74,56.07,169.18,0.6584,-1,-1,-1
806,147,635.67,431.95,86.76,91.63,0.8932,-1,-1,-1
806,178,690.53,421.98,90.58,111.88,0.9037,-1,-1,-1
806,184,1081.36,391.39,25.32,67.39,0.7712,-1,-1,-1
806,179,351.65,407.43,38.88,99.54,0.8048,-1,-1,-1
806,191,1193.43,381.42,25.42,74.91,0.6708,-1,-1,-1
806,186,1170.09,378.74,27.99,83.01,0.5741,-1,-1,-1
806,183,1002.32,391.46,25.22,68.28,0.7208,-1,-1,-1
806,185,764.40,386.64,33.71,91.45,0.8175,-1,-1,-1
806,195,745.22,385.83,31.81,89.23,0.7865,-1,-1,-1
806,166,834.71,431.60,83.50,107.28,0.7768,-1,-1,-1
806,163,775.97,427.25,87.93,108.13,0.7326,-1,-1,-1
806,173,825.87,394.49,26.00,74.78,0.6386,-1,-1,-1
807,134,422.45,275.52,200.65,520.45,0.9805,-1,-1,-1
807,136,1457.53,99.56,408.91,1298.07,0.9413,-1,-1,-1
807,147,621.34,431.09,90.60,95.82,0.8455,-1,-1,-1
807,178,679.27,420.38,92.85,114.86,0.8908,-1,-1,-1
807,184,1071.43,390.37,24.40,65.33,0.6156,-1,-1,-1
807,179,341.47,407.38,37.59,96.57,0.8241,-1,-1,-1
807,191,1184.14,380.41,24.65,73.19,0.6564,-1,-1,-1
807,186,1161.88,377.81,26.81,79.76,0.6269,-1,-1,-1
807,185,755.02,385.83,33.44,91.57,0.8434,-1,-1,-1
807,195,732.21,385.39,32.35,90.68,0.8131,-1,-1,-1
807,166,825.40,429.42,84.03,108.18,0.8357,-1,-1,-1
807,163,765.44,426.42,88.05,108.40,0.7674,-1,-1,-1
808,134,407.18,272.60,202.67,524.59,0.9766,-1,-1,-1
808,136,1464.40,65.64,436.11,1382.20,0.9495,-1,-1,-1
808,147,616.41,429.13,87.63,92.39,0.7823,-1,-1,-1
808,178,674.74,420.80,87.19,107.18,0.6899,-1,-1,-1
808,184,1061.71,387.99,24.83,66.78,0.7907,-1,-1,-1
808,179,326.71,405.43,39.84,102.04,0.7884,-1,-1,-1
808,191,1175.77,377.78,24.82,73.99,0.7215,-1,-1,-1
808,186,1155.10,375.46,26.07,78.15,0.7436,-1,-1,-1
808,185,746.05,383.69,33.58,92.90,0.8327,-1,-1,-1
808,195,721.86,383.28,32.45,91.18,0.7850,-1,-1,-1
808,183,983.77,388.78,25.06,68.17,0.5974,-1,-1,-1
808,173,805.35,391.74,26.07,74.43,0.6440,-1,-1,-1
809,134,389.11,271.15,204.72,528.43,0.9790,-1,-1,-1
809,136,1469.52,25.40,465.15,1470.97,0.9342,-1,-1,-1
809,147,603.91,427.77,88.09,92.98,0.7670,-1,-1,-1
809,178,662.94,419.01,87.16,106.36,0.8129,-1,-1,-1
809,184,1050.30,386.89,24.51,66.42,0.7141,-1,-1,-1
809,179,314.39,405.44,38.96,99.26,0.7777,-1,-1,-1
809,191,1164.71,376.81,24.72,73.86,0.7493,-1,-1,-1
809,186,1145.89,373.93,25.72,77.59,0.7270,-1,-1,-1
809,185,737.31,382.91,33.48,92.95,0.8050,-1,-1,-1
809,195,711.34,382.85,31.71,89.28,0.7926,-1,-1,-1
809,183,972.57,387.70,24.82,67.72,0.6589,-1,-1,-1
809,188,834.28,389.89,24.62,74.30,0.5816,-1,-1,-1
809,163,742.38,422.64,90.10,110.67,0.8233,-1,-1,-1
810,134,370.37,270.92,206.72,531.94,0.9762,-1,-1,-1
810,136,1435.62,-12.71,512.13,1578.16,0.8674,-1,-1,-1
810,147,589.50,427.80,88.53,93.64,0.8567,-1,-1,-1
810,178,648.16,418.18,90.52,110.11,0.8400,-1,-1,-1
810,184,1038.89,386.32,24.85,68.06,0.7779,-1,-1,-1
810,179,301.48,405.97,38.61,98.09,0.7600,-1,-1,-1
810,191,1153.15,375.81,24.78,74.75,0.5934,-1,-1,-1
810,186,1136.15,372.73,26.02,79.21,0.5869,-1,-1,-1
810,185,726.35,382.47,33.23,92.93,0.8198,-1,-1,-1
810,195,700.15,382.97,31.39,88.62,0.8047,-1,-1,-1
810,183,961.48,387.35,24.71,67.55,0.7220,-1,-1,-1
810,188,822.71,389.93,24.91,75.65,0.6570,-1,-1,-1
810,173,780.19,390.29,26.46,75.34,0.6971,-1,-1,-1
811,134,354.73,267.10,209.66,537.09,0.9751,-1,-1,-1
811,136,1434.40,-52.70,564.76,1689.34,0.8154,-1,-1,-1
811,147,575.55,427.69,90.39,95.71,0.8711,-1,-1,-1
811,178,638.30,416.88,89.89,109.29,0.9048,-1,-1,-1
811,184,1028.56,386.17,24.16,66.46,0.6324,-1,-1,-1
811,179,288.39,405.21,39.68,101.21,0.7217,-1,-1,-1
811,186,1128.63,371.96,26.14,80.27,0.5994,-1,-1,-1
811,185,717.28,382.45,32.87,92.45,0.8047,-1,-1,-1
811,195,691.29,382.93,30.76,86.97,0.7968,-1,-1,-1
811,183,951.51,386.58,25.21,68.84,0.6865,-1,-1,-1
811,188,810.89,389.45,25.36,76.99,0.6163,-1,-1,-1
811,200,1479.13,361.26,24.16,77.76,0.8151,-1,-1,-1
811,166,783.77,428.65,82.27,106.22,0.6644,-1,-1,-1
811,163,720.40,422.13,92.23,112.88,0.7003,-1,-1,-1
812,134,340.42,267.09,211.09,539.67,0.9800,-1,-1,-1
812,136,1458.77,-113.07,603.04,1763.79,0.7622,-1,-1,-1
812,147,568.11,428.96,89.91,95.55,0.8113,-1,-1,-1
812,178,626.49,417.68,96.11,117.43,0.7165,-1,-1,-1
812,184,1020.05,386.29,24.39,67.63,0.7335,-1,-1,-1
812,179,277.47,406.24,39.29,100.15,0.7704,-1,-1,-1
812,185,709.12,383.51,33.30,94.01,0.7835,-1,-1,-1
812,195,682.73,383.99,31.20,88.29,0.7705,-1,-1,-1
812,183,943.24,386.68,24.71,67.55,0.8203,-1,-1,-1
812,200,1468.45,361.58,24.03,77.13,0.7644,-1,-1,-1
812,202,1501.26,352.49,29.03,88.97,0.7268,-1,-1,-1
812,79,1425.94,361.80,24.70,70.60,0.6732,-1,-1,-1
813,134,317.68,263.32,216.06,546.79,0.9732,-1,-1,-1
813,136,1521.84,-157.09,614.13,1792.87,0.6519,-1,-1,-1
813,184,1010.92,386.05,23.98,66.28,0.7312,-1,-1,-1
813,179,266.11,407.35,38.78,98.82,0.7289,-1,-1,-1
813,185,699.85,384.69,33.52,95.02,0.7407,-1,-1,-1
813,195,673.64,384.71,31.79,90.16,0.7224,-1,-1,-1
813,183,933.51,387.09,26.32,72.44,0.6637,-1,-1,-1
813,200,1458.06,361.87,24.21,77.45,0.6990,-1,-1,-1
813,202,1490.96,352.80,29.35,89.59,0.6636,-1,-1,-1
813,186,1114.58,373.37,25.64,78.69,0.7571,-1,-1,-1
814,134,298.43,261.61,220.64,554.42,0.9746,-1,-1,-1
814,184,1004.45,385.86,25.09,69.34,0.6112,-1,-1,-1
814,179,255.23,405.23,41.90,107.23,0.7016,-1,-1,-1
814,185,693.60,383.05,33.14,94.06,0.7212,-1,-1,-1
814,195,667.35,382.85,32.60,92.22,0.7336,-1,-1,-1
814,200,1450.35,361.26,22.89,73.01,0.8157,-1,-1,-1
814,202,1484.25,350.10,30.09,91.90,0.7863,-1,-1,-1
814,166,755.72,426.11,85.46,111.76,0.7260,-1,-1,-1
814,178,609.22,417.17,95.70,116.14,0.8699,-1,-1,-1
815,134,282.77,261.77,224.46,562.68,0.9820,-1,-1,-1
815,184,994.79,386.79,25.09,69.59,0.6713,-1,-1,-1
815,179,244.60,406.47,40.53,103.84,0.7448,-1,-1,-1
815,185,685.10,383.85,32.95,93.66,0.6809,-1,-1,-1
815,195,659.00,383.36,32.57,92.08,0.5986,-1,-1,-1
815,200,1440.73,360.31,23.71,75.60,0.8074,-1,-1,-1
815,202,1475.59,348.74,32.17,98.61,0.7757,-1,-1,-1
815,205,1546.88,291.16,108.98,313.91,0.8951,-1,-1,-1
815,79,1344.55,361.67,26.83,90.58,0.6763,-1,-1,-1
815,178,598.54,417.17,101.04,122.89,0.8476,-1,-1,-1
815,173,727.52,388.67,29.95,84.82,0.6701,-1,-1,-1
815,183,916.06,387.22,26.55,72.91,0.6852,-1,-1,-1
815,186,1102.21,373.58,25.69,79.42,0.7224,-1,-1,-1
816,134,265.84,261.37,227.60,569.42,0.9776,-1,-1,-1
816,184,986.33,389.59,25.18,69.67,0.6008,-1,-1,-1
816,179,231.42,408.63,41.03,105.50,0.7098,-1,-1,-1
816,185,677.15,385.87,32.72,93.48,0.6126,-1,-1,-1
816,195,650.02,386.84,32.15,91.10,0.6665,-1,-1,-1
816,200,1431.50,363.48,23.16,73.59,0.7591,-1,-1,-1
816,202,1467.00,349.89,33.18,102.24,0.8365,-1,-1,-1
816,205,1539.76,293.40,106.58,306.55,0.9313,-1,-1,-1
816,178,589.16,419.57,98.79,119.54,0.7728,-1,-1,-1
816,183,907.32,389.35,26.04,71.09,0.7271,-1,-1,-1
816,186,1094.02,374.35,25.98,80.52,0.5776,-1,-1,-1
817,134,250.74,264.67,229.56,575.44,0.9820,-1,-1,-1
817,179,220.59,411.04,39.17,100.36,0.7077,-1,-1,-1
817,185,668.22,387.72,33.34,96.07,0.7359,-1,-1,-1
817,195,641.50,389.22,33.43,94.79,0.7163,-1,-1,-1
817,200,1422.92,367.26,21.63,68.62,0.7655,-1,-1,-1
817,202,1458.85,351.53,33.52,103.44,0.8618,-1,-1,-1
817,205,1533.50,296.21,102.88,295.17,0.9269,-1,-1,-1
817,178,578.71,422.87,97.14,117.30,0.8742,-1,-1,-1
817,183,898.29,391.86,26.07,71.33,0.6586,-1,-1,-1
817,186,1086.12,375.69,26.06,80.90,0.6977,-1,-1,-1
817,79,1382.86,365.85,21.77,68.85,0.7620,-1,-1,-1
817,193,1660.91,312.87,73.82,209.07,0.9038,-1,-1,-1
817,163,664.19,427.63,93.25,112.75,0.8705,-1,-1,-1
817,166,729.76,430.45,85.49,111.52,0.7112,-1,-1,-1
817,173,706.41,393.26,30.47,86.75,0.5942,-1,-1,-1
818,134,231.69,261.75,231.55,580.53,0.9839,-1,-1,-1
818,179,209.06,408.70,40.06,102.83,0.7404,-1,-1,-1
818,185,660.84,386.11,32.39,94.39,0.7050,-1,-1,-1
818,195,634.06,387.38,32.95,93.48,0.7694,-1,-1,-1
818,200,1413.64,365.56,21.57,67.87,0.7667,-1,-1,-1
818,202,1450.50,349.59,34.36,106.92,0.8390,-1,-1,-1
818,205,1524.49,293.22,104.86,300.35,0.9400,-1,-1,-1
818,178,566.62,420.01,99.00,120.04,0.9160,-1,-1,-1
818,183,889.25,388.76,27.57,75.89,0.7994,-1,-1,-1
818,186,1080.42,376.19,25.19,78.38,0.6797,-1,-1,-1
818,79,1373.19,363.92,21.98,69.39,0.7659,-1,-1,-1
818,207,1619.92,343.31,41.21,135.14,0.8278,-1,-1,-1
818,147,513.21,432.81,90.30,101.65,0.8459,-1,-1,-1
818,208,1199.46,370.44,25.68,78.30,0.6301,-1,-1,-1
818,193,1653.75,312.27,74.13,205.81,0.9182,-1,-1,-1
818,163,656.10,426.28,93.97,113.66,0.6430,-1,-1,-1
818,166,721.05,428.54,86.10,112.32,0.6352,-1,-1,-1
818,194,1735.57,304.34,73.52,220.97,0.8876,-1,-1,-1
818,184,969.46,389.89,23.95,66.48,0.5919,-1,-1,-1
819,134,212.92,261.69,234.52,589.23,0.9741,-1,-1,-1
819,179,199.61,408.91,40.39,104.16,0.7685,-1,-1,-1
819,185,655.29,385.73,31.67,92.81,0.7183,-1,-1,-1
819,195,627.79,387.79,31.39,88.91,0.8048,-1,-1,-1
819,200,1407.00,366.96,20.29,63.44,0.7698,-1,-1,-1
819,202,1446.56,350.70,32.10,100.09,0.8578,-1,-1,-1
819,205,1516.08,292.18,107.98,308.39,0.9576,-1,-1,-1
819,178,560.82,420.71,96.15,116.19,0.9190,-1,-1,-1
819,183,881.41,389.15,28.31,78.01,0.6158,-1,-1,-1
819,186,1074.20,374.61,26.07,81.46,0.8009,-1,-1,-1
819,79,1365.30,364.00,22.06,69.55,0.7126,-1,-1,-1
819,207,1610.31,344.43,40.34,132.26,0.8223,-1,-1,-1
819,147,506.73,432.51,89.00,100.30,0.7781,-1,-1,-1
819,193,1645.15,313.69,74.66,202.60,0.9128,-1,-1,-1
819,163,646.98,425.74,95.35,115.30,0.8698,-1,-1,-1
819,166,713.51,428.04,90.60,116.61,0.7775,-1,-1,-1
819,194,1732.21,305.59,72.98,216.34,0.9435,-1,-1,-1
819,184,964.39,390.48,24.58,68.00,0.6925,-1,-1,-1
820,134,192.08,261.01,237.57,595.99,0.9741,-1,-1,-1
820,185,649.25,384.84,33.41,98.92,0.7525,-1,-1,-1
820,195,619.14,386.70,33.02,93.54,0.7809,-1,-1,-1
820,200,1399.91,368.15,20.76,64.80,0.7521,-1,-1,-1
820,202,1440.47,351.41,32.04,100.41,0.8450,-1,-1,-1
820,205,1509.59,292.09,109.20,311.72,0.9459,-1,-1,-1
820,178,553.08,420.87,95.95,115.60,0.9043,-1,-1,-1
820,183,874.61,390.12,27.23,75.33,0.7066,-1,-1,-1
820,186,1069.42,372.47,27.34,84.78,0.7445,-1,-1,-1
820,207,1602.70,345.90,39.80,130.40,0.8172,-1,-1,-1
820,147,513.26,431.78,87.31,99.32,0.5877,-1,-1,-1
820,193,1637.42,315.82,75.41,199.62,0.9264,-1,-1,-1
820,163,639.41,426.33,94.93,114.13,0.7668,-1,-1,-1
820,194,1727.47,306.91,72.98,213.79,0.9488,-1,-1,-1
820,184,956.30,391.09,24.30,67.62,0.6746,-1,-1,-1
820,209,1705.88,337.57,53.41,159.70,0.8810,-1,-1,-1
820,210,407.77,397.04,45.63,135.54,0.7389,-1,-1,-1
820,173,678.50,392.50,31.08,89.31,0.6035,-1,-1,-1
821,134,175.90,258.26,240.28,603.11,0.9732,-1,-1,-1
821,185,642.39,384.77,33.66,99.85,0.6674,-1,-1,-1
821,195,612.08,386.79,33.07,93.86,0.7615,-1,-1,-1
821,200,1392.14,369.10,20.82,64.83,0.7720,-1,-1,-1
821,202,1434.17,352.68,33.26,104.56,0.8600,-1,-1,-1
821,205,1503.16,294.02,109.09,310.60,0.9479,-1,-1,-1
821,178,542.59,421.62,96.63,115.83,0.8957,-1,-1,-1
821,183,867.65,390.76,26.19,72.45,0.8139,-1,-1,-1
821,186,1064.28,373.91,27.64,83.42,0.8185,-1,-1,-1
821,207,1592.41,348.41,40.13,131.47,0.7522,-1,-1,-1
821,147,497.58,432.62,88.16,100.59,0.7614,-1,-1,-1
821,193,1630.63,319.29,76.81,199.33,0.9136,-1,-1,-1
821,163,631.35,427.71,93.50,112.33,0.7452,-1,-1,-1
821,194,1720.52,310.58,73.00,210.39,0.9376,-1,-1,-1
821,184,951.17,391.37,24.25,67.93,0.6138,-1,-1,-1
821,209,1698.86,340.31,53.27,159.39,0.7931,-1,-1,-1
821,210,396.35,397.15,45.63,135.64,0.6830,-1,-1,-1
821,79,1420.04,368.96,22.99,71.82,0.7195,-1,-1,-1
821,173,671.02,392.22,30.05,86.97,0.6406,-1,-1,-1
822,134,157.91,256.21,245.80,616.96,0.9780,-1,-1,-1
822,185,634.30,385.21,33.39,99.30,0.7938,-1,-1,-1
822,195,604.45,387.06,33.45,95.30,0.7369,-1,-1,-1
822,200,1384.62,371.57,21.62,66.74,0.7624,-1,-1,-1
822,202,1426.98,355.51,33.02,103.85,0.8176,-1,-1,-1
822,205,1498.33,297.14,108.97,308.78,0.9493,-1,-1,-1
822,178,535.97,422.34,94.53,112.80,0.9211,-1,-1,-1
822,183,858.28,392.61,26.49,73.17,0.6645,-1,-1,-1
822,186,1055.55,377.46,26.66,80.63,0.6701,-1,-1,-1
822,207,1584.73,350.92,39.83,130.41,0.6809,-1,-1,-1
822,147,478.17,433.08,87.82,100.06,0.8759,-1,-1,-1
822,193,1623.16,324.18,76.83,197.12,0.9058,-1,-1,-1
822,163,619.01,428.00,94.37,113.90,0.8076,-1,-1,-1
822,194,1713.78,315.63,72.50,206.44,0.9415,-1,-1,-1
822,184,944.12,393.53,23.48,65.82,0.7046,-1,-1,-1
822,209,1691.08,342.33,52.76,158.23,0.8121,-1,-1,-1
822,210,388.85,398.90,39.94,118.94,0.6550,-1,-1,-1
822,79,1412.87,371.31,22.79,71.11,0.7529,-1,-1,-1
822,173,661.25,392.80,30.48,88.38,0.7069,-1,-1,-1
822,212,1030.59,385.97,24.57,73.71,0.7059,-1,-1,-1
822,208,1168.43,370.06,27.03,82.22,0.5737,-1,-1,-1
822,166,688.57,430.49,89.05,115.12,0.6765,-1,-1,-1
823,134,138.50,250.08,249.64,625.36,0.9688,-1,-1,-1
823,185,626.55,383.65,33.81,100.82,0.7932,-1,-1,-1
823,195,598.42,386.32,32.41,92.74,0.7308,-1,-1,-1
823,200,1377.11,372.52,21.91,67.01,0.7905,-1,-1,-1
823,202,1421.16,356.65,31.52,98.56,0.8337,-1,-1,-1
823,205,1493.56,300.20,109.10,307.65,0.9439,-1,-1,-1
823,178,527.84,422.00,94.87,112.57,0.9156,-1,-1,-1
823,183,849.61,392.89,25.26,69.87,0.7414,-1,-1,-1
823,186,1049.85,379.31,26.65,80.00,0.6932,-1,-1,-1
823,207,1577.63,352.07,38.96,127.20,0.7430,-1,-1,-1
823,147,467.40,432.41,87.85,99.88,0.8560,-1,-1,-1
823,193,1614.60,326.71,77.40,194.97,0.9147,-1,-1,-1
823,163,610.02,427.96,95.36,114.93,0.8075,-1,-1,-1
823,194,1706.24,317.64,73.21,206.63,0.9269,-1,-1,-1
823,184,936.15,393.26,23.04,64.57,0.7109,-1,-1,-1
823,209,1684.84,344.79,51.79,155.34,0.8065,-1,-1,-1
823,173,652.49,392.40,29.46,85.36,0.5936,-1,-1,-1
823,212,1022.56,388.07,21.62,64.64,0.5883,-1,-1,-1
823,164,384.87,423.23,106.28,112.99,0.8161,-1,-1,-1
824,134,118.75,246.11,254.72,634.72,0.9678,-1,-1,-1
824,185,618.32,383.27,33.66,100.93,0.7378,-1,-1,-1
824,195,591.70,386.47,32.72,93.97,0.6802,-1,-1,-1
824,200,1370.02,374.06,21.07,63.99,0.7454,-1,-1,-1
824,202,1415.45,358.07,30.65,96.00,0.7320,-1,-1,-1
824,205,1486.08,304.38,109.48,307.23,0.9562,-1,-1,-1
824,178,517.92,421.83,95.67,112.95,0.8660,-1,-1,-1
824,183,840.11,392.54,26.72,74.07,0.7436,-1,-1,-1
824,186,1043.98,380.72,27.79,80.66,0.8107,-1,-1,-1
824,207,1568.34,355.59,39.14,127.55,0.6499,-1,-1,-1
824,147,454.10,430.97,89.28,101.23,0.8545,-1,-1,-1
824,193,1607.50,330.19,78.04,193.31,0.9191,-1,-1,-1
824,163,598.86,427.91,95.78,115.76,0.7516,-1,-1,-1
824,194,1697.89,321.44,73.38,205.32,0.9464,-1,-1,-1
824,184,930.28,393.17,23.44,65.93,0.7670,-1,-1,-1
824,209,1677.36,347.10,52.56,157.90,0.8045,-1,-1,-1
824,173,644.00,391.77,29.55,86.44,0.6083,-1,-1,-1
824,212,1013.69,388.37,22.96,68.57,0.6800,-1,-1,-1
824,164,370.53,416.97,111.56,118.85,0.7193,-1,-1,-1
824,213,1591.77,343.91,44.05,138.38,0.7065,-1,-1,-1
824,210,366.70,397.03,40.34,120.55,0.7242,-1,-1,-1
825,134,97.13,242.29,258.93,642.25,0.9761,-1,-1,-1
825,185,611.94,385.00,32.41,97.41,0.7278,-1,-1,-1
825,195,585.00,385.51,32.57,93.97,0.7252,-1,-1,-1
825,200,1362.32,376.34,20.58,61.96,0.7578,-1,-1,-1
825,202,1409.01,360.32,32.19,100.96,0.8229,-1,-1,-1
825,205,1480.06,308.90,109.26,304.93,0.9537,-1,-1,-1
825,178,508.27,421.62,95.28,111.77,0.9026,-1,-1,-1
825,183,831.49,392.10,27.07,75.12,0.7542,-1,-1,-1
825,186,1036.71,381.59,28.84,80.91,0.8363,-1,-1,-1
825,207,1559.89,357.87,40.86,132.84,0.6467,-1,-1,-1
825,147,444.90,431.46,88.69,100.35,0.8664,-1,-1,-1
825,193,1598.82,334.09,78.24,192.29,0.9240,-1,-1,-1
825,163,591.03,427.98,95.54,115.18,0.6408,-1,-1,-1
825,194,1690.93,325.10,74.28,206.55,0.9474,-1,-1,-1
825,184,922.41,394.15,23.67,66.44,0.8236,-1,-1,-1
825,209,1670.29,350.37,52.91,159.27,0.8633,-1,-1,-1
825,212,1005.74,390.31,23.49,70.09,0.7149,-1,-1,-1
825,164,363.27,421.87,106.40,113.42,0.7753,-1,-1,-1
825,213,1582.81,346.23,43.55,136.82,0.7879,-1,-1,-1
825,214,1746.50,352.15,41.83,143.64,0.8260,-1,-1,-1
826,134,82.40,240.00,260.92,646.98,0.9742,-1,-1,-1
826,185,604.44,384.54,32.08,96.91,0.6862,-1,-1,-1
826,195,578.04,385.57,30.91,89.06,0.7607,-1,-1,-1
826,200,1353.84,378.68,21.88,65.40,0.7838,-1,-1,-1
826,202,1405.65,364.20,29.68,93.48,0.8336,-1,-1,-1
826,205,1475.55,315.29,108.86,301.26,0.9508,-1,-1,-1
826,178,499.08,421.98,96.77,113.14,0.8535,-1,-1,-1
826,183,823.20,393.58,26.38,73.31,0.7144,-1,-1,-1
826,186,1029.89,382.63,29.88,82.34,0.8040,-1,-1,-1
826,147,435.79,432.35,88.24,99.10,0.8160,-1,-1,-1
826,193,1590.18,337.36,78.92,191.96,0.9094,-1,-1,-1
826,163,583.88,428.64,96.63,116.29,0.6669,-1,-1,-1
826,194,1683.40,329.63,74.17,204.75,0.9469,-1,-1,-1
826,184,914.21,395.72,23.26,65.31,0.7438,-1,-1,-1
826,209,1662.76,352.94,52.55,158.37,0.7863,-1,-1,-1
826,212,997.65,391.21,23.85,71.14,0.6688,-1,-1,-1
826,164,350.87,417.43,110.85,118.42,0.6229,-1,-1,-1
826,213,1574.31,349.75,43.22,135.77,0.6123,-1,-1,-1
826,214,1734.53,356.25,43.63,149.53,0.7680,-1,-1,-1
826,79,1311.25,376.99,24.31,66.15,0.6674,-1,-1,-1
826,173,624.88,393.04,28.55,83.77,0.5848,-1,-1,-1
826,210,344.12,394.81,41.84,125.61,0.6392,-1,-1,-1
827,134,63.45,238.38,263.78,651.39,0.9683,-1,-1,-1
827,185,597.51,383.46,33.14,101.19,0.6706,-1,-1,-1
827,195,571.30,386.94,28.80,82.61,0.7201,-1,-1,-1
827,200,1346.42,381.00,22.57,67.07,0.7006,-1,-1,-1
827,202,1398.63,368.51,28.32,87.67,0.7895,-1,-1,-1
827,205,1470.47,319.97,108.94,300.37,0.9528,-1,-1,-1
827,178,489.86,423.01,98.35,114.55,0.8457,-1,-1,-1
827,183,814.83,395.00,25.69,71.71,0.7728,-1,-1,-1
827,186,1022.50,383.85,29.75,81.10,0.7821,-1,-1,-1
827,147,426.30,433.13,89.44,100.47,0.8042,-1,-1,-1
827,193,1582.78,339.83,79.26,190.87,0.9205,-1,-1,-1
827,163,574.24,428.66,97.37,117.14,0.6670,-1,-1,-1
827,194,1677.79,334.76,73.15,200.89,0.9499,-1,-1,-1
827,184,907.07,396.47,23.78,67.13,0.7549,-1,-1,-1
827,209,1655.05,356.88,52.09,157.12,0.8225,-1,-1,-1
827,212,991.85,395.16,22.31,66.29,0.6798,-1,-1,-1
827,79,1303.50,380.78,23.38,63.55,0.6006,-1,-1,-1
827,215,1460.75,354.92,60.91,160.11,0.8557,-1,-1,-1
827,173,614.98,393.11,30.50,89.64,0.6099,-1,-1,-1
827,207,1544.11,361.53,44.80,146.35,0.6232,-1,-1,-1
828,134,41.42,235.67,267.66,657.68,0.9688,-1,-1,-1
828,185,590.90,386.23,30.26,92.25,0.7017,-1,-1,-1
828,195,563.91,388.42,28.25,81.18,0.8037,-1,-1,-1
828,200,1337.94,384.60,21.90,64.62,0.6076,-1,-1,-1
828,202,1393.56,372.63,29.39,90.23,0.8242,-1,-1,-1
828,205,1463.82,323.07,109.50,300.98,0.9547,-1,-1,-1
828,178,479.48,424.78,98.95,114.65,0.9020,-1,-1,-1
828,183,804.64,397.16,26.46,73.81,0.7217,-1,-1,-1
828,186,1014.72,386.15,30.00,81.51,0.7871,-1,-1,-1
828,147,413.31,433.25,93.18,104.59,0.8459,-1,-1,-1
828,193,1574.65,344.59,79.47,190.28,0.9088,-1,-1,-1
828,163,565.37,429.39,98.69,118.34,0.6769,-1,-1,-1
828,194,1669.96,337.99,73.44,200.18,0.9518,-1,-1,-1
828,184,899.85,399.71,22.57,63.82,0.7412,-1,-1,-1
828,209,1647.92,361.31,51.54,154.83,0.8232,-1,-1,-1
828,79,1296.55,384.71,22.68,61.61,0.6276,-1,-1,-1
828,215,1450.38,360.61,60.28,157.91,0.8596,-1,-1,-1
828,173,605.23,397.21,28.57,83.31,0.7266,-1,-1,-1
828,213,1558.71,362.61,41.49,130.89,0.7652,-1,-1,-1
828,214,1710.79,361.47,46.44,158.51,0.7816,-1,-1,-1
829,134,13.77,233.09,274.62,672.40,0.9591,-1,-1,-1
829,185,582.70,388.97,30.93,95.04,0.6575,-1,-1,-1
829,195,555.53,390.85,30.54,87.57,0.8197,-1,-1,-1
829,200,1329.05,388.10,22.77,67.31,0.6854,-1,-1,-1
829,202,1386.81,378.78,27.15,83.04,0.8523,-1,-1,-1
829,205,1458.03,327.77,109.44,299.77,0.9615,-1,-1,-1
829,178,471.00,426.88,99.27,114.69,0.9173,-1,-1,-1
829,183,796.31,400.90,25.67,71.48,0.7284,-1,-1,-1
829,186,1009.37,390.36,30.02,81.66,0.6691,-1,-1,-1
829,147,407.88,435.85,89.40,100.36,0.8487,-1,-1,-1
829,193,1565.05,348.12,80.50,191.33,0.9144,-1,-1,-1
829,163,555.41,433.29,100.71,121.00,0.7538,-1,-1,-1
829,194,1662.66,342.30,73.60,199.12,0.9460,-1,-1,-1
829,184,891.29,402.97,22.75,63.90,0.8337,-1,-1,-1
829,209,1640.11,365.49,51.21,154.46,0.8216,-1,-1,-1
829,79,1286.28,387.12,25.34,68.90,0.7371,-1,-1,-1
829,215,1438.97,365.90,60.68,158.25,0.8872,-1,-1,-1
829,173,594.10,397.71,29.17,85.76,0.6417,-1,-1,-1
829,216,1849.64,308.37,111.50,344.22,0.8623,-1,-1,-1
829,213,1549.17,367.00,41.95,132.66,0.7820,-1,-1,-1
829,214,1702.62,367.34,46.03,156.65,0.8459,-1,-1,-1
829,210,311.75,400.11,40.66,122.11,0.6179,-1,-1,-1
830,134,-4.43,230.73,277.72,679.78,0.9717,-1,-1,-1
830,195,546.37,392.79,32.37,92.92,0.7774,-1,-1,-1
830,200,1320.70,392.01,22.81,66.96,0.6805,-1,-1,-1
830,202,1379.88,382.78,26.47,80.76,0.8451,-1,-1,-1
830,205,1451.39,331.08,109.68,299.47,0.9576,-1,-1,-1
830,178,458.06,428.23,103.94,120.06,0.9209,-1,-1,-1
830,183,788.30,402.89,25.93,71.93,0.7173,-1,-1,-1
830,186,1003.41,392.75,30.29,82.60,0.6938,-1,-1,-1
830,147,397.49,438.31,89.45,100.03,0.8517,-1,-1,-1
830,193,1556.35,352.01,80.73,190.42,0.9246,-1,-1,-1
830,163,544.32,435.12,102.10,121.99,0.7299,-1,-1,-1
830,194,1654.82,347.19,73.39,197.81,0.9493,-1,-1,-1
830,184,883.10,405.89,23.46,66.18,0.7587,-1,-1,-1
830,209,1631.57,369.19,51.91,156.17,0.8511,-1,-1,-1
830,79,1277.43,391.22,25.17,68.34,0.7994,-1,-1,-1
830,215,1429.51,368.61,61.46,159.43,0.9042,-1,-1,-1
830,216,1843.53,297.09,117.25,361.51,0.9014,-1,-1,-1
830,213,1540.33,369.60,42.44,134.64,0.7892,-1,-1,-1
830,214,1695.40,372.06,44.06,148.82,0.7276,-1,-1,-1
830,210,301.55,402.28,36.74,109.19,0.5857,-1,-1,-1
830,208,1112.41,395.51,23.91,72.55,0.6317,-1,-1,-1
830,212,965.28,400.19,25.43,75.64,0.7562,-1,-1,-1
831,134,-22.28,231.71,277.33,680.60,0.9562,-1,-1,-1
831,195,537.87,396.08,32.55,92.82,0.7784,-1,-1,-1
831,200,1312.67,396.04,23.68,69.06,0.7222,-1,-1,-1
831,202,1373.43,389.55,25.76,78.16,0.8323,-1,-1,-1
831,205,1447.02,334.70,109.02,296.35,0.9407,-1,-1,-1
831,178,449.34,431.32,102.02,117.68,0.8594,-1,-1,-1
831,183,778.99,406.57,25.95,72.09,0.7171,-1,-1,-1
831,186,997.27,397.19,28.15,77.18,0.6765,-1,-1,-1
831,147,385.18,442.07,90.01,99.91,0.8334,-1,-1,-1
831,193,1550.89,355.26,80.86,191.45,0.9046,-1,-1,-1
831,194,1647.67,351.27,73.73,198.22,0.9440,-1,-1,-1
831,184,875.81,408.79,23.00,64.83,0.7498,-1,-1,-1
831,209,1624.51,374.62,51.92,156.37,0.7995,-1,-1,-1
831,79,1270.41,396.25,24.54,66.61,0.6655,-1,-1,-1
831,215,1421.23,369.91,63.59,164.23,0.8762,-1,-1,-1
831,216,1831.55,292.96,120.39,371.34,0.8547,-1,-1,-1
831,213,1528.96,373.73,43.48,138.12,0.7404,-1,-1,-1
831,214,1689.71,375.47,45.52,152.65,0.6648,-1,-1,-1
831,212,958.37,405.35,24.70,73.00,0.6632,-1,-1,-1
831,173,574.20,401.89,31.52,92.56,0.6715,-1,-1,-1
832,134,-33.87,232.20,276.73,685.92,0.9435,-1,-1,-1
832,195,528.54,399.97,32.58,92.76,0.6687,-1,-1,-1
832,200,1304.89,400.31,23.07,66.76,0.7060,-1,-1,-1
832,202,1368.11,396.87,24.30,73.13,0.7193,-1,-1,-1
832,205,1442.90,338.65,109.38,295.55,0.9265,-1,-1,-1
832,178,442.72,435.58,99.79,114.93,0.8940,-1,-1,-1
832,186,990.99,400.54,28.24,78.27,0.7291,-1,-1,-1
832,147,385.16,444.57,87.72,98.53,0.6060,-1,-1,-1
832,193,1548.29,359.64,79.58,190.08,0.8635,-1,-1,-1
832,194,1640.17,355.73,73.82,197.92,0.9028,-1,-1,-1
832,184,868.18,413.59,21.21,58.91,0.6665,-1,-1,-1
832,209,1616.09,381.62,50.26,152.41,0.7040,-1,-1,-1
832,215,1414.77,375.58,63.36,162.58,0.8666,-1,-1,-1
832,216,1821.79,317.25,114.21,351.98,0.8761,-1,-1,-1
832,213,1520.51,378.67,44.53,141.20,0.6084,-1,-1,-1
832,191,980.01,404.33,23.13,72.09,0.6438,-1,-1,-1
832,173,561.54,394.66,38.61,113.99,0.7294,-1,-1,-1
832,163,528.56,441.84,101.55,120.72,0.5813,-1,-1,-1
833,134,-53.53,232.90,277.76,701.82,0.9087,-1,-1,-1
833,205,1437.83,339.18,111.04,298.88,0.9245,-1,-1,-1
833,193,1544.41,363.07,79.55,191.83,0.8730,-1,-1,-1
833,194,1633.82,359.91,73.67,196.92,0.8941,-1,-1,-1
833,209,1608.42,383.33,51.49,156.37,0.7229,-1,-1,-1
833,215,1406.56,378.54,64.19,163.78,0.8355,-1,-1,-1
833,216,1815.67,323.85,114.06,350.79,0.8833,-1,-1,-1
833,173,553.39,391.47,41.91,123.31,0.6215,-1,-1,-1
833,79,1336.95,401.69,23.94,69.12,0.6104,-1,-1,-1
834,134,-67.32,232.92,272.05,704.16,0.9325,-1,-1,-1
834,205,1431.45,339.81,111.80,300.60,0.9333,-1,-1,-1
834,193,1536.28,365.83,78.77,190.71,0.8768,-1,-1,-1
834,194,1625.27,362.47,73.59,196.09,0.8929,-1,-1,-1
834,209,1599.48,385.88,51.76,157.38,0.7631,-1,-1,-1
834,215,1396.56,380.99,64.22,163.72,0.8479,-1,-1,-1
834,216,1809.44,325.04,115.12,352.54,0.8867,-1,-1,-1
834,79,1326.04,405.80,23.68,68.39,0.6376,-1,-1,-1
834,183,749.45,414.65,28.57,79.62,0.6022,-1,-1,-1
834,212,930.26,414.63,25.19,74.78,0.6171,-1,-1,-1
834,195,517.43,406.66,31.58,89.49,0.6328,-1,-1,-1
834,202,1351.70,401.45,25.47,75.81,0.7745,-1,-1,-1
834,186,983.77,407.05,27.97,78.24,0.6655,-1,-1,-1
834,184,849.33,419.35,21.01,58.60,0.6650,-1,-1,-1
834,213,1502.27,381.86,45.65,143.96,0.5753,-1,-1,-1
834,191,961.44,408.14,25.13,78.28,0.6969,-1,-1,-1
835,134,-91.18,241.66,266.86,708.51,0.9244,-1,-1,-1
835,205,1425.62,346.26,110.23,296.81,0.9350,-1,-1,-1
835,193,1525.53,369.45,79.78,193.00,0.8970,-1,-1,-1
835,194,1614.95,367.95,73.65,194.90,0.9194,-1,-1,-1
835,209,1590.21,392.94,51.43,155.54,0.8178,-1,-1,-1
835,215,1386.39,388.47,63.13,160.47,0.8688,-1,-1,-1
835,216,1806.87,324.18,118.48,360.97,0.9203,-1,-1,-1
835,79,1315.63,411.30,25.24,72.91,0.6779,-1,-1,-1
835,212,921.91,420.53,25.14,74.45,0.6454,-1,-1,-1
835,195,506.24,412.05,32.03,90.96,0.6921,-1,-1,-1
835,202,1345.02,404.46,26.69,79.05,0.7764,-1,-1,-1
835,186,973.23,411.58,29.00,81.95,0.7884,-1,-1,-1
835,191,951.40,415.62,24.49,76.43,0.7446,-1,-1,-1
835,200,1278.45,412.29,22.70,65.08,0.6833,-1,-1,-1
835,178,408.71,445.22,101.78,117.05,0.9048,-1,-1,-1
835,163,496.98,453.13,101.71,120.21,0.8676,-1,-1,-1
835,173,532.13,401.90,37.37,111.22,0.5882,-1,-1,-1
836,134,-124.99,235.98,269.71,729.99,0.8666,-1,-1,-1
836,205,1417.16,345.70,109.52,294.48,0.9139,-1,-1,-1
836,193,1516.22,368.96,78.32,190.75,0.9026,-1,-1,-1
836,194,1604.23,367.35,73.29,194.01,0.8972,-1,-1,-1
836,209,1579.54,393.13,49.82,150.80,0.7762,-1,-1,-1
836,215,1377.07,388.23,63.14,160.15,0.8161,-1,-1,-1
836,216,1802.13,320.76,120.42,364.44,0.9053,-1,-1,-1
836,79,1303.18,410.53,26.63,76.77,0.6717,-1,-1,-1
836,202,1335.96,401.17,28.48,83.31,0.7825,-1,-1,-1
836,186,962.79,409.94,28.53,81.04,0.7633,-1,-1,-1
836,191,940.20,414.84,24.46,76.12,0.6798,-1,-1,-1
836,214,1641.55,392.48,45.93,150.06,0.7069,-1,-1,-1
836,184,834.63,421.49,22.08,61.39,0.6929,-1,-1,-1
837,134,-161.19,224.41,277.45,765.27,0.8726,-1,-1,-1
837,205,1410.44,348.57,108.66,292.29,0.9255,-1,-1,-1
837,193,1508.43,370.30,77.02,188.56,0.9047,-1,-1,-1
837,194,1595.48,368.87,73.29,194.13,0.9094,-1,-1,-1
837,209,1568.31,394.93,48.93,148.12,0.7735,-1,-1,-1
837,215,1366.53,387.36,63.86,162.30,0.8517,-1,-1,-1
837,216,1798.29,322.09,123.09,368.71,0.9266,-1,-1,-1
837,79,1294.73,411.26,26.56,76.64,0.6534,-1,-1,-1
837,202,1326.14,400.79,29.10,84.48,0.7682,-1,-1,-1
837,186,953.55,410.60,28.54,81.56,0.8493,-1,-1,-1
837,191,930.85,415.54,24.62,76.44,0.7563,-1,-1,-1
837,184,818.86,423.59,21.40,59.26,0.6572,-1,-1,-1
837,212,900.76,420.36,25.14,73.77,0.7124,-1,-1,-1
837,200,1256.61,410.58,26.00,74.48,0.6521,-1,-1,-1
837,178,386.36,446.20,101.91,116.35,0.8696,-1,-1,-1
837,163,478.19,453.56,101.77,119.09,0.5915,-1,-1,-1
837,173,508.20,411.02,33.57,98.29,0.5987,-1,-1,-1
838,134,-181.40,224.92,267.94,753.31,0.8321,-1,-1,-1
838,205,1404.54,351.55,107.94,291.06,0.9367,-1,-1,-1
838,193,1498.54,371.34,76.23,188.20,0.9179,-1,-1,-1
838,194,1585.08,369.97,73.26,194.20,0.9270,-1,-1,-1
838,209,1558.75,397.02,46.95,142.18,0.7596,-1,-1,-1
838,215,1354.49,386.04,64.84,164.89,0.8919,-1,-1,-1
838,216,1792.91,321.09,124.63,368.19,0.9293,-1,-1,-1
838,79,1284.66,413.24,25.35,73.17,0.6106,-1,-1,-1
838,202,1316.97,401.25,29.56,85.75,0.8082,-1,-1,-1
838,186,943.59,411.73,28.31,81.74,0.7556,-1,-1,-1
838,178,372.26,446.46,103.37,117.52,0.9254,-1,-1,-1
838,163,464.99,453.18,104.67,121.61,0.8685,-1,-1,-1
838,173,496.36,415.20,32.16,93.88,0.7705,-1,-1,-1
838,195,475.62,410.14,32.83,94.49,0.6617,-1,-1,-1
838,214,1624.64,393.55,45.57,147.67,0.7735,-1,-1,-1
839,134,-194.65,231.85,259.21,745.09,0.6934,-1,-1,-1
839,205,1395.51,355.12,106.85,289.29,0.9449,-1,-1,-1
839,193,1487.17,374.85,75.14,186.75,0.9275,-1,-1,-1
839,194,1573.28,372.14,72.95,193.34,0.9362,-1,-1,-1
839,209,1546.54,397.97,47.39,144.14,0.8479,-1,-1,-1
839,215,1342.87,391.12,64.28,162.28,0.9318,-1,-1,-1
839,216,1784.56,323.61,126.95,369.01,0.9556,-1,-1,-1
839,79,1274.30,414.86,23.88,68.96,0.7888,-1,-1,-1
839,202,1307.26,403.67,27.91,81.38,0.7985,-1,-1,-1
839,186,932.61,413.11,28.34,82.69,0.8256,-1,-1,-1
839,178,357.38,448.27,103.68,117.04,0.9234,-1,-1,-1
839,163,446.53,454.53,107.47,124.26,0.8862,-1,-1,-1
839,173,482.36,418.53,31.22,90.63,0.6460,-1,-1,-1
839,147,294.27,456.98,99.02,104.36,0.8756,-1,-1,-1
839,221,75.94,409.72,45.42,127.04,0.8296,-1,-1,-1
839,195,459.69,411.77,35.11,99.16,0.6754,-1,-1,-1
839,214,1611.67,393.92,47.02,150.94,0.8349,-1,-1,-1
839,166,524.88,463.35,93.87,118.09,0.6412,-1,-1,-1
839,183,696.35,423.95,24.67,68.09,0.8043,-1,-1,-1
839,191,909.26,418.37,23.86,74.24,0.7506,-1,-1,-1
839,212,880.65,420.92,25.93,76.26,0.6689,-1,-1,-1
839,200,1234.39,413.69,23.99,68.86,0.7039,-1,-1,-1
840,205,1386.70,359.97,104.84,285.07,0.9586,-1,-1,-1
840,193,1475.15,378.57,74.37,186.67,0.9450,-1,-1,-1
840,194,1560.94,375.14,72.80,192.13,0.9411,-1,-1,-1
840,209,1534.06,399.60,47.57,144.43,0.8501,-1,-1,-1
840,215,1330.69,395.25,64.34,160.81,0.9376,-1,-1,-1
840,216,1776.79,323.77,129.99,371.14,0.9484,-1,-1,-1
840,79,1261.83,416.71,24.67,71.68,0.7971,-1,-1,-1
840,202,1296.24,406.14,28.76,84.53,0.8261,-1,-1,-1
840,186,920.62,414.90,28.05,82.59,0.8154,-1,-1,-1
840,178,341.64,450.42,105.04,118.65,0.9248,-1,-1,-1
840,163,433.04,457.63,107.41,124.37,0.8702,-1,-1,-1
840,173,466.60,420.04,31.53,91.83,0.7948,-1,-1,-1
840,147,274.30,459.07,99.23,104.56,0.8987,-1,-1,-1
840,221,53.05,411.28,46.08,128.49,0.8563,-1,-1,-1
840,195,445.84,413.87,35.37,99.49,0.7133,-1,-1,-1
840,214,1598.41,397.83,46.82,148.49,0.8298,-1,-1,-1
840,164,192.43,445.84,103.64,122.72,0.8049,-1,-1,-1
840,166,505.73,459.79,97.21,123.72,0.7168,-1,-1,-1
840,183,682.73,426.08,24.76,67.88,0.7579,-1,-1,-1
840,191,897.20,421.38,23.52,73.64,0.6725,-1,-1,-1
840,212,869.13,427.22,24.50,71.85,0.6793,-1,-1,-1
840,200,1221.01,416.12,23.80,68.67,0.7806,-1,-1,-1
841,205,1375.75,361.81,104.19,283.54,0.9566,-1,-1,-1
841,193,1464.48,379.32,73.66,185.77,0.9372,-1,-1,-1
841,194,1549.26,376.73,72.34,189.90,0.9401,-1,-1,-1
841,209,1523.06,399.10,45.79,138.74,0.8644,-1,-1,-1
841,215,1318.84,394.36,65.30,161.60,0.9328,-1,-1,-1
841,216,1770.77,323.19,133.40,372.09,0.9591,-1,-1,-1
841,79,1250.78,416.78,24.00,69.89,0.8035,-1,-1,-1
841,202,1285.99,404.90,29.32,87.41,0.8229,-1,-1,-1
841,186,912.15,415.43,28.21,82.10,0.7914,-1,-1,-1
841,178,324.62,450.91,105.90,118.80,0.9248,-1,-1,-1
841,163,419.02,458.25,107.44,124.40,0.8885,-1,-1,-1
841,173,451.41,420.94,31.93,93.20,0.7101,-1,-1,-1
841,147,255.68,459.33,99.94,105.16,0.9126,-1,-1,-1
841,221,34.36,411.12,46.78,130.03,0.8654,-1,-1,-1
841,195,434.18,413.00,36.58,103.10,0.7189,-1,-1,-1
841,214,1584.26,393.95,48.82,154.31,0.8338,-1,-1,-1
841,164,196.28,454.08,94.03,111.76,0.6037,-1,-1,-1
841,166,492.29,462.99,93.89,120.76,0.7982,-1,-1,-1
841,183,669.15,424.96,25.89,70.53,0.7619,-1,-1,-1
841,191,885.87,421.88,23.19,72.99,0.6930,-1,-1,-1
841,212,857.35,426.01,25.06,73.86,0.6121,-1,-1,-1
841,200,1209.66,415.95,23.66,69.05,0.7777,-1,-1,-1
841,210,139.36,420.19,39.68,101.52,0.7035,-1,-1,-1
841,188,505.44,422.21,26.58,78.30,0.6428,-1,-1,-1
842,205,1367.15,363.57,103.42,281.68,0.9586,-1,-1,-1
842,193,1454.05,380.47,72.80,185.01,0.9465,-1,-1,-1
842,194,1538.38,378.66,71.68,187.74,0.9376,-1,-1,-1
842,209,1512.79,398.88,45.84,139.83,0.8542,-1,-1,-1
842,215,1307.19,394.23,66.34,162.34,0.9352,-1,-1,-1
842,216,1763.30,323.43,136.56,372.15,0.9571,-1,-1,-1
842,79,1239.31,417.02,24.28,71.03,0.7824,-1,-1,-1
842,202,1276.34,405.11,28.67,86.31,0.8260,-1,-1,-1
842,186,902.41,416.32,28.30,81.01,0.8423,-1,-1,-1
842,178,309.95,451.11,108.33,121.08,0.9233,-1,-1,-1
842,163,404.22,458.94,108.54,124.84,0.6798,-1,-1,-1
842,173,439.10,422.62,32.31,94.66,0.5789,-1,-1,-1
842,147,239.63,460.86,100.85,105.84,0.9001,-1,-1,-1
842,221,12.90,411.54,47.67,131.98,0.8212,-1,-1,-1
842,214,1570.31,392.28,49.89,157.33,0.8319,-1,-1,-1
842,164,186.10,459.28,89.91,107.19,0.5854,-1,-1,-1
842,183,655.95,425.03,27.05,73.72,0.6721,-1,-1,-1
842,191,874.64,422.50,23.12,73.23,0.6927,-1,-1,-1
842,212,846.41,428.71,24.42,71.91,0.6749,-1,-1,-1
842,200,1197.77,416.10,24.79,73.23,0.7920,-1,-1,-1
842,210,124.56,421.74,38.83,99.26,0.6978,-1,-1,-1
843,205,1357.63,364.83,102.58,280.14,0.9508,-1,-1,-1
843,193,1444.66,381.31,72.19,184.75,0.9280,-1,-1,-1
843,194,1529.06,379.78,70.68,185.15,0.9411,-1,-1,-1
843,209,1502.32,399.45,46.07,140.72,0.8573,-1,-1,-1
843,215,1296.57,393.93,67.19,163.07,0.9328,-1,-1,-1
843,216,1755.55,323.29,139.60,373.22,0.9595,-1,-1,-1
843,79,1228.77,417.30,24.81,72.79,0.7858,-1,-1,-1
843,202,1266.73,404.97,29.14,88.47,0.8385,-1,-1,-1
843,186,893.05,417.98,28.57,80.14,0.7718,-1,-1,-1
843,178,296.47,451.60,109.64,122.37,0.9301,-1,-1,-1
843,163,392.79,459.83,108.96,124.99,0.8525,-1,-1,-1
843,173,426.31,423.65,31.75,93.45,0.5739,-1,-1,-1
843,147,224.83,461.32,102.97,108.00,0.9085,-1,-1,-1
843,221,-0.70,413.11,48.34,133.54,0.8345,-1,-1,-1
843,214,1562.48,393.84,49.52,155.38,0.8569,-1,-1,-1
843,164,148.46,436.67,113.13,135.26,0.7607,-1,-1,-1
843,183,644.85,425.48,27.49,74.94,0.6713,-1,-1,-1
843,191,864.62,422.91,22.77,72.43,0.7451,-1,-1,-1
843,212,836.25,427.68,25.23,74.31,0.6365,-1,-1,-1
843,200,1187.63,416.15,25.41,76.09,0.8027,-1,-1,-1
843,210,110.00,422.15,42.72,109.04,0.5837,-1,-1,-1
843,227,1149.80,415.40,26.17,79.92,0.8091,-1,-1,-1
843,228,755.18,428.42,24.85,68.85,0.7430,-1,-1,-1
843,229,1355.22,403.45,40.32,127.71,0.6881,-1,-1,-1
843,195,413.31,414.14,35.76,101.92,0.6077,-1,-1,-1
844,205,1350.14,363.55,102.17,280.53,0.9538,-1,-1,-1
844,193,1436.48,381.02,71.71,184.68,0.9303,-1,-1,-1
844,194,1518.57,379.15,71.16,186.03,0.9338,-1,-1,-1
844,209,1492.30,398.63,47.03,144.23,0.8482,-1,-1,-1
844,215,1285.50,393.88,67.64,162.89,0.9358,-1,-1,-1
844,216,1748.85,322.73,142.09,374.01,0.9634,-1,-1,-1
844,79,1219.74,417.46,23.80,69.87,0.7891,-1,-1,-1
844,202,1258.15,406.53,26.94,82.25,0.7477,-1,-1,-1
844,186,882.71,417.73,28.98,80.70,0.7999,-1,-1,-1
844,178,283.31,451.10,111.27,123.74,0.9144,-1,-1,-1
844,163,380.93,460.81,108.76,123.70,0.7625,-1,-1,-1
844,173,413.58,423.52,31.94,93.92,0.6002,-1,-1,-1
844,147,212.17,461.01,103.70,108.73,0.9092,-1,-1,-1
844,221,-20.20,412.95,48.23,132.62,0.7671,-1,-1,-1
844,214,1553.78,394.56,49.73,155.48,0.8295,-1,-1,-1
844,164,134.48,450.39,103.63,122.74,0.7405,-1,-1,-1
844,183,632.98,425.65,28.07,76.74,0.7073,-1,-1,-1
844,191,854.92,422.39,23.08,73.51,0.8061,-1,-1,-1
844,212,826.89,429.09,25.15,73.86,0.7496,-1,-1,-1
844,200,1177.54,416.20,25.11,75.90,0.7945,-1,-1,-1
844,227,1138.59,416.01,24.59,75.06,0.7821,-1,-1,-1
844,228,746.14,428.65,24.26,67.33,0.7116,-1,-1,-1
844,229,1342.58,402.86,40.90,129.69,0.8067,-1,-1,-1
845,205,1343.52,361.79,100.41,276.69,0.9460,-1,-1,-1
845,193,1429.88,381.65,70.85,183.33,0.9381,-1,-1,-1
845,194,1509.10,379.21,71.13,185.49,0.9329,-1,-1,-1
845,209,1483.78,398.41,47.42,146.01,0.8620,-1,-1,-1
845,215,1275.32,393.29,68.54,163.70,0.9333,-1,-1,-1
845,216,1744.11,321.38,144.91,376.36,0.9493,-1,-1,-1
845,79,1210.76,418.07,23.24,68.26,0.7840,-1,-1,-1
845,186,874.32,418.88,29.25,80.92,0.7560,-1,-1,-1
845,178,270.38,453.08,111.73,123.36,0.8963,-1,-1,-1
845,147,198.44,462.22,105.44,110.34,0.8777,-1,-1,-1
845,214,1542.13,394.25,50.02,155.94,0.7672,-1,-1,-1
845,164,123.00,455.76,100.93,118.61,0.6879,-1,-1,-1
845,183,621.91,426.31,28.24,77.42,0.6978,-1,-1,-1
845,191,845.42,422.10,23.42,74.82,0.8079,-1,-1,-1
845,212,817.04,428.64,25.40,75.03,0.6978,-1,-1,-1
845,200,1169.07,416.76,24.74,75.36,0.7809,-1,-1,-1
845,227,1129.77,416.79,22.99,70.18,0.7509,-1,-1,-1
845,228,736.79,428.01,23.59,65.74,0.7321,-1,-1,-1
845,229,1332.37,402.97,40.78,129.31,0.8163,-1,-1,-1
845,210,81.03,422.38,59.05,146.79,0.7967,-1,-1,-1
846,205,1335.90,360.30,99.61,276.20,0.9392,-1,-1,-1
846,193,1422.17,380.85,70.66,183.74,0.9236,-1,-1,-1
846,194,1500.02,377.51,71.82,187.11,0.9430,-1,-1,-1
846,209,1476.58,398.19,45.25,138.71,0.8381,-1,-1,-1
846,215,1265.51,392.97,68.89,163.56,0.9235,-1,-1,-1
846,216,1740.21,321.49,146.50,376.42,0.9483,-1,-1,-1
846,79,1200.94,417.99,23.99,70.86,0.7242,-1,-1,-1
846,186,867.14,419.07,29.19,80.99,0.7217,-1,-1,-1
846,178,258.78,453.88,112.60,124.07,0.9084,-1,-1,-1
846,147,185.69,463.18,107.16,112.26,0.8991,-1,-1,-1
846,214,1533.78,395.12,49.49,152.54,0.7127,-1,-1,-1
846,164,99.14,436.18,120.32,142.18,0.8728,-1,-1,-1
846,191,835.64,421.96,23.39,74.87,0.6467,-1,-1,-1
846,200,1159.43,416.90,24.76,76.03,0.6503,-1,-1,-1
846,227,1121.03,417.46,22.60,68.96,0.7357,-1,-1,-1
846,228,728.05,429.56,23.18,64.78,0.7117,-1,-1,-1
846,229,1321.37,401.91,41.27,131.15,0.7870,-1,-1,-1
846,210,58.76,424.23,59.67,146.89,0.7148,-1,-1,-1
846,202,1242.34,405.80,29.39,89.83,0.7610,-1,-1,-1
847,205,1328.74,359.13,98.99,275.63,0.9586,-1,-1,-1
847,193,1413.72,379.51,70.26,183.47,0.9367,-1,-1,-1
847,194,1492.68,377.42,70.40,183.28,0.9191,-1,-1,-1
847,209,1468.30,399.80,44.25,134.99,0.8455,-1,-1,-1
847,215,1256.38,391.54,69.32,164.38,0.9357,-1,-1,-1
847,216,1734.17,320.12,148.39,378.50,0.9551,-1,-1,-1
847,79,1191.65,418.61,23.92,70.92,0.8152,-1,-1,-1
847,178,246.27,453.65,113.51,124.77,0.9275,-1,-1,-1
847,147,174.19,464.56,106.25,111.13,0.9081,-1,-1,-1
847,214,1523.05,391.32,51.44,157.06,0.7935,-1,-1,-1
847,164,82.01,432.26,124.53,147.16,0.7869,-1,-1,-1
847,191,826.31,421.98,23.72,76.23,0.7016,-1,-1,-1
847,200,1151.14,418.02,23.41,72.30,0.7678,-1,-1,-1
847,227,1111.73,416.35,23.77,72.74,0.7094,-1,-1,-1
847,228,718.37,430.41,22.85,64.03,0.7509,-1,-1,-1
847,229,1312.33,401.13,40.92,130.27,0.8120,-1,-1,-1
847,210,41.72,424.91,57.20,140.97,0.7575,-1,-1,-1
847,202,1235.03,407.20,28.73,88.29,0.7189,-1,-1,-1
847,163,344.01,464.38,109.65,124.15,0.7660,-1,-1,-1
847,183,600.62,425.79,29.14,80.27,0.7258,-1,-1,-1
847,212,798.29,428.91,24.97,73.94,0.5806,-1,-1,-1
848,205,1321.31,357.82,98.63,275.92,0.9426,-1,-1,-1
848,193,1407.54,378.14,69.70,183.39,0.9354,-1,-1,-1
848,194,1484.08,376.53,69.78,182.30,0.9411,-1,-1,-1
848,209,1460.46,400.89,43.38,132.31,0.8624,-1,-1,-1
848,215,1247.53,389.26,70.48,167.36,0.9265,-1,-1,-1
848,216,1728.55,316.92,150.70,381.56,0.9702,-1,-1,-1
848,79,1183.85,418.65,23.58,70.04,0.7402,-1,-1,-1
848,178,234.88,454.16,114.03,125.02,0.9238,-1,-1,-1
848,147,160.69,465.70,107.28,111.56,0.8934,-1,-1,-1
848,214,1515.84,394.83,50.32,152.10,0.7849,-1,-1,-1
848,191,817.85,422.65,23.20,74.53,0.7663,-1,-1,-1
848,200,1141.32,417.12,24.72,76.73,0.7230,-1,-1,-1
848,227,1103.63,416.01,24.60,75.43,0.7691,-1,-1,-1
848,228,708.78,429.96,23.19,65.28,0.6374,-1,-1,-1
848,229,1302.95,400.43,41.15,131.35,0.8155,-1,-1,-1
848,210,28.82,425.05,50.49,124.32,0.7711,-1,-1,-1
848,163,335.04,463.92,110.50,124.19,0.7088,-1,-1,-1
848,183,591.67,426.64,27.38,75.45,0.6327,-1,-1,-1
849,205,1316.27,359.19,98.18,275.18,0.9201,-1,-1,-1
849,193,1401.74,379.25,69.52,184.27,0.9125,-1,-1,-1
849,194,1477.60,376.48,70.98,185.12,0.9242,-1,-1,-1
849,209,1454.98,403.37,43.08,131.38,0.8319,-1,-1,-1
849,215,1240.94,388.93,71.42,170.68,0.9071,-1,-1,-1
849,216,1723.06,316.26,153.10,386.22,0.9556,-1,-1,-1
849,79,1176.94,419.83,24.46,72.85,0.7700,-1,-1,-1
849,178,225.87,456.88,114.80,125.98,0.9223,-1,-1,-1
849,147,150.22,466.86,109.80,113.93,0.9068,-1,-1,-1
849,214,1508.37,394.93,50.88,152.84,0.6721,-1,-1,-1
849,200,1135.43,418.21,24.39,76.12,0.7654,-1,-1,-1
849,229,1296.18,400.67,42.77,136.83,0.7507,-1,-1,-1
849,210,15.13,427.59,54.25,135.26,0.7850,-1,-1,-1
849,163,322.71,466.30,108.67,123.31,0.7560,-1,-1,-1
849,183,584.20,429.03,26.92,74.10,0.6622,-1,-1,-1
850,205,1312.66,360.95,97.39,273.61,0.9205,-1,-1,-1
850,193,1395.53,380.22,69.03,184.17,0.9280,-1,-1,-1
850,194,1472.73,378.56,71.44,184.40,0.9212,-1,-1,-1
850,209,1449.78,405.28,42.61,129.73,0.7847,-1,-1,-1
850,215,1233.69,389.84,71.14,171.93,0.9031,-1,-1,-1
850,216,1719.17,316.80,154.29,387.15,0.9678,-1,-1,-1
850,79,1169.19,421.56,24.88,74.32,0.7910,-1,-1,-1
850,178,218.10,457.91,114.65,125.89,0.9105,-1,-1,-1
850,147,140.96,468.20,110.94,114.80,0.8955,-1,-1,-1
850,200,1129.36,420.56,23.57,73.64,0.7254,-1,-1,-1
850,229,1288.95,401.61,43.45,139.70,0.7620,-1,-1,-1
850,210,4.11,429.28,53.41,135.03,0.7540,-1,-1,-1
850,163,314.32,468.27,111.10,126.11,0.7656,-1,-1,-1
850,164,88.18,444.89,96.54,133.65,0.7057,-1,-1,-1
850,173,345.99,428.89,34.25,101.35,0.7705,-1,-1,-1
850,191,802.84,426.72,23.81,75.88,0.6357,-1,-1,-1
851,205,1310.04,360.89,96.54,272.61,0.9265,-1,-1,-1
851,193,1391.25,377.86,69.30,185.49,0.9330,-1,-1,-1
851,194,1467.28,376.63,71.93,185.50,0.9310,-1,-1,-1
851,209,1444.56,402.55,43.76,132.81,0.8129,-1,-1,-1
851,215,1229.78,388.12,70.88,172.81,0.9081,-1,-1,-1
851,216,1717.10,313.53,155.87,390.32,0.9712,-1,-1,-1
851,79,1164.32,420.75,24.62,73.99,0.7751,-1,-1,-1
851,178,203.00,457.95,122.84,134.71,0.9329,-1,-1,-1
851,147,131.59,468.58,111.54,115.09,0.9010,-1,-1,-1
851,200,1124.23,420.44,22.87,71.78,0.7042,-1,-1,-1
851,229,1284.29,400.13,42.45,137.12,0.7455,-1,-1,-1
851,210,-5.04,429.92,49.04,124.96,0.7469,-1,-1,-1
851,163,307.38,467.36,114.18,129.81,0.8674,-1,-1,-1
851,164,82.05,458.81,89.26,123.76,0.6534,-1,-1,-1
851,173,337.88,428.94,34.62,102.87,0.7589,-1,-1,-1
852,205,1307.54,365.03,96.42,272.28,0.9076,-1,-1,-1
852,193,1388.36,380.26,68.75,185.10,0.9089,-1,-1,-1
852,194,1463.13,379.23,71.31,184.14,0.9101,-1,-1,-1
852,209,1440.90,403.95,44.40,135.31,0.6863,-1,-1,-1
852,215,1225.85,388.29,70.86,175.77,0.8862,-1,-1,-1
852,216,1714.52,312.73,158.23,394.66,0.9490,-1,-1,-1
852,79,1159.50,422.56,24.80,74.29,0.6890,-1,-1,-1
852,178,198.78,461.55,118.79,130.19,0.9157,-1,-1,-1
852,147,123.26,469.87,112.10,115.60,0.8881,-1,-1,-1
852,229,1279.04,402.18,42.42,137.86,0.7144,-1,-1,-1
852,210,-14.11,433.27,45.97,117.12,0.6424,-1,-1,-1
852,163,300.60,469.97,115.55,131.65,0.7921,-1,-1,-1
852,164,46.83,445.48,104.86,144.58,0.7942,-1,-1,-1
852,166,382.95,471.94,102.49,129.38,0.5927,-1,-1,-1
852,212,762.24,432.18,25.68,75.45,0.6064,-1,-1,-1
852,214,1494.10,396.21,49.07,147.46,0.5755,-1,-1,-1
852,191,792.57,429.60,23.95,75.69,0.7276,-1,-1,-1
853,205,1305.26,368.87,96.12,271.31,0.9381,-1,-1,-1
853,193,1387.03,382.75,67.90,183.62,0.9299,-1,-1,-1
853,194,1459.17,380.85,71.18,184.08,0.9333,-1,-1,-1
853,209,1436.21,406.90,44.81,136.28,0.8425,-1,-1,-1
853,215,1224.81,394.66,68.02,170.26,0.9264,-1,-1,-1
853,216,1715.37,314.34,159.36,396.79,0.9673,-1,-1,-1
853,79,1156.12,425.18,23.40,69.95,0.8025,-1,-1,-1
853,178,193.66,464.32,116.95,128.28,0.9319,-1,-1,-1
853,147,119.95,474.00,109.88,113.10,0.8933,-1,-1,-1
853,229,1274.51,405.09,41.14,134.06,0.8536,-1,-1,-1
853,163,294.99,473.17,115.34,131.45,0.8614,-1,-1,-1
853,164,38.32,464.54,96.04,130.29,0.8834,-1,-1,-1
853,191,789.59,432.06,23.60,74.25,0.5731,-1,-1,-1
853,186,830.73,424.37,29.86,84.19,0.7219,-1,-1,-1
853,227,1073.73,421.82,26.41,81.24,0.7535,-1,-1,-1
853,228,678.53,438.87,23.90,67.95,0.5891,-1,-1,-1
853,183,557.94,435.27,27.98,77.19,0.6643,-1,-1,-1
853,200,1114.88,425.18,22.53,71.02,0.7617,-1,-1,-1
853,173,323.42,433.89,34.21,102.32,0.7903,-1,-1,-1
854,205,1303.40,369.25,96.69,271.43,0.9276,-1,-1,-1
854,193,1385.21,383.79,67.14,182.17,0.9059,-1,-1,-1
854,194,1455.95,379.99,71.52,185.42,0.9337,-1,-1,-1
854,209,1434.09,406.10,44.38,135.33,0.8006,-1,-1,-1
854,215,1223.03,394.98,66.89,168.95,0.9021,-1,-1,-1
854,216,1716.95,320.63,157.29,390.66,0.9169,-1,-1,-1
854,79,1153.19,425.57,21.56,64.16,0.7632,-1,-1,-1
854,178,187.23,464.62,116.96,127.54,0.9220,-1,-1,-1
854,147,115.23,475.04,108.48,111.21,0.9079,-1,-1,-1
854,229,1271.24,405.62,40.94,133.47,0.8362,-1,-1,-1
854,163,287.55,473.41,116.09,132.68,0.7138,-1,-1,-1
854,164,31.68,473.84,90.99,120.83,0.8374,-1,-1,-1
854,191,785.79,431.20,23.52,74.19,0.7219,-1,-1,-1
854,236,396.50,438.48,29.02,80.06,0.7767,-1,-1,-1
854,237,1134.72,428.36,19.08,61.02,0.5818,-1,-1,-1
854,238,518.22,440.03,26.14,74.39,0.7314,-1,-1,-1
854,186,829.68,423.06,28.26,81.18,0.6637,-1,-1,-1
854,227,1071.29,422.15,24.32,74.45,0.7552,-1,-1,-1
854,183,553.88,436.09,27.28,75.77,0.6027,-1,-1,-1
854,200,1111.49,425.13,21.29,66.77,0.6277,-1,-1,-1
854,173,317.47,433.15,35.00,105.20,0.7896,-1,-1,-1
854,212,756.27,437.83,24.48,71.87,0.6088,-1,-1,-1
855,205,1304.18,369.49,97.32,271.52,0.9240,-1,-1,-1
855,193,1384.11,383.20,66.71,180.74,0.9105,-1,-1,-1
855,194,1454.33,379.39,71.56,185.93,0.9228,-1,-1,-1
855,209,1430.84,403.93,46.44,142.14,0.8166,-1,-1,-1
855,215,1221.48,391.60,67.24,172.03,0.9011,-1,-1,-1
855,216,1721.51,322.95,156.38,386.65,0.9196,-1,-1,-1
855,79,1151.26,424.14,21.61,64.36,0.6176,-1,-1,-1
855,178,183.88,464.61,116.77,126.80,0.9010,-1,-1,-1
855,147,109.34,475.30,108.40,110.48,0.8906,-1,-1,-1
855,229,1268.89,404.34,41.31,134.14,0.8171,-1,-1,-1
855,163,285.39,473.64,114.74,131.35,0.7252,-1,-1,-1
855,164,25.44,474.21,91.92,119.74,0.6601,-1,-1,-1
855,191,782.31,429.41,24.69,77.75,0.6961,-1,-1,-1
855,236,392.26,437.18,28.53,78.72,0.7392,-1,-1,-1
855,186,828.12,422.74,27.89,81.04,0.6153,-1,-1,-1
855,173,315.13,431.70,33.03,99.15,0.7543,-1,-1,-1
855,239,-9.38,436.59,46.95,127.84,0.6791,-1,-1,-1
855,228,673.45,437.29,23.65,67.67,0.6408,-1,-1,-1
856,205,1304.63,369.58,98.22,272.03,0.9182,-1,-1,-1
856,193,1382.96,383.66,66.76,180.67,0.9129,-1,-1,-1
856,194,1454.04,380.06,71.50,186.14,0.9130,-1,-1,-1
856,209,1428.93,403.13,47.35,145.54,0.8115,-1,-1,-1
856,215,1219.53,390.16,67.19,174.06,0.8994,-1,-1,-1
856,216,1722.54,317.17,159.33,395.04,0.9411,-1,-1,-1
856,79,1150.19,424.14,22.14,65.35,0.6994,-1,-1,-1
856,178,180.15,464.83,118.09,127.40,0.8525,-1,-1,-1
856,147,107.69,475.39,108.83,110.65,0.6058,-1,-1,-1
856,229,1266.39,403.68,41.78,135.72,0.7950,-1,-1,-1
856,191,780.69,429.10,24.89,78.63,0.7388,-1,-1,-1
856,239,-13.81,435.00,49.40,134.84,0.6898,-1,-1,-1
856,213,1296.50,398.61,54.47,164.57,0.5843,-1,-1,-1
856,212,751.29,434.12,25.76,75.83,0.6682,-1,-1,-1
857,205,1308.48,369.11,98.10,271.36,0.9231,-1,-1,-1
857,193,1385.22,383.79,66.13,179.32,0.9197,-1,-1,-1
857,194,1457.39,379.83,71.10,185.32,0.9231,-1,-1,-1
857,209,1430.00,401.02,47.09,145.08,0.8491,-1,-1,-1
857,215,1220.69,393.35,65.52,170.82,0.8972,-1,-1,-1
857,216,1727.17,312.31,161.68,401.02,0.9601,-1,-1,-1
857,79,1149.53,423.20,23.23,68.43,0.6296,-1,-1,-1
857,178,177.73,464.42,119.60,128.06,0.9215,-1,-1,-1
857,147,107.85,475.60,108.24,109.82,0.8911,-1,-1,-1
857,229,1267.12,403.18,41.71,135.41,0.8076,-1,-1,-1
857,191,780.78,428.05,24.94,78.52,0.7224,-1,-1,-1
857,239,-14.30,433.71,52.47,143.87,0.7052,-1,-1,-1
857,240,870.27,434.97,22.29,70.33,0.6507,-1,-1,-1
857,213,1298.10,398.65,52.15,154.73,0.7781,-1,-1,-1
857,212,749.83,432.13,26.13,77.18,0.6819,-1,-1,-1
857,238,515.47,438.74,26.35,74.90,0.6001,-1,-1,-1
857,227,1067.12,419.79,25.55,77.72,0.6370,-1,-1,-1
857,163,283.75,473.09,115.20,131.67,0.6785,-1,-1,-1
857,236,384.71,435.76,32.88,90.92,0.6904,-1,-1,-1
857,173,310.65,431.09,32.71,98.58,0.7593,-1,-1,-1
857,228,672.73,436.18,22.83,65.92,0.6715,-1,-1,-1
858,205,1314.38,367.95,97.17,268.90,0.9378,-1,-1,-1
858,193,1389.04,383.08,66.27,180.18,0.9222,-1,-1,-1
858,194,1461.93,379.86,70.73,183.68,0.9174,-1,-1,-1
858,209,1432.89,399.23,46.56,143.55,0.8404,-1,-1,-1
858,215,1224.25,393.90,65.04,169.55,0.8983,-1,-1,-1
858,216,1737.23,309.38,162.57,404.12,0.9547,-1,-1,-1
858,79,1151.07,421.95,22.90,67.82,0.7362,-1,-1,-1
858,178,183.16,464.74,119.12,126.96,0.9137,-1,-1,-1
858,147,110.95,476.40,108.33,109.50,0.8705,-1,-1,-1
858,229,1269.90,403.41,41.34,133.93,0.7735,-1,-1,-1
858,191,783.26,427.31,24.75,78.03,0.7015,-1,-1,-1
858,240,874.12,434.59,19.70,61.99,0.6260,-1,-1,-1
858,213,1300.15,398.39,50.38,150.10,0.7797,-1,-1,-1
858,212,754.72,431.72,25.40,75.90,0.5887,-1,-1,-1
858,238,517.99,437.96,25.87,73.46,0.6409,-1,-1,-1
858,227,1068.44,418.97,25.08,75.96,0.7213,-1,-1,-1
858,163,286.91,473.28,114.71,130.72,0.8244,-1,-1,-1
858,173,311.40,430.56,32.95,99.47,0.8323,-1,-1,-1
858,228,676.16,436.17,20.54,59.54,0.7078,-1,-1,-1
858,237,1135.58,423.93,20.94,66.66,0.6041,-1,-1,-1
858,183,545.88,434.08,28.12,77.43,0.6416,-1,-1,-1
858,200,1108.93,422.70,22.82,70.99,0.6677,-1,-1,-1
859,205,1321.72,365.43,95.19,264.41,0.9455,-1,-1,-1
859,193,1395.22,380.98,65.55,179.18,0.9401,-1,-1,-1
859,194,1468.00,377.17,70.62,183.52,0.9353,-1,-1,-1
859,209,1441.10,397.63,44.47,137.15,0.8266,-1,-1,-1
859,215,1229.25,392.46,65.39,169.51,0.9299,-1,-1,-1
859,216,1751.13,304.15,163.68,408.11,0.9493,-1,-1,-1
859,79,1155.48,419.12,22.96,68.03,0.7338,-1,-1,-1
859,178,187.67,463.14,118.46,125.64,0.9241,-1,-1,-1
859,147,114.82,473.17,109.62,110.73,0.8973,-1,-1,-1
859,229,1275.57,400.97,40.75,132.46,0.8514,-1,-1,-1
859,213,1306.14,397.12,48.16,143.43,0.8044,-1,-1,-1
859,212,759.26,429.79,24.89,74.49,0.6169,-1,-1,-1
859,238,522.18,434.91,26.91,76.36,0.8228,-1,-1,-1
859,227,1073.17,415.85,26.09,79.37,0.7743,-1,-1,-1
859,163,290.72,470.09,114.60,130.39,0.9072,-1,-1,-1
859,173,314.30,428.68,32.49,98.00,0.8270,-1,-1,-1
859,228,678.20,432.97,21.46,62.46,0.5965,-1,-1,-1
859,164,18.53,468.86,120.28,124.06,0.8825,-1,-1,-1
859,183,549.07,432.35,28.12,77.61,0.6787,-1,-1,-1
859,200,1113.83,419.12,23.23,72.43,0.7564,-1,-1,-1
859,188,371.09,422.30,29.44,88.33,0.6589,-1,-1,-1
859,195,338.66,432.26,32.01,91.94,0.6149,-1,-1,-1
859,166,374.09,476.97,103.42,125.80,0.8689,-1,-1,-1
859,239,0.06,431.62,47.82,131.55,0.7211,-1,-1,-1
859,236,390.09,433.23,29.66,82.42,0.6640,-1,-1,-1
860,205,1328.29,362.18,95.23,265.02,0.9382,-1,-1,-1
860,193,1401.01,379.93,65.10,178.82,0.9222,-1,-1,-1
860,194,1474.11,374.14,71.55,185.70,0.9382,-1,-1,-1
860,209,1447.07,396.37,44.80,137.87,0.8166,-1,-1,-1
860,215,1234.56,390.49,66.26,170.38,0.9095,-1,-1,-1
860,216,1762.46,305.21,162.21,408.66,0.9265,-1,-1,-1
860,79,1160.56,417.72,22.85,67.66,0.7718,-1,-1,-1
860,178,191.91,461.44,118.05,124.69,0.9128,-1,-1,-1
860,147,114.92,471.50,111.16,111.19,0.8773,-1,-1,-1
860,229,1281.05,399.54,39.74,129.65,0.7915,-1,-1,-1
860,213,1310.13,396.57,47.13,138.69,0.8147,-1,-1,-1
860,212,762.87,428.38,24.68,73.94,0.6534,-1,-1,-1
860,238,526.56,433.24,27.18,76.90,0.6862,-1,-1,-1
860,227,1078.52,414.96,24.20,73.14,0.6765,-1,-1,-1
860,163,292.65,468.28,115.04,130.71,0.7677,-1,-1,-1
860,173,316.88,425.79,32.70,98.34,0.8006,-1,-1,-1
860,228,682.01,431.28,21.45,62.53,0.7301,-1,-1,-1
860,164,23.08,467.39,118.58,122.09,0.5884,-1,-1,-1
860,200,1117.86,416.55,22.99,71.62,0.6426,-1,-1,-1
860,239,7.86,430.56,46.85,129.14,0.6947,-1,-1,-1
860,185,394.68,431.27,24.65,73.64,0.6405,-1,-1,-1
860,202,1225.00,401.38,29.74,92.40,0.6931,-1,-1,-1
860,186,846.52,417.01,26.61,79.15,0.7884,-1,-1,-1
860,191,791.90,422.89,24.20,76.18,0.7810,-1,-1,-1
860,237,1141.05,418.40,20.45,64.80,0.5778,-1,-1,-1
861,205,1333.76,359.92,96.00,268.42,0.9420,-1,-1,-1
861,193,1405.55,380.05,64.35,177.36,0.9047,-1,-1,-1
861,194,1480.71,375.07,70.96,184.31,0.9313,-1,-1,-1
861,209,1452.28,396.86,43.11,132.32,0.7748,-1,-1,-1
861,215,1238.50,391.19,66.07,169.82,0.9004,-1,-1,-1
861,216,1773.96,304.55,159.79,409.01,0.9339,-1,-1,-1
861,79,1164.37,418.22,22.43,66.63,0.7457,-1,-1,-1
861,178,194.26,461.32,118.68,125.23,0.9119,-1,-1,-1
861,147,113.51,471.41,113.41,112.69,0.9063,-1,-1,-1
861,229,1284.27,399.33,39.52,129.51,0.8270,-1,-1,-1
861,213,1313.43,396.65,46.60,137.49,0.8102,-1,-1,-1
861,212,764.86,428.51,25.10,75.07,0.6636,-1,-1,-1
861,238,529.99,433.10,26.45,74.78,0.6649,-1,-1,-1
861,227,1082.33,414.80,23.37,70.16,0.7330,-1,-1,-1
861,163,292.23,467.21,117.64,133.51,0.6947,-1,-1,-1
861,173,316.39,425.90,33.87,100.25,0.8047,-1,-1,-1
861,228,684.22,431.11,21.47,63.03,0.7413,-1,-1,-1
861,164,22.96,467.55,119.28,122.49,0.9150,-1,-1,-1
861,200,1120.26,416.84,22.79,70.83,0.6376,-1,-1,-1
861,239,12.23,431.84,46.30,127.96,0.7759,-1,-1,-1
861,185,396.23,431.74,25.63,74.94,0.6299,-1,-1,-1
861,186,849.99,416.14,27.40,83.21,0.7746,-1,-1,-1
861,191,794.24,422.68,24.19,76.64,0.7398,-1,-1,-1
862,205,1338.54,358.45,95.56,267.49,0.9494,-1,-1,-1
862,193,1409.23,378.36,64.50,177.72,0.9240,-1,-1,-1
862,194,1485.35,373.72,70.86,184.23,0.9411,-1,-1,-1
862,209,1455.88,396.22,43.66,133.41,0.8387,-1,-1,-1
862,215,1241.08,390.57,66.41,170.04,0.9295,-1,-1,-1
862,216,1783.15,298.86,160.41,418.48,0.9374,-1,-1,-1
862,79,1165.66,417.27,23.41,69.84,0.7626,-1,-1,-1
862,178,194.36,459.63,118.76,124.98,0.9200,-1,-1,-1
862,147,114.35,469.50,114.35,113.26,0.8793,-1,-1,-1
862,229,1287.88,398.60,39.11,128.57,0.8387,-1,-1,-1
862,213,1316.56,397.40,46.29,136.20,0.8464,-1,-1,-1
862,238,531.78,431.95,26.77,75.81,0.7283,-1,-1,-1
862,227,1084.45,414.49,23.41,70.01,0.7886,-1,-1,-1
862,163,292.33,465.42,119.17,135.01,0.8359,-1,-1,-1
862,173,315.85,425.22,34.19,100.08,0.7963,-1,-1,-1
862,164,22.33,466.40,119.83,122.66,0.9225,-1,-1,-1
862,200,1123.05,417.15,22.46,70.08,0.6606,-1,-1,-1
862,239,16.40,432.17,42.20,116.87,0.7943,-1,-1,-1
862,185,396.26,430.55,26.31,76.17,0.7122,-1,-1,-1
862,191,795.31,422.26,23.74,75.46,0.6400,-1,-1,-1
863,205,1342.55,358.26,95.56,268.06,0.9503,-1,-1,-1
863,193,1411.15,379.21,64.17,177.43,0.9289,-1,-1,-1
863,194,1488.14,373.85,71.19,184.65,0.9441,-1,-1,-1
863,209,1457.46,397.28,44.11,134.27,0.8501,-1,-1,-1
863,215,1242.86,389.97,67.41,172.35,0.9401,-1,-1,-1
863,216,1797.60,301.07,156.68,419.79,0.8684,-1,-1,-1
863,79,1166.31,417.64,23.33,70.14,0.7786,-1,-1,-1
863,178,192.75,458.00,120.37,126.68,0.9412,-1,-1,-1
863,147,113.03,468.85,115.33,113.90,0.9102,-1,-1,-1
863,229,1289.53,398.20,39.13,128.68,0.8279,-1,-1,-1
863,213,1315.96,397.07,47.82,140.79,0.8546,-1,-1,-1
863,238,532.18,431.77,26.81,76.18,0.7687,-1,-1,-1
863,227,1085.28,415.29,23.23,69.07,0.7959,-1,-1,-1
863,163,291.83,465.56,118.11,133.36,0.8589,-1,-1,-1
863,173,314.26,425.35,33.91,98.23,0.7704,-1,-1,-1
863,164,24.00,464.86,119.69,122.25,0.8545,-1,-1,-1
863,200,1125.26,417.75,21.69,67.54,0.7247,-1,-1,-1
863,239,18.51,431.79,41.03,113.60,0.8001,-1,-1,-1
863,185,394.86,430.27,26.89,77.10,0.6747,-1,-1,-1
863,191,795.78,422.45,23.30,74.12,0.5795,-1,-1,-1
863,183,552.09,428.18,28.42,78.83,0.5717,-1,-1,-1
863,195,341.15,428.18,31.16,90.54,0.7055,-1,-1,-1
863,166,377.15,476.13,103.89,122.53,0.7804,-1,-1,-1
863,228,684.04,430.41,21.92,64.89,0.6785,-1,-1,-1
863,186,855.20,417.97,26.29,79.99,0.7119,-1,-1,-1
864,205,1345.47,358.77,95.39,267.85,0.9513,-1,-1,-1
864,193,1411.51,378.53,64.35,178.69,0.9294,-1,-1,-1
864,194,1489.91,374.01,71.26,184.37,0.9440,-1,-1,-1
864,209,1458.90,398.46,43.99,133.27,0.8363,-1,-1,-1
864,215,1243.68,389.66,68.01,174.10,0.9450,-1,-1,-1
864,216,1807.57,299.05,154.58,428.26,0.8012,-1,-1,-1
864,79,1165.85,417.48,24.34,73.80,0.7746,-1,-1,-1
864,178,191.49,456.97,121.00,127.32,0.9239,-1,-1,-1
864,147,111.16,467.76,115.63,113.69,0.9016,-1,-1,-1
864,229,1290.32,397.74,38.44,126.04,0.7855,-1,-1,-1
864,213,1314.90,395.96,48.88,144.29,0.8541,-1,-1,-1
864,238,532.60,431.26,26.29,74.96,0.7734,-1,-1,-1
864,227,1084.98,415.52,24.01,71.01,0.8102,-1,-1,-1
864,163,290.15,464.98,118.10,133.16,0.8473,-1,-1,-1
864,173,312.98,425.43,33.27,96.17,0.8112,-1,-1,-1
864,164,22.98,463.92,119.93,122.12,0.8364,-1,-1,-1
864,200,1125.67,417.69,22.80,70.65,0.7137,-1,-1,-1
864,239,18.72,430.96,42.34,117.40,0.8097,-1,-1,-1
864,185,391.82,429.26,28.90,82.95,0.6469,-1,-1,-1
864,195,339.54,427.32,30.76,89.51,0.7349,-1,-1,-1
864,166,376.04,486.67,98.25,112.81,0.6713,-1,-1,-1
864,228,683.52,430.43,22.38,66.71,0.7416,-1,-1,-1
864,186,857.98,418.62,25.02,76.87,0.7534,-1,-1,-1
864,202,1236.43,401.26,27.88,87.11,0.6432,-1,-1,-1
865,205,1348.32,360.12,94.88,267.34,0.9557,-1,-1,-1
865,193,1412.27,378.07,64.56,180.06,0.9257,-1,-1,-1
865,194,1492.23,374.76,71.08,183.37,0.9444,-1,-1,-1
865,209,1459.37,399.37,43.68,132.46,0.8080,-1,-1,-1
865,215,1244.27,389.58,68.19,174.75,0.9473,-1,-1,-1
865,216,1816.01,298.87,152.51,434.80,0.8427,-1,-1,-1
865,79,1165.71,417.70,24.36,74.29,0.8075,-1,-1,-1
865,178,188.10,456.47,120.95,126.67,0.9275,-1,-1,-1
865,147,111.88,466.58,115.85,114.49,0.8723,-1,-1,-1
865,229,1290.64,397.82,38.72,126.87,0.8264,-1,-1,-1
865,213,1314.63,395.34,49.63,146.53,0.8705,-1,-1,-1
865,238,532.72,431.39,25.48,72.68,0.7110,-1,-1,-1
865,227,1084.56,416.10,23.73,69.95,0.8252,-1,-1,-1
865,163,287.28,464.41,119.44,134.41,0.9091,-1,-1,-1
865,173,310.16,425.57,34.30,97.66,0.8232,-1,-1,-1
865,164,37.96,463.25,114.20,117.87,0.6530,-1,-1,-1
865,200,1125.71,417.94,24.00,73.97,0.7795,-1,-1,-1
865,239,18.25,429.61,42.96,119.25,0.7776,-1,-1,-1
865,185,387.31,421.23,28.70,82.43,0.6441,-1,-1,-1
865,195,336.00,426.20,31.88,92.80,0.7769,-1,-1,-1
865,166,373.34,478.41,106.91,121.20,0.8027,-1,-1,-1
865,228,682.81,430.07,22.45,67.37,0.7482,-1,-1,-1
865,186,859.96,418.45,24.06,74.88,0.7934,-1,-1,-1
865,202,1237.51,401.69,28.04,88.36,0.6704,-1,-1,-1
865,188,368.18,422.36,28.88,87.21,0.6290,-1,-1,-1
865,191,795.07,422.49,23.27,74.14,0.7285,-1,-1,-1
866,205,1352.54,360.89,94.19,266.27,0.9576,-1,-1,-1
866,193,1413.57,377.71,64.49,180.59,0.9277,-1,-1,-1
866,194,1492.92,373.29,71.47,184.79,0.9527,-1,-1,-1
866,209,1458.14,399.75,44.69,135.32,0.8044,-1,-1,-1
866,215,1244.30,388.68,68.77,175.87,0.9459,-1,-1,-1
866,216,1826.22,304.51,146.35,429.16,0.7515,-1,-1,-1
866,79,1165.76,417.57,24.28,74.46,0.7766,-1,-1,-1
866,178,186.39,455.15,121.39,126.86,0.9248,-1,-1,-1
866,147,108.45,464.78,115.68,114.34,0.9163,-1,-1,-1
866,229,1290.83,396.77,40.61,133.46,0.7923,-1,-1,-1
866,213,1314.74,393.80,52.35,154.49,0.8772,-1,-1,-1
866,238,532.78,430.09,25.17,71.83,0.6604,-1,-1,-1
866,227,1084.04,415.89,24.45,71.81,0.8166,-1,-1,-1
866,163,285.52,463.07,119.60,134.88,0.8449,-1,-1,-1
866,173,307.01,423.81,35.54,99.11,0.8349,-1,-1,-1
866,164,24.85,461.64,118.02,121.04,0.8330,-1,-1,-1
866,200,1125.63,417.40,24.76,76.11,0.7350,-1,-1,-1
866,239,20.51,427.70,39.70,108.21,0.7433,-1,-1,-1
866,185,385.11,417.13,31.31,90.27,0.7726,-1,-1,-1
866,195,332.90,424.87,31.61,92.67,0.7219,-1,-1,-1
866,228,682.06,429.26,22.66,68.49,0.7520,-1,-1,-1
866,186,861.52,417.49,23.82,75.10,0.7934,-1,-1,-1
866,191,794.77,421.85,23.52,74.69,0.7372,-1,-1,-1
867,205,1355.92,363.95,93.56,264.10,0.9509,-1,-1,-1
867,193,1415.89,377.00,64.58,180.79,0.9334,-1,-1,-1
867,194,1495.10,373.29,71.53,185.33,0.9518,-1,-1,-1
867,209,1460.81,400.64,42.61,127.52,0.8156,-1,-1,-1
867,215,1243.62,388.19,69.69,176.27,0.9387,-1,-1,-1
867,216,1834.54,301.65,143.87,434.71,0.8368,-1,-1,-1
867,79,1166.39,417.80,24.17,74.51,0.7364,-1,-1,-1
867,178,185.15,453.10,122.72,128.26,0.8855,-1,-1,-1
867,147,112.23,462.53,113.70,113.82,0.8070,-1,-1,-1
867,229,1292.14,397.35,39.97,131.53,0.7604,-1,-1,-1
867,213,1314.87,392.87,53.52,157.92,0.8700,-1,-1,-1
867,238,532.45,428.50,25.45,72.44,0.6469,-1,-1,-1
867,227,1084.21,416.09,23.35,68.06,0.7401,-1,-1,-1
867,163,284.02,459.90,120.41,135.94,0.7134,-1,-1,-1
867,173,304.67,421.81,36.13,99.66,0.8006,-1,-1,-1
867,164,42.36,458.99,115.46,119.90,0.6131,-1,-1,-1
867,200,1126.27,417.04,24.83,76.49,0.6700,-1,-1,-1
867,239,20.52,424.84,41.81,114.16,0.7092,-1,-1,-1
867,185,383.61,414.52,32.94,94.86,0.7781,-1,-1,-1
867,195,331.36,423.48,30.52,89.92,0.7254,-1,-1,-1
867,228,681.73,428.33,23.02,69.78,0.7349,-1,-1,-1
867,186,863.12,416.72,23.59,75.21,0.7342,-1,-1,-1
867,191,794.56,420.75,24.03,75.77,0.7638,-1,-1,-1
867,240,886.14,427.52,21.90,68.10,0.5849,-1,-1,-1
867,183,546.40,426.17,28.42,77.77,0.6605,-1,-1,-1
868,205,1359.18,366.49,92.92,261.96,0.9425,-1,-1,-1
868,193,1416.44,376.98,64.89,181.76,0.9319,-1,-1,-1
868,194,1497.54,373.96,71.47,185.53,0.9527,-1,-1,-1
868,209,1462.70,400.74,41.53,123.58,0.8228,-1,-1,-1
868,215,1241.59,387.66,71.53,177.74,0.9358,-1,-1,-1
868,216,1847.99,298.80,142.71,436.16,0.7605,-1,-1,-1
868,79,1166.68,417.80,24.69,75.83,0.7370,-1,-1,-1
868,178,180.79,451.22,124.97,130.12,0.8643,-1,-1,-1
868,147,106.50,461.73,114.16,114.50,0.8150,-1,-1,-1
868,229,1291.45,396.77,40.05,131.64,0.7496,-1,-1,-1
868,213,1313.59,391.71,55.52,162.29,0.8713,-1,-1,-1
868,227,1084.26,416.31,23.67,68.43,0.7519,-1,-1,-1
868,163,283.71,459.56,118.29,133.22,0.6935,-1,-1,-1
868,173,301.16,420.37,36.46,99.86,0.7916,-1,-1,-1
868,239,17.03,423.89,47.74,130.07,0.6604,-1,-1,-1
868,185,381.91,413.09,33.71,97.07,0.7747,-1,-1,-1
868,195,330.30,422.71,29.41,86.60,0.6819,-1,-1,-1
868,228,679.16,427.18,23.19,70.26,0.5994,-1,-1,-1
868,186,864.66,416.66,23.17,73.92,0.7131,-1,-1,-1
868,191,794.21,419.72,24.66,77.51,0.7704,-1,-1,-1
868,240,885.16,427.07,22.01,68.04,0.5996,-1,-1,-1
869,205,1359.71,368.27,92.82,261.18,0.9348,-1,-1,-1
869,193,1416.32,377.38,65.00,182.12,0.9216,-1,-1,-1
869,194,1497.98,374.17,71.67,186.50,0.9489,-1,-1,-1
869,209,1464.57,400.95,39.96,118.55,0.7747,-1,-1,-1
869,215,1239.17,387.65,73.16,178.71,0.9228,-1,-1,-1
869,216,1856.95,300.40,140.47,433.40,0.7804,-1,-1,-1
869,79,1165.88,418.00,25.29,77.64,0.7250,-1,-1,-1
869,178,178.10,451.24,125.31,130.37,0.7998,-1,-1,-1
869,147,99.95,461.27,115.19,115.20,0.7851,-1,-1,-1
869,229,1290.06,397.20,39.97,132.12,0.6311,-1,-1,-1
869,213,1310.61,391.01,58.07,168.74,0.8698,-1,-1,-1
869,227,1083.13,416.38,25.62,73.52,0.5830,-1,-1,-1
869,163,280.07,459.49,118.21,133.06,0.5967,-1,-1,-1
869,173,296.24,420.33,36.52,100.38,0.6440,-1,-1,-1
869,185,379.94,413.71,33.33,96.12,0.7684,-1,-1,-1
869,186,865.25,416.19,24.24,77.54,0.7393,-1,-1,-1
869,191,791.13,418.02,26.88,84.33,0.7180,-1,-1,-1
869,212,758.53,422.70,27.95,82.67,0.6556,-1,-1,-1
870,205,1360.64,367.85,92.70,261.37,0.9415,-1,-1,-1
870,193,1415.84,377.37,65.16,182.70,0.9156,-1,-1,-1
870,194,1498.61,374.11,71.80,187.31,0.9474,-1,-1,-1
870,209,1463.09,401.55,41.19,121.83,0.7933,-1,-1,-1
870,215,1235.65,385.23,75.63,182.16,0.9276,-1,-1,-1
870,216,1860.19,303.44,138.67,434.23,0.7490,-1,-1,-1
870,79,1164.11,418.08,25.16,76.99,0.6871,-1,-1,-1
870,178,174.48,449.74,126.37,130.89,0.6434,-1,-1,-1
870,229,1288.44,397.84,41.45,137.63,0.6853,-1,-1,-1
870,213,1310.71,391.22,59.33,172.49,0.8754,-1,-1,-1
870,227,1079.94,415.52,26.82,77.13,0.6997,-1,-1,-1
870,173,294.28,419.04,35.00,96.13,0.7840,-1,-1,-1
870,185,379.56,410.98,33.66,96.98,0.7591,-1,-1,-1
870,186,865.00,415.52,23.99,77.10,0.7852,-1,-1,-1
870,191,790.91,419.01,25.14,78.74,0.8470,-1,-1,-1
870,183,539.83,425.52,28.79,77.63,0.6052,-1,-1,-1
870,239,21.85,420.94,40.66,111.17,0.7054,-1,-1,-1
870,195,322.57,420.53,29.84,87.93,0.7910,-1,-1,-1
870,228,673.44,425.23,24.62,72.95,0.6602,-1,-1,-1
871,205,1358.58,367.71,92.72,262.82,0.9362,-1,-1,-1
871,193,1412.97,378.31,66.01,185.58,0.9037,-1,-1,-1
871,194,1496.64,375.71,71.75,187.61,0.9479,-1,-1,-1
871,209,1458.11,402.48,44.17,130.64,0.6928,-1,-1,-1
871,215,1230.76,386.75,77.24,183.00,0.9359,-1,-1,-1
871,216,1865.87,306.71,136.92,433.69,0.8147,-1,-1,-1
871,79,1161.17,417.17,25.76,78.93,0.7401,-1,-1,-1
871,213,1308.36,391.78,60.04,174.75,0.8894,-1,-1,-1
871,173,286.47,414.43,37.82,104.00,0.7931,-1,-1,-1
871,186,862.58,415.35,25.17,80.96,0.7514,-1,-1,-1
871,191,787.67,419.32,24.90,78.13,0.7608,-1,-1,-1
871,239,16.06,414.70,44.04,121.42,0.7652,-1,-1,-1
871,195,317.12,419.38,31.70,92.89,0.6714,-1,-1,-1
871,228,669.51,424.96,25.19,74.33,0.8072,-1,-1,-1
871,200,1120.10,417.68,25.40,78.17,0.7162,-1,-1,-1
871,240,877.56,425.38,22.98,71.13,0.5877,-1,-1,-1
872,205,1355.17,367.75,91.80,260.71,0.9508,-1,-1,-1
872,193,1411.68,380.99,65.03,183.56,0.9216,-1,-1,-1
872,194,1494.43,379.05,71.06,185.93,0.9473,-1,-1,-1
872,209,1453.80,404.04,46.67,137.87,0.8244,-1,-1,-1
872,215,1227.71,390.86,76.94,179.31,0.9460,-1,-1,-1
872,216,1874.77,321.27,138.12,433.96,0.6617,-1,-1,-1
872,79,1157.32,419.51,25.58,79.20,0.8132,-1,-1,-1
872,213,1307.28,393.71,55.64,162.01,0.8742,-1,-1,-1
872,173,281.13,416.05,37.59,102.89,0.8310,-1,-1,-1
872,186,859.80,416.14,25.33,82.39,0.8376,-1,-1,-1
872,191,784.19,420.98,24.54,77.01,0.6914,-1,-1,-1
872,239,13.23,416.34,41.65,115.12,0.8020,-1,-1,-1
872,195,311.03,419.61,32.28,94.64,0.7930,-1,-1,-1
872,228,664.92,426.89,24.30,71.75,0.6443,-1,-1,-1
872,200,1117.13,420.48,24.40,75.53,0.7747,-1,-1,-1
872,163,264.94,456.35,120.91,135.84,0.8059,-1,-1,-1
872,178,163.01,448.19,126.75,130.51,0.9119,-1,-1,-1
872,229,1284.04,400.88,36.38,120.67,0.7131,-1,-1,-1
872,227,1073.75,417.54,25.62,73.51,0.8098,-1,-1,-1
872,185,374.25,411.63,31.77,91.27,0.6893,-1,-1,-1
873,205,1352.34,366.00,91.16,259.48,0.9557,-1,-1,-1
873,193,1408.45,381.61,64.63,182.32,0.9244,-1,-1,-1
873,194,1491.92,380.56,70.33,183.95,0.9420,-1,-1,-1
873,209,1451.37,404.19,47.18,138.94,0.8344,-1,-1,-1
873,215,1223.49,391.19,78.52,180.08,0.9504,-1,-1,-1
873,216,1876.12,355.45,127.49,397.65,0.6225,-1,-1,-1
873,79,1154.75,419.85,23.30,71.78,0.7506,-1,-1,-1
873,213,1303.80,394.77,53.84,155.46,0.8976,-1,-1,-1
873,173,274.62,414.88,38.50,105.51,0.8759,-1,-1,-1
873,186,857.14,415.10,25.12,82.50,0.8416,-1,-1,-1
873,191,780.52,420.96,24.02,75.68,0.6724,-1,-1,-1
873,239,8.74,415.22,42.47,118.14,0.8169,-1,-1,-1
873,195,303.66,417.65,32.61,96.61,0.7872,-1,-1,-1
873,228,661.01,426.11,24.66,72.53,0.8091,-1,-1,-1
873,200,1114.23,421.20,24.11,75.06,0.7510,-1,-1,-1
873,164,-10.35,452.45,119.93,124.61,0.9151,-1,-1,-1
873,147,75.84,457.99,119.97,116.37,0.9299,-1,-1,-1
873,163,259.96,457.16,120.13,134.45,0.8905,-1,-1,-1
873,178,154.66,447.26,130.37,133.06,0.9219,-1,-1,-1
873,229,1279.96,400.46,37.38,124.59,0.7498,-1,-1,-1
873,227,1071.32,417.27,24.63,70.65,0.7423,-1,-1,-1
873,185,370.03,411.05,32.23,91.89,0.7474,-1,-1,-1
873,238,520.75,425.55,27.96,77.27,0.7535,-1,-1,-1
874,205,1350.89,362.24,90.62,258.60,0.9469,-1,-1,-1
874,193,1405.44,379.64,64.90,182.29,0.8825,-1,-1,-1
874,194,1489.34,378.96,70.21,183.65,0.9305,-1,-1,-1
874,209,1446.63,401.39,48.47,142.84,0.7931,-1,-1,-1
874,215,1220.11,389.92,79.35,179.91,0.9441,-1,-1,-1
874,79,1150.60,416.53,23.59,73.41,0.7702,-1,-1,-1
874,213,1300.99,391.33,55.69,160.75,0.8899,-1,-1,-1
874,173,267.47,409.94,39.58,107.81,0.8481,-1,-1,-1
874,186,854.64,412.22,24.12,79.42,0.7195,-1,-1,-1
874,191,776.40,416.21,24.52,77.42,0.6605,-1,-1,-1
874,239,2.46,410.19,43.22,121.02,0.8070,-1,-1,-1
874,195,295.55,413.51,33.38,99.10,0.8165,-1,-1,-1
874,228,655.41,422.81,24.58,72.37,0.7231,-1,-1,-1
874,200,1110.95,417.97,23.97,74.45,0.7566,-1,-1,-1
874,164,-19.17,446.90,120.15,124.81,0.9045,-1,-1,-1
874,147,64.39,452.64,121.45,117.72,0.9280,-1,-1,-1
874,163,252.31,452.74,120.46,134.40,0.8543,-1,-1,-1
874,178,149.20,442.62,130.73,132.63,0.8945,-1,-1,-1
874,229,1273.98,397.61,39.80,133.39,0.7558,-1,-1,-1
874,185,364.68,405.91,33.79,95.68,0.6827,-1,-1,-1
874,242,1337.04,393.12,41.85,140.40,0.6100,-1,-1,-1
874,188,330.48,407.88,31.58,96.83,0.6715,-1,-1,-1
875,205,1349.18,362.11,90.50,257.85,0.9489,-1,-1,-1
875,193,1401.16,380.17,65.98,185.85,0.8686,-1,-1,-1
875,194,1486.58,379.83,70.14,182.65,0.9330,-1,-1,-1
875,209,1442.88,401.37,49.30,145.62,0.8508,-1,-1,-1
875,215,1214.54,386.74,81.34,183.38,0.9479,-1,-1,-1
875,79,1145.98,415.04,23.81,74.42,0.7846,-1,-1,-1
875,213,1296.56,390.45,56.10,160.01,0.8748,-1,-1,-1
875,173,260.35,408.19,37.96,104.72,0.8441,-1,-1,-1
875,186,851.02,410.28,24.04,79.58,0.7820,-1,-1,-1
875,191,771.70,415.13,24.33,76.29,0.6541,-1,-1,-1
875,239,-4.15,407.12,44.72,126.12,0.7647,-1,-1,-1
875,195,289.16,411.85,32.70,96.96,0.7988,-1,-1,-1
875,228,650.59,421.18,24.73,72.75,0.6664,-1,-1,-1
875,200,1107.39,416.51,22.59,69.75,0.6738,-1,-1,-1
875,164,-12.46,444.88,111.41,115.95,0.8060,-1,-1,-1
875,147,54.73,448.56,124.68,120.78,0.8979,-1,-1,-1
875,163,247.42,451.62,121.45,135.27,0.8589,-1,-1,-1
875,178,141.28,440.32,133.30,134.68,0.9160,-1,-1,-1
875,229,1272.76,398.69,36.07,120.47,0.6830,-1,-1,-1
875,185,360.43,403.20,32.84,92.24,0.6594,-1,-1,-1
875,242,1332.50,391.25,42.28,141.96,0.6014,-1,-1,-1
875,188,325.62,408.23,28.12,86.55,0.5837,-1,-1,-1
875,216,1881.23,368.55,120.45,371.63,0.5745,-1,-1,-1
875,227,1065.00,412.80,23.81,68.56,0.5986,-1,-1,-1
876,205,1346.37,360.39,91.27,259.84,0.9474,-1,-1,-1
876,193,1398.90,380.23,64.67,182.75,0.9016,-1,-1,-1
876,194,1484.01,379.33,70.17,182.73,0.9401,-1,-1,-1
876,209,1440.26,399.68,49.05,144.90,0.7701,-1,-1,-1
876,215,1211.16,386.10,81.66,182.91,0.9382,-1,-1,-1
876,79,1143.09,413.29,24.08,75.25,0.7090,-1,-1,-1
876,213,1291.31,388.68,59.55,170.39,0.8796,-1,-1,-1
876,173,253.42,405.24,36.55,101.23,0.8247,-1,-1,-1
876,186,848.17,407.77,23.83,79.19,0.8053,-1,-1,-1
876,191,767.55,411.40,25.07,78.98,0.7507,-1,-1,-1
876,239,-6.98,403.28,41.35,116.65,0.6621,-1,-1,-1
876,195,282.19,408.05,32.95,98.28,0.8021,-1,-1,-1
876,228,644.29,418.16,24.93,73.33,0.6954,-1,-1,-1
876,200,1103.54,415.23,22.24,68.90,0.7361,-1,-1,-1
876,147,46.90,445.33,129.25,125.21,0.8344,-1,-1,-1
876,178,134.40,438.05,132.48,132.79,0.8221,-1,-1,-1
876,229,1266.99,396.31,39.66,132.33,0.6471,-1,-1,-1
876,185,356.10,399.83,32.58,92.25,0.7562,-1,-1,-1
876,242,1329.60,388.34,43.02,144.57,0.7044,-1,-1,-1
876,216,1883.72,363.11,126.80,382.58,0.5705,-1,-1,-1
876,227,1059.80,410.47,24.18,69.63,0.6772,-1,-1,-1
876,212,735.30,411.88,27.10,81.13,0.5768,-1,-1,-1
877,205,1343.55,359.00,91.93,261.05,0.9479,-1,-1,-1
877,193,1396.28,379.28,64.18,181.09,0.9068,-1,-1,-1
877,194,1479.58,378.58,69.92,182.77,0.9411,-1,-1,-1
877,209,1437.09,399.16,48.03,142.35,0.6898,-1,-1,-1
877,215,1207.27,386.48,81.79,181.36,0.9396,-1,-1,-1
877,79,1139.37,412.16,22.48,70.23,0.6491,-1,-1,-1
877,213,1289.19,388.60,58.51,167.28,0.8672,-1,-1,-1
877,173,246.41,401.82,36.87,102.61,0.8054,-1,-1,-1
877,186,846.67,405.52,23.84,79.04,0.8203,-1,-1,-1
877,191,764.14,409.16,24.79,78.22,0.7478,-1,-1,-1
877,195,276.72,405.65,31.63,94.35,0.6672,-1,-1,-1
877,228,640.41,415.75,24.29,71.33,0.7293,-1,-1,-1
877,200,1099.13,413.59,22.84,70.89,0.6288,-1,-1,-1
877,147,51.83,441.78,126.64,123.30,0.5803,-1,-1,-1
877,229,1259.64,394.50,42.70,142.40,0.7249,-1,-1,-1
877,185,352.95,397.35,31.41,89.58,0.7739,-1,-1,-1
877,242,1326.01,386.37,43.87,147.36,0.7368,-1,-1,-1
877,227,1054.70,407.59,25.49,73.13,0.7135,-1,-1,-1
877,212,725.89,410.71,25.98,77.70,0.5706,-1,-1,-1
877,183,499.84,411.23,29.72,80.18,0.6442,-1,-1,-1
878,205,1343.04,357.58,91.39,259.30,0.9503,-1,-1,-1
878,193,1393.20,377.33,64.99,182.71,0.9028,-1,-1,-1
878,194,1476.30,375.78,69.81,182.35,0.9387,-1,-1,-1
878,215,1201.88,382.43,83.03,182.09,0.9479,-1,-1,-1
878,79,1135.61,408.23,23.49,74.22,0.7503,-1,-1,-1
878,213,1285.37,384.61,60.20,172.17,0.8867,-1,-1,-1
878,173,240.08,399.35,35.63,99.55,0.8443,-1,-1,-1
878,186,844.61,402.84,22.82,75.41,0.7464,-1,-1,-1
878,191,760.18,405.18,25.27,79.68,0.6898,-1,-1,-1
878,195,271.83,401.99,32.06,95.47,0.7425,-1,-1,-1
878,228,636.44,412.18,24.85,72.80,0.6783,-1,-1,-1
878,200,1096.08,409.48,23.66,73.86,0.7423,-1,-1,-1
878,147,41.21,440.14,123.88,120.09,0.6744,-1,-1,-1
878,229,1254.27,390.29,44.12,147.19,0.7495,-1,-1,-1
878,185,348.68,393.18,32.01,91.76,0.7089,-1,-1,-1
878,242,1322.45,383.04,43.55,146.30,0.7346,-1,-1,-1
878,227,1051.62,405.03,24.33,70.05,0.7321,-1,-1,-1
878,212,725.52,406.62,26.86,79.78,0.5794,-1,-1,-1
878,183,494.22,407.23,30.14,81.27,0.7043,-1,-1,-1
879,205,1342.29,355.82,90.62,256.85,0.9620,-1,-1,-1
879,193,1389.21,372.68,67.08,190.44,0.8877,-1,-1,-1
879,194,1473.08,371.49,69.79,182.20,0.9430,-1,-1,-1
879,215,1196.52,379.63,83.76,181.45,0.9543,-1,-1,-1
879,79,1131.92,404.37,22.99,72.53,0.7156,-1,-1,-1
879,213,1281.92,381.63,57.55,164.31,0.8786,-1,-1,-1
879,173,232.84,394.72,36.34,102.43,0.8652,-1,-1,-1
879,186,841.45,399.39,22.72,74.49,0.7993,-1,-1,-1
879,191,756.13,402.97,24.50,77.13,0.7736,-1,-1,-1
879,195,265.49,398.26,32.61,96.76,0.8208,-1,-1,-1
879,228,630.58,408.11,24.24,71.13,0.7493,-1,-1,-1
879,200,1091.26,405.52,24.14,75.87,0.7607,-1,-1,-1
879,147,25.18,435.96,129.01,124.99,0.9263,-1,-1,-1
879,229,1250.31,386.53,42.97,143.41,0.7459,-1,-1,-1
879,185,344.05,389.73,32.42,93.01,0.8301,-1,-1,-1
879,183,487.46,402.99,31.06,82.97,0.8198,-1,-1,-1
879,164,-26.00,431.12,96.93,121.91,0.7981,-1,-1,-1
879,243,322.54,390.96,28.51,94.10,0.7905,-1,-1,-1
879,166,304.80,452.03,114.97,128.13,0.6000,-1,-1,-1
879,163,215.63,436.82,127.45,142.22,0.8992,-1,-1,-1
879,178,113.08,428.09,135.72,135.24,0.8537,-1,-1,-1
879,209,1430.15,394.61,48.01,142.06,0.7701,-1,-1,-1
880,205,1340.09,354.51,90.25,255.51,0.9610,-1,-1,-1
880,193,1385.16,369.40,67.36,192.89,0.8918,-1,-1,-1
880,194,1468.25,368.79,69.66,181.71,0.9393,-1,-1,-1
880,215,1188.98,374.34,85.92,184.32,0.9522,-1,-1,-1
880,79,1127.33,401.79,22.68,71.41,0.7876,-1,-1,-1
880,213,1277.77,379.64,56.65,159.34,0.8697,-1,-1,-1
880,173,225.06,391.07,36.45,103.49,0.8714,-1,-1,-1
880,186,837.95,396.24,23.26,75.52,0.8067,-1,-1,-1
880,191,750.62,399.42,24.57,77.48,0.8088,-1,-1,-1
880,195,256.38,394.29,33.09,98.12,0.7504,-1,-1,-1
880,200,1087.08,403.11,24.23,76.64,0.7885,-1,-1,-1
880,147,13.01,432.24,132.36,128.51,0.9089,-1,-1,-1
880,229,1244.72,383.99,43.38,145.37,0.7516,-1,-1,-1
880,185,338.08,385.87,32.31,93.05,0.8144,-1,-1,-1
880,183,481.50,399.96,31.09,82.72,0.7932,-1,-1,-1
880,164,-34.74,428.83,101.40,127.86,0.7769,-1,-1,-1
880,243,315.00,386.38,28.98,95.44,0.8154,-1,-1,-1
880,244,452.98,401.56,24.47,80.87,0.7593,-1,-1,-1
880,163,212.22,433.75,123.01,136.65,0.8658,-1,-1,-1
880,178,104.36,424.33,137.10,135.61,0.9083,-1,-1,-1
880,209,1426.81,392.34,48.00,141.82,0.8155,-1,-1,-1
880,188,288.74,393.06,27.82,85.15,0.5955,-1,-1,-1
880,227,1043.41,397.41,26.26,75.99,0.7293,-1,-1,-1
881,205,1337.62,352.61,89.71,254.13,0.9581,-1,-1,-1
881,193,1382.37,365.19,65.04,186.75,0.8970,-1,-1,-1
881,194,1463.86,365.90,69.80,181.98,0.9387,-1,-1,-1
881,215,1182.67,372.07,87.03,184.05,0.9480,-1,-1,-1
881,79,1123.02,398.79,21.97,69.20,0.7832,-1,-1,-1
881,213,1275.06,377.29,55.52,154.32,0.8849,-1,-1,-1
881,173,217.71,387.34,35.71,101.67,0.8515,-1,-1,-1
881,186,834.16,392.84,24.40,79.49,0.8247,-1,-1,-1
881,191,746.04,396.78,23.97,75.82,0.7836,-1,-1,-1
881,195,247.62,389.32,33.59,99.95,0.6814,-1,-1,-1
881,200,1082.66,399.51,23.36,73.84,0.7749,-1,-1,-1
881,147,5.42,428.05,132.08,128.43,0.9020,-1,-1,-1
881,229,1238.73,379.67,43.80,146.51,0.7573,-1,-1,-1
881,185,333.27,382.93,31.93,91.74,0.8024,-1,-1,-1
881,183,475.15,395.32,30.26,80.83,0.8447,-1,-1,-1
881,164,-37.21,423.03,102.75,130.37,0.6574,-1,-1,-1
881,243,310.32,382.07,28.73,94.34,0.6376,-1,-1,-1
881,244,446.47,397.38,24.20,79.93,0.8169,-1,-1,-1
881,163,206.24,430.89,124.61,138.72,0.8621,-1,-1,-1
881,178,97.04,419.88,140.31,138.86,0.8172,-1,-1,-1
881,209,1423.56,389.84,46.99,139.05,0.8281,-1,-1,-1
881,227,1038.72,395.21,25.17,72.42,0.7389,-1,-1,-1
881,228,619.47,401.53,23.28,68.80,0.7304,-1,-1,-1
881,166,284.29,442.72,119.25,129.91,0.6265,-1,-1,-1
882,205,1336.18,350.79,89.23,253.64,0.9625,-1,-1,-1
882,193,1380.29,362.48,63.24,182.52,0.9081,-1,-1,-1
882,194,1458.70,361.90,70.31,183.43,0.9493,-1,-1,-1
882,215,1173.56,366.16,90.85,187.93,0.9513,-1,-1,-1
882,79,1118.95,396.62,21.83,68.83,0.7827,-1,-1,-1
882,213,1269.64,374.64,56.40,155.19,0.8989,-1,-1,-1
882,173,210.36,384.64,35.98,102.75,0.8491,-1,-1,-1
882,186,830.98,390.35,25.14,81.85,0.8262,-1,-1,-1
882,191,741.51,394.38,23.57,74.74,0.8141,-1,-1,-1
882,195,241.04,386.37,34.10,101.06,0.7293,-1,-1,-1
882,200,1077.96,396.89,23.39,74.10,0.7869,-1,-1,-1
882,147,0.24,425.22,127.80,123.83,0.8997,-1,-1,-1
882,229,1234.88,376.73,43.30,144.70,0.7806,-1,-1,-1
882,185,327.71,379.61,32.21,92.59,0.8078,-1,-1,-1
882,183,469.92,392.90,29.45,79.19,0.7309,-1,-1,-1
882,164,-42.02,420.13,100.40,128.52,0.6232,-1,-1,-1
882,243,306.06,379.46,28.77,94.45,0.5832,-1,-1,-1
882,244,442.23,394.23,22.23,73.28,0.7485,-1,-1,-1
882,178,87.13,417.15,140.49,138.30,0.8853,-1,-1,-1
882,209,1419.27,388.22,46.21,135.77,0.8448,-1,-1,-1
882,227,1034.92,393.60,24.01,68.75,0.7408,-1,-1,-1
882,228,614.33,398.64,22.69,67.37,0.7349,-1,-1,-1
882,242,1301.26,371.20,41.74,139.74,0.7891,-1,-1,-1
883,205,1334.42,349.79,88.89,252.15,0.9615,-1,-1,-1
883,193,1378.78,358.92,62.40,180.94,0.9116,-1,-1,-1
883,194,1454.54,359.17,69.75,181.75,0.9489,-1,-1,-1
883,215,1169.08,361.90,92.84,189.37,0.9576,-1,-1,-1
883,79,1114.92,393.56,21.64,68.71,0.7504,-1,-1,-1
883,213,1265.72,373.60,55.38,150.14,0.8693,-1,-1,-1
883,173,202.64,383.44,35.19,100.48,0.7870,-1,-1,-1
883,186,827.86,388.39,24.13,79.25,0.8252,-1,-1,-1
883,191,736.40,392.46,23.40,74.34,0.7719,-1,-1,-1
883,200,1073.38,394.57,23.02,72.41,0.7514,-1,-1,-1
883,147,-6.84,424.25,127.45,123.37,0.9049,-1,-1,-1
883,229,1231.20,374.25,43.36,144.40,0.8121,-1,-1,-1
883,185,323.62,378.37,31.66,91.13,0.7430,-1,-1,-1
883,183,463.60,391.06,29.83,80.83,0.7487,-1,-1,-1
883,164,-43.95,417.99,97.72,126.75,0.6360,-1,-1,-1
883,243,300.70,378.08,28.73,94.00,0.6323,-1,-1,-1
883,244,436.69,392.68,23.26,76.61,0.7677,-1,-1,-1
883,178,78.47,414.39,142.08,139.39,0.9011,-1,-1,-1
883,209,1415.75,385.02,46.34,136.37,0.8054,-1,-1,-1
883,227,1030.71,392.13,24.04,68.30,0.7947,-1,-1,-1
883,228,609.07,396.58,22.37,66.43,0.7809,-1,-1,-1
883,242,1296.06,367.66,41.92,140.41,0.7730,-1,-1,-1
883,163,190.05,427.17,125.89,139.56,0.7783,-1,-1,-1
884,205,1334.07,347.89,88.47,251.17,0.9513,-1,-1,-1
884,193,1375.61,356.07,61.88,180.80,0.8914,-1,-1,-1
884,194,1450.46,356.63,69.62,182.02,0.9401,-1,-1,-1
884,215,1164.69,357.47,95.06,192.10,0.9499,-1,-1,-1
884,79,1110.95,392.24,21.62,68.68,0.7501,-1,-1,-1
884,213,1259.49,370.10,61.42,166.44,0.9090,-1,-1,-1
884,173,194.60,381.90,35.83,102.75,0.8332,-1,-1,-1
884,186,825.62,386.57,23.61,78.21,0.8277,-1,-1,-1
884,191,731.20,389.53,24.17,76.89,0.7876,-1,-1,-1
884,200,1069.76,393.75,22.72,71.32,0.7989,-1,-1,-1
884,147,-13.51,422.77,130.02,125.89,0.9025,-1,-1,-1
884,229,1227.60,371.59,43.87,146.92,0.7978,-1,-1,-1
884,185,319.08,376.81,31.76,91.48,0.7950,-1,-1,-1
884,183,457.78,390.40,29.00,79.65,0.7133,-1,-1,-1
884,164,-49.76,416.06,97.75,128.46,0.5986,-1,-1,-1
884,243,295.98,376.91,28.72,93.37,0.7471,-1,-1,-1
884,244,431.34,391.43,24.50,80.51,0.7952,-1,-1,-1
884,178,68.81,413.15,142.69,139.34,0.9168,-1,-1,-1
884,209,1410.82,382.97,46.88,137.51,0.6800,-1,-1,-1
884,227,1025.65,389.82,25.23,71.74,0.8049,-1,-1,-1
884,228,604.22,395.63,21.86,65.19,0.7254,-1,-1,-1
884,242,1290.79,366.71,42.90,143.81,0.8215,-1,-1,-1
884,163,183.27,425.37,126.73,139.69,0.9010,-1,-1,-1
884,212,702.44,397.27,25.41,75.24,0.7767,-1,-1,-1
884,195,226.76,383.91,35.40,104.52,0.5899,-1,-1,-1
885,205,1332.03,345.77,88.37,250.27,0.9528,-1,-1,-1
885,193,1371.36,354.65,61.43,180.32,0.8826,-1,-1,-1
885,194,1446.20,354.21,69.59,182.57,0.9425,-1,-1,-1
885,215,1160.38,355.64,95.92,192.67,0.9401,-1,-1,-1
885,79,1106.05,391.13,22.22,71.38,0.8172,-1,-1,-1
885,213,1256.27,367.36,62.63,169.60,0.8665,-1,-1,-1
885,173,187.80,381.28,35.85,102.71,0.8053,-1,-1,-1
885,186,821.85,385.01,23.92,79.16,0.8273,-1,-1,-1
885,191,726.45,389.11,23.96,76.52,0.7680,-1,-1,-1
885,200,1065.08,392.59,22.13,69.57,0.7652,-1,-1,-1
885,147,-17.47,421.93,128.47,125.02,0.8851,-1,-1,-1
885,229,1221.35,369.77,44.97,150.93,0.7889,-1,-1,-1
885,185,314.13,375.97,31.87,92.07,0.8172,-1,-1,-1
885,183,451.95,388.80,29.61,81.89,0.8039,-1,-1,-1
885,243,291.44,375.52,28.80,93.15,0.8115,-1,-1,-1
885,244,426.07,390.50,24.59,80.49,0.8333,-1,-1,-1
885,178,60.33,412.40,144.33,140.64,0.9106,-1,-1,-1
885,209,1406.40,382.27,46.78,136.62,0.8025,-1,-1,-1
885,227,1020.72,387.89,26.44,75.64,0.7635,-1,-1,-1
885,228,598.84,394.82,22.35,67.02,0.8049,-1,-1,-1
885,242,1284.00,364.62,44.89,150.90,0.8358,-1,-1,-1
885,163,175.63,423.76,129.14,141.97,0.8676,-1,-1,-1
885,246,1312.78,380.43,40.15,130.14,0.7939,-1,-1,-1
885,212,698.05,396.16,25.39,75.86,0.7130,-1,-1,-1
885,195,215.71,386.97,33.19,98.38,0.6192,-1,-1,-1
885,188,249.44,381.49,28.11,85.05,0.7481,-1,-1,-1
886,205,1330.50,344.36,88.41,248.74,0.9451,-1,-1,-1
886,193,1367.80,353.18,61.63,180.60,0.8207,-1,-1,-1
886,194,1443.37,352.81,69.46,182.78,0.9425,-1,-1,-1
886,215,1155.97,354.94,96.46,193.29,0.9406,-1,-1,-1
886,79,1102.53,390.22,22.08,71.06,0.7674,-1,-1,-1
886,213,1253.09,367.12,59.15,159.42,0.8565,-1,-1,-1
886,173,179.02,380.11,37.45,107.14,0.7651,-1,-1,-1
886,186,818.48,384.15,23.94,79.07,0.8168,-1,-1,-1
886,191,722.27,388.91,23.82,76.37,0.7777,-1,-1,-1
886,200,1061.21,391.87,21.53,67.57,0.7652,-1,-1,-1
886,147,-19.67,421.36,124.78,122.41,0.8548,-1,-1,-1
886,229,1219.51,369.92,43.38,146.29,0.8060,-1,-1,-1
886,183,445.38,388.38,29.19,81.39,0.7871,-1,-1,-1
886,243,285.33,375.65,29.50,94.47,0.7230,-1,-1,-1
886,244,421.65,389.87,24.56,80.00,0.7639,-1,-1,-1
886,178,54.33,411.87,143.17,139.78,0.8078,-1,-1,-1
886,209,1402.09,377.47,47.65,139.88,0.7643,-1,-1,-1
886,227,1015.43,385.36,28.25,81.06,0.8108,-1,-1,-1
886,228,594.87,394.46,20.62,61.91,0.6523,-1,-1,-1
886,242,1278.75,363.78,44.87,151.34,0.8445,-1,-1,-1
886,163,167.50,423.78,129.70,142.37,0.8133,-1,-1,-1
886,246,1307.70,381.49,38.87,126.11,0.6976,-1,-1,-1
886,195,207.24,383.05,36.98,109.75,0.5770,-1,-1,-1
887,205,1328.78,342.65,87.94,245.96,0.9577,-1,-1,-1
887,193,1364.06,353.04,61.12,178.48,0.8292,-1,-1,-1
887,194,1439.74,351.78,69.16,182.42,0.9416,-1,-1,-1
887,215,1153.57,353.80,96.51,193.48,0.9475,-1,-1,-1
887,79,1098.77,389.44,21.76,70.04,0.8238,-1,-1,-1
887,213,1250.39,366.81,59.12,158.02,0.8388,-1,-1,-1
887,173,171.75,379.86,36.68,104.84,0.8079,-1,-1,-1
887,186,815.58,383.90,23.03,75.91,0.8471,-1,-1,-1
887,191,718.15,388.03,23.97,76.76,0.7849,-1,-1,-1
887,200,1056.81,390.49,22.95,72.32,0.7967,-1,-1,-1
887,147,-24.91,421.34,126.16,125.02,0.8625,-1,-1,-1
887,229,1216.56,368.64,41.28,139.03,0.7401,-1,-1,-1
887,183,439.63,389.03,28.70,80.29,0.8012,-1,-1,-1
887,243,281.27,375.87,29.60,93.59,0.7285,-1,-1,-1
887,244,416.87,389.55,25.18,81.19,0.8074,-1,-1,-1
887,178,45.01,411.41,143.71,140.77,0.9163,-1,-1,-1
887,209,1400.28,376.28,46.54,137.56,0.8136,-1,-1,-1
887,227,1012.04,383.97,27.49,79.27,0.7388,-1,-1,-1
887,228,589.58,393.98,21.93,65.94,0.8036,-1,-1,-1
887,242,1274.29,362.78,45.46,152.82,0.8237,-1,-1,-1
887,163,161.68,423.73,130.28,142.52,0.7437,-1,-1,-1
887,246,1301.56,379.52,39.45,127.94,0.5956,-1,-1,-1
887,195,198.73,383.15,35.18,105.10,0.6069,-1,-1,-1
887,248,1804.77,414.18,64.08,91.40,0.7997,-1,-1,-1
887,249,1624.48,348.17,86.62,190.21,0.8903,-1,-1,-1
887,185,306.37,375.87,31.24,90.26,0.7206,-1,-1,-1
887,212,688.16,393.00,25.73,77.72,0.6213,-1,-1,-1
888,205,1328.36,340.10,88.20,246.30,0.9519,-1,-1,-1
888,193,1364.60,355.60,59.86,174.55,0.7297,-1,-1,-1
888,194,1437.64,349.53,69.79,184.07,0.9374,-1,-1,-1
888,215,1153.07,353.06,95.84,193.52,0.9402,-1,-1,-1
888,79,1095.72,389.02,21.39,69.21,0.7074,-1,-1,-1
888,213,1251.88,365.45,56.88,152.58,0.8502,-1,-1,-1
888,173,166.39,379.35,36.25,103.46,0.8269,-1,-1,-1
888,186,813.68,382.76,23.29,76.97,0.8319,-1,-1,-1
888,191,714.27,388.66,24.16,77.35,0.8097,-1,-1,-1
888,200,1054.43,390.29,23.17,73.14,0.7783,-1,-1,-1
888,147,-12.37,421.38,119.70,122.41,0.6272,-1,-1,-1
888,229,1213.52,367.61,42.70,144.90,0.7563,-1,-1,-1
888,183,434.61,388.44,28.81,81.22,0.8096,-1,-1,-1
888,243,278.04,375.31,31.13,97.37,0.6310,-1,-1,-1
888,244,413.24,389.49,24.89,79.35,0.8229,-1,-1,-1
888,178,36.91,411.72,145.70,143.35,0.8639,-1,-1,-1
888,227,1008.08,383.09,29.05,84.23,0.7887,-1,-1,-1
888,228,585.53,393.43,22.86,68.65,0.7961,-1,-1,-1
888,242,1270.68,361.63,45.31,152.02,0.7314,-1,-1,-1
888,246,1300.14,377.47,39.78,128.57,0.7351,-1,-1,-1
888,250,658.41,384.75,26.30,88.56,0.8340,-1,-1,-1
888,185,303.36,375.98,32.15,93.09,0.6868,-1,-1,-1
888,237,1083.19,391.84,20.56,65.47,0.6487,-1,-1,-1
889,205,1329.08,334.43,89.23,248.60,0.9284,-1,-1,-1
889,193,1371.73,366.63,53.82,156.83,0.7184,-1,-1,-1
889,194,1436.00,347.48,68.77,181.58,0.9239,-1,-1,-1
889,215,1153.65,349.68,94.69,194.38,0.9139,-1,-1,-1
889,79,1092.57,385.02,23.26,74.74,0.6245,-1,-1,-1
889,213,1245.62,360.26,64.01,173.21,0.8581,-1,-1,-1
889,173,158.75,375.09,38.58,110.09,0.7434,-1,-1,-1
889,191,710.37,383.77,25.33,80.23,0.6470,-1,-1,-1
889,200,1050.57,386.15,22.77,71.24,0.6237,-1,-1,-1
889,147,-12.57,417.46,122.74,129.04,0.6322,-1,-1,-1
889,244,409.30,386.18,25.76,81.38,0.6761,-1,-1,-1
889,227,1004.90,381.73,28.41,82.18,0.7146,-1,-1,-1
889,228,581.73,390.46,22.29,66.63,0.7212,-1,-1,-1
889,246,1296.52,375.33,40.14,129.29,0.6915,-1,-1,-1
890,205,1329.30,331.50,89.99,249.49,0.9353,-1,-1,-1
890,194,1433.67,346.35,68.62,181.52,0.9221,-1,-1,-1
890,215,1153.68,349.01,93.34,194.24,0.9164,-1,-1,-1
890,213,1240.92,357.62,66.64,179.61,0.8532,-1,-1,-1
890,173,153.01,373.92,38.67,110.34,0.6626,-1,-1,-1
890,191,707.17,382.42,25.43,80.00,0.7091,-1,-1,-1
890,147,-15.19,416.67,120.41,130.14,0.6505,-1,-1,-1
890,244,405.55,385.07,25.96,82.12,0.6737,-1,-1,-1
890,227,1001.72,376.60,31.69,92.34,0.5989,-1,-1,-1
890,246,1292.88,373.00,40.78,130.97,0.5869,-1,-1,-1
890,163,143.95,418.56,134.20,147.04,0.8391,-1,-1,-1
890,229,1207.17,362.69,45.65,155.14,0.6638,-1,-1,-1
890,183,424.30,384.12,30.07,85.28,0.6281,-1,-1,-1
890,178,26.20,407.99,142.27,141.22,0.8898,-1,-1,-1
891,205,1330.25,330.38,90.09,249.07,0.9562,-1,-1,-1
891,194,1433.35,345.73,67.79,179.27,0.9475,-1,-1,-1
891,215,1153.97,346.31,92.57,195.48,0.9513,-1,-1,-1
891,213,1244.20,355.18,62.00,167.83,0.8752,-1,-1,-1
891,173,147.36,373.48,38.35,109.52,0.8128,-1,-1,-1
891,191,705.49,381.53,24.82,78.11,0.7758,-1,-1,-1
891,147,-23.38,418.01,118.67,131.86,0.6470,-1,-1,-1
891,244,402.52,384.03,25.89,81.94,0.7658,-1,-1,-1
891,227,1002.05,377.05,28.30,82.56,0.7394,-1,-1,-1
891,246,1291.35,370.26,40.03,129.23,0.7992,-1,-1,-1
891,229,1207.11,362.22,44.39,151.56,0.8022,-1,-1,-1
891,183,420.20,384.17,29.29,83.48,0.7517,-1,-1,-1
891,178,19.77,407.79,143.03,143.32,0.8181,-1,-1,-1
891,209,1385.83,371.45,46.46,136.46,0.6291,-1,-1,-1
891,212,677.88,388.12,25.17,76.46,0.5906,-1,-1,-1
891,186,809.70,377.25,23.69,78.65,0.7976,-1,-1,-1
891,243,269.67,371.25,31.42,97.29,0.7596,-1,-1,-1
891,250,652.07,380.33,23.36,78.23,0.7810,-1,-1,-1
891,185,296.68,371.34,32.33,93.73,0.6947,-1,-1,-1
891,237,1077.78,384.91,20.63,66.06,0.7592,-1,-1,-1
891,200,1047.59,383.78,21.39,66.70,0.7747,-1,-1,-1
891,228,576.71,387.42,21.87,65.17,0.7999,-1,-1,-1
892,205,1332.71,326.08,89.93,248.48,0.9590,-1,-1,-1
892,194,1433.62,341.86,67.74,178.43,0.9532,-1,-1,-1
892,215,1154.30,341.56,91.15,195.93,0.9459,-1,-1,-1
892,213,1246.70,349.68,59.80,162.00,0.8764,-1,-1,-1
892,173,144.42,368.60,37.62,107.40,0.8152,-1,-1,-1
892,191,705.04,377.10,24.58,76.93,0.7849,-1,-1,-1
892,147,-27.64,413.32,116.23,131.60,0.6925,-1,-1,-1
892,244,401.55,379.21,25.48,80.51,0.7429,-1,-1,-1
892,246,1290.50,364.43,40.53,130.89,0.8227,-1,-1,-1
892,229,1208.08,357.66,43.93,150.17,0.8419,-1,-1,-1
892,183,417.34,379.54,28.54,81.00,0.7409,-1,-1,-1
892,178,19.42,402.31,140.36,141.83,0.9171,-1,-1,-1
892,251,1019.12,382.52,22.95,65.47,0.6720,-1,-1,-1
892,252,1314.34,364.91,49.18,135.27,0.8557,-1,-1,-1
892,253,1090.74,378.61,20.10,67.63,0.7434,-1,-1,-1
892,209,1387.95,367.65,46.16,134.50,0.6436,-1,-1,-1
892,186,809.20,372.00,24.06,79.84,0.7956,-1,-1,-1
892,243,269.01,366.31,32.00,98.60,0.7735,-1,-1,-1
892,250,650.65,374.09,24.38,81.40,0.7556,-1,-1,-1
892,185,297.07,366.99,31.95,92.89,0.5950,-1,-1,-1
892,237,1077.03,379.85,20.26,64.75,0.6507,-1,-1,-1
892,200,1047.13,378.59,21.26,66.18,0.6942,-1,-1,-1
892,228,575.64,382.02,22.55,67.18,0.7865,-1,-1,-1
893,205,1335.12,322.73,90.11,248.72,0.9484,-1,-1,-1
893,194,1434.59,338.02,68.01,178.58,0.9391,-1,-1,-1
893,215,1156.25,338.21,89.87,196.07,0.9422,-1,-1,-1
893,213,1242.97,344.04,63.11,169.76,0.8887,-1,-1,-1
893,173,142.48,365.23,37.33,106.57,0.8450,-1,-1,-1
893,191,703.69,373.21,24.55,76.93,0.7486,-1,-1,-1
893,244,400.51,375.29,25.34,79.96,0.6682,-1,-1,-1
893,246,1290.00,358.66,41.42,133.76,0.8192,-1,-1,-1
893,229,1209.44,353.90,42.96,146.52,0.7887,-1,-1,-1
893,183,414.21,375.47,29.32,82.77,0.6881,-1,-1,-1
893,178,13.15,398.21,143.53,145.74,0.9128,-1,-1,-1
893,251,1018.10,376.79,23.10,66.00,0.5849,-1,-1,-1
893,252,1314.28,358.94,49.04,135.06,0.8777,-1,-1,-1
893,253,1089.76,373.02,20.26,68.05,0.7385,-1,-1,-1
893,186,809.78,366.75,24.79,82.03,0.7907,-1,-1,-1
893,243,269.25,362.32,31.83,97.26,0.8288,-1,-1,-1
893,250,648.95,370.86,24.63,81.72,0.7477,-1,-1,-1
893,185,297.55,362.54,31.71,92.15,0.8093,-1,-1,-1
893,237,1077.23,376.54,19.50,62.48,0.5767,-1,-1,-1
893,200,1046.86,374.31,21.75,67.36,0.7473,-1,-1,-1
893,228,574.93,378.19,23.37,69.19,0.8119,-1,-1,-1
893,195,171.79,371.43,35.51,102.80,0.7510,-1,-1,-1
893,163,137.25,411.22,135.37,148.34,0.9075,-1,-1,-1
893,227,1003.55,368.85,25.69,75.17,0.7010,-1,-1,-1
893,212,671.38,374.85,26.35,80.04,0.6391,-1,-1,-1
894,205,1337.52,322.27,90.16,248.38,0.9435,-1,-1,-1
894,194,1435.71,335.80,68.38,179.10,0.9459,-1,-1,-1
894,215,1157.95,336.19,88.36,195.65,0.9411,-1,-1,-1
894,213,1242.70,341.38,63.08,169.48,0.8827,-1,-1,-1
894,173,139.89,362.74,37.54,106.69,0.8355,-1,-1,-1
894,191,703.89,370.31,25.02,78.28,0.7008,-1,-1,-1
894,244,400.73,372.82,25.13,79.30,0.6333,-1,-1,-1
894,246,1289.86,356.42,40.83,132.57,0.7984,-1,-1,-1
894,229,1210.40,350.59,42.61,145.57,0.8264,-1,-1,-1
894,183,410.34,372.72,30.82,86.97,0.6220,-1,-1,-1
894,178,14.05,396.78,141.84,145.43,0.8328,-1,-1,-1
894,251,1017.94,374.03,23.86,68.26,0.6057,-1,-1,-1
894,252,1315.13,353.49,50.25,138.67,0.8944,-1,-1,-1
894,253,1089.06,369.53,19.99,67.14,0.7125,-1,-1,-1
894,186,810.52,363.34,25.79,85.05,0.7912,-1,-1,-1
894,243,269.02,359.37,32.09,97.65,0.7999,-1,-1,-1
894,250,649.50,367.71,25.37,83.78,0.7681,-1,-1,-1
894,185,297.91,359.19,32.48,94.56,0.7957,-1,-1,-1
894,200,1047.20,372.16,21.12,65.13,0.6397,-1,-1,-1
894,228,574.37,374.88,24.39,71.72,0.8007,-1,-1,-1
894,195,168.97,369.23,33.85,98.83,0.6826,-1,-1,-1
894,227,1003.43,365.47,26.25,77.14,0.7498,-1,-1,-1
894,240,796.67,377.66,18.50,56.79,0.5703,-1,-1,-1
894,249,1608.70,333.37,82.45,183.68,0.7627,-1,-1,-1
894,209,1389.63,360.73,46.85,135.89,0.7016,-1,-1,-1
895,205,1338.80,321.56,89.90,247.04,0.9414,-1,-1,-1
895,194,1435.79,333.65,68.03,177.52,0.9388,-1,-1,-1
895,215,1157.34,332.96,87.35,196.80,0.9352,-1,-1,-1
895,213,1240.06,338.07,66.93,180.97,0.8793,-1,-1,-1
895,173,135.22,359.32,38.50,109.40,0.7954,-1,-1,-1
895,191,701.85,367.52,24.85,77.89,0.7506,-1,-1,-1
895,244,401.59,369.91,26.15,82.21,0.5962,-1,-1,-1
895,246,1288.55,352.24,41.17,133.89,0.8208,-1,-1,-1
895,229,1208.19,347.53,43.81,150.15,0.8256,-1,-1,-1
895,183,405.93,369.70,31.07,87.67,0.6581,-1,-1,-1
895,178,11.83,395.50,137.92,142.18,0.7858,-1,-1,-1
895,251,1017.10,371.40,23.90,68.47,0.6782,-1,-1,-1
895,252,1314.54,349.57,51.45,142.29,0.8858,-1,-1,-1
895,253,1086.36,365.41,20.06,67.35,0.8009,-1,-1,-1
895,186,810.18,361.91,24.50,80.51,0.7561,-1,-1,-1
895,243,267.47,356.68,31.69,96.01,0.7741,-1,-1,-1
895,250,648.65,365.06,23.59,77.18,0.6698,-1,-1,-1
895,185,295.91,355.70,33.13,96.35,0.8172,-1,-1,-1
895,200,1045.64,368.38,23.20,71.56,0.7240,-1,-1,-1
895,228,572.86,372.12,23.72,69.61,0.7582,-1,-1,-1
895,227,1001.56,362.83,26.36,77.75,0.7536,-1,-1,-1
895,240,794.97,373.67,17.99,55.54,0.8237,-1,-1,-1
895,249,1607.20,329.76,81.74,185.33,0.6450,-1,-1,-1
895,212,664.57,367.27,24.87,75.61,0.6458,-1,-1,-1
896,205,1337.88,321.13,89.60,245.54,0.9454,-1,-1,-1
896,194,1434.26,332.13,68.19,177.38,0.9324,-1,-1,-1
896,215,1155.54,332.35,86.40,197.21,0.9389,-1,-1,-1
896,213,1236.80,336.01,68.34,185.56,0.9026,-1,-1,-1
896,173,127.94,357.81,39.00,110.86,0.8079,-1,-1,-1
896,191,697.91,365.44,24.89,77.74,0.7227,-1,-1,-1
896,244,400.93,367.96,27.13,84.60,0.7278,-1,-1,-1
896,246,1285.24,350.85,41.51,135.70,0.8286,-1,-1,-1
896,229,1205.12,345.87,44.18,151.85,0.7272,-1,-1,-1
896,178,4.73,394.57,137.26,141.84,0.8929,-1,-1,-1
896,251,1014.00,370.36,24.03,68.97,0.6995,-1,-1,-1
896,252,1312.85,348.41,52.05,144.41,0.8879,-1,-1,-1
896,253,1083.37,365.13,19.74,65.96,0.7237,-1,-1,-1
896,186,807.78,360.63,23.05,75.50,0.7288,-1,-1,-1
896,243,264.15,355.02,31.89,96.29,0.8087,-1,-1,-1
896,250,643.99,362.76,25.27,82.33,0.7861,-1,-1,-1
896,185,291.85,353.74,33.75,97.90,0.8174,-1,-1,-1
896,228,568.74,370.94,23.46,68.75,0.7741,-1,-1,-1
896,227,997.39,360.62,27.00,80.23,0.8072,-1,-1,-1
896,240,792.54,371.49,16.98,53.78,0.7461,-1,-1,-1
896,163,123.89,406.49,135.57,148.49,0.7082,-1,-1,-1
897,205,1336.01,321.89,88.99,243.77,0.9228,-1,-1,-1
897,194,1431.73,331.49,68.76,177.79,0.9231,-1,-1,-1
897,215,1153.66,331.80,85.90,198.23,0.9367,-1,-1,-1
897,213,1232.67,334.71,69.53,189.04,0.8673,-1,-1,-1
897,173,121.49,354.77,38.66,109.63,0.7399,-1,-1,-1
897,191,694.49,363.59,25.32,78.57,0.7773,-1,-1,-1
897,244,396.68,365.46,27.62,85.51,0.7384,-1,-1,-1
897,246,1281.74,351.38,41.02,134.14,0.7164,-1,-1,-1
897,229,1202.60,344.26,44.51,152.49,0.7114,-1,-1,-1
897,178,1.28,392.60,137.03,142.61,0.6572,-1,-1,-1
897,252,1310.25,347.05,51.79,144.13,0.8628,-1,-1,-1
897,253,1080.08,363.52,21.65,72.24,0.6941,-1,-1,-1
897,243,260.20,352.37,31.84,96.40,0.7535,-1,-1,-1
897,250,640.34,360.63,25.84,83.59,0.6428,-1,-1,-1
897,185,289.67,350.78,33.49,96.72,0.6898,-1,-1,-1
897,228,565.29,369.41,24.17,71.10,0.7880,-1,-1,-1
897,227,995.18,359.21,26.89,79.84,0.7872,-1,-1,-1
897,240,789.77,369.63,16.91,53.19,0.7620,-1,-1,-1
897,200,1039.58,365.58,22.91,70.59,0.7456,-1,-1,-1
897,212,664.06,369.60,24.56,74.43,0.6213,-1,-1,-1
898,205,1334.08,321.72,88.96,243.46,0.9222,-1,-1,-1
898,194,1430.99,331.13,68.66,177.07,0.9109,-1,-1,-1
898,215,1150.47,331.83,85.49,199.38,0.9168,-1,-1,-1
898,213,1230.71,334.34,69.09,188.13,0.8528,-1,-1,-1
898,173,115.32,352.38,38.71,109.58,0.8100,-1,-1,-1
898,191,689.60,361.00,27.65,85.99,0.7322,-1,-1,-1
898,244,391.06,362.84,27.73,84.96,0.7915,-1,-1,-1
898,246,1278.01,350.38,41.40,134.86,0.7634,-1,-1,-1
898,229,1200.48,342.76,45.36,154.82,0.7285,-1,-1,-1
898,178,-5.21,390.37,137.86,144.24,0.8328,-1,-1,-1
898,252,1308.21,346.96,51.25,143.00,0.8661,-1,-1,-1
898,253,1077.21,362.83,21.33,70.76,0.7290,-1,-1,-1
898,243,256.56,350.35,31.59,95.55,0.7018,-1,-1,-1
898,250,636.77,359.72,26.76,85.89,0.6503,-1,-1,-1
898,185,286.38,349.53,32.46,93.57,0.7574,-1,-1,-1
898,228,562.52,368.05,24.57,72.41,0.7659,-1,-1,-1
898,227,991.60,357.89,28.14,83.71,0.7375,-1,-1,-1
898,240,785.21,370.26,16.94,53.02,0.6662,-1,-1,-1
898,200,1035.13,364.08,23.33,72.11,0.7202,-1,-1,-1
898,212,657.51,364.77,27.18,82.11,0.7284,-1,-1,-1
898,237,1063.33,366.55,21.73,68.94,0.6489,-1,-1,-1
899,205,1331.55,320.56,89.08,243.04,0.9275,-1,-1,-1
899,194,1428.94,331.14,68.30,176.36,0.9168,-1,-1,-1
899,215,1148.17,331.79,85.56,200.01,0.9308,-1,-1,-1
899,213,1228.85,334.84,67.47,184.14,0.8820,-1,-1,-1
899,173,109.11,351.79,37.93,106.87,0.7841,-1,-1,-1
899,191,686.19,361.33,26.47,82.29,0.8220,-1,-1,-1
899,244,389.80,361.90,26.66,81.61,0.5848,-1,-1,-1
899,246,1273.71,348.62,41.86,135.11,0.6819,-1,-1,-1
899,229,1197.19,341.27,46.08,157.45,0.8002,-1,-1,-1
899,178,-10.34,388.92,137.83,145.30,0.7008,-1,-1,-1
899,252,1303.47,345.29,52.43,147.11,0.8789,-1,-1,-1
899,253,1072.81,362.12,22.48,74.24,0.6852,-1,-1,-1
899,243,252.44,348.77,31.03,93.89,0.7354,-1,-1,-1
899,185,282.82,347.79,32.96,95.52,0.7489,-1,-1,-1
899,228,557.86,367.13,24.63,72.46,0.7722,-1,-1,-1
899,227,986.06,353.66,31.61,95.21,0.7188,-1,-1,-1
899,200,1032.33,363.73,23.07,71.31,0.6850,-1,-1,-1
899,212,653.45,364.38,26.72,80.39,0.7124,-1,-1,-1
899,183,384.79,361.48,29.59,83.65,0.6996,-1,-1,-1
900,205,1326.43,319.11,89.23,241.90,0.9319,-1,-1,-1
900,194,1424.58,329.60,68.99,177.90,0.9300,-1,-1,-1
900,215,1143.05,331.45,85.11,199.22,0.9401,-1,-1,-1
900,213,1223.62,334.39,67.82,184.75,0.8979,-1,-1,-1
900,173,100.83,350.83,37.45,105.38,0.8160,-1,-1,-1
900,191,681.36,361.03,25.75,79.81,0.8102,-1,-1,-1
900,246,1267.93,351.32,41.41,132.51,0.7538,-1,-1,-1
900,229,1192.14,340.70,45.88,156.66,0.8019,-1,-1,-1
900,178,-23.32,386.72,140.57,148.37,0.8483,-1,-1,-1
900,252,1299.60,346.52,51.64,145.42,0.8793,-1,-1,-1
900,253,1068.58,362.08,21.77,71.48,0.7038,-1,-1,-1
900,243,246.66,346.76,32.61,98.23,0.8263,-1,-1,-1
900,185,277.12,346.41,33.38,97.12,0.7711,-1,-1,-1
900,228,552.83,365.63,24.48,72.01,0.7846,-1,-1,-1
900,227,981.09,353.71,30.63,93.24,0.7731,-1,-1,-1
900,200,1026.49,362.70,23.59,73.24,0.7832,-1,-1,-1
900,212,647.44,362.01,27.01,80.98,0.7691,-1,-1,-1
900,195,128.44,355.83,31.95,92.22,0.7398,-1,-1,-1
900,249,1592.07,327.29,81.37,186.19,0.6212,-1,-1,-1
900,163,96.32,398.59,136.99,149.70,0.7837,-1,-1,-1
900,250,626.97,357.44,26.94,85.81,0.7372,-1,-1,-1
900,237,1054.91,366.03,21.48,67.97,0.7281,-1,-1,-1
