frame,stage,old_id,new_id,reason,det_score,det_box,track_box,iou_cost,iou_overlap,fused_cost,cosine_sim,cosine_theta,cosine_margin,feat_norm,feat_mean_sim,n_registry,n_lost,n_enrolments,all_sims_top5
3,5,14,14,unconfirmed_update,0.7545,"[847.1, 509.0, 878.2, 591.3]","[847.3, 509.2, 878.2, 590.7]",0.0905,0.9095,,,,,,,,1,,
3,5,16,16,unconfirmed_update,0.8096,"[1370.9, 495.5, 1387.8, 538.7]","[1370.4, 495.8, 1387.3, 539.0]",0.3233,0.6767,,,,,,,,1,,
3,5,17,17,unconfirmed_update,0.8021,"[766.8, 480.9, 784.4, 518.7]","[766.4, 481.1, 784.8, 519.2]",0.1479,0.8521,,,,,,,,1,,
3,6_new,-1,18,registry_empty_or_immature,0.7717,"[651.7, 520.4, 682.8, 599.4]",,,,,,,,1.0,,0,1,,
4,5,18,18,unconfirmed_update,0.7952,"[649.7, 520.4, 679.4, 599.4]","[649.6, 520.4, 680.6, 599.4]",0.1633,0.8367,,,,,,,,1,,
4,6_new,-1,19,registry_empty_or_immature,0.8271,"[627.1, 524.1, 653.4, 596.4]",,,,,,,,1.0,,0,1,,
5,5,19,19,unconfirmed_update,0.8044,"[623.0, 524.5, 648.7, 595.4]","[623.8, 524.4, 649.7, 595.6]",0.3004,0.6996,,,,,,,,5,,
6,3,5,5,re_activate_from_lost,0.8279,"[1701.0, 534.9, 1728.0, 614.6]","[1701.4, 535.0, 1727.5, 614.6]",0.3241,0.6759,0.4404,,,,,,0,5,0,
7,3,14,14,re_activate_from_lost,0.8038,"[844.4, 508.3, 874.1, 593.3]","[842.3, 508.6, 874.7, 594.1]",0.3331,0.6669,0.4639,,,,,,8,5,2,
7,6_new,13,20,gate_failed sim=0.718<theta=0.800,0.6972,"[861.3, 505.9, 888.3, 587.6]",,,,,0.7184,0.8,0.0758,1.0,,8,5,5,"[(13, 0.7184247374534607), (4, 0.6426127552986145), (9, 0.6261932253837585), (2, 0.6165720224380493), (12, 0.61103755235672)]"
8,3,5,5,re_activate_from_lost,0.8393,"[1709.1, 533.6, 1736.1, 613.9]","[1709.6, 533.7, 1736.0, 614.1]",0.0831,0.9169,0.2305,,,,,,8,6,1,
8,6_new,12,21,gate_failed sim=0.698<theta=0.800,0.6905,"[597.4, 570.7, 645.3, 686.8]",,,,,0.6982,0.8,0.0573,1.0,,10,6,7,"[(12, 0.6982011795043945), (17, 0.6408600807189941), (13, 0.6290467381477356), (4, 0.6171395778656006), (9, 0.6120373010635376)]"
9,3,10,10,re_activate_from_lost,0.5969,"[1333.8, 499.5, 1346.0, 530.5]","[1334.1, 499.5, 1345.9, 530.7]",0.6343,0.3657,0.7817,,,,,,10,6,2,
9,3,19,19,re_activate_from_lost,0.6646,"[610.5, 522.1, 645.6, 607.2]","[611.6, 522.6, 642.1, 605.8]",0.5423,0.4577,0.6958,,,,,,10,6,2,
10,3,6,6,re_activate_from_lost,0.6198,"[1509.3, 507.6, 1528.2, 563.0]","[1508.8, 507.7, 1528.8, 562.9]",0.2549,0.7451,0.5382,,,,,,11,6,2,
10,3,18,18,re_activate_from_lost,0.6626,"[625.4, 512.3, 658.5, 595.4]","[625.8, 512.7, 658.2, 595.0]",0.1091,0.8909,0.4097,,,,,,11,6,4,
10,6_new,7,22,gate_failed sim=0.711<theta=0.800,0.7759,"[1482.3, 505.6, 1503.9, 561.6]",,,,,0.7114,0.8,0.0437,1.0,,12,6,9,"[(7, 0.7113980054855347), (4, 0.6677430868148804), (9, 0.6573024988174438), (16, 0.606326699256897), (14, 0.5864508748054504)]"
10,6_new,13,23,gate_failed sim=0.732<theta=0.800,0.6902,"[860.6, 505.2, 887.6, 586.9]","[790.8, 480.2, 807.9, 524.8]",1.0,0.0,,0.7316,0.8,0.0116,1.0,,12,6,5,"[(13, 0.7316082715988159), (14, 0.7199859619140625), (4, 0.6683509945869446), (18, 0.6646915674209595), (2, 0.6596999168395996)]"
10,6_new,7,24,gate_failed sim=0.735<theta=0.800,0.6802,"[1444.5, 504.2, 1460.7, 553.5]",,,,,0.7346,0.8,0.0138,1.0,,12,6,9,"[(7, 0.7346235513687134), (4, 0.7208725214004517), (16, 0.6870024800300598), (14, 0.613487958908081), (12, 0.6032834649085999)]"
11,5,23,23,unconfirmed_update,0.8127,"[860.0, 505.9, 887.0, 586.2]","[860.3, 505.8, 886.9, 586.4]",0.0641,0.9359,,,,,,,,4,,
12,6_new,10,25,gate_failed sim=0.744<theta=0.800,0.7983,"[686.1, 504.9, 708.1, 561.6]",,,,,0.7442,0.8,0.0244,1.0,,15,6,5,"[(10, 0.7441891431808472), (19, 0.7197523713111877), (12, 0.6991986632347107), (17, 0.6803196668624878), (13, 0.6541043519973755)]"
12,6_new,19,26,gate_failed sim=0.694<theta=0.800,0.7617,"[871.4, 489.7, 887.6, 532.2]",,,,,0.6938,0.8,0.0001,1.0,,15,6,5,"[(19, 0.6937832236289978), (16, 0.693720817565918), (10, 0.667708694934845), (7, 0.6673095226287842), (12, 0.6484566330909729)]"
12,6_revive,7,7,revived,0.7357,"[1452.6, 501.9, 1471.5, 557.2]",,,,,0.8315,0.8,0.1033,1.0,0.8315,15,6,11,"[(7, 0.8315423727035522), (5, 0.7282295227050781), (16, 0.7164180278778076), (10, 0.714066743850708), (4, 0.7051795721054077)]"
12,6_new,13,27,gate_failed sim=0.729<theta=0.800,0.8429,"[403.0, 531.2, 438.1, 625.7]","[790.6, 481.6, 807.7, 526.1]",1.0,0.0,,0.729,0.8,0.035,1.0,,15,6,5,"[(13, 0.7290490865707397), (19, 0.6940957307815552), (18, 0.6750060319900513), (17, 0.6725486516952515), (9, 0.6679983735084534)]"
13,3,1,1,re_activate_from_lost,0.8395,"[1395.9, 555.9, 1460.7, 698.6]","[1396.6, 556.0, 1459.4, 698.5]",0.0758,0.9242,0.0407,,,,,,15,9,9,
13,3,18,18,re_activate_from_lost,0.591,"[609.2, 514.7, 636.9, 588.9]","[609.9, 514.0, 639.5, 589.8]",0.4804,0.5196,0.0753,,,,,,15,9,6,
13,5,25,25,unconfirmed_update,0.7251,"[685.1, 509.3, 708.1, 562.6]","[686.2, 508.4, 707.2, 562.4]",0.1306,0.8694,,,,,,,,9,,
13,5,27,27,unconfirmed_update,0.8765,"[404.3, 524.8, 439.4, 627.4]","[402.9, 526.1, 440.3, 627.1]",0.1447,0.8553,,,,,,,,9,,
14,3,7,7,re_activate_from_lost,0.6493,"[1408.1, 498.8, 1427.0, 550.1]","[1406.9, 499.0, 1427.4, 550.3]",0.1639,0.8361,0.0637,,,,,,15,9,12,
14,3,16,16,re_activate_from_lost,0.7686,"[1385.1, 495.1, 1401.3, 537.6]","[1384.9, 495.0, 1401.5, 537.2]",0.0568,0.9432,0.0344,,,,,,15,9,9,
14,6_new,14,28,gate_failed sim=0.689<theta=0.800,0.6833,"[871.4, 489.7, 887.6, 535.6]",,,,,0.6888,0.8,0.0021,1.0,,15,9,10,"[(14, 0.6887857913970947), (19, 0.6866579651832581), (10, 0.679189145565033), (12, 0.6596713066101074), (18, 0.6272408962249756)]"
15,6_new,7,29,gate_failed sim=0.773<theta=0.800,0.7549,"[1497.2, 493.4, 1521.5, 558.2]",,,,,0.7734,0.8,0.0226,1.0,,15,8,14,"[(7, 0.7734229564666748), (5, 0.750796914100647), (4, 0.7227551937103271), (14, 0.7131984233856201), (16, 0.6944801211357117)]"
15,6_new,19,30,gate_failed sim=0.715<theta=0.800,0.7044,"[364.5, 526.5, 399.6, 628.4]","[591.0, 517.7, 621.9, 601.6]",1.0,0.0,,0.7148,0.8,0.0319,1.0,,15,8,5,"[(19, 0.7148459553718567), (14, 0.6829766631126404), (18, 0.6715755462646484), (13, 0.6474184989929199), (12, 0.6299271583557129)]"
16,3,13,13,re_activate_from_lost,0.6486,"[797.2, 475.5, 814.7, 520.1]","[797.2, 475.7, 814.4, 520.2]",0.6112,0.3888,0.7478,,,,,,15,9,5,
16,3,6,6,re_activate_from_lost,0.7331,"[1517.4, 501.2, 1541.7, 561.9]","[1518.7, 501.7, 1540.8, 562.1]",0.3547,0.6453,0.5269,,,,,,15,9,3,
16,3,19,19,re_activate_from_lost,0.6842,"[587.9, 518.4, 617.6, 596.0]","[588.5, 518.2, 617.4, 596.3]",0.1945,0.8055,0.0807,,,,,,15,9,5,
16,3,16,16,re_activate_from_lost,0.7442,"[1390.5, 494.4, 1406.7, 535.6]","[1390.1, 494.4, 1406.3, 535.8]",0.2391,0.7609,0.0411,,,,,,15,9,10,
16,5,30,30,unconfirmed_update,0.8461,"[354.0, 527.2, 399.9, 627.8]","[360.6, 527.0, 395.4, 627.9]",0.2431,0.7569,,,,,,,,9,,
16,6_new,19,31,gate_failed sim=0.714<theta=0.800,0.8783,"[1188.7, 489.7, 1206.2, 532.2]","[588.5, 518.2, 617.4, 596.3]",1.0,0.0,,0.7145,0.8,0.0223,1.0,,16,9,6,"[(19, 0.714458167552948), (10, 0.6922037601470947), (4, 0.6912884712219238), (12, 0.6895585060119629), (13, 0.6802996397018433)]"
17,5,31,31,unconfirmed_update,0.7787,"[1186.7, 486.3, 1204.2, 529.5]","[1186.9, 487.0, 1204.7, 530.1]",0.3023,0.6977,,,,,,,,6,,
17,6_new,5,32,gate_failed sim=0.787<theta=0.800,0.7196,"[1872.5, 539.3, 1899.5, 622.4]",,,,,0.7866,0.8,0.0231,1.0,,17,6,11,"[(5, 0.7865646481513977), (7, 0.7634763717651367), (4, 0.7620595693588257), (6, 0.7558958530426025), (14, 0.7012043595314026)]"
17,6_new,13,33,margin_failed margin=0.030<0.05,0.6956,"[780.3, 477.2, 795.2, 517.7]",,,,,0.814,0.8,0.0304,1.0,,17,6,7,"[(13, 0.8140361309051514), (17, 0.7836675047874451), (16, 0.685854971408844), (10, 0.6760493516921997), (14, 0.6683379411697388)]"
18,3,8,8,re_activate_from_lost,0.8192,"[1207.6, 491.7, 1221.1, 528.2]","[1207.6, 491.7, 1221.1, 528.2]",0.5447,0.4553,0.6271,,,,,,17,9,2,
18,3,16,16,re_activate_from_lost,0.739,"[1393.2, 496.8, 1409.4, 538.7]","[1393.1, 496.3, 1409.5, 538.0]",0.1257,0.8743,0.0385,,,,,,17,9,11,
18,5,33,33,unconfirmed_update,0.7663,"[782.3, 475.5, 798.5, 518.7]","[782.1, 475.9, 797.7, 518.5]",0.3357,0.6643,,,,,,,,9,,
18,6_revive,23,23,revived,0.7334,"[855.9, 511.3, 885.6, 591.0]",,,,,0.9089,0.7667,0.2114,1.0,0.9089,19,9,7,"[(23, 0.9088671207427979), (13, 0.6974198818206787), (19, 0.6895440220832825), (14, 0.6827027797698975), (2, 0.6532971858978271)]"
18,6_new,16,34,gate_failed sim=0.737<theta=0.800,0.7141,"[840.4, 483.3, 860.6, 533.9]","[1393.1, 496.3, 1409.5, 538.0]",1.0,0.0,,0.7369,0.8,0.0126,1.0,,19,9,12,"[(16, 0.7368851900100708), (25, 0.7242697477340698), (12, 0.7231786847114563), (19, 0.6897377967834473), (17, 0.683637261390686)]"
19,3,10,10,re_activate_from_lost,0.5997,"[1346.6, 490.1, 1360.1, 523.1]","[1347.1, 490.0, 1359.8, 523.2]",0.2927,0.7073,0.0542,,,,,,19,8,5,
19,5,34,34,unconfirmed_update,0.6886,"[839.0, 484.3, 857.9, 532.2]","[839.2, 484.1, 858.6, 532.6]",0.2283,0.7717,,,,,,,,8,,
19,6_revive,23,23,revived,0.8093,"[855.9, 510.3, 884.2, 592.7]",,,,,0.9109,0.7667,0.2096,1.0,0.9109,19,8,9,"[(23, 0.9109268188476562), (19, 0.7013380527496338), (14, 0.6909459829330444), (13, 0.6513879299163818), (18, 0.6473423838615417)]"
20,6_new,5,35,gate_failed sim=0.768<theta=0.800,0.814,"[1894.1, 549.1, 1926.5, 641.6]",,,,,0.768,0.8,0.0373,1.0,,20,9,14,"[(5, 0.7679613828659058), (7, 0.7306405305862427), (4, 0.7255958914756775), (6, 0.7236424088478088), (14, 0.7128863334655762)]"
20,6_revive,23,23,revived,0.8072,"[854.6, 513.0, 884.2, 594.7]",,,,,0.8964,0.7667,0.2179,1.0,0.8964,20,9,11,"[(23, 0.8963621258735657), (19, 0.678490400314331), (14, 0.6667606830596924), (13, 0.646161675453186), (12, 0.6328389048576355)]"
20,6_revive,25,25,revived,0.7655,"[332.8, 495.1, 357.4, 559.2]",,,,,0.8181,0.8,0.0677,1.0,0.8181,20,9,7,"[(25, 0.8180848360061646), (12, 0.7503847479820251), (17, 0.7215085625648499), (19, 0.6885800957679749), (13, 0.6875250935554504)]"
20,6_new,5,36,gate_failed sim=0.794<theta=0.800,0.7522,"[1548.5, 500.9, 1572.8, 571.7]",,,,,0.7937,0.8,0.0259,1.0,,20,9,14,"[(5, 0.7936866283416748), (16, 0.7677507996559143), (4, 0.7582541704177856), (7, 0.7508110404014587), (6, 0.7469336986541748)]"
21,6_new,25,37,margin_failed margin=0.022<0.05,0.8587,"[328.2, 493.8, 351.7, 555.9]",,,,,0.8287,0.8,0.0216,1.0,,21,10,9,"[(25, 0.8286668658256531), (12, 0.807077169418335), (19, 0.7523682117462158), (23, 0.7473211288452148), (14, 0.744426429271698)]"
21,6_revive,23,23,revived,0.8122,"[855.9, 510.3, 885.6, 593.3]",,,,,0.8957,0.7667,0.2454,1.0,0.8957,21,10,13,"[(23, 0.8956719636917114), (19, 0.6502679586410522), (30, 0.6424784660339355), (13, 0.6272045373916626), (14, 0.6254284381866455)]"
22,3,16,16,re_activate_from_lost,0.5855,"[1397.2, 494.4, 1413.5, 536.3]","[1397.2, 494.7, 1413.6, 536.5]",0.1434,0.8566,0.0441,,,,,,21,10,12,
22,5,37,37,unconfirmed_update,0.8579,"[322.0, 500.5, 344.6, 560.6]","[323.2, 499.2, 346.0, 559.6]",0.5254,0.4746,,,,,,,,10,,
22,6_new,7,38,margin_failed margin=0.000<0.05,0.8806,"[1516.1, 505.9, 1537.7, 564.6]","[1423.0, 496.3, 1442.3, 545.1]",1.0,0.0,,0.8274,0.8,0.0003,1.0,,21,10,15,"[(7, 0.8273922204971313), (6, 0.8271099328994751), (5, 0.7596149444580078), (4, 0.7093756198883057), (16, 0.7071880102157593)]"
22,6_revive,23,23,revived,0.8776,"[853.2, 513.0, 882.9, 595.4]",,,,,0.902,0.7667,0.1838,1.0,0.902,21,10,14,"[(23, 0.9020321369171143), (19, 0.7182613611221313), (14, 0.7059751152992249), (13, 0.6776255965232849), (25, 0.6685819625854492)]"
22,6_new,19,39,gate_failed sim=0.751<theta=0.800,0.777,"[164.7, 455.0, 190.4, 513.7]","[572.0, 528.7, 603.5, 611.8]",1.0,0.0,,0.7508,0.8,0.0059,1.0,,21,10,9,"[(19, 0.7508061528205872), (25, 0.7448841333389282), (16, 0.7407149076461792), (13, 0.7101997137069702), (8, 0.7100871801376343)]"
22,6_new,5,40,margin_failed margin=0.012<0.05,0.7436,"[1906.2, 554.2, 1935.9, 642.6]",,,,,0.801,0.8,0.0116,1.0,,21,10,16,"[(5, 0.8010084629058838), (4, 0.7894132733345032), (7, 0.7252628803253174), (6, 0.7234815359115601), (16, 0.696573793888092)]"
23,3,18,18,re_activate_from_lost,0.6041,"[557.9, 524.8, 589.6, 609.2]","[557.7, 524.6, 590.5, 609.0]",0.4446,0.5554,0.1954,,,,,,21,11,9,
23,3,23,23,re_activate_from_lost,0.6402,"[866.0, 490.7, 886.3, 544.0]","[866.9, 489.9, 885.3, 542.1]",0.4078,0.5922,0.0902,,,,,,21,11,15,
23,3,34,34,re_activate_from_lost,0.6357,"[837.7, 485.7, 857.9, 534.9]","[837.8, 485.4, 857.4, 534.4]",0.2392,0.7608,0.5164,,,,,,21,11,2,
23,5,38,38,unconfirmed_update,0.8409,"[1520.1, 509.6, 1541.7, 563.6]","[1520.0, 508.9, 1540.2, 563.8]",0.3627,0.6373,,,,,,,,11,,
23,5,23,23,unconfirmed_update,0.8853,"[853.2, 511.0, 884.2, 596.0]","[853.3, 511.4, 883.8, 595.9]",0.0738,0.9262,,,,,,,,11,,
23,5,39,39,unconfirmed_update,0.7045,"[162.2, 450.9, 189.2, 513.0]","[162.6, 451.7, 189.5, 513.1]",0.1941,0.8059,,,,,,,,11,,
23,6_new,27,41,gate_failed sim=0.723<theta=0.800,0.7974,"[349.3, 497.5, 377.0, 564.3]",,,,,0.7225,0.8,0.0073,1.0,,22,11,10,"[(27, 0.7225308418273926), (23, 0.7152003049850464), (19, 0.7119001746177673), (14, 0.7108633518218994), (18, 0.7009040713310242)]"
24,5,41,41,unconfirmed_update,0.806,"[344.9, 497.5, 373.3, 562.3]","[346.4, 497.5, 373.4, 562.7]",0.2723,0.7277,,,,,,,,9,,
25,6_revive,23,23,revived,0.7013,"[866.0, 492.4, 886.3, 547.8]",,,,,0.8104,0.7667,0.1017,1.0,0.8104,23,9,18,"[(23, 0.8104141354560852), (12, 0.7087258696556091), (10, 0.6986000537872314), (19, 0.6956680417060852), (14, 0.6935750246047974)]"
25,6_new,6,42,gate_failed sim=0.729<theta=0.800,0.7038,"[1576.8, 512.7, 1603.8, 587.6]","[1539.8, 511.5, 1562.9, 573.6]",1.0,0.0,,0.7294,0.8,0.0219,1.0,,23,9,6,"[(6, 0.729422926902771), (7, 0.7075117230415344), (14, 0.6619586944580078), (10, 0.6515143513679504), (5, 0.6208685040473938)]"
26,3,7,7,re_activate_from_lost,0.8238,"[1437.8, 510.6, 1459.4, 568.0]","[1437.1, 510.3, 1459.6, 567.4]",0.6773,0.3227,0.7341,,,,,,23,11,15,
26,6_revive,23,23,revived,0.7445,"[864.7, 492.4, 886.3, 550.5]",,,,,0.8072,0.7667,0.1116,1.0,0.8072,23,11,20,"[(23, 0.8072107434272766), (12, 0.6955615878105164), (19, 0.68503338098526), (14, 0.6750686764717102), (18, 0.6743190884590149)]"
27,3,13,13,re_activate_from_lost,0.7097,"[796.5, 482.6, 815.4, 530.5]","[796.6, 483.1, 815.3, 530.1]",0.1537,0.8463,0.0492,,,,,,23,12,15,
27,6_new,18,43,gate_failed sim=0.668<theta=0.672,0.9747,"[-11.6, 528.5, 203.0, 864.7]",,,,,0.6682,0.6723,0.016,1.0,,24,12,14,"[(18, 0.6682376265525818), (19, 0.6522842645645142), (2, 0.5973542332649231), (33, 0.5941364169120789), (14, 0.5843348503112793)]"
27,6_revive,23,23,revived,0.7626,"[865.4, 491.7, 887.0, 550.5]",,,,,0.8263,0.7667,0.1167,1.0,0.8263,24,12,22,"[(23, 0.8263411521911621), (12, 0.7096000909805298), (37, 0.7000647783279419), (19, 0.6992744207382202), (18, 0.6814265251159668)]"
28,3,17,17,re_activate_from_lost,0.6187,"[749.2, 480.9, 768.2, 524.8]","[749.2, 481.2, 768.1, 524.4]",0.2281,0.7719,0.0281,,,,,,24,11,21,
28,3,33,33,re_activate_from_lost,0.5886,"[774.2, 479.3, 791.8, 525.2]","[774.8, 479.3, 791.6, 524.8]",0.2777,0.7223,0.0567,,,,,,24,11,6,
28,3,10,10,re_activate_from_lost,0.6829,"[1362.2, 503.9, 1375.7, 542.4]","[1361.9, 503.8, 1375.7, 541.9]",0.167,0.833,0.0583,,,,,,24,11,12,
28,6_revive,23,23,revived,0.8076,"[864.7, 493.1, 886.3, 551.8]",,,,,0.8202,0.7667,0.0998,1.0,0.8202,26,11,24,"[(23, 0.8201526403427124), (12, 0.7203272581100464), (37, 0.7193070650100708), (19, 0.7093645334243774), (18, 0.7050712704658508)]"
29,6_revive,23,23,revived,0.7104,"[864.7, 489.7, 886.3, 549.8]",,,,,0.8145,0.7667,0.0513,1.0,0.8145,27,8,26,"[(23, 0.8145018815994263), (41, 0.7632385492324829), (37, 0.7397729158401489), (12, 0.7169156074523926), (19, 0.7136041522026062)]"
29,6_revive,10,10,revived,0.7077,"[1358.8, 503.9, 1375.0, 545.1]",,,,,0.8021,0.8,0.1068,1.0,0.8021,27,8,14,"[(10, 0.8021291494369507), (30, 0.6953346729278564), (23, 0.6933356523513794), (18, 0.6651767492294312), (4, 0.6511848568916321)]"
30,6_revive,41,41,revived,0.7468,"[152.9, 502.5, 178.0, 568.0]",,,,,0.803,0.75,0.0597,1.0,0.803,27,10,6,"[(41, 0.803024411201477), (37, 0.7433599233627319), (23, 0.7134764194488525), (18, 0.7100504636764526), (14, 0.7094811201095581)]"
30,6_revive,41,41,revived,0.8096,"[164.1, 501.9, 190.0, 568.7]",,,,,0.783,0.75,0.0363,1.0,0.783,27,10,7,"[(41, 0.7830410003662109), (8, 0.74676513671875), (37, 0.7436854243278503), (25, 0.7381922602653503), (6, 0.7232098579406738)]"
31,3,39,39,re_activate_from_lost,0.7239,"[135.3, 449.2, 163.8, 510.0]","[136.1, 449.4, 162.6, 509.6]",0.1523,0.8477,0.0363,,,,,,27,10,6,
31,6_new,18,44,margin_failed margin=0.026<0.03,0.7593,"[-40.5, 538.3, 138.5, 869.4]",,,,,0.6845,0.6723,0.0261,1.0,,27,10,18,"[(18, 0.6845171451568604), (19, 0.6583935022354126), (9, 0.6240777969360352), (14, 0.5827709436416626), (23, 0.5776755809783936)]"
31,6_revive,41,41,revived,0.8174,"[161.9, 497.1, 185.6, 564.0]",,,,,0.8379,0.75,0.0627,1.0,0.8379,27,10,9,"[(41, 0.8378934264183044), (37, 0.7751867771148682), (8, 0.7707568407058716), (14, 0.7527639865875244), (12, 0.7456413507461548)]"
31,6_revive,41,41,revived,0.8822,"[146.6, 497.5, 171.6, 563.6]",,,,,0.8601,0.75,0.0945,1.0,0.8601,27,10,10,"[(41, 0.8601294755935669), (37, 0.7656193971633911), (13, 0.7575260996818542), (14, 0.7498061060905457), (18, 0.7482187747955322)]"
32,6_revive,41,41,revived,0.8044,"[156.3, 504.2, 181.1, 568.4]",,,,,0.8051,0.75,0.0409,1.0,0.8051,27,10,12,"[(41, 0.8051154613494873), (12, 0.7642295360565186), (8, 0.7448163032531738), (37, 0.741087794303894), (7, 0.7199329137802124)]"
32,6_revive,41,41,revived,0.7966,"[142.3, 503.6, 166.2, 568.4]",,,,,0.7933,0.75,0.0511,1.0,0.7933,27,10,13,"[(41, 0.793292760848999), (37, 0.7421616315841675), (18, 0.7203119993209839), (12, 0.7202470898628235), (19, 0.7135888338088989)]"
33,3,6,6,re_activate_from_lost,0.8011,"[1568.7, 520.4, 1590.3, 577.8]","[1568.6, 520.5, 1590.1, 578.0]",0.6791,0.3209,0.7429,,,,,,27,11,6,
33,6_revive,41,41,revived,0.8443,"[135.6, 507.3, 160.7, 574.1]",,,,,0.7781,0.75,0.0928,1.0,0.7781,27,11,15,"[(41, 0.7780981063842773), (18, 0.6853355169296265), (19, 0.6802486777305603), (13, 0.6761641502380371), (37, 0.6721358895301819)]"
33,6_revive,41,41,revived,0.7924,"[149.3, 506.9, 176.9, 573.8]",,,,,0.8448,0.75,0.083,1.0,0.8448,27,11,16,"[(41, 0.8447608947753906), (12, 0.7618073225021362), (8, 0.7601779699325562), (37, 0.7574743032455444), (7, 0.736069917678833)]"
34,3,23,23,re_activate_from_lost,0.8266,"[851.2, 521.8, 880.9, 607.5]","[850.7, 521.8, 881.6, 607.7]",0.1073,0.8927,0.0674,,,,,,27,11,28,
34,6_revive,41,41,revived,0.826,"[127.4, 502.9, 155.1, 568.4]",,,,,0.894,0.75,0.103,1.0,0.894,27,11,18,"[(41, 0.893987774848938), (18, 0.7909651398658752), (37, 0.7810673713684082), (25, 0.7772501707077026), (19, 0.7718043327331543)]"
34,6_revive,41,41,revived,0.8007,"[141.8, 503.6, 174.0, 569.0]",,,,,0.7945,0.75,0.0411,1.0,0.7945,27,11,19,"[(41, 0.7945383787155151), (12, 0.7534483671188354), (37, 0.6917288303375244), (14, 0.6884917616844177), (8, 0.6884132623672485)]"
35,3,6,6,re_activate_from_lost,0.7821,"[1575.5, 518.7, 1597.1, 577.5]","[1575.3, 518.7, 1597.0, 577.2]",0.0687,0.9313,0.0919,,,,,,27,11,7,
35,6_new,19,45,gate_failed sim=0.724<theta=0.750,0.7422,"[7.5, 525.2, 54.3, 628.4]","[535.8, 546.4, 567.3, 629.5]",1.0,0.0,,0.7242,0.75,0.0173,1.0,,27,11,9,"[(19, 0.7242372035980225), (18, 0.7069559097290039), (41, 0.6658266186714172), (34, 0.6585390567779541), (37, 0.6274644136428833)]"
35,6_revive,41,41,revived,0.8404,"[119.2, 505.2, 153.1, 578.1]",,,,,0.8229,0.75,0.0718,1.0,0.8229,27,11,21,"[(41, 0.8229268193244934), (18, 0.7511376142501831), (12, 0.7465266585350037), (37, 0.7134284973144531), (14, 0.7117820382118225)]"
35,6_revive,41,41,revived,0.8089,"[134.9, 512.0, 168.0, 576.1]",,,,,0.8023,0.75,0.0614,1.0,0.8023,27,11,22,"[(41, 0.8023134469985962), (12, 0.7408784627914429), (14, 0.6855331659317017), (7, 0.664023220539093), (8, 0.6469523906707764)]"
35,6_new,41,46,margin_failed margin=0.027<0.03,0.8017,"[32.5, 505.9, 65.6, 593.7]",,,,,0.7554,0.75,0.0271,1.0,,27,11,23,"[(41, 0.7553604245185852), (25, 0.7283017635345459), (34, 0.7224129438400269), (39, 0.7134542465209961), (7, 0.6994867324829102)]"
36,3,23,23,re_activate_from_lost,0.8509,"[849.8, 523.8, 880.9, 608.9]","[850.0, 523.9, 880.7, 609.1]",0.0254,0.9746,0.0734,,,,,,27,10,29,
36,5,46,46,unconfirmed_update,0.8399,"[26.4, 498.5, 60.8, 586.2]","[28.1, 500.0, 61.2, 587.7]",0.3772,0.6228,,,,,,,,10,,
36,6_new,41,47,margin_failed margin=0.026<0.03,0.8607,"[125.6, 503.2, 164.7, 570.7]",,,,,0.7955,0.75,0.0259,1.0,,27,10,24,"[(41, 0.7955124974250793), (12, 0.76960289478302), (37, 0.6933603882789612), (14, 0.6891752481460571), (18, 0.6874997019767761)]"
36,6_revive,41,41,revived,0.8211,"[114.9, 504.2, 147.5, 571.1]",,,,,0.8372,0.75,0.0781,1.0,0.8372,27,10,24,"[(41, 0.8371860980987549), (12, 0.7590570449829102), (18, 0.7378568649291992), (37, 0.73039311170578), (14, 0.7039103507995605)]"
36,6_new,25,48,margin_failed margin=0.020<0.03,0.8118,"[5.0, 507.6, 35.1, 587.2]",,,,,0.8155,0.75,0.02,1.0,,27,10,24,"[(25, 0.8154690265655518), (41, 0.7954616546630859), (37, 0.7699659466743469), (13, 0.7562611103057861), (17, 0.7504092454910278)]"
37,3,8,8,re_activate_from_lost,0.8296,"[1213.7, 506.6, 1229.9, 549.1]","[1213.4, 506.6, 1229.5, 549.4]",0.4539,0.5461,0.0992,,,,,,27,11,16,
37,5,47,47,unconfirmed_update,0.8542,"[121.8, 508.3, 155.6, 576.5]","[120.3, 507.3, 159.7, 575.3]",0.3887,0.6113,,,,,,,,11,,
37,5,48,48,unconfirmed_update,0.8297,"[-6.7, 515.0, 27.4, 595.4]","[-2.9, 513.5, 27.5, 593.7]",0.5409,0.4591,,,,,,,,11,,
37,6_revive,41,41,revived,0.8082,"[106.0, 507.3, 139.7, 577.5]",,,,,0.8564,0.75,0.1156,1.0,0.8564,27,11,26,"[(41, 0.856418788433075), (18, 0.7408527731895447), (14, 0.7332191467285156), (12, 0.7290129661560059), (37, 0.7251585125923157)]"
38,3,5,5,re_activate_from_lost,0.7252,"[1865.7, 564.3, 1906.2, 657.5]","[1868.2, 564.1, 1903.4, 656.9]",0.1985,0.8015,0.05,,,,,,27,11,29,
38,6_revive,41,41,revived,0.8607,"[101.7, 507.9, 137.8, 577.5]",,,,,0.8409,0.75,0.1122,1.0,0.8409,27,11,28,"[(41, 0.8409208059310913), (18, 0.7287337183952332), (37, 0.7210490107536316), (14, 0.6986596584320068), (9, 0.6969786882400513)]"
38,6_new,34,49,margin_failed margin=0.018<0.03,0.7056,"[293.8, 511.7, 319.8, 579.8]",,,,,0.7746,0.75,0.0176,1.0,,27,11,17,"[(34, 0.7745847105979919), (37, 0.7570323348045349), (7, 0.7510640621185303), (41, 0.7448379993438721), (39, 0.7439535856246948)]"
39,3,6,6,re_activate_from_lost,0.618,"[1590.3, 521.1, 1611.9, 582.5]","[1589.8, 521.3, 1612.3, 582.4]",0.0612,0.9388,0.0937,,,,,,27,11,8,
39,3,34,34,re_activate_from_lost,0.6927,"[830.9, 501.2, 851.2, 554.5]","[830.7, 501.5, 851.7, 554.9]",0.1125,0.8875,0.0683,,,,,,27,11,17,
39,5,49,49,unconfirmed_update,0.8015,"[288.6, 514.0, 315.2, 580.8]","[290.1, 513.5, 315.7, 580.6]",0.3418,0.6582,,,,,,,,11,,
39,6_revive,41,41,revived,0.8921,"[93.7, 508.6, 130.6, 578.1]",,,,,0.8485,0.75,0.1071,1.0,0.8485,27,11,30,"[(41, 0.8484808206558228), (14, 0.7413878440856934), (37, 0.7348028421401978), (18, 0.7327213287353516), (30, 0.7154882550239563)]"
40,3,5,5,re_activate_from_lost,0.691,"[1880.6, 563.0, 1918.4, 660.2]","[1880.8, 563.5, 1917.5, 659.9]",0.1145,0.8855,0.0472,,,,,,27,11,30,
40,6_revive,41,41,revived,0.9018,"[90.7, 505.6, 127.8, 577.1]",,,,,0.8191,0.75,0.0992,1.0,0.8191,27,11,32,"[(41, 0.8191328048706055), (14, 0.7199184894561768), (37, 0.7077629566192627), (18, 0.6993137001991272), (12, 0.6759544014930725)]"
41,6_new,25,50,margin_failed margin=0.020<0.03,0.7207,"[644.6, 488.7, 662.2, 533.9]",,,,,0.8547,0.75,0.0195,1.0,,28,10,29,"[(25, 0.854708194732666), (34, 0.8352013826370239), (17, 0.8186742663383484), (13, 0.8007251024246216), (39, 0.778842568397522)]"
42,3,16,16,re_activate_from_lost,0.6145,"[1432.4, 505.6, 1451.2, 556.9]","[1431.9, 505.6, 1451.7, 556.8]",0.3308,0.6692,0.1226,,,,,,28,12,13,
42,3,33,33,re_activate_from_lost,0.7117,"[765.5, 490.1, 784.4, 536.0]","[766.2, 490.1, 783.5, 536.0]",0.367,0.633,0.0787,,,,,,28,12,7,
42,3,49,49,re_activate_from_lost,0.8683,"[272.0, 512.7, 303.1, 588.9]","[273.3, 512.7, 302.1, 588.1]",0.2474,0.7526,0.3465,,,,,,28,12,1,
42,6_new,37,51,gate_failed sim=0.745<theta=0.750,0.7822,"[1479.6, 514.7, 1498.5, 562.6]",,,,,0.7453,0.75,0.0107,1.0,,29,12,20,"[(37, 0.7453206777572632), (39, 0.7345824837684631), (19, 0.7336032390594482), (14, 0.7283775806427002), (8, 0.7280031442642212)]"
44,3,33,33,re_activate_from_lost,0.5977,"[765.5, 489.4, 784.4, 532.6]","[766.2, 489.3, 783.2, 533.0]",0.1594,0.8406,0.0862,,,,,,29,13,8,
44,6_new,4,52,gate_failed sim=0.727<theta=0.750,0.8409,"[531.2, 553.2, 563.0, 637.5]",,,,,0.7269,0.75,0.0092,1.0,,29,13,7,"[(4, 0.7268699407577515), (5, 0.717700719833374), (14, 0.7069756984710693), (7, 0.6997241377830505), (41, 0.6983999013900757)]"
44,6_new,14,53,margin_failed margin=0.023<0.03,0.7976,"[812.7, 533.9, 847.8, 628.4]",,,,,0.7519,0.7082,0.0225,1.0,,29,13,40,"[(14, 0.7519358396530151), (27, 0.7294294834136963), (41, 0.6681479215621948), (13, 0.6680030822753906), (23, 0.6668378114700317)]"
45,3,7,7,re_activate_from_lost,0.8372,"[1505.2, 528.9, 1524.2, 578.8]","[1505.4, 528.5, 1523.7, 578.9]",0.4225,0.5775,0.1007,,,,,,29,12,26,
45,3,6,6,re_activate_from_lost,0.8271,"[1611.9, 526.5, 1633.5, 587.9]","[1611.2, 525.7, 1633.4, 587.4]",0.3517,0.6483,0.079,,,,,,29,12,11,
46,6_new,23,54,margin_failed margin=0.015<0.03,0.7082,"[841.7, 504.9, 863.3, 559.6]",,,,,0.7787,0.75,0.0149,1.0,,30,11,40,"[(23, 0.7787230014801025), (34, 0.7637959718704224), (41, 0.752710223197937), (49, 0.750268816947937), (37, 0.7467041015625)]"
47,5,54,54,unconfirmed_update,0.6145,"[841.7, 506.3, 863.3, 560.2]","[841.8, 506.0, 863.2, 560.1]",0.0366,0.9634,,,,,,,,10,,
48,3,33,33,re_activate_from_lost,0.7746,"[763.4, 489.7, 782.3, 535.6]","[763.9, 489.8, 781.7, 535.4]",0.1531,0.8469,0.0519,,,,,,30,10,9,
48,6_new,49,55,margin_failed margin=0.025<0.03,0.7161,"[238.6, 516.4, 267.3, 587.2]",,,,,0.8081,0.75,0.025,1.0,,30,10,8,"[(49, 0.8080695271492004), (41, 0.7830600142478943), (37, 0.7804883718490601), (34, 0.7699418067932129), (7, 0.7647945880889893)]"
48,6_new,14,56,margin_failed margin=0.028<0.03,0.8005,"[791.1, 546.1, 824.9, 645.3]",,,,,0.7815,0.7082,0.0281,1.0,,30,10,44,"[(14, 0.7815089225769043), (6, 0.7534081339836121), (37, 0.7450774908065796), (7, 0.7443529963493347), (34, 0.7311462163925171)]"
49,3,7,7,re_activate_from_lost,0.7034,"[1520.1, 533.6, 1541.7, 584.2]","[1521.1, 533.5, 1539.9, 583.9]",0.2054,0.7946,0.1073,,,,,,30,10,29,
49,5,55,55,unconfirmed_update,0.674,"[228.5, 515.7, 257.2, 592.0]","[229.6, 515.8, 260.1, 591.0]",0.5472,0.4528,,,,,,,,10,,
50,3,17,17,re_activate_from_lost,0.603,"[730.4, 495.8, 752.0, 541.0]","[731.0, 495.8, 751.3, 541.0]",0.1766,0.8234,0.0558,,,,,,30,12,22,
50,3,16,16,re_activate_from_lost,0.6881,"[1445.9, 510.0, 1467.5, 559.9]","[1446.8, 509.9, 1466.7, 560.0]",0.1511,0.8489,0.0779,,,,,,30,12,14,
50,3,37,37,re_activate_from_lost,0.5998,"[159.2, 479.6, 198.8, 576.1]","[156.3, 485.3, 196.1, 578.4]",0.6282,0.3718,0.777,,,,,,30,12,26,
50,3,33,33,re_activate_from_lost,0.818,"[760.7, 492.8, 779.6, 537.3]","[761.5, 492.5, 779.3, 537.3]",0.1126,0.8874,0.0418,,,,,,30,12,10,
50,6_new,17,57,margin_failed margin=0.008<0.03,0.6933,"[635.2, 489.7, 654.1, 534.3]","[731.0, 495.8, 751.3, 541.0]",1.0,0.0,,0.8825,0.75,0.0078,1.0,,30,12,23,"[(17, 0.8825191259384155), (13, 0.8747242093086243), (39, 0.8083690404891968), (25, 0.8024473190307617), (33, 0.7988746166229248)]"
51,5,57,57,unconfirmed_update,0.6808,"[634.5, 490.4, 655.4, 536.3]","[635.2, 490.3, 654.6, 535.9]",0.1479,0.8521,,,,,,,,8,,
52,6_revive,14,14,revived,0.8113,"[795.2, 547.8, 837.0, 658.5]",,,,,0.7901,0.7082,0.0687,1.0,0.7901,30,9,48,"[(14, 0.7900862097740173), (27, 0.7213656902313232), (41, 0.669608473777771), (18, 0.6551847457885742), (23, 0.6503214836120605)]"
52,6_revive,16,16,revived,0.7397,"[1475.6, 516.7, 1491.8, 564.6]",,,,,0.86,0.75,0.0744,1.0,0.86,30,9,17,"[(16, 0.8600377440452576), (34, 0.7856090664863586), (7, 0.7811117172241211), (4, 0.7709059715270996), (39, 0.7695647478103638)]"
52,6_new,34,58,margin_failed margin=0.018<0.03,0.7142,"[814.7, 498.5, 835.0, 555.9]","[825.5, 505.0, 841.1, 544.5]",0.7325,0.2675,,0.8299,0.75,0.0181,1.0,,30,9,22,"[(34, 0.829870343208313), (25, 0.8117949366569519), (41, 0.8083637952804565), (39, 0.7738995552062988), (10, 0.7728271484375)]"
53,6_revive,34,34,revived,0.8637,"[1476.9, 516.4, 1495.8, 562.3]","[826.0, 501.6, 841.6, 541.1]",1.0,0.0,,0.823,0.75,0.036,1.0,0.823,30,9,22,"[(34, 0.8229864239692688), (39, 0.786941647529602), (25, 0.7849726676940918), (16, 0.7711614966392517), (49, 0.7536513805389404)]"
53,6_revive,14,14,revived,0.7741,"[793.1, 545.4, 836.3, 656.8]",,,,,0.7947,0.7082,0.0729,1.0,0.7947,30,9,50,"[(14, 0.7947360277175903), (27, 0.721869945526123), (41, 0.65777188539505), (23, 0.6548454761505127), (18, 0.6483118534088135)]"
53,6_revive,14,14,revived,0.737,"[807.3, 539.7, 841.1, 634.2]",,,,,0.8367,0.7082,0.1073,1.0,0.8367,30,9,51,"[(14, 0.8366896510124207), (27, 0.7294027805328369), (13, 0.6919146776199341), (41, 0.6851986646652222), (12, 0.6709384322166443)]"
54,3,55,55,re_activate_from_lost,0.6151,"[203.0, 518.4, 233.7, 604.8]","[201.4, 518.9, 235.6, 604.4]",0.1159,0.8841,0.4561,,,,,,30,10,3,
54,3,17,17,re_activate_from_lost,0.6188,"[731.7, 494.4, 752.0, 542.4]","[731.2, 494.1, 752.4, 542.1]",0.0998,0.9002,0.0764,,,,,,30,10,25,
54,5,34,34,unconfirmed_update,0.8531,"[1475.6, 514.7, 1494.5, 557.9]","[1476.3, 515.0, 1494.3, 558.8]",0.2375,0.7625,,,,,,,,10,,
54,6_revive,14,14,revived,0.747,"[787.1, 561.9, 822.2, 657.1]",,,,,0.7597,0.7082,0.0514,1.0,0.7597,30,10,53,"[(14, 0.7596695423126221), (23, 0.7082858085632324), (10, 0.6626975536346436), (18, 0.6601877808570862), (7, 0.6580647230148315)]"
54,6_new,14,59,gate_failed sim=0.701<theta=0.708,0.7447,"[494.1, 555.9, 529.2, 655.8]",,,,,0.7008,0.7082,0.004,1.0,,30,10,54,"[(14, 0.7008209228515625), (4, 0.6968060731887817), (8, 0.6946808695793152), (7, 0.6879109740257263), (5, 0.6864802241325378)]"
55,6_revive,41,41,revived,0.7757,"[99.8, 503.9, 145.4, 586.9]",,,,,0.8327,0.75,0.0361,1.0,0.8327,31,9,48,"[(41, 0.8326535820960999), (14, 0.7965090274810791), (37, 0.7830952405929565), (49, 0.7824373245239258), (34, 0.7612903118133545)]"
55,6_revive,14,14,revived,0.6833,"[786.4, 559.9, 824.2, 657.8]",,,,,0.7757,0.7082,0.0504,1.0,0.7757,31,9,55,"[(14, 0.7756768465042114), (23, 0.7253152132034302), (55, 0.6725685596466064), (27, 0.6712528467178345), (34, 0.6553621292114258)]"
56,3,7,7,re_activate_from_lost,0.7281,"[1543.1, 529.9, 1564.7, 587.9]","[1542.9, 529.1, 1565.3, 587.2]",0.1734,0.8266,0.0888,,,,,,31,11,35,
56,6_revive,14,14,revived,0.6918,"[781.0, 559.9, 822.8, 672.6]",,,,,0.8239,0.7082,0.0782,1.0,0.8239,31,11,57,"[(14, 0.8239271640777588), (23, 0.7456949949264526), (55, 0.7410286068916321), (27, 0.7205769419670105), (41, 0.7111823558807373)]"
56,6_new,41,60,margin_failed margin=0.024<0.03,0.8404,"[94.6, 515.0, 133.6, 600.8]",,,,,0.7791,0.75,0.0243,1.0,,31,11,50,"[(41, 0.7791078090667725), (14, 0.7548086643218994), (39, 0.7499467730522156), (13, 0.7471728920936584), (7, 0.7421869039535522)]"
57,3,37,37,re_activate_from_lost,0.8867,"[96.8, 504.2, 149.9, 600.8]","[102.8, 502.4, 145.7, 598.7]",0.6824,0.3176,0.7184,,,,,,31,12,27,
57,3,17,17,re_activate_from_lost,0.6574,"[732.4, 497.5, 755.3, 561.6]","[730.3, 497.2, 756.1, 558.1]",0.4155,0.5845,0.1304,,,,,,31,12,27,
57,6_new,19,61,margin_failed margin=0.018<0.03,0.7002,"[1506.6, 520.8, 1525.5, 570.0]",,,,,0.8006,0.75,0.018,1.0,,31,12,9,"[(19, 0.8005719780921936), (4, 0.782588005065918), (18, 0.7766830325126648), (16, 0.7415978908538818), (39, 0.7342296838760376)]"
58,3,57,57,re_activate_from_lost,0.5863,"[620.7, 495.8, 642.9, 549.8]","[620.3, 496.1, 643.1, 549.9]",0.3018,0.6982,0.5906,,,,,,31,10,2,
58,3,55,55,re_activate_from_lost,0.7119,"[176.3, 520.4, 208.7, 614.2]","[174.4, 520.6, 210.9, 613.4]",0.1281,0.8719,0.0667,,,,,,31,10,5,
58,6_new,33,62,margin_failed margin=0.018<0.03,0.7324,"[1.1, 465.8, 24.8, 528.5]",,,,,0.7681,0.75,0.0179,1.0,,31,10,19,"[(33, 0.7680503129959106), (13, 0.7501425743103027), (41, 0.7479862570762634), (37, 0.7470529675483704), (39, 0.7154678106307983)]"
59,5,62,62,unconfirmed_update,0.6196,"[-3.2, 453.9, 22.8, 522.1]","[-2.3, 456.3, 23.2, 523.4]",0.3983,0.6017,,,,,,,,11,,
59,6_revive,14,14,revived,0.7362,"[781.0, 565.0, 818.8, 671.0]",,,,,0.8078,0.7082,0.0411,1.0,0.8078,31,11,61,"[(14, 0.8077629804611206), (23, 0.7666208744049072), (18, 0.7091177701950073), (55, 0.7016191482543945), (10, 0.70085608959198)]"
61,6_new,34,63,margin_failed margin=0.011<0.03,0.6983,"[808.0, 500.9, 826.9, 546.8]",,,,,0.824,0.75,0.0112,1.0,,31,14,30,"[(34, 0.824022650718689), (25, 0.8128422498703003), (17, 0.7946991920471191), (33, 0.7859768271446228), (13, 0.7484859228134155)]"
61,6_revive,14,14,revived,0.8268,"[777.6, 568.0, 815.4, 676.0]",,,,,0.7913,0.7082,0.0477,1.0,0.7913,31,14,64,"[(14, 0.7913442850112915), (23, 0.7436798214912415), (18, 0.6902267932891846), (41, 0.6813596487045288), (55, 0.6808410882949829)]"
62,6_revive,14,14,revived,0.8299,"[776.9, 566.7, 814.7, 678.0]",,,,,0.8003,0.7082,0.0721,1.0,0.8003,31,14,66,"[(14, 0.8003478646278381), (23, 0.7282524108886719), (27, 0.6898883581161499), (18, 0.680700421333313), (41, 0.6763553023338318)]"
62,6_new,18,64,margin_failed margin=0.004<0.03,0.7415,"[1513.4, 522.1, 1532.2, 573.4]","[250.3, 547.3, 307.3, 686.2]",1.0,0.0,,0.745,0.6723,0.0045,1.0,,31,14,45,"[(18, 0.7449823617935181), (19, 0.7405228018760681), (33, 0.7359969615936279), (4, 0.7306382656097412), (13, 0.7057467699050903)]"
63,3,8,8,re_activate_from_lost,0.8364,"[1225.1, 513.3, 1245.4, 564.6]","[1225.4, 513.4, 1245.1, 564.6]",0.3639,0.6361,0.1483,,,,,,31,14,20,
63,3,57,57,re_activate_from_lost,0.6479,"[613.9, 495.1, 636.9, 554.5]","[612.6, 495.4, 637.3, 554.4]",0.4271,0.5729,0.6288,,,,,,31,14,3,
63,5,64,64,unconfirmed_update,0.7996,"[1514.7, 523.8, 1533.6, 575.8]","[1514.3, 523.5, 1533.4, 575.3]",0.1947,0.8053,,,,,,,,14,,
63,6_revive,14,14,revived,0.7535,"[774.2, 570.0, 810.7, 673.3]",,,,,0.7869,0.7082,0.0788,1.0,0.7869,31,14,68,"[(14, 0.7869374752044678), (23, 0.7080993056297302), (27, 0.6832073926925659), (18, 0.6788355708122253), (55, 0.6636090278625488)]"
64,3,10,10,re_activate_from_lost,0.7144,"[1413.5, 520.4, 1429.7, 571.7]","[1411.8, 520.2, 1430.9, 571.6]",0.193,0.807,0.0625,,,,,,31,15,48,
64,3,23,23,re_activate_from_lost,0.8188,"[828.9, 545.1, 861.3, 643.6]","[826.2, 544.5, 862.1, 646.1]",0.294,0.706,0.086,,,,,,31,15,56,
64,6_new,7,65,gate_failed sim=0.686<theta=0.750,0.7696,"[290.8, 514.7, 331.6, 628.8]",,,,,0.6863,0.75,0.0082,1.0,,32,15,44,"[(7, 0.6863306164741516), (8, 0.6780974864959717), (10, 0.6706774234771729), (41, 0.6670922636985779), (34, 0.6638289093971252)]"
64,6_revive,14,14,revived,0.8185,"[768.8, 573.1, 806.6, 675.0]",,,,,0.7989,0.7082,0.0301,1.0,0.7989,32,15,70,"[(14, 0.798850417137146), (23, 0.7687618732452393), (41, 0.7177740335464478), (18, 0.7155797481536865), (10, 0.6822060942649841)]"
65,5,65,65,unconfirmed_update,0.6451,"[277.6, 491.7, 324.5, 624.7]","[280.0, 496.3, 326.2, 625.5]",0.4831,0.5169,,,,,,,,13,,
65,6_revive,14,14,revived,0.8081,"[768.8, 570.0, 805.3, 674.7]",,,,,0.781,0.7082,0.038,1.0,0.781,32,13,72,"[(14, 0.7810046672821045), (23, 0.7429665327072144), (41, 0.6978341341018677), (18, 0.6957017183303833), (37, 0.6768513321876526)]"
66,3,10,10,re_activate_from_lost,0.8198,"[1413.5, 520.1, 1432.4, 572.7]","[1413.4, 520.5, 1432.8, 572.8]",0.1217,0.8783,0.0605,,,,,,32,13,49,
66,6_revive,14,14,revived,0.8092,"[766.1, 568.4, 805.3, 679.1]",,,,,0.7951,0.7082,0.0638,1.0,0.7951,32,13,74,"[(14, 0.7950574159622192), (23, 0.7312843203544617), (49, 0.7034129500389099), (55, 0.6998305320739746), (41, 0.6889190673828125)]"
67,3,8,8,re_activate_from_lost,0.8687,"[1225.8, 515.0, 1244.7, 565.0]","[1225.4, 514.8, 1244.6, 565.1]",0.1361,0.8639,0.1201,,,,,,32,13,23,
67,6_revive,14,14,revived,0.834,"[763.4, 570.0, 799.9, 672.0]",,,,,0.7973,0.7082,0.0594,1.0,0.7973,32,13,76,"[(14, 0.7972824573516846), (23, 0.7379165291786194), (41, 0.7167558670043945), (55, 0.7067807912826538), (18, 0.6975089311599731)]"
67,6_revive,18,18,revived,0.6885,"[124.0, 561.9, 229.0, 808.0]","[203.4, 541.4, 260.4, 680.3]",0.9014,0.0986,,0.7475,0.6723,0.0481,1.0,0.7475,32,13,45,"[(18, 0.7475495338439941), (19, 0.6994034051895142), (9, 0.6549277901649475), (41, 0.6178796887397766), (14, 0.6144174337387085)]"
68,3,65,65,re_activate_from_lost,0.5962,"[254.5, 486.0, 302.4, 625.1]","[253.8, 484.4, 303.8, 624.6]",0.1904,0.8096,0.5173,,,,,,32,13,1,
68,6_revive,14,14,revived,0.8596,"[760.7, 562.3, 809.3, 685.1]",,,,,0.7754,0.7082,0.0968,1.0,0.7754,33,13,78,"[(14, 0.7754025459289551), (41, 0.6786239743232727), (23, 0.6720463037490845), (49, 0.6558672189712524), (18, 0.6539708375930786)]"
69,6_revive,14,14,revived,0.8269,"[761.4, 562.6, 806.0, 680.1]",,,,,0.8057,0.7082,0.1124,1.0,0.8057,33,11,80,"[(14, 0.8057023286819458), (41, 0.6932759284973145), (27, 0.6876064538955688), (23, 0.6873705387115479), (18, 0.6683298349380493)]"
70,3,64,64,re_activate_from_lost,0.7455,"[1521.5, 526.5, 1540.4, 577.1]","[1521.5, 526.4, 1540.0, 576.7]",0.1329,0.8671,0.0483,,,,,,33,11,5,
70,6_revive,14,14,revived,0.8197,"[755.3, 568.0, 797.2, 683.4]",,,,,0.7799,0.7082,0.0644,1.0,0.7799,33,11,82,"[(14, 0.7799158096313477), (23, 0.7154661417007446), (27, 0.6635277271270752), (55, 0.6586413383483887), (34, 0.6562750339508057)]"
70,6_new,41,66,margin_failed margin=0.005<0.03,0.8749,"[143.2, 563.6, 199.0, 711.5]","[-35.5, 476.5, 20.8, 597.6]",1.0,0.0,,0.7312,0.7272,0.0047,1.0,,33,11,60,"[(41, 0.7312043905258179), (16, 0.7265259027481079), (14, 0.7230572700500488), (18, 0.7160078287124634), (34, 0.7092359662055969)]"
71,3,49,49,re_activate_from_lost,0.8258,"[105.3, 509.0, 148.3, 616.3]","[105.0, 509.0, 148.7, 616.3]",0.1621,0.8379,0.1425,,,,,,33,14,17,
71,3,30,30,re_activate_from_lost,0.8553,"[77.2, 592.0, 164.2, 812.0]","[71.2, 587.1, 170.0, 809.7]",0.2591,0.7409,0.3663,,,,,,33,14,53,
71,3,57,57,re_activate_from_lost,0.5981,"[593.3, 485.0, 619.7, 547.8]","[594.1, 485.4, 619.4, 547.7]",0.1165,0.8835,0.034,,,,,,33,14,10,
71,5,66,66,unconfirmed_update,0.8541,"[128.2, 563.0, 184.1, 710.1]","[131.4, 563.1, 186.9, 710.4]",0.4275,0.5725,,,,,,,,14,,
71,6_revive,14,14,revived,0.8108,"[751.3, 561.9, 801.2, 693.2]",,,,,0.7745,0.7082,0.0909,1.0,0.7745,33,14,84,"[(14, 0.7744816541671753), (23, 0.6835365295410156), (41, 0.6738806962966919), (27, 0.6590141654014587), (49, 0.6563261151313782)]"
71,6_new,34,67,margin_failed margin=0.001<0.03,0.7873,"[794.5, 504.9, 813.4, 550.8]",,,,,0.8045,0.7496,0.0008,1.0,,33,14,40,"[(34, 0.804548978805542), (39, 0.8037042617797852), (7, 0.7843388319015503), (41, 0.744873583316803), (57, 0.7340672016143799)]"
72,5,67,67,unconfirmed_update,0.6896,"[788.4, 505.6, 810.0, 557.5]","[789.7, 505.4, 810.6, 556.2]",0.4549,0.5451,,,,,,,,12,,
73,3,55,55,re_activate_from_lost,0.8871,"[50.4, 503.9, 86.1, 618.6]","[47.2, 504.0, 90.1, 618.4]",0.7646,0.2354,0.7912,,,,,,33,12,7,
73,6_revive,14,14,revived,0.8293,"[752.0, 555.5, 800.6, 687.2]",,,,,0.8316,0.7082,0.1294,1.0,0.8316,33,12,87,"[(14, 0.8316360712051392), (41, 0.7021870017051697), (27, 0.6949836015701294), (23, 0.6851656436920166), (18, 0.6786479353904724)]"
74,3,67,67,re_activate_from_lost,0.8155,"[784.4, 502.5, 803.2, 551.8]","[783.9, 502.7, 804.3, 552.1]",0.2856,0.7144,0.4174,,,,,,33,13,0,
74,6_revive,14,14,revived,0.8093,"[746.6, 567.7, 785.7, 681.8]",,,,,0.8063,0.7082,0.0656,1.0,0.8063,33,13,89,"[(14, 0.806304931640625), (23, 0.7407411932945251), (18, 0.6993610262870789), (55, 0.6957861185073853), (41, 0.686313271522522)]"
74,6_new,34,68,margin_failed margin=0.011<0.03,0.7106,"[1540.4, 521.1, 1559.2, 572.4]",,,,,0.8286,0.7174,0.0107,1.0,,33,13,43,"[(34, 0.8285987377166748), (25, 0.8178883194923401), (57, 0.8090198636054993), (37, 0.8084138631820679), (55, 0.7996973395347595)]"
74,6_new,34,69,margin_failed margin=0.025<0.03,0.7019,"[532.9, 528.9, 566.0, 611.2]",,,,,0.7869,0.7174,0.0254,1.0,,33,13,43,"[(34, 0.7869337797164917), (16, 0.7615824341773987), (39, 0.7531678676605225), (41, 0.7405924797058105), (33, 0.7225767374038696)]"
75,5,68,68,unconfirmed_update,0.7736,"[1540.4, 519.1, 1559.2, 568.4]","[1540.6, 519.5, 1559.0, 569.2]",0.1139,0.8861,,,,,,,,12,,
75,5,69,69,unconfirmed_update,0.6756,"[526.8, 530.5, 559.9, 614.9]","[527.7, 530.2, 561.4, 614.2]",0.3473,0.6527,,,,,,,,12,,
75,6_revive,14,14,revived,0.6975,"[743.2, 573.1, 782.3, 685.1]",,,,,0.8231,0.7082,0.0588,1.0,0.8231,33,12,91,"[(14, 0.8231486082077026), (23, 0.7643870115280151), (55, 0.7387437224388123), (34, 0.7221227884292603), (49, 0.7118054628372192)]"
76,6_new,41,70,gate_failed sim=0.691<theta=0.727,0.6882,"[64.0, 897.8, 180.2, 1071.9]","[-100.1, 471.1, -43.8, 592.3]",1.0,0.0,,0.6914,0.7272,0.0073,1.0,,34,11,60,"[(41, 0.6914352774620056), (47, 0.6840953826904297), (18, 0.6763385534286499), (30, 0.6574476957321167), (9, 0.6515634059906006)]"
76,6_revive,14,14,revived,0.8728,"[741.2, 564.6, 788.4, 691.9]",,,,,0.824,0.7082,0.0885,1.0,0.824,34,11,93,"[(14, 0.823976457118988), (23, 0.7354456782341003), (41, 0.7232049703598022), (30, 0.7053097486495972), (18, 0.6944203972816467)]"
77,3,10,10,re_activate_from_lost,0.7645,"[1422.9, 508.3, 1439.1, 556.9]","[1422.6, 508.3, 1439.9, 557.1]",0.4621,0.5379,0.0906,,,,,,34,13,54,
77,3,7,7,re_activate_from_lost,0.832,"[1621.4, 539.3, 1653.8, 621.0]","[1622.4, 539.5, 1653.1, 621.1]",0.1674,0.8326,0.1218,,,,,,34,13,52,
77,3,8,8,re_activate_from_lost,0.8246,"[1223.1, 504.9, 1242.0, 554.2]","[1223.2, 504.7, 1241.9, 554.1]",0.0368,0.9632,0.0983,,,,,,34,13,32,
77,6_revive,14,14,revived,0.853,"[738.5, 560.2, 789.8, 698.6]",,,,,0.825,0.7082,0.107,1.0,0.825,34,13,95,"[(14, 0.8249835968017578), (41, 0.7180290222167969), (23, 0.7032672166824341), (30, 0.6740880012512207), (49, 0.6673629879951477)]"
77,6_new,41,71,gate_failed sim=0.705<theta=0.727,0.8013,"[369.2, 573.8, 411.8, 693.9]","[-114.2, 487.0, -57.9, 608.1]",1.0,0.0,,0.7055,0.7272,0.0359,1.0,,34,13,60,"[(41, 0.7054806351661682), (66, 0.6695711612701416), (47, 0.6674392223358154), (14, 0.6637951731681824), (8, 0.661293625831604)]"
78,5,71,71,unconfirmed_update,0.7571,"[364.8, 568.0, 405.3, 682.8]","[365.7, 569.2, 406.7, 685.0]",0.3236,0.6764,,,,,,,,12,,
78,6_new,14,72,margin_failed margin=0.013<0.03,0.7287,"[382.4, 509.3, 419.5, 616.6]",,,,,0.7242,0.7082,0.013,1.0,,34,12,97,"[(14, 0.7242256999015808), (41, 0.7112204432487488), (7, 0.7046494483947754), (38, 0.6922663450241089), (9, 0.6903879642486572)]"
79,5,72,72,unconfirmed_update,0.6925,"[373.3, 514.4, 411.1, 622.4]","[375.3, 513.3, 412.6, 621.2]",0.4285,0.5715,,,,,,,,14,,
79,6_new,10,73,gate_failed sim=0.652<theta=0.750,0.7198,"[398.6, 541.4, 439.1, 664.2]",,,,,0.6523,0.75,0.008,1.0,,34,14,56,"[(10, 0.6522682309150696), (12, 0.64427649974823), (30, 0.6405026316642761), (14, 0.635878324508667), (4, 0.6261228322982788)]"
80,3,27,27,re_activate_from_lost,0.7444,"[121.0, 635.5, 181.7, 797.9]","[120.5, 634.4, 182.2, 795.9]",0.136,0.864,0.1498,,,,,,34,16,64,
80,3,10,10,re_activate_from_lost,0.6628,"[1427.0, 513.7, 1443.2, 555.5]","[1427.6, 513.3, 1443.0, 556.4]",0.2359,0.7641,0.1251,,,,,,34,16,56,
80,5,73,73,unconfirmed_update,0.7808,"[392.9, 568.7, 425.9, 665.9]","[394.4, 563.2, 428.2, 665.6]",0.532,0.468,,,,,,,,16,,
80,6_revive,14,14,revived,0.8783,"[733.1, 555.9, 781.7, 712.1]",,,,,0.8175,0.7082,0.0934,1.0,0.8175,35,16,99,"[(14, 0.817493736743927), (41, 0.7241348028182983), (23, 0.7122610211372375), (66, 0.686479389667511), (30, 0.6836952567100525)]"
81,3,68,68,re_activate_from_lost,0.5922,"[1545.8, 514.4, 1564.7, 568.4]","[1545.4, 514.5, 1565.2, 568.2]",0.0822,0.9178,0.4565,,,,,,35,16,4,
82,3,16,16,re_activate_from_lost,0.7762,"[1478.2, 503.9, 1499.9, 564.0]","[1476.9, 504.2, 1501.4, 564.0]",0.5486,0.4514,0.6496,,,,,,36,16,35,
83,3,72,72,re_activate_from_lost,0.6493,"[342.6, 508.6, 379.7, 611.2]","[343.8, 508.6, 379.4, 611.4]",0.5705,0.4295,0.7211,,,,,,36,16,0,
84,3,73,73,re_activate_from_lost,0.6099,"[352.7, 572.1, 393.9, 706.1]","[351.3, 573.5, 395.0, 706.8]",0.2813,0.7187,0.5617,,,,,,36,17,1,
85,3,65,65,re_activate_from_lost,0.6979,"[86.7, 519.8, 134.7, 647.3]","[87.8, 519.3, 133.8, 647.1]",0.5821,0.4179,0.7083,,,,,,36,16,3,
85,3,8,8,re_activate_from_lost,0.727,"[1222.4, 505.2, 1241.3, 553.8]","[1222.5, 505.2, 1241.2, 553.9]",0.0976,0.9024,0.1007,,,,,,36,16,34,
85,3,68,68,re_activate_from_lost,0.7728,"[1548.5, 516.4, 1567.4, 569.0]","[1547.7, 516.6, 1566.9, 568.9]",0.2816,0.7184,0.0504,,,,,,36,16,7,
85,3,72,72,re_activate_from_lost,0.7682,"[325.9, 505.6, 364.2, 607.5]","[327.3, 505.2, 362.9, 607.1]",0.1256,0.8744,0.3283,,,,,,36,16,1,
87,3,16,16,re_activate_from_lost,0.6672,"[1487.7, 516.7, 1506.6, 566.7]","[1486.2, 515.4, 1506.6, 566.5]",0.4542,0.5458,0.0674,,,,,,37,18,38,
87,3,8,8,re_activate_from_lost,0.7522,"[1221.1, 503.9, 1238.6, 553.8]","[1220.5, 503.8, 1239.3, 553.5]",0.093,0.907,0.0937,,,,,,37,18,35,
87,3,72,72,re_activate_from_lost,0.7942,"[306.3, 504.2, 344.8, 606.8]","[308.2, 504.2, 344.1, 606.6]",0.1882,0.8118,0.3553,,,,,,37,18,2,
88,3,6,6,re_activate_from_lost,0.6499,"[1744.2, 537.0, 1771.2, 616.6]","[1744.1, 537.0, 1771.1, 616.3]",0.1931,0.8069,0.4756,,,,,,37,15,49,
89,3,38,38,re_activate_from_lost,0.5857,"[1710.5, 535.3, 1740.2, 616.3]","[1710.6, 535.5, 1740.5, 616.0]",0.1859,0.8141,0.1311,,,,,,37,16,62,
89,3,7,7,re_activate_from_lost,0.7221,"[1680.8, 531.2, 1713.2, 617.6]","[1679.1, 533.9, 1713.6, 621.2]",0.3663,0.6337,0.1496,,,,,,37,16,63,
90,3,23,23,re_activate_from_lost,0.6697,"[765.5, 538.0, 803.2, 649.4]","[765.7, 538.3, 805.1, 652.1]",0.3726,0.6274,0.0786,,,,,,38,14,80,
90,6_revive,13,13,revived,0.698,"[754.0, 489.4, 778.3, 549.5]",,,,,0.754,0.75,0.0472,1.0,0.754,38,14,21,"[(13, 0.7539528012275696), (7, 0.7067394256591797), (55, 0.6981876492500305), (38, 0.6944513320922852), (8, 0.6928087472915649)]"
91,3,7,7,re_activate_from_lost,0.8028,"[1690.2, 554.2, 1733.4, 645.3]","[1692.3, 549.5, 1728.7, 639.8]",0.5656,0.4344,0.6513,,,,,,38,15,64,
91,5,13,13,unconfirmed_update,0.8047,"[752.6, 490.4, 778.3, 551.1]","[753.3, 490.2, 777.8, 550.8]",0.0933,0.9067,,,,,,,,15,,
92,3,64,64,re_activate_from_lost,0.5986,"[1537.7, 512.7, 1559.2, 572.7]","[1537.7, 512.8, 1559.3, 572.8]",0.6526,0.3474,0.792,,,,,,38,16,11,
92,3,38,38,re_activate_from_lost,0.7395,"[1707.8, 547.1, 1748.2, 642.9]","[1711.2, 545.8, 1746.5, 639.3]",0.4748,0.5252,0.0719,,,,,,38,16,63,
93,3,23,23,re_activate_from_lost,0.8089,"[744.5, 537.6, 795.8, 687.5]","[746.2, 538.2, 796.2, 682.9]",0.4554,0.5446,0.0805,,,,,,38,14,81,
93,3,7,7,re_activate_from_lost,0.8415,"[1711.8, 549.1, 1749.6, 642.9]","[1709.9, 549.8, 1747.5, 642.9]",0.415,0.585,0.0768,,,,,,38,14,65,
94,3,38,38,re_activate_from_lost,0.8456,"[1721.2, 549.5, 1761.8, 645.3]","[1721.5, 548.9, 1758.2, 644.5]",0.3459,0.6541,0.0954,,,,,,38,14,64,
94,6_revive,10,10,revived,0.6835,"[1416.2, 516.7, 1435.1, 564.0]",,,,,0.8521,0.7174,0.073,1.0,0.8521,38,14,71,"[(10, 0.8521369695663452), (68, 0.779180109500885), (57, 0.7772922515869141), (25, 0.7325872182846069), (4, 0.7290862798690796)]"
95,3,7,7,re_activate_from_lost,0.806,"[1725.3, 547.1, 1763.1, 640.9]","[1724.8, 548.1, 1762.6, 641.8]",0.1809,0.8191,0.1013,,,,,,38,14,66,
96,6_new,57,74,gate_failed sim=0.721<theta=0.750,0.8053,"[698.0, 494.8, 727.7, 564.3]",,,,,0.7211,0.75,0.0025,1.0,,38,14,36,"[(57, 0.7210807204246521), (68, 0.718547523021698), (55, 0.6977354884147644), (18, 0.6896401643753052), (19, 0.6841745376586914)]"
96,6_revive,64,64,revived,0.7415,"[1517.4, 505.2, 1541.7, 568.7]","[1539.1, 508.8, 1561.0, 569.4]",0.9428,0.0572,,0.778,0.7468,0.0802,1.0,0.778,38,14,12,"[(64, 0.7779627442359924), (34, 0.6977569460868835), (16, 0.6771051287651062), (27, 0.6574347615242004), (18, 0.6497144103050232)]"
97,3,23,23,re_activate_from_lost,0.8448,"[733.1, 543.4, 788.4, 697.3]","[734.8, 543.6, 787.3, 696.5]",0.1196,0.8804,0.102,,,,,,38,14,83,
97,5,74,74,unconfirmed_update,0.7434,"[693.9, 491.4, 726.3, 565.7]","[695.0, 492.1, 726.3, 565.4]",0.2114,0.7886,,,,,,,,14,,
97,5,64,64,unconfirmed_update,0.804,"[1521.5, 509.0, 1543.1, 569.7]","[1520.0, 508.2, 1543.4, 569.5]",0.2643,0.7357,,,,,,,,14,,
100,3,6,6,re_activate_from_lost,0.7073,"[1767.2, 544.0, 1807.7, 649.4]","[1769.1, 543.8, 1805.9, 648.4]",0.5037,0.4963,0.649,,,,,,38,15,52,
100,3,68,68,re_activate_from_lost,0.6984,"[1559.2, 513.7, 1578.2, 568.4]","[1557.1, 511.6, 1578.8, 568.5]",0.3669,0.6331,0.0837,,,,,,38,15,21,
102,3,23,23,re_activate_from_lost,0.8695,"[705.4, 545.7, 766.1, 712.1]","[707.6, 546.6, 764.9, 711.8]",0.1399,0.8601,0.0879,,,,,,38,15,86,
103,6_new,7,75,margin_failed margin=0.014<0.03,0.7411,"[1784.7, 530.9, 1819.8, 631.5]",,,,,0.7785,0.7087,0.0141,1.0,,38,15,75,"[(7, 0.7784587144851685), (5, 0.7643873691558838), (38, 0.7490042448043823), (8, 0.7480581402778625), (6, 0.7450933456420898)]"
104,3,16,16,re_activate_from_lost,0.7453,"[1494.5, 511.7, 1516.1, 561.6]","[1495.1, 511.8, 1515.4, 561.7]",0.4018,0.5982,0.1408,,,,,,38,13,40,
104,3,64,64,re_activate_from_lost,0.5982,"[1522.8, 513.3, 1541.7, 563.3]","[1522.7, 513.5, 1541.9, 563.8]",0.5651,0.4349,0.7398,,,,,,38,13,14,
104,5,75,75,unconfirmed_update,0.7497,"[1787.4, 530.5, 1822.5, 623.7]","[1787.9, 530.6, 1820.9, 625.3]",0.2071,0.7929,,,,,,,,13,,
106,6_new,8,76,margin_failed margin=0.029<0.03,0.7,"[1470.2, 510.6, 1489.1, 564.0]","[1207.5, 504.9, 1226.3, 554.6]",1.0,0.0,,0.7943,0.7273,0.0293,1.0,,38,11,36,"[(8, 0.794284999370575), (68, 0.7650233507156372), (65, 0.7628932595252991), (64, 0.7549862861633301), (16, 0.7462717890739441)]"
107,6_new,13,77,margin_failed margin=0.007<0.03,0.768,"[1336.5, 496.1, 1352.7, 538.0]",,,,,0.7927,0.744,0.0066,1.0,,38,12,30,"[(13, 0.7926769256591797), (57, 0.7860673666000366), (68, 0.7829700708389282), (8, 0.777292788028717), (7, 0.7661850452423096)]"
108,6_revive,16,16,revived,0.7734,"[1470.2, 511.7, 1489.1, 563.0]",,,,,0.8374,0.7245,0.0518,1.0,0.8374,38,10,45,"[(16, 0.8373571634292603), (64, 0.7855882048606873), (8, 0.7821757197380066), (4, 0.7696468830108643), (34, 0.7675269842147827)]"
109,3,72,72,re_activate_from_lost,0.7583,"[86.3, 510.6, 129.9, 615.3]","[86.7, 510.1, 128.0, 616.3]",0.1965,0.8035,0.0848,,,,,,38,12,23,
109,3,6,6,re_activate_from_lost,0.7255,"[1837.4, 566.0, 1886.0, 668.6]","[1839.7, 566.9, 1881.0, 669.1]",0.2818,0.7182,0.4789,,,,,,38,12,60,
109,6_revive,16,16,revived,0.7921,"[1468.8, 512.3, 1490.4, 565.0]",,,,,0.8522,0.7245,0.0639,1.0,0.8522,38,12,47,"[(16, 0.852247953414917), (34, 0.7883008718490601), (64, 0.7502594590187073), (4, 0.7366197109222412), (39, 0.7350245118141174)]"
110,6_new,10,78,margin_failed margin=0.003<0.03,0.7839,"[1418.9, 514.4, 1435.1, 562.3]",,,,,0.8138,0.7174,0.003,1.0,,38,9,88,"[(10, 0.8137787580490112), (16, 0.8107980489730835), (34, 0.7991554737091064), (8, 0.788178563117981), (57, 0.7725685238838196)]"
110,6_revive,16,16,revived,0.7728,"[1472.9, 512.7, 1491.8, 561.9]",,,,,0.8291,0.7245,0.0769,1.0,0.8291,38,9,49,"[(16, 0.8291218280792236), (34, 0.7521800994873047), (39, 0.750481367111206), (64, 0.7374742031097412), (8, 0.7293317317962646)]"
111,3,72,72,re_activate_from_lost,0.7061,"[63.0, 512.7, 110.4, 638.2]","[63.1, 512.2, 110.2, 633.7]",0.2968,0.7032,0.0928,,,,,,38,10,24,
111,5,78,78,unconfirmed_update,0.7789,"[1418.9, 516.4, 1435.1, 565.0]","[1418.8, 516.0, 1435.1, 564.4]",0.0933,0.9067,,,,,,,,10,,
111,6_revive,16,16,revived,0.7695,"[1470.2, 514.0, 1491.8, 566.0]",,,,,0.815,0.7245,0.0607,1.0,0.815,38,10,51,"[(16, 0.8149718046188354), (34, 0.7542755007743835), (64, 0.7520294785499573), (7, 0.7114863395690918), (39, 0.6990317702293396)]"
112,6_revive,16,16,revived,0.78,"[1468.8, 516.4, 1487.7, 568.4]",,,,,0.8415,0.7245,0.0853,1.0,0.8415,38,9,53,"[(16, 0.8414545059204102), (8, 0.7561919689178467), (5, 0.7417877912521362), (34, 0.7410182952880859), (39, 0.7375483512878418)]"
113,6_revive,16,16,revived,0.7487,"[1479.6, 521.8, 1495.8, 567.7]",,,,,0.8951,0.7245,0.0764,1.0,0.8951,38,7,55,"[(16, 0.8951112031936646), (34, 0.8187372088432312), (8, 0.770892322063446), (64, 0.756794273853302), (39, 0.7511146664619446)]"
113,6_revive,16,16,revived,0.6945,"[1468.8, 515.0, 1487.7, 566.3]",,,,,0.8225,0.7245,0.097,1.0,0.8225,38,7,56,"[(16, 0.8225458264350891), (8, 0.7255116701126099), (64, 0.7098168730735779), (34, 0.7034556865692139), (39, 0.6952861547470093)]"
114,3,68,68,re_activate_from_lost,0.6822,"[1567.4, 517.4, 1589.0, 574.1]","[1567.5, 517.6, 1589.0, 574.4]",0.5353,0.4647,0.6829,,,,,,38,7,23,
114,3,6,6,re_activate_from_lost,0.6303,"[1888.7, 584.9, 1929.2, 684.8]","[1886.9, 584.3, 1928.1, 684.3]",0.508,0.492,0.6899,,,,,,38,7,62,
114,6_revive,16,16,revived,0.7937,"[1479.6, 522.8, 1498.5, 571.4]",,,,,0.8544,0.7245,0.0716,1.0,0.8544,38,7,58,"[(16, 0.8543562889099121), (34, 0.7827541828155518), (8, 0.7534221410751343), (12, 0.7353321313858032), (7, 0.7321644425392151)]"
115,3,78,78,re_activate_from_lost,0.7763,"[1417.5, 523.5, 1436.4, 574.1]","[1418.4, 523.5, 1435.5, 574.0]",0.1371,0.8629,0.3301,,,,,,38,5,2,
115,6_revive,16,16,revived,0.7689,"[1479.6, 527.2, 1498.5, 574.4]",,,,,0.8825,0.7245,0.0589,1.0,0.8825,38,5,60,"[(16, 0.8824731707572937), (34, 0.8236217498779297), (8, 0.7803480625152588), (7, 0.7586708068847656), (41, 0.7498887777328491)]"
115,6_revive,16,16,revived,0.7358,"[1470.2, 522.5, 1489.1, 574.4]",,,,,0.8708,0.7245,0.1085,1.0,0.8708,38,5,61,"[(16, 0.8707709312438965), (34, 0.7623114585876465), (8, 0.751552402973175), (4, 0.7508518695831299), (5, 0.7282325625419617)]"
116,6_new,16,79,margin_failed margin=0.013<0.03,0.7263,"[1474.2, 522.8, 1493.1, 574.1]",,,,,0.8632,0.7245,0.0131,1.0,,38,5,63,"[(16, 0.8631910085678101), (34, 0.8500896692276001), (7, 0.810997486114502), (64, 0.8036004900932312), (4, 0.7953905463218689)]"
117,5,79,79,unconfirmed_update,0.5893,"[1472.9, 525.2, 1491.8, 578.5]","[1472.8, 524.7, 1492.3, 577.6]",0.2322,0.7678,,,,,,,,8,,
117,6_new,16,80,margin_failed margin=0.018<0.03,0.7587,"[1478.2, 529.2, 1497.2, 581.2]",,,,,0.8954,0.7245,0.0176,1.0,,38,8,64,"[(16, 0.8953784704208374), (34, 0.8777327537536621), (8, 0.8521901369094849), (7, 0.8025210499763489), (4, 0.784770131111145)]"
118,3,75,75,re_activate_from_lost,0.847,"[1821.2, 560.2, 1853.6, 648.7]","[1821.8, 560.2, 1853.0, 648.6]",0.759,0.241,0.7959,,,,,,38,9,1,
118,3,23,23,re_activate_from_lost,0.6379,"[646.0, 574.8, 704.7, 753.3]","[642.7, 575.6, 706.9, 749.8]",0.2641,0.7359,0.0828,,,,,,38,9,100,
119,6_new,6,81,margin_failed margin=0.020<0.03,0.6922,"[1859.0, 563.6, 1888.7, 652.7]","[1931.9, 609.2, 1973.0, 709.1]",1.0,0.0,,0.6995,0.6953,0.0197,1.0,,38,7,63,"[(6, 0.6994749307632446), (18, 0.6797397136688232), (19, 0.6636619567871094), (5, 0.6614359617233276), (7, 0.6605067849159241)]"
119,6_revive,68,68,revived,0.8371,"[1572.8, 529.5, 1591.7, 591.0]",,,,,0.8315,0.7495,0.0334,1.0,0.8315,38,7,29,"[(68, 0.8315370678901672), (37, 0.7981197834014893), (7, 0.7922508120536804), (8, 0.7884868383407593), (34, 0.7847297191619873)]"
120,5,81,81,unconfirmed_update,0.6158,"[1860.3, 562.6, 1890.0, 651.7]","[1860.0, 562.8, 1889.7, 651.9]",0.1066,0.8934,,,,,,,,6,,
121,6_revive,68,68,revived,0.795,"[1566.0, 530.9, 1584.9, 590.3]",,,,,0.8328,0.7495,0.0473,1.0,0.8328,39,6,32,"[(68, 0.8328375220298767), (13, 0.7855654954910278), (8, 0.7685141563415527), (37, 0.7592836618423462), (34, 0.7492462992668152)]"
122,6_revive,68,68,revived,0.8069,"[1570.1, 529.9, 1591.7, 592.0]",,,,,0.8319,0.7495,0.0821,1.0,0.8319,40,6,34,"[(68, 0.8318519592285156), (37, 0.7497323155403137), (12, 0.7418813109397888), (8, 0.7360343933105469), (7, 0.7317448258399963)]"
123,6_revive,68,68,revived,0.8576,"[1571.4, 532.9, 1593.0, 593.0]",,,,,0.8341,0.7495,0.0543,1.0,0.8341,40,5,36,"[(68, 0.8341039419174194), (37, 0.7797597646713257), (12, 0.7750164270401001), (41, 0.7499843835830688), (47, 0.7471704483032227)]"
124,3,81,81,re_activate_from_lost,0.7896,"[1877.9, 567.0, 1907.6, 656.8]","[1877.4, 567.3, 1907.4, 657.2]",0.182,0.818,0.3541,,,,,,40,7,2,
124,6_revive,14,14,revived,0.7611,"[469.1, 627.8, 533.9, 862.7]",,,,,0.7846,0.7082,0.0924,1.0,0.7846,40,7,144,"[(14, 0.78460693359375), (55, 0.6922129392623901), (27, 0.6822531223297119), (66, 0.6551222205162048), (7, 0.6501649618148804)]"
126,3,12,12,re_activate_from_lost,0.7282,"[361.5, 532.6, 396.6, 631.1]","[360.5, 533.0, 398.3, 632.7]",0.275,0.725,0.472,,,,,,40,6,121,
127,6_revive,68,68,revived,0.8254,"[1575.5, 538.0, 1594.4, 596.7]",,,,,0.8203,0.7495,0.0859,1.0,0.8203,41,5,41,"[(68, 0.8203061819076538), (47, 0.7344293594360352), (37, 0.7258058190345764), (12, 0.722504734992981), (79, 0.6877200603485107)]"
128,3,57,57,re_activate_from_lost,0.6489,"[396.9, 494.8, 416.5, 547.4]","[396.4, 495.0, 416.9, 547.7]",0.4452,0.5548,0.0952,,,,,,41,5,55,
128,3,23,23,re_activate_from_lost,0.788,"[602.1, 594.3, 658.1, 762.8]","[601.6, 594.7, 658.5, 761.5]",0.0606,0.9394,0.1068,,,,,,41,5,109,
128,6_new,68,82,margin_failed margin=0.026<0.03,0.835,"[1572.8, 539.3, 1594.4, 598.7]",,,,,0.7622,0.7495,0.0262,1.0,,41,5,43,"[(68, 0.7622063159942627), (12, 0.7359786033630371), (6, 0.7116599678993225), (47, 0.6864964962005615), (37, 0.6836045980453491)]"
128,6_revive,10,10,revived,0.6925,"[1037.5, 491.7, 1052.3, 530.9]",,,,,0.8447,0.7174,0.0815,1.0,0.8447,41,5,106,"[(10, 0.8447092771530151), (39, 0.7631800770759583), (34, 0.7406687140464783), (57, 0.7205662131309509), (68, 0.7107783555984497)]"
129,5,82,82,unconfirmed_update,0.8023,"[1575.5, 543.0, 1594.4, 603.1]","[1573.7, 542.3, 1595.5, 602.2]",0.2295,0.7705,,,,,,,,3,,
131,3,57,57,re_activate_from_lost,0.7072,"[385.1, 497.1, 404.7, 553.2]","[384.3, 496.7, 405.5, 552.3]",0.1947,0.8053,0.087,,,,,,41,5,56,
131,6_revive,10,10,revived,0.7672,"[1032.8, 489.4, 1047.6, 529.2]",,,,,0.8227,0.7174,0.0383,1.0,0.8227,41,5,110,"[(10, 0.8227413892745972), (39, 0.7844536304473877), (34, 0.758041262626648), (13, 0.7384185791015625), (8, 0.7332819700241089)]"
134,3,64,64,re_activate_from_lost,0.6904,"[1525.5, 526.2, 1541.7, 582.9]","[1523.3, 526.0, 1542.5, 583.2]",0.4128,0.5872,0.131,,,,,,41,6,42,
135,6_revive,14,14,revived,0.8156,"[364.8, 640.2, 421.5, 816.8]",,,,,0.7134,0.7082,0.0502,1.0,0.7134,41,5,156,"[(14, 0.7134312391281128), (55, 0.663211464881897), (72, 0.6480919718742371), (16, 0.647641658782959), (7, 0.6434890627861023)]"
136,3,64,64,re_activate_from_lost,0.6843,"[1528.2, 525.5, 1544.4, 582.9]","[1526.4, 525.5, 1545.3, 582.8]",0.2178,0.7822,0.1165,,,,,,41,6,43,
136,6_new,14,83,gate_failed sim=0.698<theta=0.708,0.7897,"[356.4, 652.1, 410.4, 822.2]",,,,,0.6977,0.7082,0.0439,1.0,,41,6,158,"[(14, 0.6977049112319946), (16, 0.6537574529647827), (55, 0.6358010172843933), (7, 0.634516716003418), (39, 0.6340252757072449)]"
137,5,83,83,unconfirmed_update,0.7932,"[342.1, 649.0, 404.0, 834.3]","[346.2, 649.6, 404.0, 831.9]",0.3558,0.6442,,,,,,,,5,,
139,6_new,25,84,gate_failed sim=0.730<theta=0.731,0.7751,"[180.6, 523.5, 224.1, 630.8]",,,,,0.7297,0.7311,0.0106,1.0,,41,7,127,"[(25, 0.7296581864356995), (14, 0.7190551161766052), (47, 0.7138962745666504), (41, 0.7127345204353333), (12, 0.7060643434524536)]"
139,6_new,37,85,margin_failed margin=0.013<0.03,0.7364,"[1529.6, 533.2, 1548.5, 592.7]",,,,,0.7814,0.7039,0.0128,1.0,,41,7,28,"[(37, 0.7814252376556396), (13, 0.7685890197753906), (68, 0.7672486305236816), (41, 0.758105993270874), (33, 0.7535384893417358)]"
141,6_new,34,86,margin_failed margin=0.003<0.03,0.7805,"[166.6, 530.2, 210.1, 638.9]",,,,,0.722,0.7174,0.003,1.0,,41,7,46,"[(34, 0.721971333026886), (12, 0.7189873456954956), (41, 0.7170748114585876), (25, 0.7166910171508789), (57, 0.7155543565750122)]"
141,6_new,13,87,margin_failed margin=0.000<0.03,0.728,"[1530.9, 532.2, 1549.8, 591.6]",,,,,0.7712,0.744,0.0003,1.0,,41,7,30,"[(13, 0.7711526155471802), (64, 0.7709000110626221), (16, 0.7589942216873169), (41, 0.7561889886856079), (37, 0.74712073802948)]"
142,5,87,87,unconfirmed_update,0.6689,"[1530.9, 533.6, 1547.1, 591.0]","[1530.1, 533.3, 1548.5, 591.1]",0.1721,0.8279,,,,,,,,7,,
142,6_revive,16,16,revived,0.724,"[1518.8, 538.7, 1535.0, 593.3]",,,,,0.8714,0.7245,0.0497,1.0,0.8714,42,7,89,"[(16, 0.8713651895523071), (34, 0.8216209411621094), (7, 0.7809073328971863), (13, 0.7716872692108154), (5, 0.7684237957000732)]"
143,6_new,69,88,margin_failed margin=0.010<0.03,0.852,"[338.9, 616.3, 404.3, 764.1]","[21.6, 576.4, 76.7, 736.1]",1.0,0.0,,0.7151,0.7023,0.0101,1.0,,42,6,61,"[(69, 0.7151039242744446), (9, 0.7050031423568726), (7, 0.6612313985824585), (16, 0.658862292766571), (79, 0.6391463875770569)]"
144,3,79,79,re_activate_from_lost,0.8235,"[1479.6, 539.3, 1501.2, 598.7]","[1479.6, 538.7, 1501.3, 599.1]",0.1278,0.8722,0.049,,,,,,42,7,25,
144,5,88,88,unconfirmed_update,0.7951,"[329.6, 615.6, 390.8, 763.4]","[329.8, 615.7, 395.2, 763.6]",0.3101,0.6899,,,,,,,,7,,
145,3,7,7,re_activate_from_lost,0.6568,"[1876.5, 522.5, 1911.6, 636.5]","[1873.4, 525.4, 1915.0, 636.2]",0.4167,0.5833,0.1276,,,,,,42,5,112,
146,3,88,88,re_activate_from_lost,0.6656,"[311.2, 622.0, 375.0, 774.2]","[310.3, 621.5, 377.4, 773.3]",0.2746,0.7254,0.5171,,,,,,42,5,0,
147,3,69,69,re_activate_from_lost,0.913,"[-24.5, 591.0, 33.8, 755.3]","[-23.9, 590.7, 33.0, 755.0]",0.2218,0.7782,0.2894,,,,,,42,4,61,
147,6_new,64,89,margin_failed margin=0.003<0.03,0.6935,"[1539.0, 533.2, 1555.2, 589.3]",,,,,0.7481,0.7258,0.0033,1.0,,42,4,55,"[(64, 0.7480770945549011), (41, 0.7448204755783081), (34, 0.7241019606590271), (16, 0.7188923954963684), (13, 0.7176034450531006)]"
147,6_new,8,90,margin_failed margin=0.030<0.03,0.6814,"[1160.3, 520.8, 1188.7, 586.2]",,,,,0.7582,0.7273,0.0297,1.0,,42,4,36,"[(8, 0.7582159042358398), (37, 0.7284846305847168), (68, 0.7276724576950073), (12, 0.7173610925674438), (64, 0.7114397883415222)]"
148,5,89,89,unconfirmed_update,0.725,"[1539.0, 534.9, 1555.2, 592.3]","[1538.8, 534.6, 1555.4, 591.7]",0.08,0.92,,,,,,,,5,,
148,5,90,90,unconfirmed_update,0.8424,"[1159.7, 521.1, 1189.4, 588.6]","[1160.0, 521.0, 1189.0, 588.1]",0.0832,0.9168,,,,,,,,5,,
149,6_revive,10,10,revived,0.7837,"[1017.2, 489.7, 1032.1, 531.6]",,,,,0.8483,0.7174,0.0595,1.0,0.8483,42,6,129,"[(10, 0.8482615947723389), (39, 0.788772463798523), (34, 0.7680866718292236), (8, 0.7435243129730225), (16, 0.7347680330276489)]"
150,3,79,79,re_activate_from_lost,0.8057,"[1483.7, 539.0, 1505.2, 595.0]","[1483.9, 539.1, 1504.6, 596.0]",0.1622,0.8378,0.0709,,,,,,42,7,30,
150,6_new,5,91,margin_failed margin=0.007<0.03,0.7274,"[1400.0, 519.1, 1418.9, 568.4]",,,,,0.8169,0.75,0.0074,1.0,,42,7,32,"[(5, 0.8168894052505493), (6, 0.8094652891159058), (7, 0.7773048877716064), (38, 0.7763897180557251), (4, 0.7594754695892334)]"
151,6_new,12,92,margin_failed margin=0.001<0.03,0.7346,"[1570.1, 538.7, 1589.0, 601.4]","[249.7, 531.4, 299.5, 657.1]",1.0,0.0,,0.7507,0.6739,0.0013,1.0,,42,7,142,"[(12, 0.7506606578826904), (34, 0.7493362426757812), (41, 0.7471783757209778), (68, 0.7383424043655396), (79, 0.7357226610183716)]"
152,5,92,92,unconfirmed_update,0.7006,"[1568.7, 537.6, 1590.3, 601.1]","[1570.0, 537.8, 1589.0, 601.2]",0.143,0.857,,,,,,,,9,,
153,3,90,90,re_activate_from_lost,0.848,"[1157.0, 522.1, 1184.0, 590.3]","[1155.8, 522.2, 1185.1, 590.3]",0.0837,0.9163,0.2229,,,,,,42,11,2,
157,6_new,68,93,margin_failed margin=0.028<0.03,0.704,"[1310.2, 500.5, 1329.1, 555.2]",,,,,0.8163,0.7495,0.0277,1.0,,45,9,72,"[(68, 0.816281795501709), (8, 0.7885724902153015), (64, 0.7811456322669983), (90, 0.7712830901145935), (37, 0.7690786123275757)]"
157,6_revive,5,5,revived,0.7008,"[1405.4, 511.3, 1424.2, 560.6]",,,,,0.8572,0.75,0.0617,1.0,0.8572,45,9,32,"[(5, 0.8572394251823425), (6, 0.7955713868141174), (4, 0.7925825715065002), (7, 0.787182629108429), (68, 0.7715131640434265)]"
158,6_new,4,94,margin_failed margin=0.000<0.03,0.6983,"[1326.4, 519.4, 1346.6, 574.8]",,,,,0.7607,0.75,0.0001,1.0,,45,9,7,"[(4, 0.7607407569885254), (57, 0.7606242895126343), (7, 0.7586712837219238), (8, 0.7490249872207642), (68, 0.7358947396278381)]"
159,6_revive,5,5,revived,0.77,"[1406.7, 518.1, 1425.6, 566.0]",,,,,0.8374,0.75,0.0426,1.0,0.8374,45,8,33,"[(5, 0.8374102115631104), (4, 0.7947894334793091), (7, 0.7773306369781494), (6, 0.7689142227172852), (8, 0.7633066177368164)]"
160,3,10,10,re_activate_from_lost,0.622,"[1452.6, 544.0, 1474.2, 601.4]","[1453.2, 544.1, 1473.7, 601.5]",0.2693,0.7307,0.5455,,,,,,45,9,132,
160,3,90,90,re_activate_from_lost,0.8114,"[1147.5, 535.3, 1177.2, 611.6]","[1147.2, 535.5, 1178.1, 610.9]",0.1307,0.8693,0.1261,,,,,,45,9,8,
160,5,5,5,unconfirmed_update,0.7432,"[1408.1, 531.2, 1427.0, 577.1]","[1408.1, 528.6, 1426.4, 574.9]",0.4755,0.5245,,,,,,,,9,,
160,6_new,89,95,margin_failed margin=0.029<0.03,0.6821,"[1551.2, 538.3, 1570.1, 599.7]",,,,,0.7873,0.75,0.029,1.0,,45,9,12,"[(89, 0.7872874736785889), (16, 0.7582828998565674), (79, 0.740117073059082), (7, 0.7251224517822266), (64, 0.7198294401168823)]"
160,6_revive,23,23,revived,0.6806,"[351.0, 704.7, 411.1, 915.3]",,,,,0.7617,0.7335,0.0545,1.0,0.7617,45,9,142,"[(23, 0.7617475986480713), (7, 0.7072823643684387), (14, 0.7032278776168823), (41, 0.7021633386611938), (55, 0.6931677460670471)]"
161,3,64,64,re_activate_from_lost,0.8788,"[1529.6, 550.5, 1551.2, 610.5]","[1530.8, 550.3, 1550.2, 610.4]",0.4421,0.5579,0.094,,,,,,45,7,59,
161,6_new,4,96,margin_failed margin=0.022<0.03,0.7771,"[1328.4, 514.0, 1348.7, 571.4]",,,,,0.8087,0.75,0.0223,1.0,,45,7,7,"[(4, 0.8086692690849304), (7, 0.7863254547119141), (57, 0.7786200046539307), (8, 0.7598097920417786), (5, 0.7586600184440613)]"
161,6_new,10,97,margin_failed margin=0.020<0.03,0.704,"[1011.8, 500.2, 1028.0, 541.4]",,,,,0.7852,0.695,0.0202,1.0,,45,7,134,"[(10, 0.7851849794387817), (39, 0.7650340795516968), (30, 0.7243825197219849), (13, 0.7097314596176147), (34, 0.6999715566635132)]"
162,3,16,16,re_activate_from_lost,0.8612,"[1526.9, 538.7, 1548.5, 599.4]","[1527.6, 538.7, 1547.4, 599.4]",0.0995,0.9005,0.1187,,,,,,45,7,108,
162,6_new,65,98,gate_failed sim=0.711<theta=0.750,0.8216,"[321.0, 710.1, 385.8, 936.9]",,,,,0.7111,0.75,0.0095,1.0,,45,7,11,"[(65, 0.7111334800720215), (7, 0.701676607131958), (14, 0.7011407613754272), (23, 0.6959481239318848), (55, 0.6848491430282593)]"
163,5,98,98,unconfirmed_update,0.7727,"[312.5, 720.2, 383.4, 953.8]","[315.9, 718.2, 382.2, 950.4]",0.2366,0.7634,,,,,,,,7,,
163,6_new,68,99,margin_failed margin=0.013<0.03,0.7634,"[1310.2, 510.6, 1330.4, 567.3]",,,,,0.7711,0.7495,0.0127,1.0,,45,7,78,"[(68, 0.771088719367981), (8, 0.7584338188171387), (90, 0.7420533895492554), (4, 0.7316399812698364), (7, 0.7315106987953186)]"
163,6_revive,10,10,revived,0.7382,"[1010.5, 501.5, 1026.7, 542.0]",,,,,0.7714,0.695,0.0378,1.0,0.7714,45,7,136,"[(10, 0.7713919878005981), (39, 0.7336300015449524), (34, 0.7298819422721863), (13, 0.6837126016616821), (41, 0.6828804612159729)]"
164,5,99,99,unconfirmed_update,0.7572,"[1310.2, 506.9, 1330.4, 563.0]","[1310.3, 507.7, 1330.3, 563.8]",0.1341,0.8659,,,,,,,,6,,
164,6_new,47,100,gate_failed sim=0.738<theta=0.750,0.759,"[723.6, 512.3, 750.6, 581.9]",,,,,0.7385,0.75,0.0021,1.0,,45,6,17,"[(47, 0.7384933233261108), (41, 0.7363513112068176), (64, 0.7235729098320007), (33, 0.711612343788147), (49, 0.7115650177001953)]"
164,6_revive,34,34,revived,0.7834,"[766.8, 505.2, 788.4, 557.2]",,,,,0.8216,0.7174,0.0346,1.0,0.8216,45,6,46,"[(34, 0.8215686082839966), (39, 0.7869552373886108), (68, 0.7469419836997986), (17, 0.7421284914016724), (13, 0.7390488386154175)]"
165,6_new,10,101,margin_failed margin=0.027<0.03,0.7192,"[1011.2, 489.7, 1026.0, 522.1]",,,,,0.8103,0.695,0.0268,1.0,,45,7,139,"[(10, 0.8103455305099487), (34, 0.7835350036621094), (39, 0.761818528175354), (57, 0.7342349290847778), (8, 0.7154160737991333)]"
165,6_new,4,102,margin_failed margin=0.005<0.03,0.6871,"[1328.4, 498.5, 1350.0, 560.6]",,,,,0.7958,0.75,0.0045,1.0,,45,7,7,"[(4, 0.795802891254425), (57, 0.7912538051605225), (8, 0.7663936018943787), (7, 0.7630863189697266), (68, 0.7617937326431274)]"
166,6_new,34,103,margin_failed margin=0.027<0.03,0.7391,"[764.1, 504.2, 787.1, 560.2]",,,,,0.8283,0.7174,0.0268,1.0,,45,9,47,"[(34, 0.82828688621521), (39, 0.8014491200447083), (16, 0.7701338529586792), (37, 0.7463546395301819), (13, 0.7458090782165527)]"
166,6_new,47,104,gate_failed sim=0.718<theta=0.750,0.7952,"[718.9, 512.3, 747.2, 584.6]",,,,,0.7179,0.75,0.0075,1.0,,45,9,17,"[(47, 0.7178764343261719), (49, 0.7103927135467529), (64, 0.7053709030151367), (41, 0.7024277448654175), (37, 0.6819522976875305)]"
167,3,90,90,re_activate_from_lost,0.8068,"[1140.8, 516.4, 1174.5, 594.7]","[1141.6, 517.4, 1173.8, 594.7]",0.1968,0.8032,0.1266,,,,,,45,10,13,
167,3,99,99,re_activate_from_lost,0.6731,"[1313.6, 498.5, 1331.1, 553.8]","[1312.3, 498.2, 1332.2, 553.9]",0.2006,0.7994,0.462,,,,,,45,10,1,
167,5,103,103,unconfirmed_update,0.8085,"[762.8, 499.5, 787.1, 556.2]","[763.4, 500.4, 786.6, 557.0]",0.189,0.811,,,,,,,,10,,
167,5,104,104,unconfirmed_update,0.7956,"[719.6, 508.6, 746.6, 580.8]","[718.9, 509.4, 747.2, 581.6]",0.1387,0.8613,,,,,,,,10,,
169,3,90,90,re_activate_from_lost,0.819,"[1138.1, 524.5, 1161.0, 586.6]","[1137.3, 523.2, 1164.2, 588.8]",0.467,0.533,0.0741,,,,,,45,10,14,
169,6_new,68,105,margin_failed margin=0.004<0.03,0.7341,"[1154.9, 518.1, 1177.9, 586.2]",,,,,0.7544,0.7495,0.0036,1.0,,45,10,84,"[(68, 0.7544288635253906), (16, 0.7508043050765991), (90, 0.7499805092811584), (79, 0.7473235130310059), (7, 0.7463260889053345)]"
170,5,105,105,unconfirmed_update,0.6565,"[1155.6, 516.7, 1177.2, 585.6]","[1154.8, 517.0, 1178.0, 585.7]",0.0852,0.9148,,,,,,,,10,,
170,6_new,33,106,margin_failed margin=0.008<0.03,0.6878,"[648.7, 485.3, 664.2, 524.5]",,,,,0.7695,0.75,0.0083,1.0,,45,10,23,"[(33, 0.7694922685623169), (89, 0.761192798614502), (16, 0.7540026307106018), (64, 0.7432283163070679), (79, 0.7252668142318726)]"
171,5,106,106,unconfirmed_update,0.8186,"[646.3, 485.7, 661.2, 523.5]","[646.7, 485.6, 661.8, 523.7]",0.3229,0.6771,,,,,,,,10,,
174,3,79,79,re_activate_from_lost,0.7295,"[1516.1, 536.6, 1537.7, 604.1]","[1515.7, 536.3, 1538.7, 604.2]",0.4079,0.5921,0.5681,,,,,,47,10,49,
174,6_new,7,107,gate_failed sim=0.639<theta=0.650,0.8808,"[581.5, 536.0, 613.9, 633.8]","[1953.8, 475.0, 1997.1, 595.6]",1.0,0.0,,0.6391,0.65,0.0089,1.0,,47,10,118,"[(7, 0.6390562653541565), (64, 0.6301910877227783), (68, 0.6170953512191772), (6, 0.6125438809394836), (8, 0.6119982600212097)]"
175,5,107,107,unconfirmed_update,0.9166,"[576.5, 533.6, 610.9, 633.5]","[578.0, 534.1, 610.9, 633.6]",0.2355,0.7645,,,,,,,,8,,
176,3,105,105,re_activate_from_lost,0.8373,"[1149.5, 525.8, 1173.8, 594.7]","[1150.1, 525.8, 1173.3, 594.6]",0.2198,0.7802,0.3467,,,,,,47,8,1,
176,6_new,64,108,gate_failed sim=0.725<theta=0.726,0.8157,"[563.0, 523.5, 590.0, 602.4]",,,,,0.7254,0.7258,0.0343,1.0,,48,8,60,"[(64, 0.7254191637039185), (13, 0.6911475658416748), (18, 0.6812114119529724), (33, 0.6733812093734741), (16, 0.6638285517692566)]"
177,5,108,108,unconfirmed_update,0.8377,"[561.6, 522.8, 588.6, 602.4]","[561.8, 522.9, 589.0, 602.4]",0.1025,0.8975,,,,,,,,6,,
177,6_new,12,109,margin_failed margin=0.009<0.03,0.7545,"[613.2, 500.5, 630.8, 545.1]",,,,,0.7707,0.6739,0.0092,1.0,,48,6,142,"[(12, 0.770749568939209), (25, 0.7615393400192261), (68, 0.7132816910743713), (18, 0.7006076574325562), (34, 0.6956050395965576)]"
178,5,109,109,unconfirmed_update,0.6124,"[612.6, 498.5, 630.1, 545.7]","[612.3, 498.9, 630.7, 545.6]",0.1251,0.8749,,,,,,,,5,,
180,3,16,16,re_activate_from_lost,0.7864,"[1540.4, 547.1, 1562.0, 617.3]","[1539.9, 546.9, 1563.1, 616.8]",0.5694,0.4306,0.6614,,,,,,49,6,119,
181,6_revive,10,10,revived,0.7686,"[1495.8, 546.8, 1512.0, 612.2]",,,,,0.8706,0.695,0.1211,1.0,0.8706,50,5,155,"[(10, 0.8706307411193848), (3, 0.749557375907898), (79, 0.7249348163604736), (103, 0.7103391885757446), (64, 0.6966533660888672)]"
182,6_revive,10,10,revived,0.7937,"[1497.2, 545.4, 1516.1, 611.6]",,,,,0.7822,0.695,0.0685,1.0,0.7822,51,6,157,"[(10, 0.7822278738021851), (3, 0.7137128710746765), (79, 0.6430273056030273), (64, 0.6186418533325195), (103, 0.604602575302124)]"
182,6_new,89,110,margin_failed margin=0.009<0.03,0.7936,"[513.3, 546.1, 547.8, 645.3]","[1586.8, 549.0, 1610.4, 623.3]",1.0,0.0,,0.7502,0.6666,0.0086,1.0,,51,6,32,"[(89, 0.7501798868179321), (57, 0.7415459752082825), (16, 0.7413218021392822), (41, 0.7412060499191284), (7, 0.7351487278938293)]"
183,5,110,110,unconfirmed_update,0.7832,"[521.8, 534.3, 550.8, 612.6]","[520.8, 536.6, 549.5, 619.1]",0.5637,0.4363,,,,,,,,7,,
184,3,109,109,re_activate_from_lost,0.7714,"[599.7, 503.6, 622.0, 555.5]","[600.6, 503.5, 621.2, 555.4]",0.3369,0.6631,0.4885,,,,,,51,7,0,
184,6_new,33,111,gate_failed sim=0.680<theta=0.750,0.8503,"[442.1, 509.3, 469.8, 580.2]",,,,,0.6801,0.75,0.0072,1.0,,51,7,23,"[(33, 0.6801496744155884), (34, 0.6729123592376709), (64, 0.671976625919342), (10, 0.6692085266113281), (17, 0.6680663824081421)]"
185,5,111,111,unconfirmed_update,0.8883,"[436.7, 509.3, 467.8, 582.2]","[438.8, 509.3, 467.2, 581.8]",0.2447,0.7553,,,,,,,,6,,
185,6_new,10,112,margin_failed margin=0.019<0.03,0.7148,"[1014.5, 495.5, 1026.7, 523.8]",,,,,0.8127,0.695,0.0185,1.0,,51,6,161,"[(10, 0.8126810193061829), (34, 0.7941585779190063), (103, 0.7802495956420898), (57, 0.7703945636749268), (39, 0.7621555328369141)]"
185,6_new,12,113,margin_failed margin=0.006<0.03,0.8071,"[510.6, 531.9, 547.8, 650.7]",,,,,0.7406,0.6739,0.0058,1.0,,51,6,142,"[(12, 0.7405974268913269), (25, 0.7348002195358276), (18, 0.6982219219207764), (41, 0.6958497762680054), (55, 0.694191575050354)]"
186,5,112,112,unconfirmed_update,0.6829,"[1013.9, 494.8, 1026.0, 524.5]","[1013.8, 494.9, 1026.4, 524.3]",0.1439,0.8561,,,,,,,,6,,
186,6_revive,108,108,revived,0.6812,"[550.8, 507.6, 573.8, 579.8]",,,,,0.8083,0.75,0.08,1.0,0.8083,51,6,9,"[(108, 0.8082823753356934), (64, 0.728306233882904), (16, 0.7066606283187866), (49, 0.7002154588699341), (89, 0.6972946524620056)]"
187,3,109,109,re_activate_from_lost,0.5986,"[597.4, 503.2, 621.7, 557.2]","[597.9, 504.2, 619.5, 558.0]",0.3838,0.6162,0.6312,,,,,,51,7,2,
187,6_new,10,114,margin_failed margin=0.016<0.03,0.7161,"[693.2, 491.4, 708.1, 529.2]",,,,,0.8122,0.695,0.0158,1.0,,51,7,163,"[(10, 0.812242865562439), (34, 0.79644376039505), (103, 0.794409990310669), (8, 0.775532066822052), (57, 0.7668615579605103)]"
188,3,89,89,re_activate_from_lost,0.6621,"[1595.7, 544.7, 1620.0, 619.0]","[1596.2, 545.0, 1619.9, 619.2]",0.4133,0.5867,0.1369,,,,,,51,6,32,
190,6_revive,10,10,revived,0.8251,"[1512.0, 541.7, 1533.6, 615.3]",,,,,0.8034,0.695,0.1074,1.0,0.8034,53,8,166,"[(10, 0.8034273386001587), (79, 0.6959925889968872), (3, 0.6744098663330078), (89, 0.6556287407875061), (16, 0.6493872404098511)]"
191,3,109,109,re_activate_from_lost,0.6549,"[590.6, 509.0, 614.9, 559.6]","[592.8, 508.4, 613.9, 559.6]",0.3137,0.6863,0.5505,,,,,,53,8,4,
191,6_revive,110,110,revived,0.6988,"[484.0, 555.9, 521.1, 661.8]",,,,,0.764,0.75,0.0413,1.0,0.764,54,8,8,"[(110, 0.7640020251274109), (14, 0.7227177619934082), (64, 0.7129927277565002), (41, 0.7120798826217651), (18, 0.7087388038635254)]"
192,3,108,108,re_activate_from_lost,0.8335,"[550.8, 531.9, 583.2, 617.0]","[551.8, 532.5, 581.5, 617.6]",0.2045,0.7955,0.337,,,,,,54,6,13,
192,6_revive,5,5,revived,0.7418,"[1464.8, 534.9, 1486.4, 586.2]",,,,,0.8049,0.75,0.037,1.0,0.8049,54,6,66,"[(5, 0.8049083352088928), (106, 0.767900288105011), (16, 0.7529764175415039), (8, 0.7427984476089478), (4, 0.7395575642585754)]"
194,6_new,103,115,margin_failed margin=0.009<0.03,0.724,"[754.0, 509.0, 778.3, 565.0]",,,,,0.8479,0.75,0.0086,1.0,,54,6,27,"[(103, 0.8478619456291199), (34, 0.8392568230628967), (68, 0.789220929145813), (8, 0.787409782409668), (64, 0.7747228741645813)]"
195,6_new,110,116,margin_failed margin=0.016<0.03,0.8049,"[520.1, 541.4, 550.5, 629.1]",,,,,0.7817,0.75,0.0164,1.0,,54,5,13,"[(110, 0.7817293405532837), (109, 0.7653690576553345), (12, 0.7473263740539551), (14, 0.7432473301887512), (41, 0.7424411773681641)]"
195,6_revive,5,5,revived,0.729,"[1471.5, 524.1, 1490.4, 574.8]",,,,,0.8359,0.75,0.0788,1.0,0.8359,54,5,70,"[(5, 0.8358803987503052), (7, 0.7570971846580505), (4, 0.7364124059677124), (6, 0.7305989265441895), (68, 0.713182806968689)]"
196,3,92,92,re_activate_from_lost,0.8495,"[1661.9, 544.0, 1688.9, 619.0]","[1662.3, 544.2, 1688.3, 619.1]",0.1366,0.8634,0.2665,,,,,,54,5,36,
196,6_new,17,117,margin_failed margin=0.021<0.03,0.7059,"[706.1, 507.6, 725.0, 550.8]",,,,,0.7733,0.75,0.0213,1.0,,54,5,28,"[(17, 0.7733312845230103), (34, 0.7519845366477966), (33, 0.7501304149627686), (16, 0.7279397249221802), (13, 0.718864917755127)]"
197,6_revive,5,5,revived,0.7915,"[1474.2, 524.5, 1495.8, 575.1]",,,,,0.8606,0.75,0.0822,1.0,0.8606,54,5,73,"[(5, 0.8606102466583252), (7, 0.7784066200256348), (16, 0.7727134823799133), (8, 0.7679157257080078), (68, 0.7567551732063293)]"
198,3,109,109,re_activate_from_lost,0.6634,"[580.8, 521.4, 603.1, 582.9]","[580.2, 521.3, 605.0, 582.1]",0.6544,0.3456,0.7707,,,,,,54,5,6,
198,6_new,18,118,gate_failed sim=0.634<theta=0.672,0.8671,"[134.5, 591.3, 187.7, 752.0]",,,,,0.634,0.6723,0.0017,1.0,,54,5,46,"[(18, 0.6339964866638184), (23, 0.6323407888412476), (41, 0.6320188045501709), (109, 0.6138085126876831), (8, 0.6119424104690552)]"
198,6_new,8,119,margin_failed margin=0.020<0.03,0.8253,"[828.9, 494.8, 845.1, 536.6]",,,,,0.8004,0.7273,0.0201,1.0,,54,5,36,"[(8, 0.8004392981529236), (68, 0.7803072929382324), (37, 0.7749471664428711), (16, 0.7683006525039673), (13, 0.750299334526062)]"
199,5,118,118,unconfirmed_update,0.9221,"[126.1, 595.7, 183.4, 756.0]","[129.5, 594.8, 182.6, 755.2]",0.2411,0.7589,,,,,,,,4,,
199,5,119,119,unconfirmed_update,0.7396,"[826.2, 496.8, 843.8, 537.3]","[827.5, 496.4, 843.3, 537.2]",0.2583,0.7417,,,,,,,,4,,
199,6_revive,79,79,revived,0.6959,"[1587.6, 540.3, 1611.9, 615.9]",,,,,0.8543,0.6899,0.0865,1.0,0.8543,54,4,75,"[(79, 0.8542637825012207), (16, 0.7677510976791382), (92, 0.761650562286377), (89, 0.7542201280593872), (68, 0.7510645985603333)]"
199,6_new,64,120,margin_failed margin=0.014<0.03,0.7931,"[688.2, 500.5, 704.7, 543.0]",,,,,0.7944,0.7258,0.0138,1.0,,54,4,60,"[(64, 0.7944287061691284), (16, 0.7806731462478638), (8, 0.7745044231414795), (103, 0.7550528049468994), (34, 0.7482974529266357)]"
200,5,120,120,unconfirmed_update,0.7922,"[688.5, 498.5, 706.1, 542.4]","[688.6, 498.9, 705.6, 542.5]",0.1475,0.8525,,,,,,,,5,,
201,6_revive,79,79,revived,0.7963,"[1593.0, 541.0, 1614.6, 619.3]",,,,,0.8632,0.6899,0.0724,1.0,0.8632,54,5,78,"[(79, 0.8632245063781738), (16, 0.790785551071167), (92, 0.7705734968185425), (64, 0.7522992491722107), (68, 0.7510614395141602)]"
201,6_revive,5,5,revived,0.7337,"[1482.3, 525.5, 1501.2, 575.4]",,,,,0.8465,0.75,0.0693,1.0,0.8465,54,5,78,"[(5, 0.8464998006820679), (7, 0.7771560549736023), (68, 0.7767132520675659), (4, 0.7637684345245361), (34, 0.748456597328186)]"
201,6_revive,109,109,revived,0.8353,"[587.9, 513.3, 608.9, 568.0]","[574.0, 521.8, 599.1, 583.4]",0.7621,0.2379,,0.7713,0.75,0.037,1.0,0.7713,54,5,7,"[(109, 0.7712523937225342), (41, 0.734255313873291), (8, 0.7260388731956482), (13, 0.7215325832366943), (110, 0.7142871618270874)]"
202,5,109,109,unconfirmed_update,0.7659,"[585.9, 511.3, 607.5, 568.0]","[586.3, 511.7, 607.8, 568.0]",0.1758,0.8242,,,,,,,,4,,
202,6_revive,5,5,revived,0.7218,"[1481.0, 525.8, 1499.9, 578.5]",,,,,0.8589,0.75,0.0982,1.0,0.8589,54,4,80,"[(5, 0.8588548302650452), (7, 0.7606055736541748), (4, 0.7559733986854553), (6, 0.7554319500923157), (106, 0.7332266569137573)]"
202,6_new,55,121,gate_failed sim=0.741<theta=0.750,0.8684,"[46.6, 546.4, 93.9, 674.7]",,,,,0.7409,0.75,0.0179,1.0,,54,4,15,"[(55, 0.7409168481826782), (57, 0.7230661511421204), (14, 0.7102673053741455), (41, 0.710155189037323), (110, 0.7084639072418213)]"
203,5,121,121,unconfirmed_update,0.8994,"[33.6, 544.4, 89.6, 674.0]","[39.4, 544.8, 87.2, 674.1]",0.2995,0.7005,,,,,,,,5,,
203,6_revive,79,79,revived,0.8388,"[1602.5, 540.7, 1626.8, 620.3]",,,,,0.7636,0.6899,0.0758,1.0,0.7636,54,5,81,"[(79, 0.7635523080825806), (16, 0.6877429485321045), (64, 0.6670266389846802), (68, 0.6606041193008423), (92, 0.6527100205421448)]"
207,6_revive,10,10,revived,0.8626,"[1552.5, 544.7, 1574.1, 624.4]",,,,,0.8614,0.695,0.1277,1.0,0.8614,56,5,184,"[(10, 0.8613599538803101), (3, 0.73362135887146), (103, 0.7086062431335449), (39, 0.6899787187576294), (79, 0.687183141708374)]"
209,3,68,68,re_activate_from_lost,0.8464,"[1726.7, 564.6, 1753.7, 642.9]","[1726.4, 564.5, 1753.7, 642.9]",0.3761,0.6239,0.0992,,,,,,57,4,110,
209,6_revive,10,10,revived,0.8091,"[1562.0, 546.4, 1580.9, 618.0]",,,,,0.8455,0.695,0.122,1.0,0.8455,57,4,187,"[(10, 0.8455265760421753), (103, 0.7235245704650879), (39, 0.7070093154907227), (3, 0.688933253288269), (79, 0.6709136962890625)]"
209,6_revive,79,79,revived,0.7931,"[1594.4, 557.2, 1621.4, 626.7]",,,,,0.8191,0.6899,0.0488,1.0,0.8191,57,4,88,"[(79, 0.8190650939941406), (16, 0.7702661156654358), (92, 0.7637184262275696), (34, 0.7079715728759766), (68, 0.7031455636024475)]"
209,6_revive,5,5,revived,0.7591,"[1494.5, 535.3, 1516.1, 589.3]",,,,,0.8203,0.75,0.0412,1.0,0.8203,57,4,88,"[(5, 0.820331335067749), (7, 0.7791421413421631), (6, 0.7782335877418518), (4, 0.7758032083511353), (68, 0.7713654041290283)]"
211,6_revive,79,79,revived,0.8216,"[1598.4, 557.9, 1625.4, 627.4]",,,,,0.7788,0.6899,0.0471,1.0,0.7788,57,4,91,"[(79, 0.7788279056549072), (16, 0.7317676544189453), (92, 0.6987831592559814), (12, 0.684576153755188), (64, 0.6834708452224731)]"
212,3,119,119,re_activate_from_lost,0.6848,"[830.2, 478.2, 847.8, 519.4]","[831.0, 478.3, 847.1, 519.5]",0.3235,0.6765,0.5367,,,,,,57,6,2,
212,3,68,68,re_activate_from_lost,0.7514,"[1736.1, 564.3, 1763.1, 648.0]","[1735.4, 565.2, 1763.9, 648.1]",0.1158,0.8842,0.0896,,,,,,57,6,111,
212,3,109,109,re_activate_from_lost,0.6086,"[577.8, 495.5, 603.5, 548.8]","[579.1, 495.2, 600.8, 548.7]",0.2513,0.7487,0.0749,,,,,,57,6,16,
213,6_revive,79,79,revived,0.7631,"[1599.8, 540.7, 1624.1, 609.5]",,,,,0.812,0.6899,0.0373,1.0,0.812,57,3,94,"[(79, 0.8119847774505615), (16, 0.7746803760528564), (34, 0.7235852479934692), (64, 0.7109659314155579), (68, 0.7039284706115723)]"
213,6_revive,10,10,revived,0.7241,"[1571.4, 542.0, 1593.0, 610.9]",,,,,0.8089,0.695,0.0847,1.0,0.8089,57,3,192,"[(10, 0.8089208006858826), (3, 0.724214494228363), (103, 0.6987419724464417), (39, 0.6623561382293701), (34, 0.660685658454895)]"
214,6_new,79,122,margin_failed margin=0.022<0.03,0.8131,"[1603.8, 539.0, 1628.1, 603.1]",,,,,0.7863,0.6899,0.0216,1.0,,57,4,96,"[(79, 0.7863277792930603), (16, 0.764772891998291), (64, 0.7509278655052185), (7, 0.7054510116577148), (34, 0.7024258971214294)]"
215,3,119,119,re_activate_from_lost,0.7185,"[828.9, 478.6, 845.1, 518.4]","[829.1, 478.3, 845.0, 518.3]",0.0703,0.9297,0.332,,,,,,57,6,4,
215,3,109,109,re_activate_from_lost,0.6206,"[573.8, 497.5, 597.4, 552.2]","[574.6, 497.4, 596.9, 551.4]",0.1638,0.8362,0.0906,,,,,,57,6,18,
215,5,122,122,unconfirmed_update,0.8477,"[1605.2, 536.6, 1626.8, 600.8]","[1603.8, 537.1, 1628.1, 601.2]",0.171,0.829,,,,,,,,6,,
216,3,68,68,re_activate_from_lost,0.8273,"[1751.0, 556.5, 1778.0, 641.6]","[1750.3, 556.5, 1779.0, 641.5]",0.0783,0.9217,0.067,,,,,,58,3,114,
218,3,109,109,re_activate_from_lost,0.6267,"[570.7, 496.8, 594.3, 560.2]","[569.9, 497.3, 595.4, 560.4]",0.1056,0.8944,0.072,,,,,,58,4,20,
220,3,111,111,re_activate_from_lost,0.6125,"[364.8, 503.6, 403.3, 600.1]","[365.1, 503.8, 402.8, 599.8]",0.2268,0.7732,0.5264,,,,,,58,4,27,
221,6_revive,10,10,revived,0.7868,"[1595.7, 537.3, 1617.3, 605.5]",,,,,0.7497,0.695,0.0578,1.0,0.7497,59,4,201,"[(10, 0.7496654987335205), (103, 0.6918607950210571), (41, 0.6674591302871704), (34, 0.6644250750541687), (49, 0.6640594005584717)]"
222,3,105,105,re_activate_from_lost,0.6413,"[1084.7, 531.2, 1115.8, 610.2]","[1085.1, 531.3, 1115.5, 610.4]",0.2319,0.7681,0.1321,,,,,,59,4,36,
222,6_revive,104,104,revived,0.795,"[690.2, 515.7, 718.2, 593.3]",,,,,0.7828,0.75,0.0346,1.0,0.7828,59,4,55,"[(104, 0.7828356623649597), (16, 0.748198390007019), (34, 0.739987850189209), (55, 0.7352646589279175), (79, 0.7346035242080688)]"
223,6_revive,104,104,revived,0.8433,"[689.5, 516.4, 716.2, 594.0]",,,,,0.7855,0.75,0.092,1.0,0.7855,59,3,57,"[(104, 0.785460889339447), (16, 0.6934373378753662), (55, 0.6890249848365784), (34, 0.6886125802993774), (79, 0.6844881772994995)]"
224,3,119,119,re_activate_from_lost,0.6088,"[830.9, 479.9, 847.1, 520.4]","[830.8, 479.9, 847.1, 520.4]",0.1573,0.8427,0.0571,,,,,,59,4,7,
224,3,90,90,re_activate_from_lost,0.8841,"[1075.3, 540.0, 1110.4, 635.2]","[1076.0, 540.0, 1111.2, 635.1]",0.1855,0.8145,0.1279,,,,,,59,4,68,
224,6_revive,10,10,revived,0.7636,"[1606.5, 538.3, 1628.1, 608.5]",,,,,0.8282,0.695,0.0818,1.0,0.8282,59,4,205,"[(10, 0.8281512260437012), (103, 0.7463088035583496), (3, 0.7225208282470703), (34, 0.7143520712852478), (39, 0.6791698932647705)]"
225,6_new,55,123,gate_failed sim=0.658<theta=0.750,0.7599,"[485.0, 523.8, 518.7, 619.7]",,,,,0.6578,0.75,0.0011,1.0,,59,3,15,"[(55, 0.6578061580657959), (7, 0.6566677093505859), (109, 0.6507988572120667), (23, 0.6487658023834229), (18, 0.6454159617424011)]"
225,6_new,109,124,margin_failed margin=0.003<0.03,0.7478,"[688.5, 520.1, 719.6, 605.1]","[562.5, 509.0, 588.5, 573.5]",1.0,0.0,,0.752,0.75,0.0031,1.0,,59,3,22,"[(109, 0.7520419955253601), (25, 0.74896240234375), (34, 0.732538640499115), (41, 0.7289098501205444), (12, 0.7228485941886902)]"
225,6_revive,10,10,revived,0.7889,"[1607.9, 536.6, 1629.5, 608.9]",,,,,0.81,0.695,0.0754,1.0,0.81,59,3,207,"[(10, 0.810044527053833), (103, 0.7345961332321167), (34, 0.6897292137145996), (57, 0.681585431098938), (79, 0.6681944131851196)]"
226,3,119,119,re_activate_from_lost,0.7922,"[830.2, 482.3, 847.8, 522.8]","[830.8, 482.2, 847.3, 522.7]",0.0975,0.9025,0.0737,,,,,,59,4,8,
226,5,124,124,unconfirmed_update,0.8421,"[688.2, 521.1, 719.6, 603.5]","[688.8, 520.9, 719.0, 603.8]",0.0418,0.9582,,,,,,,,4,,
226,6_revive,10,10,revived,0.7793,"[1611.9, 540.7, 1633.5, 607.5]",,,,,0.8168,0.695,0.0891,1.0,0.8168,59,4,209,"[(10, 0.8167762160301208), (111, 0.7276495695114136), (103, 0.7046993970870972), (34, 0.696754515171051), (79, 0.6894627809524536)]"
228,3,120,120,re_activate_from_lost,0.6012,"[688.8, 478.6, 707.4, 527.2]","[688.6, 479.4, 707.3, 527.2]",0.1575,0.8425,0.0806,,,,,,59,4,26,
228,6_revive,10,10,revived,0.8499,"[1611.9, 544.0, 1638.9, 628.4]",,,,,0.8269,0.695,0.094,1.0,0.8269,59,4,212,"[(10, 0.8269189596176147), (111, 0.7329181432723999), (103, 0.7180837392807007), (79, 0.6930850744247437), (105, 0.6767333745956421)]"
229,3,119,119,re_activate_from_lost,0.5945,"[832.3, 479.3, 849.8, 521.8]","[832.3, 479.9, 849.6, 521.8]",0.1463,0.8537,0.0489,,,,,,59,4,10,
229,6_revive,10,10,revived,0.7593,"[1618.7, 534.9, 1643.0, 621.3]",,,,,0.8281,0.695,0.0677,1.0,0.8281,59,4,214,"[(10, 0.8280740976333618), (103, 0.7604122161865234), (111, 0.7559544444084167), (79, 0.7107661366462708), (30, 0.7026150226593018)]"
230,3,105,105,re_activate_from_lost,0.6818,"[1057.7, 529.9, 1098.2, 623.7]","[1060.4, 530.1, 1096.6, 623.5]",0.4497,0.5503,0.1308,,,,,,59,4,38,
230,6_revive,10,10,revived,0.8453,"[1618.7, 539.0, 1645.7, 628.1]",,,,,0.7794,0.695,0.0533,1.0,0.7794,59,4,216,"[(10, 0.7793658375740051), (111, 0.7260755896568298), (79, 0.6760880947113037), (105, 0.6684410572052002), (103, 0.6542527675628662)]"
230,6_new,16,125,margin_failed margin=0.009<0.03,0.7919,"[1740.2, 546.4, 1761.8, 618.0]",,,,,0.8052,0.6549,0.0089,1.0,,59,4,170,"[(16, 0.8052455186843872), (89, 0.7963409423828125), (79, 0.788945198059082), (92, 0.7797754406929016), (64, 0.7731401920318604)]"
231,5,125,125,unconfirmed_update,0.8685,"[1744.2, 544.7, 1765.8, 614.9]","[1743.6, 545.1, 1764.8, 615.5]",0.3533,0.6467,,,,,,,,4,,
232,3,92,92,re_activate_from_lost,0.7664,"[1809.0, 543.4, 1841.4, 641.2]","[1808.8, 544.6, 1841.3, 641.8]",0.1239,0.8761,0.1272,,,,,,60,6,71,
232,3,122,122,re_activate_from_lost,0.8195,"[1645.7, 533.9, 1670.0, 600.8]","[1645.8, 533.7, 1669.9, 600.9]",0.0412,0.9588,0.0475,,,,,,60,6,15,
233,3,105,105,re_activate_from_lost,0.6523,"[1057.7, 534.6, 1092.8, 625.7]","[1057.5, 535.4, 1092.7, 626.2]",0.1055,0.8945,0.1217,,,,,,60,5,40,
235,3,110,110,re_activate_from_lost,0.6112,"[454.6, 546.1, 501.2, 663.5]","[456.0, 546.8, 500.4, 663.7]",0.0982,0.9018,0.1299,,,,,,60,8,51,
236,3,124,124,re_activate_from_lost,0.8107,"[702.0, 513.3, 739.8, 603.1]","[704.4, 513.7, 737.5, 602.5]",0.2994,0.7006,0.13,,,,,,60,7,6,
236,3,105,105,re_activate_from_lost,0.8001,"[1059.1, 535.6, 1090.1, 626.1]","[1056.7, 535.8, 1091.2, 626.4]",0.2485,0.7515,0.1275,,,,,,60,7,41,
237,3,110,110,re_activate_from_lost,0.794,"[457.0, 549.5, 504.2, 677.7]","[456.5, 549.3, 504.1, 675.1]",0.1526,0.8474,0.1446,,,,,,61,6,52,
238,3,92,92,re_activate_from_lost,0.8608,"[1848.2, 557.5, 1883.3, 656.1]","[1848.5, 556.9, 1881.7, 655.3]",0.4884,0.5116,0.5597,,,,,,61,5,72,
242,3,111,111,re_activate_from_lost,0.8656,"[352.0, 520.4, 392.5, 619.0]","[353.6, 520.2, 390.3, 618.3]",0.1812,0.8188,0.2912,,,,,,61,6,47,
250,6_new,34,126,margin_failed margin=0.013<0.03,0.7183,"[897.8, 491.7, 920.7, 549.1]",,,,,0.8224,0.7174,0.0128,1.0,,61,6,47,"[(34, 0.8224380612373352), (124, 0.8096518516540527), (25, 0.7591158151626587), (17, 0.7475087642669678), (109, 0.7399359345436096)]"
255,3,103,103,re_activate_from_lost,0.6804,"[806.6, 514.4, 837.7, 583.9]","[806.2, 514.4, 836.8, 584.6]",0.2122,0.7878,0.1,,,,,,61,10,86,
256,6_new,14,127,margin_failed margin=0.008<0.03,0.7781,"[542.0, 512.7, 568.4, 584.2]",,,,,0.6938,0.6872,0.008,1.0,,61,8,183,"[(14, 0.6937742233276367), (55, 0.6857554316520691), (109, 0.6772905588150024), (41, 0.6567686796188354), (7, 0.6557042598724365)]"
257,3,103,103,re_activate_from_lost,0.8181,"[815.4, 516.7, 851.9, 618.0]","[813.7, 516.4, 854.2, 611.1]",0.4379,0.5621,0.096,,,,,,61,8,87,
257,5,127,127,unconfirmed_update,0.762,"[548.8, 514.0, 573.8, 585.6]","[546.9, 513.7, 573.2, 585.3]",0.4016,0.5984,,,,,,,,8,,
257,6_new,33,128,margin_failed margin=0.023<0.03,0.818,"[639.6, 507.9, 667.2, 577.5]",,,,,0.7997,0.75,0.023,1.0,,61,8,23,"[(33, 0.7997167110443115), (57, 0.7767373919487), (17, 0.7619003653526306), (109, 0.758977472782135), (13, 0.750822901725769)]"
258,5,128,128,unconfirmed_update,0.7981,"[644.3, 504.9, 674.0, 575.8]","[643.9, 505.5, 672.0, 576.1]",0.3703,0.6297,,,,,,,,7,,
263,6_revive,119,119,revived,0.738,"[956.5, 486.3, 975.4, 530.9]",,,,,0.8294,0.75,0.0362,1.0,0.8294,63,8,11,"[(119, 0.8293508291244507), (8, 0.7931522130966187), (109, 0.7769750952720642), (103, 0.7769646644592285), (124, 0.7581435441970825)]"
264,6_new,7,129,margin_failed margin=0.001<0.03,0.6822,"[1559.2, 510.0, 1586.2, 578.8]",,,,,0.7689,0.65,0.0007,1.0,,63,8,118,"[(7, 0.7688707113265991), (4, 0.7681552767753601), (5, 0.7631067037582397), (8, 0.7571291327476501), (68, 0.7430057525634766)]"
265,6_revive,119,119,revived,0.7111,"[978.1, 486.7, 995.6, 532.6]",,,,,0.8258,0.75,0.0452,1.0,0.8258,63,8,12,"[(119, 0.8258043527603149), (8, 0.7806356549263), (39, 0.7589055299758911), (34, 0.7560938596725464), (13, 0.7523177266120911)]"
267,3,103,103,re_activate_from_lost,0.9276,"[916.7, 519.8, 958.5, 629.1]","[915.3, 519.8, 959.8, 628.5]",0.1715,0.8285,0.1069,,,,,,63,9,90,
268,6_revive,103,103,revived,0.7049,"[928.1, 520.1, 965.9, 598.4]",,,,,0.8223,0.7195,0.0426,1.0,0.8223,63,8,92,"[(103, 0.8222991824150085), (79, 0.7796820998191833), (92, 0.7776923775672913), (16, 0.759265661239624), (64, 0.7463803291320801)]"
269,6_new,124,130,margin_failed margin=0.010<0.03,0.8239,"[955.8, 538.7, 995.0, 631.1]",,,,,0.8425,0.7429,0.0098,1.0,,63,8,37,"[(124, 0.8425403833389282), (37, 0.8327222466468811), (41, 0.8176413774490356), (12, 0.8073374629020691), (119, 0.7944826483726501)]"
270,5,130,130,unconfirmed_update,0.8077,"[952.4, 523.5, 986.2, 596.4]","[954.2, 526.5, 986.8, 603.3]",0.5949,0.4051,,,,,,,,8,,
272,3,130,130,re_activate_from_lost,0.846,"[978.1, 521.8, 1015.9, 598.1]","[980.8, 522.2, 1013.3, 598.5]",0.2561,0.7439,0.3707,,,,,,63,9,0,
273,3,118,118,re_activate_from_lost,0.9231,"[401.6, 665.2, 490.1, 939.6]","[388.2, 665.9, 500.0, 940.2]",0.4254,0.5746,0.4696,,,,,,63,7,68,
275,6_revive,121,121,revived,0.8861,"[-26.3, 568.7, 50.8, 766.8]",,,,,0.7676,0.75,0.0317,1.0,0.7676,63,5,13,"[(121, 0.7676118016242981), (110, 0.7359374761581421), (41, 0.7265143990516663), (57, 0.7225953340530396), (47, 0.7124639749526978)]"
276,5,121,121,unconfirmed_update,0.9212,"[-14.1, 569.4, 62.3, 764.1]","[-16.3, 569.2, 59.8, 764.6]",0.278,0.722,,,,,,,,5,,
279,6_new,41,131,margin_failed margin=0.009<0.03,0.7654,"[785.0, 544.4, 822.8, 640.9]",,,,,0.7543,0.7272,0.0086,1.0,,64,4,60,"[(41, 0.7542872428894043), (19, 0.7456868290901184), (14, 0.7435159683227539), (55, 0.7266062498092651), (49, 0.7260938286781311)]"
280,6_new,41,132,gate_failed sim=0.712<theta=0.727,0.7804,"[800.6, 512.3, 837.0, 614.9]",,,,,0.7117,0.7272,0.0138,1.0,,64,4,60,"[(41, 0.7116578817367554), (14, 0.6978691220283508), (75, 0.6865625381469727), (109, 0.6831321716308594), (57, 0.6825500726699829)]"
283,3,103,103,re_activate_from_lost,0.8231,"[1213.7, 551.1, 1250.1, 643.6]","[1214.1, 551.9, 1249.7, 642.7]",0.1751,0.8249,0.3211,,,,,,64,3,106,
283,6_new,127,133,gate_failed sim=0.728<theta=0.750,0.8024,"[850.5, 514.7, 888.3, 619.3]","[881.1, 528.3, 913.2, 614.5]",0.8984,0.1016,,0.7281,0.75,0.0337,1.0,,64,3,9,"[(127, 0.7280670404434204), (121, 0.694366455078125), (41, 0.682401716709137), (14, 0.6805940866470337), (110, 0.6698163747787476)]"
284,5,133,133,unconfirmed_update,0.8461,"[864.7, 518.4, 906.5, 633.2]","[862.0, 517.7, 902.7, 630.4]",0.6259,0.3741,,,,,,,,2,,
285,6_new,109,134,margin_failed margin=0.006<0.03,0.8367,"[1012.5, 527.9, 1047.6, 610.2]",,,,,0.8009,0.75,0.0057,1.0,,64,2,22,"[(109, 0.8008934259414673), (13, 0.7952274084091187), (16, 0.7950259447097778), (34, 0.7672156691551208), (49, 0.7661461234092712)]"
286,6_new,34,135,margin_failed margin=0.007<0.03,0.8746,"[1032.8, 527.5, 1066.5, 609.9]",,,,,0.7949,0.7174,0.0072,1.0,,64,2,47,"[(34, 0.7949305772781372), (16, 0.787771463394165), (13, 0.7831157445907593), (109, 0.7811647653579712), (49, 0.7753638029098511)]"
287,3,111,111,re_activate_from_lost,0.7993,"[825.5, 554.5, 871.4, 673.3]","[824.2, 554.2, 871.2, 674.5]",0.1763,0.8237,0.3417,,,,,,64,3,91,
287,6_new,109,136,margin_failed margin=0.014<0.03,0.8665,"[1053.0, 528.9, 1086.8, 607.8]",,,,,0.7865,0.75,0.0138,1.0,,64,3,22,"[(109, 0.786450982093811), (34, 0.772662878036499), (13, 0.7592504024505615), (17, 0.7505630254745483), (103, 0.7426687479019165)]"
290,6_new,33,137,margin_failed margin=0.002<0.03,0.8673,"[1119.2, 529.9, 1155.6, 617.6]",,,,,0.7834,0.75,0.0022,1.0,,64,3,23,"[(33, 0.7833813428878784), (109, 0.781170129776001), (119, 0.7671639919281006), (13, 0.7611112594604492), (128, 0.7555457949638367)]"
291,3,130,130,re_activate_from_lost,0.724,"[1337.9, 528.5, 1370.2, 610.9]","[1336.6, 527.3, 1371.0, 610.2]",0.1719,0.8281,0.1035,,,,,,64,4,18,
291,6_new,109,138,margin_failed margin=0.005<0.03,0.8191,"[1143.5, 529.2, 1178.6, 623.7]",,,,,0.789,0.75,0.0051,1.0,,64,4,22,"[(109, 0.7889809608459473), (13, 0.7838629484176636), (119, 0.7730322480201721), (8, 0.7508116960525513), (33, 0.7357496023178101)]"
292,6_new,41,139,margin_failed margin=0.010<0.03,0.8652,"[1167.1, 528.9, 1202.2, 616.6]",,,,,0.7926,0.7272,0.0097,1.0,,64,2,60,"[(41, 0.7925575971603394), (109, 0.7828842997550964), (103, 0.7820248007774353), (34, 0.7749990820884705), (13, 0.7701689600944519)]"
293,6_new,41,140,margin_failed margin=0.021<0.03,0.7983,"[1501.2, 468.5, 1522.8, 524.5]",,,,,0.7698,0.7272,0.0207,1.0,,64,3,60,"[(41, 0.7697823643684387), (103, 0.7490543723106384), (34, 0.7321872115135193), (57, 0.7302901148796082), (10, 0.7255783081054688)]"
293,6_new,41,141,margin_failed margin=0.013<0.03,0.9051,"[1192.7, 526.8, 1225.1, 615.3]",,,,,0.8081,0.7272,0.0132,1.0,,64,3,60,"[(41, 0.8081427812576294), (8, 0.7949690818786621), (103, 0.7858031392097473), (37, 0.7815567255020142), (109, 0.7790021896362305)]"
294,6_new,13,142,margin_failed margin=0.009<0.03,0.9013,"[1216.4, 529.2, 1251.5, 617.0]",,,,,0.8023,0.744,0.009,1.0,,64,2,30,"[(13, 0.8022805452346802), (103, 0.7932965755462646), (109, 0.7921656370162964), (37, 0.7896633744239807), (41, 0.7858379483222961)]"
294,6_new,124,143,gate_failed sim=0.743<theta=0.743,0.702,"[1526.9, 467.4, 1551.2, 534.9]",,,,,0.7426,0.7429,0.0114,1.0,,64,2,37,"[(124, 0.7426215410232544), (57, 0.7311911582946777), (109, 0.7302424907684326), (25, 0.7245259284973145), (41, 0.7215393781661987)]"
295,6_new,30,144,margin_failed margin=0.028<0.03,0.8787,"[1239.3, 527.9, 1277.1, 618.3]",,,,,0.8174,0.65,0.0283,1.0,,64,2,68,"[(30, 0.8173657655715942), (41, 0.789052426815033), (109, 0.7829290628433228), (124, 0.78208327293396), (103, 0.7816663980484009)]"
296,6_new,30,145,margin_failed margin=0.001<0.03,0.6942,"[1003.7, 687.5, 1094.2, 957.2]",,,,,0.6888,0.65,0.0012,1.0,,64,2,68,"[(30, 0.6887574195861816), (107, 0.6875284910202026), (14, 0.6833080053329468), (105, 0.6670215725898743), (118, 0.6663615107536316)]"
297,3,133,133,re_activate_from_lost,0.6247,"[1144.8, 517.4, 1192.1, 645.6]","[1145.4, 517.5, 1191.8, 645.6]",0.5817,0.4183,0.7387,,,,,,64,2,2,
300,6_new,103,146,margin_failed margin=0.004<0.03,0.8531,"[1379.0, 528.9, 1414.8, 619.3]",,,,,0.768,0.65,0.0038,1.0,,64,3,124,"[(103, 0.7679758071899414), (39, 0.7642016410827637), (109, 0.7637925744056702), (49, 0.7581894397735596), (130, 0.7576088905334473)]"
301,6_new,103,147,margin_failed margin=0.024<0.03,0.8996,"[1408.1, 530.2, 1445.9, 623.4]",,,,,0.7525,0.65,0.0238,1.0,,64,5,125,"[(103, 0.7524803876876831), (49, 0.7286381125450134), (39, 0.7214807271957397), (109, 0.7182070016860962), (124, 0.714159369468689)]"
302,3,111,111,re_activate_from_lost,0.8829,"[1223.8, 547.4, 1283.2, 700.7]","[1223.5, 548.1, 1283.3, 699.7]",0.1637,0.8363,0.1035,,,,,,64,5,103,
302,6_new,103,148,margin_failed margin=0.019<0.03,0.8828,"[1439.1, 530.2, 1479.6, 627.4]",,,,,0.7513,0.65,0.0193,1.0,,64,5,125,"[(103, 0.7512869834899902), (130, 0.7319488525390625), (109, 0.7273513078689575), (49, 0.7229101657867432), (41, 0.7227853536605835)]"
303,3,107,107,re_activate_from_lost,0.8717,"[1240.0, 695.9, 1404.0, 1021.3]","[1263.1, 695.8, 1377.0, 1015.8]",0.5036,0.4964,0.5673,,,,,,64,6,124,
303,3,103,103,re_activate_from_lost,0.585,"[1776.6, 532.2, 1833.3, 676.7]","[1777.6, 531.5, 1831.4, 672.4]",0.2503,0.7497,0.5615,,,,,,64,6,125,
303,6_new,49,149,gate_failed sim=0.727<theta=0.742,0.889,"[1470.2, 530.5, 1510.7, 627.8]",,,,,0.727,0.742,0.0083,1.0,,64,6,32,"[(49, 0.7270420789718628), (130, 0.7187211513519287), (47, 0.7170112729072571), (103, 0.7145668268203735), (41, 0.7039581537246704)]"
304,3,104,104,re_activate_from_lost,0.9241,"[1653.8, 577.5, 1729.4, 750.6]","[1653.5, 577.9, 1720.4, 749.7]",0.5925,0.4075,0.6234,,,,,,64,4,136,
304,6_new,41,150,gate_failed sim=0.727<theta=0.727,0.894,"[1501.2, 529.9, 1541.7, 627.8]",,,,,0.7269,0.7272,0.0009,1.0,,64,4,60,"[(41, 0.726945161819458), (47, 0.7260316610336304), (104, 0.7256460189819336), (49, 0.7240445613861084), (103, 0.7193780541419983)]"
305,3,130,130,re_activate_from_lost,0.792,"[1741.5, 532.2, 1782.0, 618.6]","[1743.2, 532.1, 1780.0, 618.5]",0.4922,0.5078,0.0735,,,,,,64,5,19,
305,3,133,133,re_activate_from_lost,0.8066,"[1377.0, 527.9, 1414.8, 621.7]","[1378.2, 527.2, 1413.4, 622.6]",0.4105,0.5895,0.5245,,,,,,64,5,3,
305,6_new,49,151,gate_failed sim=0.729<theta=0.742,0.8697,"[1533.6, 531.2, 1576.8, 626.4]",,,,,0.7286,0.742,0.022,1.0,,64,5,32,"[(49, 0.7285664081573486), (41, 0.7065259218215942), (130, 0.7033872008323669), (47, 0.7019904255867004), (18, 0.7018567323684692)]"
306,6_new,109,152,margin_failed margin=0.018<0.03,0.7299,"[1570.1, 531.2, 1607.9, 629.1]",,,,,0.7945,0.75,0.0182,1.0,,65,3,22,"[(109, 0.7945135831832886), (34, 0.7763271331787109), (103, 0.771546483039856), (16, 0.7649537324905396), (8, 0.7585028409957886)]"
307,6_new,133,153,margin_failed margin=0.010<0.03,0.81,"[1503.9, 518.4, 1539.0, 598.1]",,,,,0.7787,0.75,0.0103,1.0,,65,3,6,"[(133, 0.7787380218505859), (33, 0.7684480547904968), (13, 0.7325639724731445), (128, 0.7289390563964844), (17, 0.7264092564582825)]"
308,6_new,133,154,margin_failed margin=0.030<0.03,0.8277,"[1533.6, 519.8, 1568.7, 604.8]",,,,,0.78,0.75,0.0296,1.0,,65,3,7,"[(133, 0.7799619436264038), (33, 0.7503842115402222), (128, 0.7384399771690369), (109, 0.7241257429122925), (13, 0.7161746025085449)]"
309,6_new,133,155,gate_failed sim=0.732<theta=0.750,0.8136,"[1566.0, 521.8, 1601.1, 601.4]",,,,,0.7317,0.75,0.0157,1.0,,65,4,8,"[(133, 0.7316566705703735), (109, 0.7159146666526794), (33, 0.6609643697738647), (13, 0.6606549024581909), (17, 0.6449987292289734)]"
309,6_revive,3,3,revived,0.9139,"[-23.5, 573.8, 59.4, 816.8]",,,,,0.7521,0.7385,0.0365,1.0,0.7521,65,4,38,"[(3, 0.7520842552185059), (39, 0.7155783176422119), (10, 0.7047851085662842), (103, 0.6553410887718201), (57, 0.6506826877593994)]"
310,5,3,3,unconfirmed_update,0.9354,"[-8.1, 575.8, 86.5, 818.8]","[-6.5, 575.4, 76.5, 818.4]",0.3946,0.6054,,,,,,,,4,,
310,6_new,109,156,margin_failed margin=0.024<0.03,0.8459,"[1706.4, 539.0, 1744.2, 640.9]",,,,,0.7773,0.75,0.0243,1.0,,65,4,22,"[(109, 0.7772607207298279), (103, 0.752960205078125), (16, 0.7343214750289917), (119, 0.7324932813644409), (39, 0.7276955246925354)]"
310,6_revive,133,133,revived,0.8097,"[1598.4, 522.5, 1633.5, 605.5]",,,,,0.7643,0.75,0.0417,1.0,0.7643,65,4,9,"[(133, 0.7643091678619385), (109, 0.7226014137268066), (13, 0.7084558010101318), (17, 0.6699404716491699), (33, 0.6693028211593628)]"
311,3,110,110,re_activate_from_lost,0.8537,"[1803.6, 663.2, 1879.2, 874.8]","[1798.6, 662.1, 1883.3, 873.8]",0.1903,0.8097,0.1349,,,,,,65,6,123,
311,6_new,47,157,gate_failed sim=0.688<theta=0.750,0.8627,"[1740.2, 541.7, 1780.7, 643.6]",,,,,0.6881,0.75,0.0066,1.0,,65,6,17,"[(47, 0.6880708336830139), (41, 0.6814686059951782), (130, 0.6807993650436401), (18, 0.6758955121040344), (103, 0.670316219329834)]"
311,6_revive,133,133,revived,0.7973,"[1630.8, 523.1, 1668.6, 608.9]",,,,,0.754,0.75,0.0522,1.0,0.754,65,6,11,"[(133, 0.7540346384048462), (109, 0.7018510103225708), (13, 0.652298092842102), (111, 0.6435163617134094), (17, 0.641090989112854)]"
312,6_new,103,158,margin_failed margin=0.007<0.03,0.8333,"[1775.2, 542.4, 1818.5, 646.3]","[2107.9, 546.5, 2162.1, 688.5]",1.0,0.0,,0.6736,0.65,0.0069,1.0,,65,7,126,"[(103, 0.6736047267913818), (47, 0.6666769981384277), (18, 0.6660243272781372), (41, 0.6651738882064819), (109, 0.6617326140403748)]"
312,6_revive,133,133,revived,0.7779,"[1661.9, 525.2, 1699.7, 614.2]",,,,,0.7785,0.75,0.0746,1.0,0.7785,65,7,12,"[(133, 0.7785165309906006), (109, 0.7039241790771484), (13, 0.6654418110847473), (7, 0.6599675416946411), (17, 0.6524832844734192)]"
313,6_new,47,159,gate_failed sim=0.689<theta=0.750,0.8014,"[1814.4, 542.7, 1854.9, 646.0]",,,,,0.6891,0.75,0.0014,1.0,,65,8,17,"[(47, 0.6891286373138428), (41, 0.6877052187919617), (130, 0.6815543174743652), (103, 0.6798272132873535), (109, 0.6766995191574097)]"
313,6_new,105,160,margin_failed margin=0.026<0.03,0.7793,"[1787.4, 748.6, 1854.9, 976.7]","[2195.5, 565.0, 2261.2, 709.0]",1.0,0.0,,0.715,0.65,0.0257,1.0,,65,8,109,"[(105, 0.7150238156318665), (69, 0.6893652677536011), (90, 0.6831961870193481), (66, 0.678719162940979), (8, 0.6483508348464966)]"
313,6_new,109,161,margin_failed margin=0.007<0.03,0.7007,"[1728.0, 527.5, 1757.7, 604.5]",,,,,0.7886,0.75,0.007,1.0,,65,8,22,"[(109, 0.7886418104171753), (64, 0.7816715240478516), (33, 0.7779093980789185), (133, 0.7683089375495911), (17, 0.7552667856216431)]"
313,6_revive,133,133,revived,0.6916,"[1695.6, 525.5, 1733.4, 612.6]","[1628.7, 534.7, 1664.3, 628.0]",1.0,0.0,,0.8204,0.75,0.1247,1.0,0.8204,65,8,13,"[(133, 0.8204147815704346), (109, 0.6957282423973083), (13, 0.662650465965271), (17, 0.6478729248046875), (111, 0.645450234413147)]"
317,3,111,111,re_activate_from_lost,0.8403,"[1783.4, 574.1, 1848.2, 739.8]","[1779.6, 573.9, 1847.5, 740.1]",0.4351,0.5649,0.1309,,,,,,65,10,115,
317,6_revive,133,133,revived,0.7324,"[1764.5, 537.3, 1807.7, 636.5]",,,,,0.782,0.75,0.0695,1.0,0.782,65,10,14,"[(133, 0.7820374965667725), (13, 0.7125792503356934), (128, 0.7065408229827881), (33, 0.6859890222549438), (37, 0.6813971400260925)]"
318,6_revive,133,133,revived,0.8662,"[1806.3, 541.4, 1846.8, 643.3]",,,,,0.7821,0.75,0.0811,1.0,0.7821,65,9,15,"[(133, 0.7821321487426758), (127, 0.7010220289230347), (13, 0.6815491318702698), (92, 0.6665313243865967), (12, 0.6590331792831421)]"
318,6_new,133,162,margin_failed margin=0.023<0.03,0.772,"[1873.8, 527.9, 1911.6, 617.0]",,,,,0.828,0.75,0.0229,1.0,,65,9,16,"[(133, 0.8279725313186646), (17, 0.8051021695137024), (33, 0.7696354985237122), (109, 0.7614926695823669), (13, 0.7545527219772339)]"
319,6_revive,133,133,revived,0.871,"[1842.8, 533.6, 1883.3, 637.5]",,,,,0.8035,0.75,0.1062,1.0,0.8035,65,9,16,"[(133, 0.803490161895752), (13, 0.6973388195037842), (127, 0.6735543012619019), (92, 0.6657964587211609), (33, 0.6639862060546875)]"
320,6_revive,133,133,revived,0.8642,"[1881.9, 537.3, 1922.4, 641.2]",,,,,0.8026,0.75,0.1086,1.0,0.8026,65,9,17,"[(133, 0.8025985956192017), (13, 0.6939595341682434), (92, 0.6818550825119019), (12, 0.6735023260116577), (66, 0.6704093217849731)]"
324,6_revive,111,111,revived,0.88,"[3.8, 537.3, 51.4, 636.5]","[2117.3, 584.2, 2190.2, 765.5]",1.0,0.0,,0.7546,0.65,0.0441,1.0,0.7546,65,10,118,"[(111, 0.7545968294143677), (17, 0.7104610204696655), (57, 0.7019451856613159), (133, 0.6984965801239014), (33, 0.6809962391853333)]"
325,6_revive,111,111,revived,0.9043,"[31.8, 541.0, 81.1, 640.2]",,,,,0.753,0.65,0.0394,1.0,0.753,65,9,119,"[(111, 0.7530269026756287), (133, 0.7136305570602417), (17, 0.705331563949585), (57, 0.700699508190155), (110, 0.6742515563964844)]"
326,6_new,111,163,margin_failed margin=0.027<0.03,0.8923,"[63.9, 542.7, 113.3, 641.9]",,,,,0.7364,0.65,0.0273,1.0,,65,9,120,"[(111, 0.7363570332527161), (17, 0.709007978439331), (57, 0.69611656665802), (133, 0.6889605522155762), (39, 0.6845706701278687)]"
327,6_new,111,164,margin_failed margin=0.019<0.03,0.8769,"[95.6, 544.4, 142.5, 643.6]",,,,,0.7299,0.65,0.0194,1.0,,65,8,120,"[(111, 0.7298982739448547), (57, 0.7104803323745728), (17, 0.7079185247421265), (133, 0.6983984708786011), (39, 0.6954741477966309)]"
328,6_new,39,165,gate_failed sim=0.728<theta=0.750,0.8951,"[126.8, 546.4, 171.4, 645.0]",,,,,0.7281,0.75,0.0087,1.0,,65,8,41,"[(39, 0.7281044721603394), (111, 0.7194191813468933), (57, 0.7114025354385376), (133, 0.6934813261032104), (10, 0.6904520988464355)]"
329,6_new,111,166,margin_failed margin=0.019<0.03,0.8732,"[155.2, 548.8, 202.2, 656.1]",,,,,0.7312,0.65,0.0194,1.0,,65,8,120,"[(111, 0.7311540842056274), (39, 0.7117644548416138), (57, 0.6927419900894165), (133, 0.6835324764251709), (17, 0.677289605140686)]"
329,6_new,109,167,gate_failed sim=0.540<theta=0.750,0.8087,"[1375.7, 331.4, 1478.2, 579.2]",,,,,0.5396,0.75,0.0118,1.0,,65,8,22,"[(109, 0.5395830869674683), (16, 0.5277782678604126), (64, 0.5238237977027893), (122, 0.5012973546981812), (110, 0.4982272684574127)]"
330,6_revive,111,111,revived,0.87,"[186.8, 548.4, 233.7, 650.4]",,,,,0.7684,0.65,0.0501,1.0,0.7684,65,8,120,"[(111, 0.7683944702148438), (10, 0.718316912651062), (39, 0.7111487984657288), (17, 0.6956649422645569), (57, 0.6934846639633179)]"
331,6_revive,111,111,revived,0.8857,"[217.2, 550.1, 263.8, 651.4]",,,,,0.7515,0.65,0.0385,1.0,0.7515,65,6,121,"[(111, 0.7514804601669312), (10, 0.7130046486854553), (39, 0.712328314781189), (57, 0.6993941068649292), (133, 0.6743307113647461)]"
332,6_revive,111,111,revived,0.8937,"[248.1, 550.1, 293.3, 650.0]",,,,,0.7562,0.65,0.0326,1.0,0.7562,65,6,122,"[(111, 0.7561557292938232), (10, 0.7235681414604187), (39, 0.7172434329986572), (57, 0.7010016441345215), (17, 0.685937762260437)]"
332,6_revive,121,121,revived,0.8701,"[1748.2, 630.5, 1883.3, 939.6]",,,,,0.9036,0.75,0.1899,1.0,0.9036,65,6,68,"[(121, 0.9036282896995544), (110, 0.713740885257721), (104, 0.6834492683410645), (133, 0.6831501722335815), (57, 0.6650141477584839)]"
333,5,121,121,unconfirmed_update,0.8689,"[1806.3, 631.1, 1930.5, 947.0]","[1789.3, 631.0, 1926.5, 945.5]",0.5853,0.4147,,,,,,,,6,,
333,6_revive,111,111,revived,0.8878,"[278.1, 550.5, 323.3, 651.0]",,,,,0.7685,0.65,0.0496,1.0,0.7685,65,6,123,"[(111, 0.7684741020202637), (133, 0.7188942432403564), (39, 0.7023853063583374), (57, 0.6968872547149658), (10, 0.6790516376495361)]"
333,6_new,64,168,margin_failed margin=0.002<0.03,0.7666,"[-29.8, 554.9, 29.1, 733.7]",,,,,0.7859,0.7258,0.0017,1.0,,65,6,60,"[(64, 0.7859275341033936), (16, 0.7842642068862915), (4, 0.7826191186904907), (120, 0.7766313552856445), (8, 0.7633657455444336)]"
334,5,168,168,unconfirmed_update,0.825,"[-9.3, 549.5, 64.6, 731.7]","[-7.9, 550.5, 52.0, 732.1]",0.6047,0.3953,,,,,,,,6,,
334,6_revive,111,111,revived,0.8682,"[307.5, 549.5, 354.7, 653.4]",,,,,0.749,0.65,0.0396,1.0,0.749,65,6,124,"[(111, 0.7490242719650269), (133, 0.7094034552574158), (39, 0.7084091901779175), (57, 0.6878101229667664), (13, 0.6811760067939758)]"
335,6_revive,111,111,revived,0.8762,"[337.2, 549.5, 383.1, 653.4]",,,,,0.757,0.65,0.0454,1.0,0.757,65,6,125,"[(111, 0.7569743394851685), (133, 0.7115879058837891), (39, 0.6881264448165894), (13, 0.6703277826309204), (57, 0.6680896282196045)]"
335,6_new,57,169,margin_failed margin=0.006<0.03,0.7993,"[-18.1, 542.7, 44.9, 729.7]",,,,,0.795,0.75,0.0057,1.0,,65,6,57,"[(57, 0.7949841618537903), (64, 0.7892783880233765), (4, 0.7742714881896973), (7, 0.7726645469665527), (16, 0.7690671682357788)]"
336,5,169,169,unconfirmed_update,0.8088,"[-23.9, 535.3, 33.1, 725.0]","[-25.5, 536.8, 38.2, 725.9]",0.2967,0.7033,,,,,,,,6,,
336,6_new,57,170,gate_failed sim=0.734<theta=0.750,0.8699,"[4.8, 543.7, 75.9, 734.4]",,,,,0.7344,0.75,0.0073,1.0,,65,6,57,"[(57, 0.734359622001648), (14, 0.727096438407898), (19, 0.7249253988265991), (55, 0.7235938310623169), (18, 0.7180584669113159)]"
336,6_revive,111,111,revived,0.8673,"[367.2, 549.1, 412.4, 653.7]",,,,,0.7853,0.65,0.0619,1.0,0.7853,65,6,126,"[(111, 0.7853354215621948), (133, 0.723385751247406), (39, 0.6897956728935242), (10, 0.6892281770706177), (57, 0.6741703748703003)]"
337,5,170,170,unconfirmed_update,0.9008,"[36.0, 541.7, 111.7, 733.1]","[31.5, 542.1, 102.8, 733.3]",0.6309,0.3691,,,,,,,,4,,
337,6_new,111,171,margin_failed margin=0.003<0.03,0.8529,"[394.9, 547.4, 442.8, 651.4]",,,,,0.7773,0.65,0.0028,1.0,,65,4,127,"[(111, 0.7773100137710571), (133, 0.7744667530059814), (17, 0.7043200731277466), (10, 0.6917294263839722), (57, 0.6894340515136719)]"
337,6_new,81,172,gate_failed sim=0.655<theta=0.750,0.75,"[-15.5, 536.6, 37.2, 730.4]",,,,,0.6546,0.75,0.0039,1.0,,65,4,8,"[(81, 0.6545836329460144), (75, 0.6506641507148743), (23, 0.6337285041809082), (1, 0.6262638568878174), (111, 0.6115416884422302)]"
338,5,172,172,unconfirmed_update,0.6797,"[-10.0, 541.4, 47.2, 729.0]","[-8.7, 540.4, 42.8, 729.3]",0.2674,0.7326,,,,,,,,2,,
338,6_revive,111,111,revived,0.8507,"[425.2, 548.8, 471.2, 649.4]",,,,,0.7724,0.65,0.0599,1.0,0.7724,65,2,127,"[(111, 0.7723608613014221), (10, 0.7124432325363159), (133, 0.7075475454330444), (39, 0.668216347694397), (17, 0.6673555374145508)]"
339,6_revive,111,111,revived,0.8522,"[454.3, 546.1, 502.9, 648.7]",,,,,0.7914,0.65,0.055,1.0,0.7914,66,2,128,"[(111, 0.7914032936096191), (133, 0.7364383339881897), (10, 0.7171156406402588), (39, 0.6949447393417358), (57, 0.6775804758071899)]"
339,6_revive,4,4,revived,0.7654,"[-21.0, 527.2, 37.8, 735.1]",,,,,0.7689,0.75,0.0679,1.0,0.7689,66,2,7,"[(4, 0.7689336538314819), (6, 0.7010349035263062), (68, 0.6954057216644287), (7, 0.6944538354873657), (79, 0.6791363954544067)]"
340,5,4,4,unconfirmed_update,0.7621,"[-4.5, 528.2, 72.4, 730.4]","[-0.0, 528.0, 57.6, 731.3]",0.5545,0.4455,,,,,,,,2,,
340,6_revive,111,111,revived,0.8604,"[483.3, 544.7, 530.5, 650.7]",,,,,0.8128,0.65,0.0906,1.0,0.8128,66,2,129,"[(111, 0.8128376007080078), (133, 0.7222377061843872), (10, 0.7070103883743286), (39, 0.6979987025260925), (57, 0.6843122243881226)]"
341,3,172,172,re_activate_from_lost,0.6149,"[80.5, 528.5, 137.5, 726.3]","[82.0, 529.0, 135.9, 726.3]",0.1381,0.8619,0.47,,,,,,66,2,0,
342,6_new,104,173,margin_failed margin=0.023<0.03,0.8962,"[12.2, 530.9, 76.7, 726.3]",,,,,0.6874,0.65,0.0231,1.0,,68,1,142,"[(104, 0.6873971223831177), (110, 0.6643049120903015), (105, 0.6624448299407959), (30, 0.6593077182769775), (27, 0.6589704751968384)]"
343,5,173,173,unconfirmed_update,0.9092,"[42.7, 525.8, 105.0, 720.9]","[35.8, 526.8, 100.2, 722.0]",0.6468,0.3532,,,,,,,,0,,
345,6_revive,4,4,revived,0.8492,"[-10.7, 518.4, 46.9, 679.7]",,,,,0.751,0.6548,0.0316,1.0,0.751,69,0,13,"[(4, 0.7510139346122742), (68, 0.7194607853889465), (16, 0.7185145020484924), (64, 0.7065397500991821), (5, 0.7064921259880066)]"
346,6_revive,170,170,revived,0.7083,"[304.6, 519.4, 357.1, 718.2]",,,,,0.8356,0.75,0.1383,1.0,0.8356,69,0,9,"[(170, 0.8356400728225708), (14, 0.6973241567611694), (12, 0.6902613043785095), (27, 0.6764397621154785), (18, 0.670775294303894)]"
346,6_revive,4,4,revived,0.8647,"[17.4, 520.4, 80.2, 678.4]",,,,,0.7685,0.6548,0.0353,1.0,0.7685,69,0,15,"[(4, 0.7684909105300903), (79, 0.7332258224487305), (16, 0.7209655046463013), (69, 0.6990461349487305), (89, 0.6948602199554443)]"
347,5,174,174,unconfirmed_update,0.9246,"[-1.3, 517.4, 57.7, 683.4]","[-4.8, 516.9, 50.8, 683.2]",0.6287,0.3713,,,,,,,,0,,
347,6_revive,111,111,revived,0.8595,"[683.8, 542.0, 732.4, 658.8]",,,,,0.7858,0.65,0.0521,1.0,0.7858,69,0,130,"[(111, 0.7858138084411621), (133, 0.7336955666542053), (10, 0.7055876851081848), (17, 0.6921652555465698), (13, 0.6920830607414246)]"
347,6_revive,4,4,revived,0.8588,"[47.8, 522.1, 101.7, 678.7]",,,,,0.8076,0.6548,0.0685,1.0,0.8076,69,0,17,"[(4, 0.8075764775276184), (79, 0.7391211986541748), (16, 0.7317919135093689), (66, 0.6994776725769043), (68, 0.6989636421203613)]"
348,6_revive,111,111,revived,0.8681,"[712.8, 544.4, 760.1, 658.5]",,,,,0.7958,0.65,0.0777,1.0,0.7958,70,0,131,"[(111, 0.7957766056060791), (133, 0.7181097269058228), (10, 0.694474458694458), (13, 0.6756091117858887), (109, 0.6738952994346619)]"
348,6_revive,4,4,revived,0.8537,"[77.1, 519.8, 131.8, 677.0]",,,,,0.7869,0.6548,0.0504,1.0,0.7869,70,0,19,"[(4, 0.7868732213973999), (79, 0.736519455909729), (16, 0.7355307340621948), (8, 0.7133356928825378), (7, 0.7101269960403442)]"
348,6_revive,170,170,revived,0.7749,"[365.5, 518.1, 418.8, 721.6]",,,,,0.8692,0.75,0.1578,1.0,0.8692,70,0,12,"[(170, 0.8691699504852295), (14, 0.7113210558891296), (103, 0.6918324828147888), (130, 0.6912642121315002), (12, 0.6836430430412292)]"
349,6_revive,111,111,revived,0.8565,"[741.2, 544.4, 788.4, 651.0]",,,,,0.8169,0.65,0.1122,1.0,0.8169,70,0,132,"[(111, 0.8168982267379761), (133, 0.7046728134155273), (10, 0.6895062923431396), (120, 0.6625986695289612), (13, 0.6579228639602661)]"
349,6_revive,4,4,revived,0.8131,"[105.5, 522.8, 159.6, 678.7]",,,,,0.8015,0.6548,0.0703,1.0,0.8015,70,0,21,"[(4, 0.8015495538711548), (66, 0.7312294244766235), (79, 0.7275423407554626), (68, 0.7272675633430481), (16, 0.7269161939620972)]"
349,6_revive,170,170,revived,0.7506,"[393.9, 521.1, 446.5, 722.9]",,,,,0.8293,0.75,0.1253,1.0,0.8293,70,0,14,"[(170, 0.8292571306228638), (14, 0.7039207220077515), (12, 0.6920371055603027), (27, 0.689602255821228), (169, 0.6738778352737427)]"
350,6_revive,4,4,revived,0.7672,"[132.1, 517.7, 190.4, 677.0]",,,,,0.8175,0.6548,0.0586,1.0,0.8175,70,0,23,"[(4, 0.8175053000450134), (66, 0.7589280009269714), (68, 0.7495760917663574), (16, 0.7329609990119934), (79, 0.7281128764152527)]"
350,6_revive,111,111,revived,0.8657,"[769.5, 543.4, 818.1, 653.4]",,,,,0.79,0.65,0.1044,1.0,0.79,70,0,133,"[(111, 0.7899830341339111), (133, 0.6855798959732056), (10, 0.6776642799377441), (39, 0.6684026718139648), (120, 0.6466394662857056)]"
351,5,176,176,unconfirmed_update,0.8603,"[89.3, 518.4, 166.7, 668.2]","[84.2, 517.8, 161.4, 669.1]",0.5123,0.4877,,,,,,,,0,,
351,6_revive,111,111,revived,0.8817,"[798.5, 543.7, 844.4, 651.0]",,,,,0.8087,0.65,0.095,1.0,0.8087,70,0,134,"[(111, 0.8086859583854675), (133, 0.7137002944946289), (10, 0.6699767708778381), (39, 0.6515392065048218), (13, 0.6468236446380615)]"
352,6_revive,111,111,revived,0.8556,"[828.2, 544.7, 875.5, 650.7]",,,,,0.7771,0.65,0.0516,1.0,0.7771,71,0,135,"[(111, 0.7770829200744629), (133, 0.7255071997642517), (13, 0.6544183492660522), (57, 0.6400198936462402), (17, 0.6379091739654541)]"
353,5,180,180,unconfirmed_update,0.8496,"[80.9, 525.5, 145.2, 649.0]","[70.8, 525.1, 146.0, 648.7]",0.5093,0.4907,,,,,,,,0,,
353,6_revive,4,4,revived,0.8291,"[222.8, 517.4, 280.1, 679.4]",,,,,0.7987,0.6548,0.0335,1.0,0.7987,71,0,27,"[(4, 0.798692524433136), (68, 0.765167236328125), (16, 0.7555651664733887), (8, 0.7385636568069458), (79, 0.7328670024871826)]"
353,6_revive,170,170,revived,0.6807,"[519.8, 521.4, 571.7, 727.7]",,,,,0.8236,0.75,0.148,1.0,0.8236,71,0,19,"[(170, 0.8236498832702637), (14, 0.6756807565689087), (12, 0.6735191941261292), (27, 0.6710302829742432), (169, 0.6676146984100342)]"
353,6_revive,111,111,revived,0.8667,"[856.6, 544.0, 902.5, 652.7]",,,,,0.7944,0.65,0.0669,1.0,0.7944,71,0,136,"[(111, 0.7943949699401855), (133, 0.7275304198265076), (13, 0.6554834842681885), (17, 0.6449244618415833), (10, 0.6413620710372925)]"
354,6_revive,111,111,revived,0.8795,"[884.2, 545.1, 932.9, 651.0]",,,,,0.7665,0.65,0.0554,1.0,0.7665,71,0,137,"[(111, 0.7664748430252075), (133, 0.7110286355018616), (130, 0.6617969274520874), (110, 0.6531125903129578), (105, 0.6529301404953003)]"
354,6_revive,170,170,revived,0.8247,"[547.4, 520.4, 599.4, 731.7]",,,,,0.8093,0.75,0.0957,1.0,0.8093,71,0,21,"[(170, 0.8092597723007202), (169, 0.7135713696479797), (27, 0.6913982629776001), (14, 0.6899951100349426), (12, 0.6831557154655457)]"
355,5,182,182,unconfirmed_update,0.7341,"[214.1, 515.0, 291.1, 681.8]","[225.3, 516.2, 290.4, 681.3]",0.5612,0.4388,,,,,,,,0,,
355,5,183,183,unconfirmed_update,0.8799,"[10.9, 518.1, 56.2, 640.2]","[8.4, 515.9, 56.8, 640.5]",0.2495,0.7505,,,,,,,,0,,
355,6_revive,111,111,revived,0.8822,"[914.0, 545.4, 962.6, 653.4]",,,,,0.8073,0.65,0.1074,1.0,0.8073,71,0,138,"[(111, 0.8073252439498901), (133, 0.6998883485794067), (10, 0.6757931709289551), (120, 0.6608952283859253), (130, 0.659569263458252)]"
355,6_revive,170,170,revived,0.8232,"[581.9, 519.4, 638.6, 736.4]",,,,,0.8776,0.75,0.1744,1.0,0.8776,71,0,23,"[(170, 0.8775579929351807), (14, 0.7031501531600952), (27, 0.7016650438308716), (12, 0.6824929714202881), (172, 0.6664546728134155)]"
356,5,184,184,unconfirmed_update,0.8993,"[309.3, 521.4, 370.9, 682.8]","[303.3, 520.8, 365.5, 682.3]",0.6372,0.3628,,,,,,,,0,,
356,6_revive,111,111,revived,0.8867,"[943.0, 544.7, 990.2, 651.4]",,,,,0.8165,0.65,0.1015,1.0,0.8165,71,0,139,"[(111, 0.8165022134780884), (133, 0.7149643898010254), (10, 0.680439829826355), (120, 0.6651924848556519), (57, 0.6491830348968506)]"
357,3,176,176,re_activate_from_lost,0.6477,"[267.0, 521.8, 337.8, 671.0]","[264.2, 521.6, 339.6, 671.1]",0.0873,0.9127,0.4088,,,,,,71,1,4,
357,6_revive,111,111,revived,0.8779,"[973.4, 545.4, 1020.6, 658.1]",,,,,0.7766,0.65,0.1003,1.0,0.7766,72,1,140,"[(111, 0.7766011953353882), (133, 0.6762816905975342), (13, 0.643461287021637), (110, 0.6392351984977722), (105, 0.6301411390304565)]"
357,6_revive,18,18,revived,0.7173,"[94.7, 520.8, 134.8, 640.9]",,,,,0.7563,0.6723,0.0352,1.0,0.7563,72,1,46,"[(18, 0.756316065788269), (19, 0.721144437789917), (64, 0.7081359028816223), (110, 0.6915231347084045), (37, 0.6901087760925293)]"
358,6_revive,111,111,revived,0.8821,"[1001.7, 546.1, 1049.0, 656.8]",,,,,0.787,0.65,0.0706,1.0,0.787,73,0,141,"[(111, 0.7869887351989746), (133, 0.7164030075073242), (13, 0.6584452390670776), (120, 0.655559778213501), (130, 0.6553300023078918)]"
359,3,174,174,re_activate_from_lost,0.7808,"[342.9, 524.5, 404.3, 691.9]","[343.5, 523.5, 402.7, 690.9]",0.1193,0.8807,0.0713,,,,,,73,1,10,
359,6_new,18,187,margin_failed margin=0.021<0.03,0.7445,"[150.0, 522.5, 189.7, 645.3]",,,,,0.734,0.6723,0.0214,1.0,,73,1,47,"[(18, 0.7339590191841125), (19, 0.7125897407531738), (37, 0.7082497477531433), (110, 0.6970611810684204), (103, 0.6869219541549683)]"
359,6_new,72,188,gate_failed sim=0.715<theta=0.750,0.7283,"[200.1, 564.3, 270.3, 644.0]",,,,,0.7148,0.75,0.0108,1.0,,73,1,30,"[(72, 0.71480393409729), (89, 0.70405113697052), (9, 0.7007930278778076), (105, 0.6910821199417114), (90, 0.6890488862991333)]"
359,6_revive,111,111,revived,0.8928,"[1029.4, 547.1, 1079.3, 658.5]",,,,,0.8092,0.65,0.1246,1.0,0.8092,73,1,142,"[(111, 0.8092458248138428), (133, 0.6846511960029602), (10, 0.6656728982925415), (130, 0.6600235104560852), (110, 0.6574634313583374)]"
360,6_revive,111,111,revived,0.8904,"[1058.4, 548.1, 1108.3, 658.8]",,,,,0.7979,0.65,0.1206,1.0,0.7979,74,0,143,"[(111, 0.7978789806365967), (10, 0.6772580742835999), (133, 0.6519787311553955), (130, 0.639545202255249), (120, 0.6371518969535828)]"
361,6_revive,170,170,revived,0.7168,"[773.6, 535.6, 824.9, 745.2]",,,,,0.8595,0.75,0.15,1.0,0.8595,75,1,30,"[(170, 0.859529972076416), (12, 0.7094959616661072), (14, 0.7070574760437012), (103, 0.7036551833152771), (18, 0.7032809853553772)]"
361,6_revive,18,18,revived,0.7841,"[206.9, 524.1, 247.7, 646.3]",,,,,0.7907,0.6723,0.0337,1.0,0.7907,75,1,47,"[(18, 0.7906721830368042), (19, 0.7569251656532288), (64, 0.7244833707809448), (110, 0.7151285409927368), (105, 0.7146570086479187)]"
361,6_revive,111,111,revived,0.8968,"[1088.1, 547.8, 1138.1, 662.5]",,,,,0.7929,0.65,0.0937,1.0,0.7929,75,1,144,"[(111, 0.7929444313049316), (10, 0.6992886066436768), (133, 0.6769654154777527), (130, 0.6565767526626587), (39, 0.6542645692825317)]"
361,6_new,90,190,margin_failed margin=0.018<0.03,0.7653,"[250.8, 567.0, 327.0, 648.0]",,,,,0.7359,0.7081,0.018,1.0,,75,1,144,"[(90, 0.7359389066696167), (89, 0.7179124355316162), (105, 0.7145119309425354), (16, 0.7103378772735596), (72, 0.7081749439239502)]"
362,6_revive,111,111,revived,0.9091,"[1117.1, 548.4, 1167.1, 657.8]",,,,,0.8141,0.65,0.1216,1.0,0.8141,75,1,145,"[(111, 0.8140929937362671), (10, 0.692471444606781), (174, 0.6616933345794678), (133, 0.6576490998268127), (39, 0.6360377073287964)]"
362,6_revive,170,170,revived,0.856,"[797.9, 527.2, 854.6, 743.2]",,,,,0.771,0.75,0.0358,1.0,0.771,75,1,32,"[(170, 0.7709968090057373), (169, 0.7352051734924316), (172, 0.6742765307426453), (14, 0.6530508399009705), (18, 0.651583194732666)]"
362,6_revive,18,18,revived,0.7617,"[232.2, 524.1, 276.1, 647.0]",,,,,0.7474,0.6723,0.0451,1.0,0.7474,75,1,48,"[(18, 0.7474164366722107), (19, 0.7023081183433533), (64, 0.6885613203048706), (110, 0.6878588199615479), (103, 0.6774557828903198)]"
362,6_new,57,191,gate_failed sim=0.716<theta=0.750,0.7017,"[32.7, 508.6, 69.1, 617.3]",,,,,0.7157,0.75,0.0128,1.0,,75,1,57,"[(57, 0.7157200574874878), (109, 0.7029330730438232), (41, 0.6946715116500854), (111, 0.6923513412475586), (33, 0.6807945370674133)]"
363,5,191,191,unconfirmed_update,0.6347,"[38.0, 510.3, 83.2, 617.0]","[40.7, 510.0, 76.6, 617.0]",0.3917,0.6083,,,,,,,,1,,
363,6_new,111,192,margin_failed margin=0.017<0.03,0.8981,"[1778.0, 639.6, 1888.7, 1070.6]",,,,,0.7459,0.65,0.0172,1.0,,75,1,146,"[(111, 0.7459344267845154), (3, 0.728771448135376), (57, 0.718185544013977), (13, 0.7014183402061462), (170, 0.6940212249755859)]"
363,6_revive,111,111,revived,0.8713,"[1146.2, 549.1, 1197.5, 668.6]",,,,,0.809,0.65,0.0872,1.0,0.809,75,1,146,"[(111, 0.8089936971664429), (133, 0.7217803001403809), (10, 0.7190153002738953), (130, 0.6866855621337891), (105, 0.678133487701416)]"
363,6_revive,18,18,revived,0.814,"[257.9, 514.0, 301.7, 647.0]",,,,,0.7352,0.6723,0.067,1.0,0.7352,75,1,49,"[(18, 0.7351576089859009), (64, 0.6681744456291199), (111, 0.6679666042327881), (110, 0.6649101972579956), (19, 0.6627703905105591)]"
363,6_new,110,193,margin_failed margin=0.009<0.03,0.8045,"[148.7, 510.3, 190.7, 623.7]",,,,,0.7532,0.7201,0.009,1.0,,75,1,125,"[(110, 0.7532032132148743), (18, 0.7442366480827332), (41, 0.7339392900466919), (121, 0.7208659648895264), (103, 0.7145676612854004)]"
363,6_new,41,194,margin_failed margin=0.006<0.03,0.7586,"[92.6, 505.2, 132.8, 617.3]",,,,,0.8119,0.7272,0.0056,1.0,,75,1,60,"[(41, 0.8118628859519958), (47, 0.8062753081321716), (57, 0.7871168851852417), (110, 0.7856435775756836), (168, 0.7812011241912842)]"
363,6_new,57,195,gate_failed sim=0.744<theta=0.750,0.6946,"[58.1, 508.3, 96.7, 618.3]",,,,,0.7437,0.75,0.0149,1.0,,75,1,57,"[(57, 0.7436630129814148), (10, 0.7287912964820862), (41, 0.7185369729995728), (33, 0.7159656286239624), (109, 0.7150859832763672)]"
363,6_new,169,196,margin_failed margin=0.000<0.03,0.6878,"[827.6, 529.9, 887.0, 747.2]",,,,,0.7697,0.75,0.0001,1.0,,75,1,27,"[(169, 0.769677996635437), (170, 0.7696160078048706), (172, 0.6878330707550049), (14, 0.6381872892379761), (18, 0.634621798992157)]"
364,5,192,192,unconfirmed_update,0.9219,"[1826.6, 645.3, 1961.6, 1082.7]","[1825.8, 644.2, 1938.0, 1080.3]",0.6713,0.3287,,,,,,,,1,,
364,6_revive,111,111,revived,0.9056,"[1175.2, 548.8, 1223.8, 660.2]",,,,,0.7888,0.65,0.0595,1.0,0.7888,75,1,147,"[(111, 0.7888486385345459), (133, 0.7293514013290405), (10, 0.6940177083015442), (105, 0.6786150336265564), (130, 0.6695526838302612)]"
364,6_new,104,197,margin_failed margin=0.015<0.03,0.8744,"[13.9, 512.0, 55.6, 610.5]",,,,,0.6641,0.65,0.0145,1.0,,75,1,142,"[(104, 0.6640571355819702), (168, 0.649517297744751), (108, 0.6336846351623535), (111, 0.6232550144195557), (41, 0.5989123582839966)]"
364,6_new,41,198,margin_failed margin=0.017<0.03,0.8047,"[118.3, 503.2, 156.8, 618.6]",,,,,0.8078,0.7272,0.0167,1.0,,75,1,60,"[(41, 0.8077881336212158), (47, 0.7911299467086792), (110, 0.7849376797676086), (14, 0.7449570894241333), (18, 0.7393090128898621)]"
364,6_new,169,199,margin_failed margin=0.018<0.03,0.7719,"[859.3, 528.2, 917.3, 757.4]",,,,,0.776,0.75,0.0181,1.0,,75,1,28,"[(169, 0.7759859561920166), (170, 0.7578603625297546), (172, 0.6748413443565369), (18, 0.6502511501312256), (14, 0.6472039222717285)]"
364,6_revive,18,18,revived,0.7615,"[283.7, 522.1, 327.2, 645.6]",,,,,0.7502,0.6723,0.064,1.0,0.7502,75,1,50,"[(18, 0.7502086162567139), (111, 0.6862237453460693), (110, 0.6705387830734253), (105, 0.668087363243103), (19, 0.6637438535690308)]"
364,6_revive,90,90,revived,0.7533,"[336.0, 566.0, 408.4, 645.0]",,,,,0.7531,0.7081,0.0647,1.0,0.7531,75,1,144,"[(90, 0.753144383430481), (72, 0.6884047389030457), (105, 0.6834040284156799), (9, 0.6776821613311768), (89, 0.6585123538970947)]"
364,6_new,110,200,margin_failed margin=0.025<0.03,0.7432,"[174.7, 510.0, 216.5, 622.7]",,,,,0.7521,0.7201,0.0252,1.0,,75,1,125,"[(110, 0.7520709037780762), (18, 0.7268789410591125), (41, 0.719312310218811), (57, 0.7182363271713257), (121, 0.7132722735404968)]"
365,5,90,90,unconfirmed_update,0.7306,"[359.8, 565.0, 428.6, 644.6]","[353.4, 565.2, 426.2, 644.7]",0.4821,0.5179,,,,,,,,1,,
365,6_revive,111,111,revived,0.8872,"[1203.5, 549.1, 1253.5, 661.2]",,,,,0.8084,0.65,0.0974,1.0,0.8084,75,1,148,"[(111, 0.8084448575973511), (133, 0.7110353112220764), (105, 0.6959778070449829), (10, 0.695796012878418), (130, 0.677086591720581)]"
365,6_revive,170,170,revived,0.7793,"[897.1, 540.3, 951.1, 752.0]",,,,,0.7882,0.75,0.0825,1.0,0.7882,75,1,36,"[(170, 0.7882120609283447), (169, 0.7057102918624878), (14, 0.6770875453948975), (27, 0.6699930429458618), (172, 0.6647784113883972)]"
365,6_new,104,201,gate_failed sim=0.621<theta=0.650,0.7648,"[41.0, 513.0, 79.7, 609.5]",,,,,0.6212,0.65,0.0371,1.0,,75,1,142,"[(104, 0.6211632490158081), (168, 0.5841068029403687), (108, 0.5819631814956665), (111, 0.5789656639099121), (41, 0.5760465860366821)]"
365,6_revive,18,18,revived,0.7634,"[309.2, 521.1, 353.7, 646.0]",,,,,0.7857,0.6723,0.0805,1.0,0.7857,75,1,51,"[(18, 0.7857464551925659), (19, 0.7052199840545654), (105, 0.6950622200965881), (111, 0.6949748992919922), (110, 0.6858248710632324)]"
366,6_revive,111,111,revived,0.8951,"[1232.6, 549.8, 1282.5, 661.8]",,,,,0.8138,0.65,0.1393,1.0,0.8138,75,2,149,"[(111, 0.8137860894203186), (133, 0.6745018362998962), (10, 0.6741335391998291), (174, 0.6579928398132324), (120, 0.6497436761856079)]"
366,6_revive,170,170,revived,0.8311,"[930.2, 545.1, 982.8, 754.7]",,,,,0.8087,0.75,0.1274,1.0,0.8087,75,2,38,"[(170, 0.8087159991264343), (169, 0.6813302636146545), (18, 0.6693001985549927), (14, 0.6617355346679688), (25, 0.6435010433197021)]"
366,6_revive,18,18,revived,0.8039,"[337.3, 531.9, 379.7, 644.6]",,,,,0.7534,0.6723,0.0724,1.0,0.7534,75,2,52,"[(18, 0.7534033060073853), (105, 0.6810177564620972), (19, 0.6745342016220093), (110, 0.6699221730232239), (111, 0.658311128616333)]"
366,6_new,104,202,margin_failed margin=0.012<0.03,0.794,"[65.8, 508.3, 106.2, 608.9]",,,,,0.6794,0.65,0.0117,1.0,,75,2,142,"[(104, 0.6793873310089111), (168, 0.6676747798919678), (41, 0.6200443506240845), (16, 0.6128333806991577), (92, 0.6113602519035339)]"
366,6_new,41,203,gate_failed sim=0.722<theta=0.727,0.7307,"[225.6, 507.3, 268.1, 621.3]",,,,,0.7222,0.7272,0.0,1.0,,75,2,60,"[(41, 0.7221679091453552), (110, 0.7221585512161255), (14, 0.7019789218902588), (25, 0.693202793598175), (18, 0.6890488266944885)]"
366,6_new,110,204,margin_failed margin=0.003<0.03,0.6935,"[170.4, 503.6, 209.6, 616.3]",,,,,0.783,0.7201,0.0031,1.0,,75,2,125,"[(110, 0.7829773426055908), (47, 0.7798692584037781), (41, 0.7788357734680176), (130, 0.7248095273971558), (68, 0.7236688137054443)]"
367,6_revive,111,111,revived,0.8858,"[1262.2, 547.1, 1313.6, 663.2]",,,,,0.8216,0.65,0.1269,1.0,0.8216,75,2,150,"[(111, 0.8216125965118408), (10, 0.6947265863418579), (174, 0.6677841544151306), (133, 0.6620213985443115), (120, 0.6500604152679443)]"
367,6_new,110,205,gate_failed sim=0.713<theta=0.720,0.8597,"[252.1, 506.9, 291.9, 618.3]",,,,,0.7128,0.7201,0.0188,1.0,,75,2,125,"[(110, 0.7128400206565857), (41, 0.6940130591392517), (25, 0.6890929937362671), (14, 0.6816858053207397), (121, 0.6764899492263794)]"
367,6_new,110,206,margin_failed margin=0.026<0.03,0.8199,"[195.4, 499.8, 233.6, 613.9]",,,,,0.8137,0.7201,0.0259,1.0,,75,2,125,"[(110, 0.8136543035507202), (41, 0.7878036499023438), (47, 0.7758195996284485), (168, 0.7655215263366699), (105, 0.7595630884170532)]"
367,6_revive,104,104,revived,0.8078,"[92.7, 507.9, 131.9, 605.8]",,,,,0.6712,0.65,0.032,1.0,0.6712,75,2,142,"[(104, 0.6712213158607483), (168, 0.6392444372177124), (72, 0.6064707040786743), (110, 0.5914786458015442), (41, 0.5885688066482544)]"
367,6_revive,18,18,revived,0.7886,"[361.5, 524.1, 399.3, 641.6]",,,,,0.7412,0.6723,0.0634,1.0,0.7412,75,2,53,"[(18, 0.7412312030792236), (19, 0.67787766456604), (64, 0.670933187007904), (110, 0.6465393304824829), (122, 0.6435338258743286)]"
367,6_revive,170,170,revived,0.7617,"[960.5, 544.7, 1017.2, 756.7]",,,,,0.7977,0.75,0.0524,1.0,0.7977,75,2,40,"[(170, 0.7976970672607422), (169, 0.7452839612960815), (18, 0.6794129610061646), (27, 0.6783937215805054), (172, 0.6727485060691833)]"
367,6_new,68,207,margin_failed margin=0.015<0.03,0.7167,"[140.8, 504.6, 176.5, 610.5]",,,,,0.7436,0.708,0.0147,1.0,,75,2,144,"[(68, 0.7435574531555176), (41, 0.7288877964019775), (47, 0.709523618221283), (6, 0.7088441848754883), (110, 0.7072362303733826)]"
368,5,205,205,unconfirmed_update,0.6884,"[247.9, 507.6, 283.0, 613.6]","[247.6, 507.5, 285.9, 614.5]",0.3297,0.6703,,,,,,,,2,,
368,6_revive,111,111,revived,0.8932,"[1290.6, 548.8, 1341.9, 664.9]",,,,,0.8133,0.65,0.1188,1.0,0.8133,76,2,151,"[(111, 0.8132551908493042), (10, 0.6944254040718079), (174, 0.6618534326553345), (133, 0.6425553560256958), (120, 0.639183759689331)]"
368,6_new,110,208,margin_failed margin=0.020<0.03,0.8609,"[219.5, 497.8, 258.7, 611.9]",,,,,0.8136,0.7201,0.0203,1.0,,76,2,125,"[(110, 0.8135850429534912), (41, 0.7932626008987427), (47, 0.7878563404083252), (64, 0.7608506679534912), (12, 0.7577104568481445)]"
368,6_new,104,209,margin_failed margin=0.025<0.03,0.8564,"[118.8, 507.6, 156.1, 604.1]",,,,,0.6596,0.65,0.0252,1.0,,76,2,143,"[(104, 0.659632682800293), (168, 0.6344585418701172), (191, 0.6110009551048279), (72, 0.6044509410858154), (30, 0.6019083261489868)]"
368,6_new,68,210,gate_failed sim=0.700<theta=0.708,0.8561,"[275.7, 503.9, 316.6, 618.6]",,,,,0.6997,0.708,0.0046,1.0,,76,2,144,"[(68, 0.6996912956237793), (14, 0.695101797580719), (25, 0.6918070316314697), (110, 0.6910315752029419), (41, 0.6908746957778931)]"
368,6_revive,18,18,revived,0.8272,"[386.4, 521.1, 424.2, 641.2]",,,,,0.7462,0.6723,0.0733,1.0,0.7462,76,2,54,"[(18, 0.7462287545204163), (64, 0.6729118227958679), (19, 0.6690206527709961), (105, 0.6646242141723633), (110, 0.6619666814804077)]"
368,6_revive,170,170,revived,0.8237,"[989.6, 542.0, 1047.6, 761.4]",,,,,0.759,0.75,0.0593,1.0,0.759,76,2,42,"[(170, 0.759049654006958), (169, 0.6997392177581787), (172, 0.6495456695556641), (18, 0.6432120203971863), (25, 0.621206521987915)]"
369,6_revive,111,111,revived,0.9058,"[1320.3, 549.8, 1371.6, 663.9]",,,,,0.8049,0.65,0.126,1.0,0.8049,76,2,152,"[(111, 0.804897665977478), (10, 0.6789156198501587), (174, 0.6630992889404297), (3, 0.6375094652175903), (39, 0.6269851922988892)]"
369,6_new,110,211,margin_failed margin=0.029<0.03,0.8928,"[244.7, 496.1, 280.5, 611.6]",,,,,0.7762,0.7201,0.0293,1.0,,76,2,125,"[(110, 0.7762352228164673), (41, 0.7469416856765747), (64, 0.7401749491691589), (47, 0.737326443195343), (121, 0.7254357933998108)]"
369,6_revive,104,104,revived,0.8604,"[142.1, 505.9, 180.1, 602.4]",,,,,0.68,0.65,0.0341,1.0,0.68,76,2,143,"[(104, 0.6799968481063843), (168, 0.6458702683448792), (191, 0.6341910362243652), (30, 0.6116505861282349), (72, 0.6105556488037109)]"
369,6_revive,110,110,revived,0.8575,"[299.2, 502.2, 341.4, 617.6]",,,,,0.761,0.7201,0.0388,1.0,0.761,76,2,125,"[(110, 0.7609609365463257), (14, 0.7221845388412476), (13, 0.709183931350708), (68, 0.7083199620246887), (41, 0.7076857089996338)]"
369,6_revive,18,18,revived,0.8084,"[411.1, 522.5, 448.9, 641.2]",,,,,0.7405,0.6723,0.0705,1.0,0.7405,76,2,55,"[(18, 0.7405417561531067), (19, 0.66999351978302), (110, 0.6640710830688477), (64, 0.6589138507843018), (111, 0.6574408411979675)]"
369,6_revive,170,170,revived,0.8011,"[1024.7, 546.1, 1081.3, 767.5]",,,,,0.7792,0.75,0.084,1.0,0.7792,76,2,44,"[(170, 0.7791748642921448), (169, 0.6951592564582825), (18, 0.6598150134086609), (172, 0.6528676152229309), (25, 0.6431201696395874)]"
369,6_new,41,212,gate_failed sim=0.720<theta=0.727,0.7237,"[339.0, 523.1, 374.0, 621.0]",,,,,0.7196,0.7272,0.012,1.0,,76,2,60,"[(41, 0.7196143865585327), (49, 0.707661509513855), (10, 0.6818739175796509), (105, 0.6665349006652832), (130, 0.66374671459198)]"
369,6_new,169,213,margin_failed margin=0.022<0.03,0.6849,"[1015.2, 531.6, 1073.2, 760.7]",,,,,0.7589,0.75,0.0225,1.0,,76,2,33,"[(169, 0.7589211463928223), (170, 0.7364246249198914), (172, 0.6532708406448364), (1, 0.6427834033966064), (18, 0.6232321262359619)]"
370,5,212,212,unconfirmed_update,0.7943,"[325.2, 500.5, 364.8, 614.6]","[327.5, 505.0, 367.1, 615.9]",0.5769,0.4231,,,,,,,,2,,
370,6_revive,111,111,revived,0.9027,"[1348.7, 548.1, 1400.0, 678.4]",,,,,0.8176,0.65,0.1178,1.0,0.8176,76,2,153,"[(111, 0.817550778388977), (10, 0.6997568607330322), (133, 0.6935302019119263), (120, 0.6738004088401794), (105, 0.6558026075363159)]"
370,6_revive,104,104,revived,0.8882,"[165.8, 500.5, 204.9, 599.1]",,,,,0.7,0.65,0.0424,1.0,0.7,76,2,144,"[(104, 0.6999743580818176), (168, 0.6576067209243774), (72, 0.6253405809402466), (191, 0.6146533489227295), (30, 0.6019020676612854)]"
370,6_new,169,214,gate_failed sim=0.717<theta=0.750,0.8535,"[1054.3, 543.4, 1112.4, 767.5]",,,,,0.7171,0.75,0.0263,1.0,,76,2,34,"[(169, 0.7170710563659668), (170, 0.6907604932785034), (172, 0.6297649145126343), (1, 0.607876181602478), (27, 0.6072721481323242)]"
370,6_new,68,215,margin_failed margin=0.013<0.03,0.8475,"[214.1, 499.2, 253.3, 607.8]",,,,,0.745,0.708,0.013,1.0,,76,2,144,"[(68, 0.7450464367866516), (41, 0.7320071458816528), (191, 0.7289596199989319), (110, 0.7180542349815369), (6, 0.7065125107765198)]"
370,6_revive,18,18,revived,0.8021,"[436.1, 520.8, 473.9, 636.9]",,,,,0.7565,0.6723,0.0696,1.0,0.7565,76,2,56,"[(18, 0.7564539909362793), (19, 0.6868626475334167), (111, 0.6858181357383728), (64, 0.6785731911659241), (105, 0.6779574751853943)]"
370,6_new,110,216,margin_failed margin=0.001<0.03,0.7919,"[267.6, 493.8, 302.1, 608.5]",,,,,0.7311,0.7201,0.0009,1.0,,76,2,126,"[(110, 0.7311056852340698), (168, 0.7301936149597168), (41, 0.7133605480194092), (14, 0.7058517932891846), (121, 0.703497588634491)]"
370,6_revive,68,68,revived,0.7116,"[660.8, 528.5, 720.9, 668.9]",,,,,0.7825,0.708,0.0393,1.0,0.7825,76,2,144,"[(68, 0.7825289964675903), (4, 0.743241012096405), (7, 0.7350869178771973), (105, 0.7345619201660156), (5, 0.7243112325668335)]"
371,6_revive,111,111,revived,0.8836,"[1378.4, 547.4, 1429.7, 673.0]",,,,,0.785,0.65,0.1009,1.0,0.785,76,2,154,"[(111, 0.7850446701049805), (10, 0.6841288805007935), (130, 0.6812602281570435), (105, 0.6495404243469238), (133, 0.6491380929946899)]"
371,6_revive,104,104,revived,0.8419,"[190.4, 499.2, 228.8, 596.4]",,,,,0.6845,0.65,0.0398,1.0,0.6845,76,2,145,"[(104, 0.6844664812088013), (168, 0.6446304321289062), (191, 0.6283460855484009), (72, 0.6084041595458984), (41, 0.6008301973342896)]"
371,6_new,191,217,margin_failed margin=0.014<0.03,0.816,"[237.1, 496.1, 273.5, 603.5]",,,,,0.7998,0.75,0.0135,1.0,,76,2,8,"[(191, 0.7997703552246094), (68, 0.786246657371521), (41, 0.7713357210159302), (47, 0.7504045963287354), (110, 0.7379390001296997)]"
371,6_new,18,218,margin_failed margin=0.028<0.03,0.799,"[459.3, 521.1, 498.5, 637.9]",,,,,0.7367,0.6723,0.0282,1.0,,76,2,57,"[(18, 0.736729085445404), (111, 0.7085725665092468), (64, 0.6939002871513367), (105, 0.6921823024749756), (110, 0.685418963432312)]"
371,6_new,169,219,gate_failed sim=0.706<theta=0.750,0.7889,"[1090.1, 544.0, 1148.2, 766.8]",,,,,0.7058,0.75,0.0179,1.0,,76,2,35,"[(169, 0.7057993412017822), (170, 0.6878775954246521), (25, 0.6298916339874268), (172, 0.6297754049301147), (1, 0.6226787567138672)]"
371,6_revive,68,68,revived,0.7145,"[684.1, 527.9, 748.6, 669.6]",,,,,0.7872,0.708,0.0338,1.0,0.7872,76,2,145,"[(68, 0.7872375249862671), (105, 0.7534648180007935), (7, 0.7416911125183105), (90, 0.7321186065673828), (92, 0.7259528636932373)]"
372,5,68,68,unconfirmed_update,0.716,"[700.7, 525.5, 773.6, 681.4]","[698.1, 526.0, 767.8, 679.1]",0.5045,0.4955,,,,,,,,2,,
372,6_revive,111,111,revived,0.8894,"[1408.1, 550.5, 1459.4, 668.6]",,,,,0.8382,0.65,0.1114,1.0,0.8382,76,2,155,"[(111, 0.8382455110549927), (10, 0.7268025279045105), (174, 0.6969727277755737), (133, 0.6655274033546448), (191, 0.6643418073654175)]"
372,6_revive,104,104,revived,0.883,"[215.7, 498.8, 252.5, 594.7]",,,,,0.7363,0.65,0.0753,1.0,0.7363,76,2,146,"[(104, 0.7362699508666992), (168, 0.6609820127487183), (72, 0.6252057552337646), (16, 0.6127830147743225), (191, 0.610406756401062)]"
372,6_revive,169,169,revived,0.8284,"[1116.5, 535.6, 1178.6, 772.2]",,,,,0.7506,0.75,0.0716,1.0,0.7506,76,2,36,"[(169, 0.7506330013275146), (172, 0.6790758371353149), (170, 0.6764912605285645), (111, 0.6417648792266846), (1, 0.6353225708007812)]"
372,6_new,18,220,margin_failed margin=0.010<0.03,0.7766,"[482.6, 518.4, 519.8, 635.9]",,,,,0.7119,0.6723,0.0098,1.0,,76,2,57,"[(18, 0.7119308114051819), (111, 0.7021703720092773), (103, 0.6749984622001648), (105, 0.6666433811187744), (10, 0.6654207110404968)]"
372,6_new,191,221,margin_failed margin=0.010<0.03,0.7745,"[261.6, 494.8, 298.4, 600.1]",,,,,0.7539,0.75,0.0104,1.0,,76,2,9,"[(191, 0.7539172172546387), (68, 0.743537425994873), (110, 0.7248378992080688), (41, 0.7229012250900269), (14, 0.7149690389633179)]"
372,6_new,68,222,margin_failed margin=0.019<0.03,0.7628,"[343.4, 498.5, 377.7, 605.8]",,,,,0.7353,0.708,0.0193,1.0,,76,2,146,"[(68, 0.7352892756462097), (16, 0.7160329818725586), (13, 0.714214563369751), (7, 0.7096841335296631), (105, 0.7020859718322754)]"
372,6_new,89,223,margin_failed margin=0.008<0.03,0.7139,"[413.1, 512.7, 451.6, 615.9]",,,,,0.7345,0.6666,0.0084,1.0,,76,2,95,"[(89, 0.7345113754272461), (41, 0.7261322736740112), (105, 0.7245893478393555), (7, 0.7215234041213989), (79, 0.7185225486755371)]"
373,6_revive,104,104,revived,0.8663,"[238.6, 498.5, 275.4, 593.7]",,,,,0.7121,0.65,0.0665,1.0,0.7121,77,2,147,"[(104, 0.7121416330337524), (168, 0.6456400156021118), (72, 0.607284426689148), (191, 0.6060709953308105), (111, 0.5941164493560791)]"
373,6_revive,111,111,revived,0.8493,"[1436.4, 550.8, 1490.4, 673.7]",,,,,0.7988,0.65,0.1148,1.0,0.7988,77,2,156,"[(111, 0.7988380193710327), (10, 0.684035062789917), (133, 0.6757899522781372), (120, 0.6697327494621277), (130, 0.6599578261375427)]"
373,6_new,68,224,margin_failed margin=0.008<0.03,0.7942,"[284.0, 493.1, 323.2, 600.4]",,,,,0.7468,0.708,0.0076,1.0,,77,2,146,"[(68, 0.7468419075012207), (191, 0.7391945123672485), (110, 0.735970139503479), (41, 0.7331272959709167), (14, 0.7260953783988953)]"
373,6_revive,169,169,revived,0.7783,"[1150.9, 535.6, 1211.6, 774.9]",,,,,0.7511,0.75,0.0764,1.0,0.7511,77,2,38,"[(169, 0.7510913610458374), (172, 0.6746586561203003), (170, 0.6682087779045105), (23, 0.6275096535682678), (1, 0.62739098072052)]"
373,6_revive,18,18,revived,0.7202,"[504.9, 521.4, 543.4, 636.9]",,,,,0.7397,0.6723,0.0428,1.0,0.7397,77,2,57,"[(18, 0.7396553754806519), (19, 0.6968903541564941), (105, 0.6904411911964417), (103, 0.6781293153762817), (10, 0.6750636100769043)]"
374,6_revive,169,169,revived,0.8708,"[1181.2, 526.5, 1244.7, 776.9]",,,,,0.783,0.75,0.114,1.0,0.783,77,2,40,"[(169, 0.783012330532074), (170, 0.6689689755439758), (172, 0.6547998189926147), (1, 0.6281180381774902), (111, 0.6020975112915039)]"
374,6_new,191,225,margin_failed margin=0.026<0.03,0.8256,"[308.0, 487.7, 348.0, 595.7]",,,,,0.7569,0.75,0.0264,1.0,,77,2,11,"[(191, 0.7568824291229248), (41, 0.7304359674453735), (14, 0.7202123403549194), (68, 0.7199963331222534), (47, 0.7180229425430298)]"
374,6_revive,104,104,revived,0.8135,"[260.4, 492.4, 299.2, 587.6]",,,,,0.7019,0.65,0.0484,1.0,0.7019,77,2,148,"[(104, 0.7019003629684448), (168, 0.6535061597824097), (205, 0.6192308664321899), (191, 0.6134852170944214), (72, 0.5925177931785583)]"
374,6_revive,111,111,revived,0.8096,"[1470.2, 552.2, 1521.5, 673.0]",,,,,0.8015,0.65,0.0959,1.0,0.8015,77,2,157,"[(111, 0.8015233278274536), (133, 0.7056363821029663), (10, 0.6960974335670471), (120, 0.6847816705703735), (25, 0.6742991805076599)]"
374,6_revive,18,18,revived,0.7353,"[531.6, 515.7, 568.0, 631.8]",,,,,0.7502,0.6723,0.0504,1.0,0.7502,77,2,58,"[(18, 0.7502363920211792), (19, 0.6998013257980347), (105, 0.6681703329086304), (10, 0.6676491498947144), (64, 0.660171627998352)]"
374,6_new,10,226,gate_failed sim=0.683<theta=0.695,0.705,"[61.9, 508.3, 86.6, 560.9]",,,,,0.6828,0.695,0.0176,1.0,,77,2,228,"[(10, 0.6827636957168579), (8, 0.6651679277420044), (120, 0.6616476774215698), (25, 0.6568630933761597), (128, 0.656450092792511)]"
374,6_new,105,227,margin_failed margin=0.004<0.03,0.6988,"[78.3, 499.5, 104.3, 560.9]",,,,,0.72,0.65,0.0045,1.0,,77,2,109,"[(105, 0.7200416326522827), (103, 0.7155429124832153), (10, 0.7127453088760376), (92, 0.7113655209541321), (8, 0.706347644329071)]"
375,6_revive,104,104,revived,0.8744,"[283.8, 491.7, 320.3, 587.6]",,,,,0.7182,0.65,0.0342,1.0,0.7182,78,2,149,"[(104, 0.718246579170227), (168, 0.6840683221817017), (191, 0.632098376750946), (205, 0.6241217851638794), (111, 0.6198687553405762)]"
375,6_revive,169,169,revived,0.8489,"[1217.0, 527.9, 1281.8, 781.0]",,,,,0.7922,0.75,0.1109,1.0,0.7922,78,2,42,"[(169, 0.7922203540802002), (170, 0.6813255548477173), (172, 0.6618833541870117), (111, 0.6247503757476807), (23, 0.6204246282577515)]"
375,6_revive,68,68,revived,0.8221,"[331.6, 488.0, 366.5, 596.0]",,,,,0.7634,0.708,0.0318,1.0,0.7634,78,2,146,"[(68, 0.7633890509605408), (205, 0.7315783500671387), (47, 0.7296331524848938), (14, 0.7235643863677979), (110, 0.7235344648361206)]"
375,6_revive,18,18,revived,0.8121,"[554.9, 517.0, 592.0, 632.5]",,,,,0.7909,0.6723,0.0604,1.0,0.7909,78,2,59,"[(18, 0.7908737063407898), (19, 0.7305095195770264), (105, 0.6956381797790527), (110, 0.6845576763153076), (23, 0.6796576380729675)]"
375,6_new,111,228,margin_failed margin=0.019<0.03,0.7836,"[1503.9, 551.5, 1552.5, 679.1]",,,,,0.7369,0.65,0.0192,1.0,,78,2,158,"[(111, 0.7368589639663696), (130, 0.7176679372787476), (10, 0.7119473218917847), (105, 0.7108011841773987), (18, 0.6876605153083801)]"
376,6_revive,104,104,revived,0.8983,"[305.8, 487.4, 344.2, 585.9]",,,,,0.7242,0.65,0.0815,1.0,0.7242,78,2,150,"[(104, 0.7242236137390137), (168, 0.6426825523376465), (205, 0.6374375224113464), (72, 0.6303175687789917), (191, 0.6300598382949829)]"
376,6_new,68,229,margin_failed margin=0.006<0.03,0.8738,"[355.1, 486.0, 392.2, 594.0]",,,,,0.7706,0.708,0.0057,1.0,,78,2,147,"[(68, 0.7705785036087036), (205, 0.7649067640304565), (14, 0.7473760843276978), (110, 0.736487090587616), (47, 0.7033519744873047)]"
376,6_revive,169,169,revived,0.817,"[1248.1, 529.2, 1318.3, 783.0]",,,,,0.8346,0.75,0.1979,1.0,0.8346,78,2,44,"[(169, 0.8346133232116699), (170, 0.6366643905639648), (172, 0.6334731578826904), (1, 0.6329114437103271), (23, 0.6047126650810242)]"
376,6_revive,18,18,revived,0.813,"[577.8, 516.4, 614.9, 633.2]",,,,,0.8278,0.6723,0.0734,1.0,0.8278,78,2,60,"[(18, 0.8277977705001831), (19, 0.7543619871139526), (105, 0.7191285490989685), (64, 0.7053031921386719), (68, 0.7033079862594604)]"
376,6_new,68,230,margin_failed margin=0.001<0.03,0.6861,"[807.3, 515.4, 881.6, 677.4]",,,,,0.7763,0.708,0.0013,1.0,,78,2,147,"[(68, 0.776334285736084), (105, 0.775006115436554), (176, 0.7622524499893188), (7, 0.7305232286453247), (90, 0.7202208042144775)]"
377,5,230,230,unconfirmed_update,0.8305,"[834.3, 512.7, 907.2, 678.7]","[827.6, 513.2, 903.3, 678.4]",0.5355,0.4645,,,,,,,,2,,
377,6_revive,104,104,revived,0.9061,"[329.6, 488.4, 367.2, 586.9]",,,,,0.7074,0.65,0.0556,1.0,0.7074,78,2,151,"[(104, 0.7074259519577026), (168, 0.6518028974533081), (191, 0.6354621648788452), (205, 0.6331045031547546), (72, 0.6159849166870117)]"
377,6_new,68,231,margin_failed margin=0.028<0.03,0.8633,"[378.3, 486.7, 415.5, 595.4]",,,,,0.7906,0.708,0.0284,1.0,,78,2,147,"[(68, 0.7906410694122314), (110, 0.7622296810150146), (14, 0.7415145635604858), (47, 0.7379090785980225), (41, 0.7372820377349854)]"
377,6_revive,18,18,revived,0.7917,"[599.4, 512.0, 638.6, 634.2]",,,,,0.8091,0.6723,0.0521,1.0,0.8091,78,2,61,"[(18, 0.809139609336853), (19, 0.7570213079452515), (110, 0.7218750715255737), (105, 0.705295741558075), (183, 0.6979683637619019)]"
377,6_revive,169,169,revived,0.784,"[1283.9, 529.2, 1354.1, 793.8]",,,,,0.8194,0.75,0.1486,1.0,0.8194,78,2,46,"[(169, 0.819422721862793), (170, 0.6708590388298035), (23, 0.6424505710601807), (172, 0.6401494741439819), (1, 0.6191248893737793)]"
377,6_new,103,232,margin_failed margin=0.002<0.03,0.7248,"[149.2, 498.8, 175.3, 558.2]",,,,,0.7276,0.65,0.0016,1.0,,78,2,126,"[(103, 0.7275629043579102), (128, 0.7259584665298462), (64, 0.7217309474945068), (8, 0.7191995978355408), (41, 0.7157146334648132)]"
377,6_new,25,233,margin_failed margin=0.000<0.03,0.7115,"[132.9, 502.2, 157.0, 558.9]",,,,,0.7227,0.65,0.0,1.0,,78,2,134,"[(25, 0.7226617336273193), (10, 0.722630500793457), (120, 0.7216567993164062), (111, 0.6972758173942566), (124, 0.6933338642120361)]"
377,6_revive,8,8,revived,0.6895,"[56.0, 499.8, 79.9, 554.5]",,,,,0.8265,0.7273,0.0374,1.0,0.8265,78,2,36,"[(8, 0.8265479803085327), (120, 0.7891293168067932), (16, 0.786472737789154), (64, 0.7790891528129578), (34, 0.776294469833374)]"
377,6_new,111,234,margin_failed margin=0.009<0.03,0.6823,"[1556.6, 555.2, 1605.2, 694.6]",,,,,0.7125,0.65,0.0085,1.0,,78,2,158,"[(111, 0.7125258445739746), (133, 0.7040224075317383), (191, 0.6439500451087952), (64, 0.6393857598304749), (109, 0.6344794631004333)]"
378,5,232,232,unconfirmed_update,0.7796,"[155.8, 508.6, 178.9, 561.3]","[154.4, 506.7, 178.2, 560.7]",0.4626,0.5374,,,,,,,,2,,
378,6_revive,104,104,revived,0.8753,"[352.4, 490.7, 390.8, 588.6]",,,,,0.7066,0.65,0.0792,1.0,0.7066,78,2,152,"[(104, 0.7066030502319336), (191, 0.6274170279502869), (168, 0.6248185634613037), (205, 0.6035947799682617), (16, 0.5969737768173218)]"
378,6_revive,18,18,revived,0.8443,"[617.6, 493.4, 665.6, 637.9]",,,,,0.8059,0.6723,0.0421,1.0,0.8059,78,2,62,"[(18, 0.8058919310569763), (19, 0.7638331055641174), (183, 0.734643816947937), (79, 0.7289209365844727), (105, 0.7153922319412231)]"
378,6_revive,111,111,revived,0.8348,"[1589.0, 558.2, 1637.6, 690.5]",,,,,0.7821,0.65,0.0866,1.0,0.7821,78,2,158,"[(111, 0.7820795774459839), (10, 0.6954885125160217), (133, 0.6837700605392456), (191, 0.6639806032180786), (120, 0.6442786455154419)]"
378,6_new,41,235,margin_failed margin=0.001<0.03,0.8202,"[399.6, 488.4, 439.4, 597.7]",,,,,0.7748,0.7272,0.0012,1.0,,78,2,60,"[(41, 0.7747814655303955), (14, 0.7736140489578247), (68, 0.7713725566864014), (110, 0.767162561416626), (7, 0.7445307970046997)]"
378,6_revive,169,169,revived,0.7268,"[1320.3, 543.7, 1393.2, 802.6]",,,,,0.8014,0.75,0.1478,1.0,0.8014,78,2,48,"[(169, 0.8013889789581299), (23, 0.6535724401473999), (18, 0.6394575834274292), (170, 0.6361691951751709), (1, 0.6289569139480591)]"
379,6_revive,104,104,revived,0.9109,"[376.7, 488.4, 413.1, 586.9]",,,,,0.6782,0.65,0.0571,1.0,0.6782,78,2,153,"[(104, 0.6782304048538208), (168, 0.6211782693862915), (191, 0.6091295480728149), (205, 0.595205545425415), (111, 0.5810786485671997)]"
379,6_revive,111,111,revived,0.895,"[1620.0, 558.9, 1676.7, 695.9]",,,,,0.7665,0.65,0.0588,1.0,0.7665,78,2,159,"[(111, 0.766481876373291), (133, 0.7076822519302368), (130, 0.6817240118980408), (10, 0.6717029809951782), (191, 0.6492652893066406)]"
379,6_revive,68,68,revived,0.8816,"[423.6, 487.0, 461.4, 596.4]",,,,,0.7611,0.708,0.0349,1.0,0.7611,78,2,147,"[(68, 0.7610776424407959), (110, 0.7261794805526733), (14, 0.7243188619613647), (6, 0.7041409611701965), (205, 0.7019060850143433)]"
379,6_revive,169,169,revived,0.7923,"[1355.4, 540.0, 1431.0, 810.0]",,,,,0.8061,0.75,0.1675,1.0,0.8061,78,2,50,"[(169, 0.8061068654060364), (23, 0.638604462146759), (170, 0.634219765663147), (172, 0.6160163879394531), (1, 0.6153967976570129)]"
379,6_new,64,236,margin_failed margin=0.007<0.03,0.772,"[196.4, 497.8, 222.8, 557.9]",,,,,0.7619,0.7258,0.0071,1.0,,78,2,60,"[(64, 0.761876106262207), (41, 0.7547658681869507), (16, 0.7528409957885742), (124, 0.7463178634643555), (103, 0.7436761260032654)]"
379,6_revive,18,18,revived,0.7037,"[641.2, 498.2, 689.2, 636.5]",,,,,0.7987,0.6723,0.0684,1.0,0.7987,78,2,63,"[(18, 0.7986681461334229), (19, 0.7303059697151184), (183, 0.7073489427566528), (105, 0.702325701713562), (79, 0.6999993920326233)]"
380,3,174,174,re_activate_from_lost,0.706,"[870.8, 515.7, 945.0, 688.5]","[875.6, 515.6, 939.7, 688.3]",0.7007,0.2993,0.7887,,,,,,78,2,11,
380,6_revive,104,104,revived,0.8979,"[397.9, 496.8, 434.4, 592.0]",,,,,0.6833,0.65,0.0796,1.0,0.6833,78,2,154,"[(104, 0.6833090782165527), (191, 0.6036818027496338), (168, 0.5963912010192871), (205, 0.5868723392486572), (72, 0.5808191895484924)]"
380,6_revive,111,111,revived,0.8954,"[1652.4, 558.6, 1709.1, 686.8]",,,,,0.8265,0.65,0.1105,1.0,0.8265,78,2,160,"[(111, 0.8265410661697388), (10, 0.7160040140151978), (120, 0.6708096265792847), (133, 0.6628929376602173), (174, 0.6560845375061035)]"
380,6_new,68,237,margin_failed margin=0.007<0.03,0.8622,"[445.2, 493.4, 482.3, 600.8]",,,,,0.7437,0.708,0.0068,1.0,,78,2,148,"[(68, 0.7436749935150146), (110, 0.7368967533111572), (205, 0.7208033800125122), (14, 0.7153996825218201), (191, 0.7084665298461914)]"
380,6_revive,169,169,revived,0.8236,"[1393.2, 546.1, 1471.5, 816.8]",,,,,0.8306,0.75,0.1819,1.0,0.8306,78,2,52,"[(169, 0.8305655121803284), (23, 0.6486619710922241), (1, 0.6366878747940063), (170, 0.6340241432189941), (111, 0.6266691088676453)]"
380,6_new,103,238,margin_failed margin=0.003<0.03,0.792,"[219.7, 507.3, 243.3, 564.0]",,,,,0.6801,0.65,0.003,1.0,,78,2,126,"[(103, 0.6800998449325562), (104, 0.6771420240402222), (130, 0.6745526194572449), (30, 0.6652374267578125), (10, 0.6646865606307983)]"
380,6_revive,18,18,revived,0.7619,"[671.0, 522.8, 711.5, 641.6]",,,,,0.7503,0.6723,0.0591,1.0,0.7503,78,2,64,"[(18, 0.7502615451812744), (19, 0.6911377906799316), (64, 0.6631847620010376), (122, 0.66261225938797), (105, 0.6380759477615356)]"
381,5,237,237,unconfirmed_update,0.7243,"[451.6, 483.3, 482.0, 585.2]","[448.4, 485.3, 483.9, 588.3]",0.3503,0.6497,,,,,,,,1,,
381,6_revive,111,111,revived,0.9105,"[1684.8, 562.3, 1746.9, 690.5]",,,,,0.793,0.65,0.1446,1.0,0.793,78,1,161,"[(111, 0.7929839491844177), (10, 0.6483665108680725), (133, 0.6350985765457153), (120, 0.6282758712768555), (174, 0.6266520619392395)]"
381,6_revive,104,104,revived,0.8974,"[421.9, 488.4, 459.7, 588.3]",,,,,0.6911,0.65,0.0596,1.0,0.6911,78,1,155,"[(104, 0.6911186575889587), (168, 0.6315675973892212), (205, 0.6232046484947205), (191, 0.6207131147384644), (72, 0.6042438745498657)]"
381,6_new,68,239,margin_failed margin=0.026<0.03,0.8704,"[468.5, 486.3, 506.9, 597.7]",,,,,0.7402,0.708,0.0259,1.0,,78,1,148,"[(68, 0.7401731610298157), (6, 0.7142953872680664), (7, 0.7030547857284546), (41, 0.6967581510543823), (14, 0.6901979446411133)]"
381,6_new,18,240,margin_failed margin=0.015<0.03,0.8314,"[683.4, 492.8, 737.8, 641.2]",,,,,0.8205,0.6723,0.0148,1.0,,78,1,65,"[(18, 0.8205240964889526), (183, 0.8057639598846436), (19, 0.7400652766227722), (105, 0.7358890771865845), (79, 0.7232332229614258)]"
381,6_new,103,241,margin_failed margin=0.009<0.03,0.8273,"[242.0, 500.5, 266.3, 557.2]",,,,,0.7877,0.65,0.0087,1.0,,78,1,126,"[(103, 0.7877181768417358), (16, 0.7789883613586426), (64, 0.7710282206535339), (10, 0.7695651054382324), (79, 0.7687371969223022)]"
381,6_revive,169,169,revived,0.7247,"[1435.1, 554.9, 1508.0, 822.2]",,,,,0.8475,0.75,0.1917,1.0,0.8475,78,1,54,"[(169, 0.8474506139755249), (1, 0.655724048614502), (23, 0.6537377238273621), (111, 0.6478630304336548), (170, 0.6387288570404053)]"
381,6_revive,205,205,revived,0.7006,"[549.8, 495.1, 584.9, 603.1]",,,,,0.8315,0.75,0.0506,1.0,0.8315,78,1,13,"[(205, 0.8315478563308716), (68, 0.780924916267395), (110, 0.766089677810669), (13, 0.7613989114761353), (105, 0.7315891981124878)]"
382,5,104,104,unconfirmed_update,0.6418,"[426.9, 490.7, 453.3, 577.1]","[423.4, 490.3, 457.1, 579.4]",0.3977,0.6023,,,,,,,,1,,
382,6_revive,111,111,revived,0.9135,"[1718.6, 557.5, 1778.0, 689.2]",,,,,0.8593,0.65,0.1341,1.0,0.8593,79,1,162,"[(111, 0.8592678308486938), (10, 0.7251293659210205), (133, 0.6811112761497498), (120, 0.6770822405815125), (191, 0.6742241978645325)]"
382,6_revive,104,104,revived,0.8981,"[443.8, 495.1, 479.6, 593.7]",,,,,0.6872,0.65,0.0394,1.0,0.6872,79,1,156,"[(104, 0.687161386013031), (168, 0.6477327346801758), (191, 0.6303625106811523), (205, 0.6242524981498718), (72, 0.587026059627533)]"
382,6_new,103,242,margin_failed margin=0.024<0.03,0.8331,"[263.6, 506.9, 286.5, 564.3]",,,,,0.7827,0.65,0.0236,1.0,,79,1,126,"[(103, 0.782681405544281), (10, 0.7590762376785278), (16, 0.7570384740829468), (64, 0.7540878057479858), (8, 0.7439419031143188)]"
382,6_revive,8,8,revived,0.7895,"[174.0, 506.9, 196.3, 560.9]",,,,,0.8507,0.7273,0.0412,1.0,0.8507,79,1,37,"[(8, 0.8506525158882141), (119, 0.8094760179519653), (103, 0.7724305391311646), (16, 0.7688254117965698), (12, 0.7570328712463379)]"
382,6_revive,169,169,revived,0.7687,"[1472.9, 550.8, 1545.8, 820.8]",,,,,0.829,0.75,0.1575,1.0,0.829,79,1,56,"[(169, 0.8290431499481201), (23, 0.6715601682662964), (170, 0.664874255657196), (1, 0.6619020700454712), (111, 0.6471260786056519)]"
383,6_revive,111,111,revived,0.9239,"[1752.3, 564.0, 1811.7, 693.9]",,,,,0.8564,0.65,0.1471,1.0,0.8564,80,2,163,"[(111, 0.8563908338546753), (10, 0.7093386054039001), (133, 0.6783381104469299), (191, 0.6642642021179199), (174, 0.6620105504989624)]"
383,6_revive,104,104,revived,0.8947,"[466.1, 491.4, 501.9, 589.3]",,,,,0.6793,0.65,0.0423,1.0,0.6793,80,2,157,"[(104, 0.679265022277832), (191, 0.6369949579238892), (168, 0.6235136985778809), (205, 0.6175341606140137), (111, 0.5789978504180908)]"
383,6_new,10,243,margin_failed margin=0.003<0.03,0.8031,"[285.0, 501.5, 308.6, 558.9]",,,,,0.7867,0.695,0.0033,1.0,,80,2,228,"[(10, 0.7867388725280762), (16, 0.7834030389785767), (103, 0.7786733508110046), (64, 0.777069091796875), (79, 0.7751153707504272)]"
383,6_revive,169,169,revived,0.7524,"[1513.4, 558.6, 1594.4, 835.7]",,,,,0.8209,0.75,0.1806,1.0,0.8209,80,2,58,"[(169, 0.8209024667739868), (1, 0.6402567028999329), (172, 0.6256721615791321), (170, 0.6218926906585693), (111, 0.5933225154876709)]"
383,6_revive,18,18,revived,0.691,"[735.1, 506.3, 785.0, 641.2]",,,,,0.7846,0.6723,0.0634,1.0,0.7846,80,2,65,"[(18, 0.7845786809921265), (19, 0.7212242484092712), (183, 0.70647794008255), (64, 0.6847269535064697), (108, 0.6815885305404663)]"
384,3,174,174,re_activate_from_lost,0.6444,"[975.4, 515.0, 1055.0, 697.3]","[977.8, 515.2, 1049.4, 696.3]",0.2827,0.7173,0.0832,,,,,,80,2,13,
384,6_revive,111,111,revived,0.8993,"[1783.4, 556.5, 1845.5, 692.6]",,,,,0.8293,0.65,0.1301,1.0,0.8293,80,2,164,"[(111, 0.8292837142944336), (10, 0.69923335313797), (191, 0.6945221424102783), (232, 0.6623213291168213), (174, 0.6557227969169617)]"
384,6_revive,104,104,revived,0.8952,"[486.7, 498.2, 522.5, 594.7]",,,,,0.6902,0.65,0.0624,1.0,0.6902,80,2,158,"[(104, 0.6901997327804565), (168, 0.6278009414672852), (191, 0.6270447969436646), (205, 0.5966163873672485), (72, 0.5823880434036255)]"
384,6_new,33,244,margin_failed margin=0.009<0.03,0.8134,"[46.5, 503.9, 70.1, 560.6]",,,,,0.7924,0.75,0.0088,1.0,,80,2,23,"[(33, 0.7924315929412842), (68, 0.7836554050445557), (119, 0.7769017219543457), (103, 0.7633899450302124), (41, 0.7610321640968323)]"
384,6_revive,169,169,revived,0.7856,"[1553.9, 553.5, 1637.6, 835.7]",,,,,0.8245,0.75,0.1693,1.0,0.8245,80,2,60,"[(169, 0.824462890625), (1, 0.655134916305542), (170, 0.6260218620300293), (172, 0.6209713816642761), (23, 0.6184098124504089)]"
384,6_revive,103,103,revived,0.7568,"[305.3, 501.9, 328.9, 566.0]",,,,,0.8039,0.65,0.0338,1.0,0.8039,80,2,126,"[(103, 0.8039243817329407), (10, 0.770093560218811), (92, 0.7562004923820496), (64, 0.7515753507614136), (130, 0.7502565383911133)]"
384,6_revive,18,18,revived,0.7054,"[762.1, 519.8, 806.6, 644.6]",,,,,0.7945,0.6723,0.0604,1.0,0.7945,80,2,66,"[(18, 0.7945377230644226), (19, 0.7341657876968384), (122, 0.7189071178436279), (64, 0.6990904211997986), (108, 0.6986276507377625)]"
384,6_new,12,245,margin_failed margin=0.015<0.03,0.6971,"[220.2, 507.6, 242.5, 561.6]",,,,,0.8425,0.6739,0.0149,1.0,,80,2,142,"[(12, 0.8424603343009949), (8, 0.8275485038757324), (119, 0.8013285994529724), (16, 0.8007952570915222), (103, 0.8007276654243469)]"
385,6_revive,104,104,revived,0.9003,"[508.6, 496.1, 545.1, 594.0]",,,,,0.7134,0.65,0.0696,1.0,0.7134,80,1,159,"[(104, 0.7133932709693909), (191, 0.6437996625900269), (168, 0.6381708979606628), (205, 0.610681414604187), (30, 0.5987924337387085)]"
385,6_revive,111,111,revived,0.8931,"[1818.5, 561.6, 1880.6, 695.2]",,,,,0.8097,0.65,0.0897,1.0,0.8097,80,1,165,"[(111, 0.8097085356712341), (10, 0.7200531959533691), (120, 0.6408607959747314), (191, 0.6385599970817566), (130, 0.63737553358078)]"
385,6_new,64,246,margin_failed margin=0.005<0.03,0.8198,"[328.9, 502.9, 352.4, 563.0]",,,,,0.7314,0.7258,0.0051,1.0,,80,1,60,"[(64, 0.7314249277114868), (103, 0.7263128757476807), (41, 0.722446084022522), (16, 0.7212992310523987), (124, 0.7196952104568481)]"
385,6_new,119,247,margin_failed margin=0.009<0.03,0.7575,"[70.7, 499.5, 92.7, 557.5]",,,,,0.8291,0.75,0.0087,1.0,,80,1,13,"[(119, 0.8291166424751282), (13, 0.8204647898674011), (68, 0.8127889633178711), (33, 0.8121339082717896), (17, 0.8119392991065979)]"
385,6_new,119,248,margin_failed margin=0.018<0.03,0.743,"[243.7, 505.2, 265.3, 559.9]",,,,,0.8239,0.75,0.0183,1.0,,80,1,13,"[(119, 0.8238614797592163), (103, 0.8055310249328613), (8, 0.8027453422546387), (12, 0.7696236968040466), (124, 0.7643086910247803)]"
385,6_revive,169,169,revived,0.7208,"[1594.4, 559.9, 1691.6, 849.2]",,,,,0.8536,0.75,0.2203,1.0,0.8536,80,1,62,"[(169, 0.8536332845687866), (1, 0.6333342790603638), (172, 0.6186370849609375), (170, 0.6006898880004883), (23, 0.5950134992599487)]"
385,6_revive,18,18,revived,0.6817,"[791.1, 527.9, 831.6, 641.2]",,,,,0.812,0.6723,0.0695,1.0,0.812,80,1,67,"[(18, 0.8119764924049377), (19, 0.7424800395965576), (122, 0.7351962327957153), (64, 0.7049312591552734), (105, 0.6703190803527832)]"
386,6_new,30,249,margin_failed margin=0.020<0.03,0.895,"[349.3, 509.6, 372.3, 567.0]",,,,,0.7347,0.65,0.0197,1.0,,81,1,68,"[(30, 0.7347260117530823), (89, 0.7150704860687256), (105, 0.7077441215515137), (103, 0.7058571577072144), (10, 0.7042691111564636)]"
386,6_revive,104,104,revived,0.8864,"[530.2, 498.2, 567.3, 596.0]",,,,,0.7058,0.65,0.0481,1.0,0.7058,81,1,160,"[(104, 0.7057914137840271), (191, 0.6576967239379883), (168, 0.617550790309906), (72, 0.6157049536705017), (205, 0.6126260161399841)]"
386,6_new,103,250,margin_failed margin=0.005<0.03,0.7832,"[264.8, 507.3, 286.7, 560.6]",,,,,0.8019,0.65,0.0053,1.0,,81,1,127,"[(103, 0.8019412755966187), (8, 0.7966009974479675), (130, 0.7929348945617676), (12, 0.7924149036407471), (16, 0.7900528311729431)]"
386,6_new,13,251,margin_failed margin=0.013<0.03,0.7725,"[92.6, 499.8, 114.8, 561.3]",,,,,0.8451,0.744,0.0126,1.0,,81,1,30,"[(13, 0.8451228737831116), (37, 0.8325055837631226), (41, 0.8216296434402466), (34, 0.8215057253837585), (17, 0.8169883489608765)]"
386,6_revive,111,111,revived,0.7703,"[1856.2, 556.2, 1915.7, 694.6]",,,,,0.7651,0.65,0.0954,1.0,0.7651,81,1,166,"[(111, 0.7651484608650208), (10, 0.6697660684585571), (133, 0.6608594655990601), (130, 0.6531699895858765), (103, 0.640788197517395)]"
386,6_revive,205,205,revived,0.6911,"[653.4, 496.1, 687.8, 610.2]",,,,,0.8611,0.75,0.0572,1.0,0.8611,81,1,19,"[(205, 0.8610522747039795), (110, 0.8038095235824585), (55, 0.7680203914642334), (68, 0.7549465894699097), (109, 0.7436794638633728)]"
386,6_revive,18,18,revived,0.6812,"[812.0, 526.8, 853.9, 645.6]",,,,,0.8305,0.6723,0.0697,1.0,0.8305,81,1,68,"[(18, 0.830538809299469), (19, 0.7607908248901367), (64, 0.7414736151695251), (122, 0.7239173054695129), (108, 0.7040918469429016)]"
387,6_revive,104,104,revived,0.8943,"[551.1, 491.7, 588.9, 592.3]",,,,,0.7445,0.65,0.0733,1.0,0.7445,81,1,161,"[(104, 0.7444785833358765), (191, 0.6711752414703369), (168, 0.662438154220581), (205, 0.630253791809082), (72, 0.6221088171005249)]"
387,6_new,41,252,margin_failed margin=0.017<0.03,0.8526,"[371.2, 504.9, 394.9, 562.3]",,,,,0.7472,0.7272,0.0172,1.0,,81,1,60,"[(41, 0.7472315430641174), (103, 0.7300742864608765), (89, 0.7250795364379883), (30, 0.7226495742797852), (10, 0.7214844822883606)]"
387,6_revive,103,103,revived,0.794,"[287.9, 502.5, 308.8, 555.9]",,,,,0.8304,0.65,0.0465,1.0,0.8304,81,1,127,"[(103, 0.8303765058517456), (64, 0.7838543653488159), (124, 0.7720686793327332), (8, 0.7717779874801636), (130, 0.7710474729537964)]"
387,6_revive,205,205,revived,0.7653,"[681.1, 494.8, 721.6, 607.5]",,,,,0.8059,0.75,0.073,1.0,0.8059,81,1,21,"[(205, 0.8058560490608215), (68, 0.7328985929489136), (110, 0.7210301160812378), (13, 0.7209247946739197), (72, 0.7075742483139038)]"
387,6_revive,169,169,revived,0.733,"[1683.5, 559.6, 1788.8, 856.6]",,,,,0.9017,0.75,0.2602,1.0,0.9017,81,1,65,"[(169, 0.9016902446746826), (1, 0.6414858102798462), (172, 0.6365993022918701), (23, 0.5964972376823425), (170, 0.5846719741821289)]"
388,6_revive,104,104,revived,0.8921,"[571.1, 498.5, 609.5, 596.4]",,,,,0.7327,0.65,0.081,1.0,0.7327,81,1,162,"[(104, 0.7327385544776917), (191, 0.6517311930656433), (168, 0.645520806312561), (41, 0.6353672742843628), (14, 0.6288321614265442)]"
388,6_revive,103,103,revived,0.8129,"[307.1, 506.6, 329.7, 561.9]",,,,,0.8139,0.65,0.0431,1.0,0.8139,81,1,128,"[(103, 0.8139398694038391), (8, 0.7708544135093689), (12, 0.7694534659385681), (130, 0.764101505279541), (34, 0.7574361562728882)]"
388,6_revive,169,169,revived,0.772,"[1730.7, 556.5, 1836.0, 861.3]",,,,,0.889,0.75,0.2728,1.0,0.889,81,1,67,"[(169, 0.8890183568000793), (172, 0.6161772012710571), (1, 0.6156634092330933), (170, 0.5770149230957031), (23, 0.5670732259750366)]"
388,6_new,13,253,margin_failed margin=0.011<0.03,0.7616,"[138.0, 500.9, 161.6, 562.3]",,,,,0.8201,0.744,0.0112,1.0,,81,1,30,"[(13, 0.8200747966766357), (37, 0.8089078664779663), (103, 0.7970661520957947), (34, 0.7956868410110474), (41, 0.7955067157745361)]"
388,6_new,41,254,gate_failed sim=0.722<theta=0.727,0.7504,"[389.8, 510.0, 412.8, 566.0]",,,,,0.7217,0.7272,0.0282,1.0,,81,1,60,"[(41, 0.7217297554016113), (64, 0.693480908870697), (30, 0.6917471885681152), (10, 0.6881798505783081), (16, 0.6813781261444092)]"
389,6_revive,104,104,revived,0.88,"[590.6, 494.4, 628.4, 595.0]",,,,,0.7936,0.65,0.1262,1.0,0.7936,81,2,163,"[(104, 0.7935836315155029), (168, 0.6673904657363892), (41, 0.6630629897117615), (191, 0.6565597057342529), (47, 0.6476262211799622)]"
389,6_revive,103,103,revived,0.8185,"[328.2, 506.3, 348.6, 558.2]",,,,,0.8266,0.65,0.0494,1.0,0.8266,81,2,129,"[(103, 0.826573371887207), (34, 0.7771832346916199), (130, 0.774517834186554), (119, 0.7669440507888794), (8, 0.7657906413078308)]"
389,6_revive,169,169,revived,0.746,"[1778.0, 554.2, 1877.9, 863.3]",,,,,0.8772,0.75,0.2548,1.0,0.8772,81,2,69,"[(169, 0.8771975636482239), (172, 0.6224221587181091), (1, 0.5999637842178345), (23, 0.5951486825942993), (170, 0.587890625)]"
389,6_revive,41,41,revived,0.7228,"[409.7, 507.3, 432.7, 564.0]",,,,,0.752,0.7272,0.036,1.0,0.752,81,2,60,"[(41, 0.7520273327827454), (8, 0.7159923911094666), (64, 0.7001736164093018), (7, 0.6990656852722168), (92, 0.6966736912727356)]"
390,3,174,174,re_activate_from_lost,0.6409,"[1127.9, 506.9, 1210.3, 700.7]","[1129.8, 508.1, 1207.4, 700.0]",0.1346,0.8654,0.0623,,,,,,81,4,18,
390,6_revive,104,104,revived,0.8905,"[610.5, 491.7, 648.3, 593.7]",,,,,0.8047,0.65,0.1161,1.0,0.8047,81,4,164,"[(104, 0.8047215342521667), (41, 0.6885765790939331), (191, 0.6828303337097168), (168, 0.6810860633850098), (72, 0.6707663536071777)]"
390,6_revive,169,169,revived,0.8261,"[1825.2, 550.1, 1922.4, 867.4]",,,,,0.8957,0.75,0.2687,1.0,0.8957,81,4,71,"[(169, 0.8956900238990784), (1, 0.6270289421081543), (23, 0.5944134593009949), (172, 0.5932356119155884), (170, 0.5888378620147705)]"
390,6_revive,103,103,revived,0.8173,"[349.0, 505.6, 370.6, 558.9]",,,,,0.8105,0.65,0.0373,1.0,0.8105,81,4,130,"[(103, 0.8105090260505676), (119, 0.7732042074203491), (10, 0.7512123584747314), (34, 0.7423257827758789), (68, 0.7419755458831787)]"
390,6_new,41,255,gate_failed sim=0.723<theta=0.727,0.811,"[429.6, 505.6, 454.6, 563.0]",,,,,0.7227,0.7272,0.0113,1.0,,81,4,61,"[(41, 0.7226759195327759), (10, 0.7114148736000061), (103, 0.7091423273086548), (8, 0.7077445983886719), (89, 0.7035894989967346)]"
390,6_new,37,256,margin_failed margin=0.011<0.03,0.7812,"[179.6, 499.8, 203.9, 559.9]",,,,,0.801,0.7039,0.0111,1.0,,81,4,28,"[(37, 0.8009912967681885), (41, 0.7898504734039307), (47, 0.7889211773872375), (119, 0.7872828245162964), (13, 0.7850565910339355)]"
391,5,103,103,unconfirmed_update,0.5877,"[345.9, 505.9, 367.5, 569.4]","[344.9, 505.8, 369.8, 567.3]",0.3608,0.6392,,,,,,,,3,,
391,6_revive,104,104,revived,0.8922,"[630.5, 494.4, 668.2, 596.4]",,,,,0.7653,0.65,0.0968,1.0,0.7653,81,3,165,"[(104, 0.7652758955955505), (168, 0.6684444546699524), (191, 0.6683529615402222), (41, 0.6392143964767456), (205, 0.6376562714576721)]"
391,6_new,41,257,margin_failed margin=0.009<0.03,0.8864,"[446.9, 507.6, 470.5, 567.7]",,,,,0.7852,0.7272,0.009,1.0,,81,3,61,"[(41, 0.7852486371994019), (103, 0.7762609720230103), (64, 0.7693449258804321), (16, 0.7647518515586853), (124, 0.7582030296325684)]"
391,6_new,37,258,margin_failed margin=0.003<0.03,0.8095,"[199.8, 502.2, 226.5, 565.7]",,,,,0.8129,0.7039,0.0029,1.0,,81,3,28,"[(37, 0.8128840923309326), (68, 0.8100146055221558), (124, 0.7920536994934082), (13, 0.790349006652832), (103, 0.7872040271759033)]"
391,6_new,41,259,margin_failed margin=0.010<0.03,0.7901,"[319.3, 507.3, 341.6, 566.0]",,,,,0.7959,0.7272,0.0099,1.0,,81,3,61,"[(41, 0.7958892583847046), (130, 0.7860195636749268), (119, 0.7760828733444214), (47, 0.7707446813583374), (8, 0.7514039874076843)]"
391,6_new,130,260,margin_failed margin=0.005<0.03,0.7514,"[366.2, 507.6, 388.5, 564.3]",,,,,0.7927,0.75,0.0045,1.0,,81,3,24,"[(130, 0.7927020788192749), (103, 0.7881695032119751), (12, 0.7449118494987488), (124, 0.7325481176376343), (34, 0.7260898351669312)]"
391,6_new,205,261,margin_failed margin=0.013<0.03,0.6869,"[766.1, 495.5, 806.6, 610.2]",,,,,0.791,0.75,0.0128,1.0,,81,3,26,"[(205, 0.7910139560699463), (68, 0.778256356716156), (47, 0.7340242862701416), (7, 0.7292190194129944), (110, 0.7276239395141602)]"
392,5,259,259,unconfirmed_update,0.7067,"[317.2, 500.5, 336.8, 556.5]","[317.0, 501.9, 338.4, 558.4]",0.4385,0.5615,,,,,,,,2,,
392,6_revive,104,104,revived,0.8909,"[651.0, 487.7, 690.2, 591.6]",,,,,0.7648,0.65,0.0876,1.0,0.7648,81,2,166,"[(104, 0.7648107409477234), (168, 0.6771968603134155), (191, 0.6691640019416809), (205, 0.6621719598770142), (41, 0.6430861949920654)]"
392,6_new,41,262,margin_failed margin=0.016<0.03,0.85,"[467.1, 502.5, 490.1, 559.9]",,,,,0.7754,0.7272,0.0163,1.0,,81,2,61,"[(41, 0.7754091620445251), (103, 0.759139895439148), (124, 0.7457698583602905), (64, 0.7454384565353394), (25, 0.7276570796966553)]"
392,6_new,68,263,margin_failed margin=0.002<0.03,0.8053,"[222.9, 503.2, 248.2, 556.5]",,,,,0.7874,0.708,0.0017,1.0,,81,2,148,"[(68, 0.7874271869659424), (37, 0.7857764959335327), (47, 0.7766321897506714), (124, 0.7643479108810425), (12, 0.7572157382965088)]"
392,6_new,103,264,margin_failed margin=0.029<0.03,0.7351,"[387.1, 501.9, 408.7, 555.9]",,,,,0.8514,0.65,0.0288,1.0,,81,2,132,"[(103, 0.8514255285263062), (130, 0.8225808143615723), (119, 0.808915376663208), (12, 0.8011114597320557), (34, 0.7933574914932251)]"
392,6_new,41,265,margin_failed margin=0.005<0.03,0.7335,"[340.5, 498.8, 362.8, 560.2]",,,,,0.8298,0.7272,0.0055,1.0,,81,2,61,"[(41, 0.8297951221466064), (47, 0.8243201971054077), (130, 0.792590320110321), (8, 0.7890520691871643), (103, 0.7843933701515198)]"
392,6_revive,18,18,revived,0.7309,"[949.7, 520.1, 994.3, 643.6]",,,,,0.8512,0.6723,0.0643,1.0,0.8512,81,2,69,"[(18, 0.851249098777771), (19, 0.7869129180908203), (64, 0.774679958820343), (16, 0.7518550753593445), (105, 0.7441643476486206)]"
393,6_revive,104,104,revived,0.8989,"[670.6, 491.7, 708.1, 593.7]",,,,,0.757,0.65,0.0925,1.0,0.757,81,3,167,"[(104, 0.757012128829956), (191, 0.6645243167877197), (168, 0.66259765625), (41, 0.6484062671661377), (205, 0.6431700587272644)]"
393,6_revive,103,103,revived,0.8293,"[405.7, 506.9, 426.6, 560.9]",,,,,0.773,0.65,0.0328,1.0,0.773,81,3,133,"[(103, 0.7729774713516235), (8, 0.740174412727356), (12, 0.7264633178710938), (10, 0.7252146601676941), (16, 0.718492865562439)]"
393,6_new,119,266,margin_failed margin=0.010<0.03,0.8224,"[243.2, 508.3, 268.1, 563.6]",,,,,0.8197,0.75,0.0095,1.0,,81,3,13,"[(119, 0.8197349309921265), (41, 0.8102267980575562), (37, 0.8027687072753906), (13, 0.7982500195503235), (33, 0.7896062135696411)]"
393,6_new,8,267,margin_failed margin=0.007<0.03,0.7825,"[484.7, 504.9, 506.9, 564.3]",,,,,0.7744,0.7273,0.0067,1.0,,81,3,38,"[(8, 0.7743842005729675), (41, 0.767656683921814), (103, 0.7618656158447266), (64, 0.7551725506782532), (16, 0.7491471767425537)]"
393,6_new,174,268,margin_failed margin=0.010<0.03,0.7418,"[1246.7, 500.9, 1322.3, 709.4]",,,,,0.8382,0.75,0.0098,1.0,,81,3,22,"[(174, 0.8381962776184082), (176, 0.8284415006637573), (3, 0.6577285528182983), (111, 0.653657078742981), (10, 0.6484764218330383)]"
393,6_new,237,269,margin_failed margin=0.003<0.03,0.7402,"[704.7, 488.0, 737.1, 595.4]",,,,,0.7588,0.75,0.0033,1.0,,81,3,12,"[(237, 0.7588289380073547), (205, 0.7555049061775208), (68, 0.744666576385498), (168, 0.7437610030174255), (110, 0.7437455654144287)]"
393,6_new,41,270,margin_failed margin=0.016<0.03,0.6915,"[358.4, 506.6, 380.0, 563.3]",,,,,0.7666,0.7272,0.0163,1.0,,81,3,61,"[(41, 0.7665629386901855), (34, 0.7502643465995789), (103, 0.7482026219367981), (130, 0.7402072548866272), (57, 0.7345061898231506)]"
394,3,259,259,re_activate_from_lost,0.7169,"[355.7, 498.2, 373.3, 551.5]","[354.5, 498.2, 374.7, 551.8]",0.2413,0.7587,0.4561,,,,,,81,4,0,
394,5,269,269,unconfirmed_update,0.8571,"[690.5, 485.0, 731.0, 589.6]","[696.9, 485.6, 728.7, 590.8]",0.4694,0.5306,,,,,,,,4,,
394,6_new,119,271,margin_failed margin=0.004<0.03,0.8398,"[262.1, 494.4, 290.1, 553.2]",,,,,0.809,0.75,0.0042,1.0,,81,4,13,"[(119, 0.809013843536377), (41, 0.804837703704834), (37, 0.8046480417251587), (103, 0.8031232357025146), (13, 0.7981475591659546)]"
394,6_new,103,272,margin_failed margin=0.001<0.03,0.8231,"[426.6, 501.2, 447.5, 553.2]",,,,,0.7584,0.65,0.0013,1.0,,81,4,135,"[(103, 0.7583595514297485), (8, 0.7570380568504333), (16, 0.7529839873313904), (120, 0.7484118938446045), (64, 0.7407997846603394)]"
394,6_new,64,273,margin_failed margin=0.014<0.03,0.7931,"[505.2, 498.2, 526.8, 556.2]",,,,,0.7581,0.7258,0.0139,1.0,,81,4,60,"[(64, 0.7580722570419312), (103, 0.7441424131393433), (13, 0.7368327975273132), (16, 0.7342436909675598), (41, 0.7338413000106812)]"
395,6_new,8,274,margin_failed margin=0.001<0.03,0.8135,"[521.1, 504.6, 543.4, 563.3]",,,,,0.7654,0.7273,0.0008,1.0,,81,4,38,"[(8, 0.7653583288192749), (64, 0.7645140886306763), (103, 0.756898045539856), (16, 0.7539503574371338), (41, 0.7536237239837646)]"
395,6_new,119,275,margin_failed margin=0.009<0.03,0.7976,"[280.8, 501.5, 307.5, 561.6]",,,,,0.8122,0.75,0.0088,1.0,,81,4,13,"[(119, 0.8121885657310486), (41, 0.8033461570739746), (103, 0.80156409740448), (47, 0.7882044315338135), (124, 0.7871735692024231)]"
396,6_new,124,276,margin_failed margin=0.004<0.03,0.7482,"[300.5, 496.5, 328.6, 553.8]",,,,,0.8224,0.7429,0.0039,1.0,,81,5,37,"[(124, 0.8224017024040222), (41, 0.8184740543365479), (37, 0.8135788440704346), (103, 0.8097838163375854), (119, 0.7939983606338501)]"
396,6_new,103,277,margin_failed margin=0.021<0.03,0.7119,"[463.1, 499.2, 484.7, 554.5]",,,,,0.7826,0.65,0.0213,1.0,,81,5,137,"[(103, 0.7825629711151123), (8, 0.7612267732620239), (119, 0.752281129360199), (12, 0.7435492277145386), (92, 0.7393187284469604)]"
397,6_new,103,278,margin_failed margin=0.005<0.03,0.8242,"[555.5, 502.2, 577.8, 559.6]",,,,,0.7232,0.65,0.005,1.0,,81,5,138,"[(103, 0.723156213760376), (41, 0.7181344032287598), (10, 0.7068629264831543), (8, 0.6994298100471497), (128, 0.6949962973594666)]"
397,6_new,103,279,margin_failed margin=0.025<0.03,0.8018,"[480.3, 503.6, 500.5, 556.9]",,,,,0.7855,0.65,0.0254,1.0,,81,5,138,"[(103, 0.78547203540802), (8, 0.7600713968276978), (119, 0.7559381723403931), (12, 0.7380920052528381), (30, 0.7248308658599854)]"
397,6_new,41,280,margin_failed margin=0.022<0.03,0.7709,"[320.1, 502.2, 345.1, 556.9]",,,,,0.8367,0.7272,0.022,1.0,,81,5,61,"[(41, 0.8367445468902588), (47, 0.8147441148757935), (103, 0.7952941656112671), (37, 0.7910544276237488), (130, 0.7841558456420898)]"
397,6_new,41,281,margin_failed margin=0.023<0.03,0.6882,"[779.0, 483.3, 812.7, 595.4]",,,,,0.7891,0.7272,0.023,1.0,,81,5,61,"[(41, 0.789061427116394), (109, 0.7660475969314575), (64, 0.7582345008850098), (110, 0.7575652599334717), (13, 0.7562495470046997)]"
398,6_new,41,282,margin_failed margin=0.009<0.03,0.8631,"[339.9, 500.2, 363.5, 554.9]",,,,,0.8395,0.7272,0.0095,1.0,,81,5,61,"[(41, 0.8395061492919922), (47, 0.8300433158874512), (103, 0.8224917650222778), (37, 0.8156660795211792), (124, 0.8051924705505371)]"
398,6_new,103,283,margin_failed margin=0.009<0.03,0.7944,"[572.7, 500.9, 596.4, 558.2]",,,,,0.7345,0.65,0.0092,1.0,,81,5,139,"[(103, 0.7344750165939331), (18, 0.7253082990646362), (64, 0.7223533391952515), (8, 0.7137221097946167), (16, 0.7094831466674805)]"
398,6_new,41,284,gate_failed sim=0.720<theta=0.727,0.7755,"[988.2, 503.6, 1031.4, 626.4]",,,,,0.7198,0.7272,0.0351,1.0,,81,5,61,"[(41, 0.7197701334953308), (14, 0.6846240162849426), (110, 0.6712741851806641), (7, 0.6709364056587219), (105, 0.6685219407081604)]"
398,6_revive,18,18,revived,0.7464,"[1082.0, 520.8, 1126.6, 651.0]",,,,,0.841,0.6723,0.0712,1.0,0.841,81,5,70,"[(18, 0.8409792184829712), (19, 0.7697616815567017), (105, 0.7346859574317932), (183, 0.7213359475135803), (7, 0.7211241126060486)]"
398,6_revive,205,205,revived,0.7428,"[903.2, 493.1, 939.6, 609.2]",,,,,0.8274,0.75,0.0543,1.0,0.8274,81,5,33,"[(205, 0.827404260635376), (47, 0.7730880975723267), (68, 0.7597740888595581), (41, 0.7362618446350098), (105, 0.7353428602218628)]"
398,6_new,103,285,margin_failed margin=0.020<0.03,0.7147,"[496.5, 500.9, 517.4, 554.2]",,,,,0.7326,0.65,0.0198,1.0,,81,5,139,"[(103, 0.7326008677482605), (119, 0.71275794506073), (12, 0.7089763879776001), (130, 0.6951611042022705), (92, 0.6944693326950073)]"
399,5,284,284,unconfirmed_update,0.73,"[982.8, 490.1, 1026.0, 624.4]","[982.3, 492.8, 1028.7, 624.8]",0.3019,0.6981,,,,,,,,6,,
399,6_revive,18,18,revived,0.8342,"[1104.3, 526.5, 1150.2, 656.8]",,,,,0.8158,0.6723,0.0545,1.0,0.8158,82,6,71,"[(18, 0.815799355506897), (183, 0.7613438963890076), (79, 0.7475053071975708), (16, 0.7463200092315674), (105, 0.7394580841064453)]"
399,6_new,41,286,margin_failed margin=0.027<0.03,0.8241,"[1008.5, 506.6, 1051.7, 628.8]",,,,,0.7338,0.7272,0.0266,1.0,,82,6,61,"[(41, 0.7338398694992065), (14, 0.7072159051895142), (105, 0.6930996775627136), (7, 0.6908613443374634), (6, 0.6813015937805176)]"
399,6_new,103,287,margin_failed margin=0.026<0.03,0.7958,"[514.0, 501.5, 534.9, 555.5]",,,,,0.7927,0.65,0.0265,1.0,,82,6,140,"[(103, 0.792681097984314), (119, 0.7661914825439453), (8, 0.7635114789009094), (10, 0.7422465085983276), (130, 0.741661012172699)]"
399,6_new,47,288,margin_failed margin=0.003<0.03,0.7749,"[358.8, 497.5, 382.4, 556.2]",,,,,0.8137,0.75,0.0032,1.0,,82,6,17,"[(47, 0.8136991262435913), (41, 0.8105376362800598), (130, 0.782259464263916), (124, 0.7785050272941589), (103, 0.7747522592544556)]"
399,6_new,103,289,margin_failed margin=0.007<0.03,0.7735,"[590.0, 502.2, 611.6, 559.6]",,,,,0.7583,0.65,0.0069,1.0,,82,6,140,"[(103, 0.7583176493644714), (8, 0.7514247894287109), (41, 0.7432507872581482), (64, 0.731454610824585), (16, 0.7214441299438477)]"
400,6_new,41,290,gate_failed sim=0.692<theta=0.727,0.8395,"[1029.4, 507.6, 1071.2, 631.8]",,,,,0.6921,0.7272,0.0079,1.0,,82,6,61,"[(41, 0.692110538482666), (14, 0.6842058897018433), (105, 0.6734062433242798), (30, 0.6646583080291748), (7, 0.6641042232513428)]"
400,6_revive,18,18,revived,0.8243,"[1126.6, 529.5, 1171.1, 659.8]",,,,,0.8252,0.6723,0.0776,1.0,0.8252,82,6,72,"[(18, 0.825215220451355), (105, 0.7476216554641724), (79, 0.7282508611679077), (19, 0.723745584487915), (16, 0.7148903608322144)]"
400,6_new,47,291,margin_failed margin=0.012<0.03,0.7349,"[376.3, 496.5, 399.3, 555.2]",,,,,0.7957,0.75,0.0117,1.0,,82,6,17,"[(47, 0.7956730723381042), (12, 0.7839498519897461), (41, 0.7786710262298584), (124, 0.7749218940734863), (130, 0.7716217637062073)]"
400,6_new,205,292,margin_failed margin=0.029<0.03,0.7272,"[941.6, 494.8, 980.8, 614.2]",,,,,0.8046,0.75,0.0295,1.0,,82,6,36,"[(205, 0.8046433329582214), (47, 0.7751918435096741), (110, 0.7639386653900146), (68, 0.7317339181900024), (41, 0.7260262966156006)]"
401,3,259,259,re_activate_from_lost,0.7007,"[472.2, 495.5, 491.7, 555.5]","[470.8, 495.5, 493.1, 555.4]",0.1564,0.8436,0.4089,,,,,,82,6,1,
401,6_new,105,293,margin_failed margin=0.008<0.03,0.8512,"[1050.3, 511.7, 1090.8, 633.2]",,,,,0.6876,0.65,0.0077,1.0,,82,6,109,"[(105, 0.6875830888748169), (41, 0.6798877716064453), (14, 0.6725196838378906), (7, 0.660615861415863), (89, 0.654350757598877)]"
401,6_new,110,294,margin_failed margin=0.001<0.03,0.807,"[959.9, 491.7, 1003.1, 615.3]",,,,,0.7505,0.7201,0.0006,1.0,,82,6,126,"[(110, 0.7504804730415344), (205, 0.749910831451416), (47, 0.691558837890625), (107, 0.6898888349533081), (105, 0.6796953678131104)]"
401,6_revive,103,103,revived,0.8056,"[620.7, 500.9, 642.9, 557.5]",,,,,0.7695,0.65,0.0352,1.0,0.7695,82,6,142,"[(103, 0.769496738910675), (64, 0.7342959642410278), (128, 0.7292088270187378), (41, 0.7253608703613281), (8, 0.7238353490829468)]"
401,6_revive,18,18,revived,0.787,"[1148.2, 531.9, 1194.1, 661.5]",,,,,0.8211,0.6723,0.0704,1.0,0.8211,82,6,73,"[(18, 0.8211035132408142), (105, 0.7507532835006714), (183, 0.7467625737190247), (79, 0.7352632284164429), (19, 0.7321552038192749)]"
401,6_new,130,295,margin_failed margin=0.002<0.03,0.7828,"[393.9, 498.5, 413.4, 551.1]",,,,,0.7873,0.75,0.0018,1.0,,82,6,24,"[(130, 0.7872582674026489), (103, 0.7855061292648315), (68, 0.7709718346595764), (41, 0.770863950252533), (37, 0.7690954208374023)]"
401,6_new,130,296,margin_failed margin=0.029<0.03,0.751,"[1106.3, 485.0, 1134.7, 591.0]",,,,,0.7725,0.75,0.0293,1.0,,82,6,24,"[(130, 0.7724854350090027), (68, 0.7432198524475098), (103, 0.7312896251678467), (12, 0.7271355986595154), (41, 0.7227987051010132)]"
401,6_new,33,297,gate_failed sim=0.737<theta=0.750,0.7461,"[308.1, 500.9, 342.6, 556.9]",,,,,0.7367,0.75,0.0047,1.0,,82,6,23,"[(33, 0.7366982698440552), (41, 0.7319768071174622), (106, 0.7176991701126099), (109, 0.7030662298202515), (103, 0.6975390911102295)]"
401,6_new,205,298,margin_failed margin=0.006<0.03,0.7307,"[851.9, 483.6, 884.2, 596.4]",,,,,0.7559,0.75,0.006,1.0,,82,6,37,"[(205, 0.7559056282043457), (64, 0.749859094619751), (168, 0.742842435836792), (16, 0.7426477074623108), (47, 0.7406306266784668)]"
401,6_new,103,299,margin_failed margin=0.025<0.03,0.6874,"[547.4, 501.5, 566.3, 554.2]",,,,,0.7582,0.65,0.0254,1.0,,82,6,143,"[(103, 0.7581740617752075), (30, 0.7327637672424316), (119, 0.7110692858695984), (124, 0.7085158824920654), (34, 0.7083867788314819)]"
402,6_revive,18,18,revived,0.8478,"[1169.8, 534.3, 1214.3, 669.3]",,,,,0.8402,0.6723,0.1001,1.0,0.8402,82,5,74,"[(18, 0.8402063250541687), (19, 0.7401282787322998), (105, 0.7350420951843262), (79, 0.731153666973114), (183, 0.7187614440917969)]"
402,6_new,105,300,margin_failed margin=0.005<0.03,0.8351,"[1071.2, 516.4, 1110.4, 637.2]",,,,,0.6793,0.65,0.0053,1.0,,82,5,109,"[(105, 0.6792619228363037), (212, 0.6739424467086792), (41, 0.6698094010353088), (14, 0.6652967929840088), (110, 0.6487423181533813)]"
402,6_new,130,301,gate_failed sim=0.749<theta=0.750,0.8182,"[1125.2, 488.0, 1154.9, 593.3]",,,,,0.7489,0.75,0.0739,1.0,,82,5,24,"[(130, 0.748889684677124), (18, 0.6749869585037231), (103, 0.6745328307151794), (41, 0.6728955507278442), (105, 0.6705046892166138)]"
402,6_new,110,302,margin_failed margin=0.009<0.03,0.7803,"[980.1, 492.8, 1020.6, 619.7]",,,,,0.7464,0.7201,0.0087,1.0,,82,5,126,"[(110, 0.7463879585266113), (205, 0.7376400232315063), (47, 0.7227280735969543), (107, 0.7038424611091614), (12, 0.7025150060653687)]"
402,6_new,103,303,margin_failed margin=0.008<0.03,0.7393,"[634.8, 499.8, 659.8, 560.6]",,,,,0.7349,0.65,0.0081,1.0,,82,5,144,"[(103, 0.7349153757095337), (12, 0.7267977595329285), (105, 0.7189780473709106), (124, 0.7154155969619751), (41, 0.7139787673950195)]"
402,6_new,7,304,margin_failed margin=0.008<0.03,0.7203,"[347.0, 496.8, 376.0, 556.2]",,,,,0.7932,0.65,0.0081,1.0,,82,5,118,"[(7, 0.7932285070419312), (33, 0.7850879430770874), (41, 0.7803559899330139), (68, 0.7770770788192749), (64, 0.7710096836090088)]"
402,6_new,103,305,margin_failed margin=0.011<0.03,0.7146,"[411.4, 498.8, 433.0, 554.2]",,,,,0.812,0.65,0.0106,1.0,,82,5,144,"[(103, 0.81202232837677), (130, 0.8014158010482788), (41, 0.797230064868927), (119, 0.7850834131240845), (47, 0.7850591540336609)]"
402,6_new,33,306,gate_failed sim=0.746<theta=0.750,0.7131,"[326.5, 501.2, 354.4, 554.5]",,,,,0.7456,0.75,0.0267,1.0,,82,5,23,"[(33, 0.7455779314041138), (41, 0.7188334465026855), (109, 0.6954377889633179), (103, 0.6952698826789856), (47, 0.694769024848938)]"
403,5,302,302,unconfirmed_update,0.8016,"[993.6, 495.5, 1035.5, 621.0]","[991.6, 494.9, 1031.8, 620.7]",0.5237,0.4763,,,,,,,,6,,
403,6_new,103,307,margin_failed margin=0.010<0.03,0.8598,"[426.9, 501.5, 448.5, 554.2]",,,,,0.8184,0.65,0.01,1.0,,82,6,145,"[(103, 0.8184131383895874), (130, 0.8084428906440735), (124, 0.7913723587989807), (12, 0.7911491990089417), (47, 0.7796759605407715)]"
403,6_new,105,308,margin_failed margin=0.026<0.03,0.8171,"[1088.8, 516.0, 1130.6, 640.2]",,,,,0.6936,0.65,0.026,1.0,,82,6,109,"[(105, 0.693579912185669), (41, 0.6676065921783447), (212, 0.6620149612426758), (7, 0.659522533416748), (14, 0.6548784971237183)]"
403,6_revive,18,18,revived,0.8101,"[1188.7, 533.9, 1238.6, 667.6]",,,,,0.8407,0.6723,0.0778,1.0,0.8407,82,6,75,"[(18, 0.8407189846038818), (19, 0.7628813982009888), (105, 0.746168851852417), (79, 0.7350724935531616), (16, 0.7224001884460449)]"
403,6_new,130,309,gate_failed sim=0.706<theta=0.750,0.7995,"[1142.8, 487.4, 1171.1, 593.3]",,,,,0.7064,0.75,0.005,1.0,,82,6,24,"[(130, 0.7063823342323303), (105, 0.701366662979126), (30, 0.6945809125900269), (18, 0.6894017457962036), (4, 0.6866776347160339)]"
403,6_new,103,310,margin_failed margin=0.014<0.03,0.7289,"[652.4, 503.2, 674.0, 559.9]",,,,,0.7473,0.65,0.0143,1.0,,82,6,145,"[(103, 0.7472795248031616), (41, 0.7329505681991577), (8, 0.7278776168823242), (64, 0.716604471206665), (16, 0.7081217765808105)]"
403,6_revive,33,33,revived,0.7074,"[360.8, 498.5, 392.5, 556.5]",,,,,0.8159,0.75,0.0417,1.0,0.8159,82,6,23,"[(33, 0.8158734440803528), (41, 0.7742137908935547), (106, 0.7720096111297607), (68, 0.7643386721611023), (64, 0.7598450183868408)]"
403,6_new,103,311,margin_failed margin=0.015<0.03,0.706,"[579.2, 502.2, 599.4, 554.9]",,,,,0.7885,0.65,0.0155,1.0,,82,6,145,"[(103, 0.7884527444839478), (119, 0.772978663444519), (8, 0.7605609893798828), (10, 0.746139407157898), (30, 0.736383318901062)]"
403,6_new,47,312,gate_failed sim=0.730<theta=0.750,0.6829,"[887.6, 489.4, 918.7, 596.0]",,,,,0.7302,0.75,0.0042,1.0,,82,6,17,"[(47, 0.7302091121673584), (168, 0.7260264158248901), (205, 0.7213163375854492), (41, 0.718403697013855), (184, 0.7146860957145691)]"
404,5,18,18,unconfirmed_update,0.8044,"[1208.2, 538.3, 1260.9, 674.0]","[1205.1, 537.4, 1255.7, 672.7]",0.6031,0.3969,,,,,,,,6,,
404,6_new,103,313,margin_failed margin=0.011<0.03,0.8253,"[665.6, 502.5, 688.5, 559.9]",,,,,0.7406,0.65,0.0106,1.0,,83,6,146,"[(103, 0.7405620217323303), (8, 0.7299284934997559), (64, 0.7115988731384277), (16, 0.7042471170425415), (105, 0.7027049660682678)]"
404,6_revive,103,103,revived,0.8102,"[442.5, 497.8, 468.1, 553.2]",,,,,0.8686,0.65,0.04,1.0,0.8686,83,6,146,"[(103, 0.8686460852622986), (130, 0.828606128692627), (41, 0.8072459101676941), (34, 0.8031195402145386), (124, 0.7992610931396484)]"
404,6_new,33,314,margin_failed margin=0.012<0.03,0.7648,"[375.3, 495.1, 409.7, 556.5]",,,,,0.7703,0.75,0.0124,1.0,,83,6,24,"[(33, 0.77032870054245), (41, 0.7578797340393066), (68, 0.7497003674507141), (109, 0.7473202347755432), (64, 0.7445787191390991)]"
404,6_new,130,315,gate_failed sim=0.739<theta=0.750,0.7595,"[1161.7, 491.1, 1190.0, 603.8]",,,,,0.7386,0.75,0.003,1.0,,83,6,24,"[(130, 0.7385910153388977), (68, 0.7356172800064087), (79, 0.7205390334129333), (12, 0.713280439376831), (92, 0.7052649259567261)]"
404,6_revive,284,284,revived,0.7447,"[1105.7, 515.7, 1150.2, 641.9]",,,,,0.786,0.75,0.089,1.0,0.786,83,6,5,"[(284, 0.7859625816345215), (105, 0.6969947814941406), (7, 0.6796367168426514), (41, 0.6760731935501099), (212, 0.6737656593322754)]"
404,6_new,205,316,margin_failed margin=0.008<0.03,0.7419,"[903.2, 488.7, 936.9, 602.1]",,,,,0.7614,0.75,0.0083,1.0,,83,6,40,"[(205, 0.7614114880561829), (168, 0.7530818581581116), (121, 0.7305378317832947), (47, 0.7206070423126221), (68, 0.7187908291816711)]"
405,3,259,259,re_activate_from_lost,0.5959,"[532.9, 501.9, 549.8, 557.2]","[531.2, 501.2, 551.6, 557.1]",0.3333,0.6667,0.6027,,,,,,83,6,2,
405,5,314,314,unconfirmed_update,0.6263,"[373.6, 501.5, 404.0, 556.2]","[373.8, 500.2, 405.2, 556.3]",0.2893,0.7107,,,,,,,,6,,
405,6_new,68,317,gate_failed sim=0.672<theta=0.708,0.8626,"[1179.2, 491.7, 1206.2, 604.5]",,,,,0.672,0.708,0.0095,1.0,,83,6,148,"[(68, 0.6720295548439026), (92, 0.6625403761863708), (7, 0.6621302366256714), (4, 0.6611753702163696), (79, 0.658910870552063)]"
405,6_revive,103,103,revived,0.8508,"[457.7, 500.2, 486.0, 554.2]",,,,,0.8294,0.65,0.0322,1.0,0.8294,83,6,148,"[(103, 0.8293741941452026), (130, 0.7971756458282471), (34, 0.7683014273643494), (124, 0.767924427986145), (12, 0.7642951011657715)]"
405,6_revive,284,284,revived,0.8013,"[1126.6, 521.4, 1172.5, 644.3]",,,,,0.786,0.75,0.1047,1.0,0.786,83,6,7,"[(284, 0.7860024571418762), (212, 0.6813468933105469), (105, 0.6658828258514404), (7, 0.6474959850311279), (41, 0.6466310024261475)]"
405,6_new,205,318,margin_failed margin=0.005<0.03,0.8002,"[918.0, 490.4, 953.1, 603.1]",,,,,0.7703,0.75,0.0052,1.0,,83,6,41,"[(205, 0.7703341245651245), (168, 0.765090823173523), (47, 0.7538707256317139), (110, 0.7522776126861572), (104, 0.747692346572876)]"
405,6_new,103,319,margin_failed margin=0.028<0.03,0.7924,"[609.2, 502.9, 630.8, 556.9]",,,,,0.7501,0.65,0.0276,1.0,,83,6,149,"[(103, 0.7500710487365723), (10, 0.722428560256958), (64, 0.7116984724998474), (65, 0.7101142406463623), (8, 0.7085860967636108)]"
405,6_new,103,320,margin_failed margin=0.029<0.03,0.7317,"[680.4, 503.6, 704.7, 562.3]",,,,,0.7813,0.65,0.0289,1.0,,83,6,149,"[(103, 0.7812978029251099), (8, 0.7523736953735352), (64, 0.7488198280334473), (105, 0.7370134592056274), (16, 0.7329803705215454)]"
405,6_new,33,321,margin_failed margin=0.023<0.03,0.684,"[391.8, 496.1, 424.9, 556.9]",,,,,0.7674,0.75,0.0227,1.0,,83,6,24,"[(33, 0.7674096822738647), (109, 0.7446616291999817), (68, 0.7394322156906128), (41, 0.7369376420974731), (103, 0.7280209064483643)]"
406,6_revive,284,284,revived,0.8692,"[1145.5, 521.1, 1188.7, 646.0]",,,,,0.8126,0.75,0.162,1.0,0.8126,83,5,9,"[(284, 0.8126153349876404), (212, 0.6505832076072693), (105, 0.6433960199356079), (7, 0.626021146774292), (41, 0.6178693771362305)]"
406,6_new,130,322,gate_failed sim=0.696<theta=0.750,0.8386,"[1196.8, 492.1, 1223.8, 605.5]",,,,,0.6963,0.75,0.0266,1.0,,83,5,24,"[(130, 0.696319580078125), (41, 0.6697003245353699), (12, 0.6542626023292542), (18, 0.6527366042137146), (105, 0.6484293937683105)]"
406,6_revive,103,103,revived,0.8382,"[472.8, 497.5, 501.2, 551.5]",,,,,0.8384,0.65,0.0345,1.0,0.8384,83,5,150,"[(103, 0.8384088277816772), (130, 0.803918719291687), (34, 0.8020907640457153), (37, 0.7999399304389954), (41, 0.7949141263961792)]"
406,6_new,103,323,margin_failed margin=0.005<0.03,0.782,"[696.6, 502.2, 718.2, 560.2]",,,,,0.777,0.65,0.0051,1.0,,83,5,151,"[(103, 0.7769654989242554), (8, 0.7718477249145508), (64, 0.762671709060669), (16, 0.7473291158676147), (92, 0.7312846779823303)]"
406,6_new,205,324,margin_failed margin=0.016<0.03,0.7554,"[934.2, 489.4, 969.3, 603.5]",,,,,0.7771,0.75,0.016,1.0,,83,5,42,"[(205, 0.7771157622337341), (168, 0.7611277103424072), (110, 0.752436637878418), (121, 0.7514766454696655), (104, 0.7495619058609009)]"
406,6_new,103,325,margin_failed margin=0.019<0.03,0.7172,"[624.0, 503.2, 645.0, 557.2]",,,,,0.7942,0.65,0.0194,1.0,,83,5,151,"[(103, 0.7942226529121399), (8, 0.7748106122016907), (10, 0.772200345993042), (119, 0.7703655958175659), (30, 0.7489794492721558)]"
406,6_new,68,326,margin_failed margin=0.000<0.03,0.7115,"[409.7, 493.1, 440.1, 553.2]",,,,,0.822,0.708,0.0003,1.0,,83,5,148,"[(68, 0.8219877481460571), (103, 0.821700394153595), (79, 0.7962771654129028), (37, 0.7957695722579956), (124, 0.7901135683059692)]"
407,6_revive,284,284,revived,0.9006,"[1165.1, 523.1, 1208.2, 649.4]",,,,,0.8532,0.75,0.1831,1.0,0.8532,83,6,11,"[(284, 0.8532025814056396), (105, 0.6701014041900635), (7, 0.6617437601089478), (212, 0.6560814380645752), (41, 0.6539411544799805)]"
407,6_revive,103,103,revived,0.8553,"[487.4, 501.9, 515.7, 550.5]",,,,,0.8351,0.65,0.0408,1.0,0.8351,83,6,152,"[(103, 0.8350660800933838), (130, 0.7942448258399963), (119, 0.7765681743621826), (34, 0.771183967590332), (12, 0.7665055394172668)]"
407,6_new,103,327,margin_failed margin=0.021<0.03,0.8437,"[710.8, 502.9, 732.4, 560.2]",,,,,0.7558,0.65,0.0211,1.0,,83,6,153,"[(103, 0.7558041214942932), (8, 0.7347334623336792), (64, 0.7173198461532593), (13, 0.7077199220657349), (109, 0.6962050795555115)]"
407,6_new,130,328,gate_failed sim=0.722<theta=0.750,0.8335,"[1213.7, 494.1, 1244.7, 609.5]",,,,,0.7224,0.75,0.0171,1.0,,83,6,24,"[(130, 0.722416877746582), (41, 0.7053325176239014), (12, 0.6960670351982117), (68, 0.6869425773620605), (79, 0.6766176223754883)]"
407,6_new,103,329,margin_failed margin=0.027<0.03,0.6915,"[638.2, 504.2, 659.8, 558.2]",,,,,0.7812,0.65,0.0268,1.0,,83,6,153,"[(103, 0.7812398672103882), (8, 0.754398763179779), (30, 0.7518328428268433), (12, 0.7479479312896729), (10, 0.7462195158004761)]"
408,6_revive,284,284,revived,0.8748,"[1184.0, 521.4, 1225.8, 650.4]",,,,,0.8564,0.75,0.1683,1.0,0.8564,84,6,13,"[(284, 0.8563594222068787), (105, 0.6880260109901428), (14, 0.680379331111908), (41, 0.6788641214370728), (212, 0.6781668663024902)]"
408,6_new,130,330,gate_failed sim=0.713<theta=0.750,0.8528,"[1229.9, 491.7, 1260.9, 606.5]",,,,,0.7132,0.75,0.0107,1.0,,84,6,24,"[(130, 0.713175356388092), (41, 0.7024672031402588), (105, 0.6885446310043335), (18, 0.679983377456665), (103, 0.6723941564559937)]"
408,6_revive,103,103,revived,0.8416,"[502.2, 496.8, 530.5, 550.8]",,,,,0.8523,0.65,0.0535,1.0,0.8523,84,6,154,"[(103, 0.8522538542747498), (130, 0.7987496256828308), (34, 0.7987475395202637), (10, 0.7913991212844849), (119, 0.7869622707366943)]"
408,6_new,8,331,margin_failed margin=0.007<0.03,0.7818,"[722.9, 501.2, 747.2, 560.6]",,,,,0.7887,0.7273,0.0068,1.0,,84,6,38,"[(8, 0.7886626720428467), (103, 0.7818747758865356), (64, 0.7704561352729797), (109, 0.7626628279685974), (119, 0.760467529296875)]"
408,6_new,121,332,margin_failed margin=0.022<0.03,0.7629,"[965.9, 488.4, 1002.4, 605.8]",,,,,0.8037,0.75,0.0216,1.0,,84,6,69,"[(121, 0.8036525249481201), (205, 0.7820894718170166), (47, 0.7801765203475952), (168, 0.7753868103027344), (41, 0.768410325050354)]"
408,6_new,103,333,margin_failed margin=0.026<0.03,0.7505,"[653.1, 501.5, 675.3, 556.9]",,,,,0.7984,0.65,0.0256,1.0,,84,6,155,"[(103, 0.7984447479248047), (232, 0.7728532552719116), (8, 0.7648847103118896), (119, 0.7538100481033325), (30, 0.7506147027015686)]"
408,6_revive,103,103,revived,0.6856,"[443.8, 493.1, 468.8, 555.2]",,,,,0.823,0.65,0.031,1.0,0.823,84,6,155,"[(103, 0.822986364364624), (37, 0.7919881343841553), (41, 0.7910138368606567), (68, 0.7839770913124084), (64, 0.7757324576377869)]"
409,6_new,130,334,gate_failed sim=0.691<theta=0.750,0.9029,"[1245.4, 494.1, 1279.1, 612.9]",,,,,0.6914,0.75,0.0028,1.0,,84,6,24,"[(130, 0.6914372444152832), (41, 0.6886622905731201), (105, 0.6740121841430664), (230, 0.6726326942443848), (68, 0.6715665459632874)]"
409,6_revive,284,284,revived,0.8527,"[1202.2, 523.1, 1246.7, 652.7]",,,,,0.8634,0.75,0.1826,1.0,0.8634,84,6,15,"[(284, 0.8633910417556763), (105, 0.6808242797851562), (212, 0.6735330820083618), (7, 0.6591997742652893), (14, 0.6590881943702698)]"
409,6_new,103,335,margin_failed margin=0.029<0.03,0.8437,"[739.1, 502.2, 760.7, 559.6]",,,,,0.741,0.65,0.0292,1.0,,84,6,157,"[(103, 0.7409974932670593), (130, 0.7118067741394043), (8, 0.7091397047042847), (18, 0.6919659972190857), (19, 0.6838878393173218)]"
409,6_revive,103,103,revived,0.8288,"[515.0, 496.5, 544.0, 549.1]",,,,,0.8403,0.65,0.0353,1.0,0.8403,84,6,157,"[(103, 0.8403100967407227), (130, 0.805015504360199), (120, 0.7980808019638062), (37, 0.791082501411438), (8, 0.7887404561042786)]"
409,6_new,41,336,margin_failed margin=0.003<0.03,0.7126,"[620.7, 500.5, 642.3, 555.2]",,,,,0.7941,0.7272,0.0032,1.0,,84,6,61,"[(41, 0.794145941734314), (47, 0.7909412384033203), (66, 0.7457770109176636), (110, 0.7424297332763672), (57, 0.7335070967674255)]"
409,6_new,47,337,margin_failed margin=0.020<0.03,0.6931,"[984.2, 489.4, 1017.9, 604.8]",,,,,0.8016,0.75,0.0204,1.0,,84,6,17,"[(47, 0.8016359210014343), (205, 0.7812303900718689), (41, 0.7753410339355469), (121, 0.7561836242675781), (110, 0.7539420127868652)]"
410,6_revive,284,284,revived,0.8611,"[1221.8, 524.8, 1265.0, 653.1]",,,,,0.8576,0.75,0.1781,1.0,0.8576,85,6,17,"[(284, 0.8575616478919983), (105, 0.6794540286064148), (212, 0.6753376722335815), (9, 0.6486519575119019), (7, 0.6428548097610474)]"
410,6_new,103,338,margin_failed margin=0.025<0.03,0.846,"[752.0, 503.9, 773.6, 560.6]",,,,,0.8088,0.65,0.0247,1.0,,85,6,159,"[(103, 0.8087644577026367), (8, 0.7840814590454102), (18, 0.7643833160400391), (64, 0.7565038204193115), (13, 0.7514532804489136)]"
410,6_new,230,339,gate_failed sim=0.699<theta=0.722,0.8306,"[1260.9, 493.8, 1296.0, 614.6]",,,,,0.6986,0.722,0.0243,1.0,,85,6,33,"[(230, 0.6985837817192078), (68, 0.6743251085281372), (105, 0.6568794846534729), (124, 0.6369654536247253), (130, 0.6349411010742188)]"
410,6_new,103,340,margin_failed margin=0.025<0.03,0.8224,"[529.5, 499.8, 558.6, 554.5]",,,,,0.8573,0.65,0.0248,1.0,,85,6,159,"[(103, 0.8572679758071899), (130, 0.8324456214904785), (37, 0.7950758337974548), (124, 0.7950433492660522), (41, 0.7950402498245239)]"
410,6_new,41,341,margin_failed margin=0.023<0.03,0.7209,"[634.5, 501.5, 656.8, 557.5]",,,,,0.836,0.7272,0.0234,1.0,,85,6,61,"[(41, 0.8359681963920593), (49, 0.8125811815261841), (47, 0.8067953586578369), (66, 0.7678225040435791), (109, 0.7626462578773499)]"
410,6_new,8,342,margin_failed margin=0.003<0.03,0.6912,"[680.7, 504.6, 702.0, 557.9]",,,,,0.7288,0.7273,0.0034,1.0,,85,6,38,"[(8, 0.7287907600402832), (232, 0.7253585457801819), (103, 0.7240850925445557), (119, 0.7101423740386963), (12, 0.7021992802619934)]"
411,6_revive,284,284,revived,0.8985,"[1240.0, 523.8, 1283.2, 654.1]",,,,,0.8543,0.75,0.1493,1.0,0.8543,85,7,19,"[(284, 0.8543499708175659), (212, 0.7050293684005737), (105, 0.6820502281188965), (49, 0.6433168649673462), (55, 0.6426523923873901)]"
411,6_new,68,343,margin_failed margin=0.022<0.03,0.8625,"[1277.8, 493.1, 1314.2, 613.2]",,,,,0.7337,0.708,0.0221,1.0,,85,7,148,"[(68, 0.7337307929992676), (105, 0.7116777300834656), (41, 0.7115181684494019), (230, 0.705228328704834), (92, 0.7031503915786743)]"
411,6_revive,103,103,revived,0.8239,"[764.8, 501.2, 787.7, 559.2]",,,,,0.8112,0.65,0.0413,1.0,0.8112,85,7,160,"[(103, 0.8111809492111206), (64, 0.7698339223861694), (10, 0.7594699859619141), (41, 0.7589999437332153), (130, 0.7589351534843445)]"
411,6_new,103,344,margin_failed margin=0.007<0.03,0.7932,"[545.7, 492.8, 572.1, 548.8]",,,,,0.8459,0.65,0.007,1.0,,85,7,161,"[(103, 0.8459444046020508), (130, 0.8389180898666382), (34, 0.8035202622413635), (37, 0.7971042394638062), (124, 0.7959694862365723)]"
411,6_new,205,345,margin_failed margin=0.025<0.03,0.7625,"[1015.9, 487.4, 1051.0, 606.8]",,,,,0.7896,0.75,0.0248,1.0,,85,7,47,"[(205, 0.7896065711975098), (47, 0.7647770643234253), (302, 0.7569254636764526), (121, 0.7509679794311523), (41, 0.7496328353881836)]"
411,6_new,33,346,margin_failed margin=0.005<0.03,0.7547,"[833.6, 488.4, 853.9, 547.1]",,,,,0.8091,0.75,0.0048,1.0,,85,7,24,"[(33, 0.8091493844985962), (41, 0.804320216178894), (57, 0.788306474685669), (47, 0.777085542678833), (37, 0.7568219900131226)]"
411,6_new,41,347,margin_failed margin=0.029<0.03,0.7455,"[649.7, 499.8, 669.9, 554.5]",,,,,0.8169,0.7272,0.0287,1.0,,85,7,61,"[(41, 0.8169013857841492), (47, 0.7881717681884766), (66, 0.7615739703178406), (109, 0.7482490539550781), (57, 0.7447807192802429)]"
411,6_new,8,348,margin_failed margin=0.018<0.03,0.7003,"[695.2, 501.5, 715.5, 554.2]",,,,,0.8242,0.7273,0.018,1.0,,85,7,38,"[(8, 0.8241993188858032), (119, 0.8062267303466797), (103, 0.7930888533592224), (109, 0.7823709845542908), (64, 0.7732012867927551)]"
412,3,259,259,re_activate_from_lost,0.6475,"[628.1, 500.9, 647.7, 555.5]","[627.7, 500.7, 647.6, 555.5]",0.3591,0.6409,0.585,,,,,,85,7,3,
412,5,343,343,unconfirmed_update,0.8742,"[1295.3, 493.4, 1330.4, 614.9]","[1291.1, 493.4, 1327.9, 614.6]",0.6451,0.3549,,,,,,,,7,,
412,5,345,345,unconfirmed_update,0.7849,"[1028.0, 487.7, 1064.5, 611.2]","[1025.7, 487.6, 1061.7, 610.3]",0.5414,0.4586,,,,,,,,7,,
412,5,346,346,unconfirmed_update,0.7256,"[837.7, 487.4, 857.9, 544.7]","[837.0, 487.6, 856.9, 545.2]",0.365,0.635,,,,,,,,7,,
412,6_revive,284,284,revived,0.8498,"[1258.2, 523.8, 1301.4, 654.8]",,,,,0.8573,0.75,0.1601,1.0,0.8573,85,7,21,"[(284, 0.8573436737060547), (212, 0.6972370147705078), (105, 0.6802104115486145), (55, 0.650295615196228), (30, 0.645136833190918)]"
412,6_new,103,349,margin_failed margin=0.020<0.03,0.8228,"[776.9, 502.2, 799.9, 560.2]",,,,,0.7916,0.65,0.0204,1.0,,85,7,162,"[(103, 0.7916249632835388), (232, 0.771204948425293), (10, 0.7615727186203003), (92, 0.7581988573074341), (64, 0.7449359893798828)]"
412,6_revive,103,103,revived,0.7711,"[559.6, 496.8, 584.6, 550.1]",,,,,0.8616,0.65,0.0405,1.0,0.8616,85,7,162,"[(103, 0.8616254329681396), (119, 0.8211292028427124), (8, 0.816983699798584), (34, 0.8150012493133545), (37, 0.7898062467575073)]"
413,6_revive,284,284,revived,0.8644,"[1275.8, 524.8, 1320.3, 658.5]",,,,,0.855,0.75,0.1745,1.0,0.855,85,8,23,"[(284, 0.8550342321395874), (105, 0.6805703639984131), (212, 0.6685417890548706), (49, 0.6559246778488159), (30, 0.6480062007904053)]"
413,6_new,103,350,margin_failed margin=0.014<0.03,0.8249,"[790.4, 502.2, 812.0, 560.2]",,,,,0.7804,0.65,0.0135,1.0,,85,8,164,"[(103, 0.7803664207458496), (124, 0.766861081123352), (64, 0.7544645071029663), (232, 0.7537186741828918), (109, 0.7487795352935791)]"
413,6_revive,103,103,revived,0.8097,"[577.1, 494.8, 599.4, 549.5]",,,,,0.8277,0.65,0.0349,1.0,0.8277,85,8,164,"[(103, 0.8276800513267517), (34, 0.7927727699279785), (68, 0.778414249420166), (8, 0.7726057171821594), (124, 0.7692513465881348)]"
413,6_new,41,351,margin_failed margin=0.029<0.03,0.7796,"[861.3, 486.0, 881.6, 549.5]",,,,,0.7716,0.7272,0.0291,1.0,,85,8,61,"[(41, 0.7715960144996643), (57, 0.7425387501716614), (47, 0.7422637343406677), (104, 0.7419840097427368), (37, 0.7401272058486938)]"
413,6_new,103,352,margin_failed margin=0.015<0.03,0.6929,"[693.9, 499.5, 715.5, 564.3]",,,,,0.8174,0.65,0.0154,1.0,,85,8,165,"[(103, 0.8174232840538025), (64, 0.8020122051239014), (34, 0.7936372756958008), (130, 0.7932456731796265), (41, 0.7921638488769531)]"
414,3,259,259,re_activate_from_lost,0.6357,"[653.7, 499.2, 674.0, 554.5]","[653.4, 499.5, 673.6, 554.7]",0.1919,0.8081,0.4863,,,,,,85,9,4,
414,5,352,352,unconfirmed_update,0.7573,"[688.5, 500.2, 707.4, 553.5]","[690.0, 500.0, 708.6, 555.7]",0.5734,0.4266,,,,,,,,9,,
414,6_revive,284,284,revived,0.8813,"[1294.7, 525.5, 1339.2, 661.2]",,,,,0.8729,0.75,0.1845,1.0,0.8729,86,9,25,"[(284, 0.8728581666946411), (105, 0.6883916854858398), (55, 0.6739147901535034), (212, 0.6683663129806519), (30, 0.649302065372467)]"
414,6_new,103,353,margin_failed margin=0.014<0.03,0.8707,"[803.2, 500.9, 824.9, 559.6]",,,,,0.8268,0.65,0.0135,1.0,,86,9,166,"[(103, 0.8267953395843506), (92, 0.8132504224777222), (8, 0.8035790920257568), (64, 0.7909371852874756), (16, 0.7882054448127747)]"
414,6_new,103,354,margin_failed margin=0.010<0.03,0.6968,"[706.1, 499.5, 727.7, 563.6]",,,,,0.8209,0.65,0.0098,1.0,,86,9,166,"[(103, 0.8208681344985962), (130, 0.8110401630401611), (41, 0.791597306728363), (18, 0.7811969518661499), (259, 0.7776179313659668)]"
414,6_new,103,355,margin_failed margin=0.009<0.03,0.6945,"[593.3, 497.5, 613.6, 550.8]",,,,,0.8165,0.65,0.0086,1.0,,86,9,166,"[(103, 0.8164957761764526), (8, 0.8078597784042358), (259, 0.7963709235191345), (37, 0.7910979390144348), (34, 0.7885318994522095)]"
415,3,314,314,re_activate_from_lost,0.6328,"[522.1, 496.5, 548.4, 551.8]","[521.0, 496.4, 550.3, 551.8]",0.2503,0.7497,0.1329,,,,,,86,7,6,
415,6_revive,103,103,revived,0.8947,"[815.4, 501.2, 837.0, 559.2]",,,,,0.8219,0.65,0.0384,1.0,0.8219,86,7,166,"[(103, 0.8219152092933655), (64, 0.7835066914558411), (8, 0.7828377485275269), (259, 0.7812166213989258), (41, 0.7731705904006958)]"
415,6_revive,284,284,revived,0.8457,"[1310.9, 523.8, 1358.1, 662.2]",,,,,0.8748,0.75,0.184,1.0,0.8748,86,7,27,"[(284, 0.8747900724411011), (105, 0.6907881498336792), (55, 0.6765087842941284), (212, 0.6754705905914307), (191, 0.6534382104873657)]"
415,6_new,259,356,margin_failed margin=0.001<0.03,0.7014,"[605.8, 495.5, 629.4, 550.8]",,,,,0.8359,0.75,0.0013,1.0,,86,7,6,"[(259, 0.8358623385429382), (103, 0.8345662355422974), (8, 0.7986948490142822), (34, 0.7959485054016113), (68, 0.7911150455474854)]"
416,3,352,352,re_activate_from_lost,0.6665,"[714.2, 503.6, 731.7, 555.5]","[714.1, 503.4, 731.6, 555.7]",0.1507,0.8493,0.434,,,,,,86,8,0,
416,6_revive,284,284,revived,0.8895,"[1331.1, 529.2, 1373.0, 664.9]",,,,,0.8157,0.7149,0.1022,1.0,0.8157,86,8,29,"[(284, 0.8157134056091309), (105, 0.7134904265403748), (55, 0.6827108860015869), (212, 0.6827048063278198), (30, 0.663063645362854)]"
416,6_revive,103,103,revived,0.86,"[826.2, 503.9, 849.2, 561.9]",,,,,0.8255,0.65,0.0403,1.0,0.8255,86,8,167,"[(103, 0.825513482093811), (8, 0.7852197885513306), (259, 0.7809593677520752), (92, 0.7802518010139465), (64, 0.7680647373199463)]"
416,6_new,119,357,margin_failed margin=0.005<0.03,0.8066,"[619.0, 502.2, 641.9, 552.8]",,,,,0.8466,0.75,0.0047,1.0,,86,8,13,"[(119, 0.8466343879699707), (259, 0.8419113159179688), (103, 0.8241333365440369), (8, 0.8054536581039429), (109, 0.7744203805923462)]"
416,6_revive,205,205,revived,0.7119,"[977.4, 484.3, 1004.4, 572.7]",,,,,0.7825,0.75,0.0526,1.0,0.7825,86,8,52,"[(205, 0.7825314998626709), (302, 0.7299790382385254), (110, 0.7180250883102417), (27, 0.677070677280426), (68, 0.6767654418945312)]"
416,6_new,57,358,margin_failed margin=0.023<0.03,0.6949,"[887.6, 487.4, 907.9, 546.8]",,,,,0.7772,0.75,0.0229,1.0,,86,8,57,"[(57, 0.7771995067596436), (191, 0.7543492317199707), (33, 0.7474416494369507), (104, 0.7252025604248047), (41, 0.7244576811790466)]"
416,6_new,103,359,margin_failed margin=0.003<0.03,0.6888,"[554.2, 498.5, 579.2, 552.5]",,,,,0.8401,0.65,0.0033,1.0,,86,8,168,"[(103, 0.8401060104370117), (119, 0.8367983102798462), (68, 0.8306386470794678), (16, 0.8289121985435486), (34, 0.8180748224258423)]"
417,6_revive,284,284,revived,0.9012,"[1346.0, 525.2, 1390.5, 665.6]",,,,,0.8295,0.7149,0.1299,1.0,0.8295,89,9,31,"[(284, 0.8295038938522339), (105, 0.699634313583374), (191, 0.6697880625724792), (212, 0.6694242358207703), (10, 0.6571536660194397)]"
417,6_revive,103,103,revived,0.8823,"[837.7, 503.6, 860.6, 560.9]",,,,,0.8361,0.65,0.0479,1.0,0.8361,89,9,168,"[(103, 0.8360816240310669), (41, 0.7882219552993774), (92, 0.7876977324485779), (8, 0.7864352464675903), (130, 0.7806863784790039)]"
417,6_new,119,360,margin_failed margin=0.005<0.03,0.8521,"[629.8, 501.5, 653.4, 552.8]",,,,,0.8123,0.75,0.0054,1.0,,89,9,13,"[(119, 0.81232750415802), (103, 0.8069000244140625), (8, 0.8027300238609314), (259, 0.8026180267333984), (109, 0.7737299799919128)]"
417,6_revive,103,103,revived,0.7723,"[563.3, 488.0, 594.3, 553.5]",,,,,0.8317,0.65,0.0358,1.0,0.8317,89,9,169,"[(103, 0.8317311406135559), (39, 0.7958812713623047), (34, 0.7894135117530823), (124, 0.7872362732887268), (37, 0.7869821190834045)]"
417,6_new,103,361,margin_failed margin=0.012<0.03,0.696,"[748.6, 499.8, 770.2, 555.9]",,,,,0.8101,0.65,0.0116,1.0,,89,9,170,"[(103, 0.810059666633606), (259, 0.7984986305236816), (34, 0.7948073744773865), (124, 0.7937430143356323), (8, 0.7765703201293945)]"
418,3,259,259,re_activate_from_lost,0.632,"[700.7, 498.8, 716.9, 543.4]","[700.1, 499.1, 716.7, 544.9]",0.4066,0.5934,0.0474,,,,,,89,9,6,
418,5,103,103,unconfirmed_update,0.8602,"[848.5, 503.2, 871.4, 561.3]","[846.2, 503.3, 869.4, 561.2]",0.6429,0.3571,,,,,,,,9,,
418,6_new,103,362,margin_failed margin=0.010<0.03,0.8609,"[640.6, 495.8, 664.9, 551.8]",,,,,0.8364,0.65,0.0104,1.0,,89,9,170,"[(103, 0.836439847946167), (259, 0.8260738849639893), (34, 0.810876727104187), (124, 0.8074765205383301), (68, 0.7971758842468262)]"
418,6_revive,284,284,revived,0.8546,"[1362.2, 528.2, 1408.1, 667.2]",,,,,0.8068,0.7149,0.1283,1.0,0.8068,89,9,33,"[(284, 0.8067914247512817), (105, 0.6784991025924683), (191, 0.6711485981941223), (7, 0.6619468331336975), (55, 0.6548382639884949)]"
418,6_new,103,363,margin_failed margin=0.023<0.03,0.7887,"[759.4, 499.8, 781.0, 557.2]",,,,,0.7968,0.65,0.0232,1.0,,89,9,170,"[(103, 0.7968109846115112), (259, 0.7736469507217407), (8, 0.7697874307632446), (57, 0.7600362300872803), (124, 0.7573038339614868)]"
418,6_new,68,364,margin_failed margin=0.004<0.03,0.7489,"[577.1, 500.2, 604.1, 553.5]",,,,,0.827,0.708,0.0041,1.0,,89,9,148,"[(68, 0.8270288705825806), (103, 0.8229697942733765), (259, 0.8157052397727966), (37, 0.8138071894645691), (119, 0.8061140775680542)]"
418,6_revive,346,346,revived,0.7082,"[910.6, 486.0, 930.8, 546.8]",,,,,0.8696,0.75,0.1071,1.0,0.8696,89,9,6,"[(346, 0.8696463108062744), (191, 0.7625152468681335), (57, 0.7457366585731506), (104, 0.7422230839729309), (41, 0.7363507151603699)]"
418,6_new,205,365,margin_failed margin=0.025<0.03,0.6987,"[1002.4, 484.3, 1028.0, 572.7]",,,,,0.79,0.75,0.0246,1.0,,89,9,55,"[(205, 0.7900067567825317), (302, 0.7653592228889465), (110, 0.7354767322540283), (345, 0.7198175191879272), (47, 0.7174163460731506)]"
419,5,362,362,unconfirmed_update,0.8611,"[650.7, 500.5, 677.0, 555.2]","[649.7, 499.6, 673.6, 554.5]",0.6493,0.3507,,,,,,,,7,,
419,5,364,364,unconfirmed_update,0.728,"[585.2, 499.2, 616.3, 556.5]","[584.4, 499.4, 613.1, 555.9]",0.5447,0.4553,,,,,,,,7,,
419,6_revive,284,284,revived,0.8853,"[1379.0, 528.5, 1425.6, 671.0]",,,,,0.7946,0.7149,0.0593,1.0,0.7946,89,7,35,"[(284, 0.7945910692214966), (191, 0.7352465987205505), (105, 0.7184845805168152), (41, 0.6963415145874023), (72, 0.6903811693191528)]"
420,3,314,314,re_activate_from_lost,0.6178,"[586.9, 501.2, 610.5, 556.5]","[584.1, 501.0, 612.7, 556.4]",0.3195,0.6805,0.1332,,,,,,89,7,7,
420,6_revive,284,284,revived,0.9012,"[1398.6, 533.2, 1441.8, 675.0]",,,,,0.8182,0.7149,0.1032,1.0,0.8182,90,7,37,"[(284, 0.8181667923927307), (105, 0.7149332761764526), (7, 0.6961064338684082), (191, 0.6859350204467773), (79, 0.6858124732971191)]"
420,6_new,259,366,margin_failed margin=0.020<0.03,0.818,"[781.7, 501.2, 803.2, 561.9]",,,,,0.8212,0.75,0.02,1.0,,90,7,8,"[(259, 0.8212299346923828), (103, 0.8012683987617493), (16, 0.7873731851577759), (34, 0.7706934809684753), (8, 0.7695037126541138)]"
420,6_revive,346,346,revived,0.7361,"[932.2, 488.0, 952.4, 550.8]",,,,,0.8408,0.75,0.1104,1.0,0.8408,90,7,9,"[(346, 0.8408043384552002), (191, 0.7303630113601685), (41, 0.7093512415885925), (104, 0.7043670415878296), (57, 0.700535774230957)]"
421,3,259,259,re_activate_from_lost,0.5895,"[728.3, 500.5, 745.9, 548.4]","[728.5, 500.3, 746.0, 548.3]",0.0935,0.9065,0.0617,,,,,,90,6,8,
421,5,366,366,unconfirmed_update,0.8074,"[790.4, 503.6, 812.0, 562.3]","[789.0, 503.1, 810.0, 562.2]",0.5912,0.4088,,,,,,,,6,,
421,6_revive,346,346,revived,0.7931,"[941.6, 488.4, 961.9, 551.1]",,,,,0.87,0.75,0.1433,1.0,0.87,90,6,11,"[(346, 0.8700453639030457), (41, 0.7267724275588989), (191, 0.7262241840362549), (57, 0.7229071259498596), (104, 0.718521773815155)]"
421,6_new,25,367,margin_failed margin=0.014<0.03,0.7923,"[976.1, 484.3, 999.0, 558.6]",,,,,0.7664,0.65,0.0141,1.0,,90,6,134,"[(25, 0.7664138078689575), (191, 0.7523162961006165), (109, 0.7512866258621216), (64, 0.747129499912262), (17, 0.7398015260696411)]"
421,6_revive,284,284,revived,0.7615,"[1410.8, 533.6, 1456.7, 674.0]",,,,,0.8307,0.7149,0.1151,1.0,0.8307,90,6,39,"[(284, 0.8306803703308105), (105, 0.7155618667602539), (7, 0.6951003074645996), (55, 0.6839039325714111), (41, 0.6802877187728882)]"
422,6_revive,346,346,revived,0.7589,"[952.4, 488.0, 974.0, 552.2]",,,,,0.8698,0.75,0.133,1.0,0.8698,90,5,13,"[(346, 0.8697977662086487), (191, 0.7368018627166748), (104, 0.7156221866607666), (269, 0.6914061903953552), (41, 0.6884608864784241)]"
422,6_new,191,368,margin_failed margin=0.022<0.03,0.7363,"[986.9, 484.7, 1009.8, 560.2]",,,,,0.7777,0.7328,0.0223,1.0,,90,5,59,"[(191, 0.7776507139205933), (57, 0.7553485035896301), (25, 0.754257321357727), (64, 0.7528712749481201), (41, 0.7475767135620117)]"
422,6_revive,212,212,revived,0.7342,"[1366.9, 505.6, 1416.2, 664.9]",,,,,0.845,0.75,0.0784,1.0,0.845,90,5,52,"[(212, 0.8450428247451782), (284, 0.7666020393371582), (110, 0.754514217376709), (191, 0.7067815065383911), (105, 0.6965044140815735)]"
422,6_revive,284,284,revived,0.6871,"[1427.0, 533.2, 1475.6, 678.4]",,,,,0.8539,0.7149,0.1321,1.0,0.8539,90,5,41,"[(284, 0.8539018630981445), (105, 0.7218210697174072), (41, 0.6944672465324402), (14, 0.6867244243621826), (7, 0.6807819604873657)]"
423,3,314,314,re_activate_from_lost,0.6292,"[613.2, 502.9, 641.6, 558.2]","[613.8, 503.3, 641.9, 558.0]",0.1896,0.8104,0.1128,,,,,,90,7,9,
423,5,368,368,unconfirmed_update,0.7689,"[995.6, 484.7, 1019.9, 560.9]","[994.3, 484.7, 1017.4, 560.8]",0.5742,0.4258,,,,,,,,7,,
423,6_revive,346,346,revived,0.7396,"[961.2, 489.7, 982.8, 551.8]",,,,,0.9073,0.75,0.1762,1.0,0.9073,90,7,15,"[(346, 0.9073435068130493), (191, 0.7311481237411499), (104, 0.7273674011230469), (269, 0.719934344291687), (41, 0.6958582997322083)]"
423,6_revive,284,284,revived,0.811,"[1444.5, 533.2, 1501.2, 679.1]",,,,,0.8261,0.7149,0.1079,1.0,0.8261,90,7,43,"[(284, 0.8261415958404541), (343, 0.7182493209838867), (105, 0.706763744354248), (72, 0.6773958802223206), (232, 0.6733424067497253)]"
424,3,259,259,re_activate_from_lost,0.7156,"[753.3, 500.5, 772.2, 556.5]","[753.0, 500.3, 772.8, 555.2]",0.2454,0.7546,0.0614,,,,,,90,6,9,
424,6_revive,346,346,revived,0.6959,"[970.0, 491.4, 991.6, 552.2]",,,,,0.9022,0.75,0.1426,1.0,0.9022,92,6,17,"[(346, 0.9021618962287903), (191, 0.7595874071121216), (104, 0.7549238204956055), (269, 0.7280046939849854), (57, 0.7107106447219849)]"
424,6_revive,284,284,revived,0.9132,"[1462.1, 530.2, 1518.8, 684.1]",,,,,0.8225,0.7149,0.1004,1.0,0.8225,92,6,45,"[(284, 0.8224692940711975), (343, 0.7220950126647949), (105, 0.7057024240493774), (41, 0.6875242590904236), (30, 0.6712651252746582)]"
425,6_revive,284,284,revived,0.9073,"[1478.2, 532.2, 1532.2, 683.4]",,,,,0.8267,0.7149,0.0964,1.0,0.8267,92,5,47,"[(284, 0.8267219662666321), (343, 0.7303142547607422), (105, 0.7097722291946411), (41, 0.6755701303482056), (79, 0.6700946092605591)]"
425,6_revive,346,346,revived,0.7765,"[979.4, 489.0, 1001.0, 551.1]",,,,,0.8747,0.75,0.1295,1.0,0.8747,92,5,19,"[(346, 0.8747252821922302), (104, 0.7452013492584229), (57, 0.7395933866500854), (191, 0.7310976386070251), (41, 0.7054990530014038)]"
425,6_revive,212,212,revived,0.7029,"[1414.8, 506.9, 1458.0, 664.2]",,,,,0.8407,0.75,0.0684,1.0,0.8407,92,5,56,"[(212, 0.8406887054443359), (284, 0.7722909450531006), (110, 0.7606586217880249), (105, 0.6901179552078247), (191, 0.6799488067626953)]"
425,6_revive,205,205,revived,0.6963,"[1304.1, 504.9, 1343.2, 644.6]",,,,,0.8443,0.75,0.0664,1.0,0.8443,92,5,62,"[(205, 0.8442931175231934), (110, 0.7778663635253906), (302, 0.7543705701828003), (345, 0.7441955804824829), (105, 0.7435183525085449)]"
426,3,259,259,re_activate_from_lost,0.7654,"[766.1, 504.2, 787.7, 562.3]","[766.9, 502.9, 787.7, 560.4]",0.3139,0.6861,0.0751,,,,,,92,8,10,
426,6_revive,284,284,revived,0.9015,"[1495.8, 532.6, 1544.4, 687.2]",,,,,0.8416,0.7149,0.1042,1.0,0.8416,93,8,49,"[(284, 0.8415718674659729), (343, 0.7373721599578857), (105, 0.6830276250839233), (72, 0.6675378084182739), (212, 0.6659380793571472)]"
426,6_new,191,369,margin_failed margin=0.003<0.03,0.7626,"[1147.5, 501.9, 1185.3, 603.1]",,,,,0.7631,0.7328,0.003,1.0,,93,8,63,"[(191, 0.763138473033905), (41, 0.760136604309082), (110, 0.7531467080116272), (47, 0.7402689456939697), (68, 0.7379255294799805)]"
426,6_revive,346,346,revived,0.7168,"[988.9, 489.7, 1009.1, 551.1]",,,,,0.8657,0.75,0.1282,1.0,0.8657,93,8,21,"[(346, 0.8656747341156006), (104, 0.7374822497367859), (191, 0.729398250579834), (57, 0.7278021574020386), (41, 0.7243863344192505)]"
427,3,364,364,re_activate_from_lost,0.5852,"[666.9, 491.4, 690.5, 559.6]","[662.0, 493.2, 695.0, 559.7]",0.315,0.685,0.074,,,,,,93,7,5,
427,5,369,369,unconfirmed_update,0.7886,"[1149.5, 497.5, 1191.4, 604.8]","[1149.8, 498.4, 1189.5, 604.5]",0.2288,0.7712,,,,,,,,7,,
427,6_revive,284,284,revived,0.9025,"[1510.7, 535.6, 1559.2, 690.2]",,,,,0.8336,0.7149,0.1105,1.0,0.8336,93,7,51,"[(284, 0.8336455821990967), (343, 0.7231189012527466), (105, 0.6706340909004211), (212, 0.6497650146484375), (232, 0.6437282562255859)]"
427,6_revive,346,346,revived,0.7049,"[996.3, 488.7, 1017.9, 554.2]",,,,,0.8673,0.75,0.1291,1.0,0.8673,93,7,23,"[(346, 0.8672709465026855), (191, 0.7381653189659119), (104, 0.7381182312965393), (57, 0.7211242914199829), (41, 0.7165984511375427)]"
428,6_revive,284,284,revived,0.9147,"[1526.9, 532.2, 1575.5, 693.2]",,,,,0.8262,0.7149,0.1389,1.0,0.8262,94,7,53,"[(284, 0.826194167137146), (343, 0.6872987747192383), (105, 0.6562870144844055), (55, 0.6393253803253174), (30, 0.6284143924713135)]"
428,6_revive,205,205,revived,0.9015,"[1353.4, 501.2, 1402.7, 663.9]",,,,,0.863,0.75,0.1361,1.0,0.863,94,7,66,"[(205, 0.8629628419876099), (302, 0.7268922328948975), (90, 0.7263315916061401), (230, 0.6841732859611511), (345, 0.6782060265541077)]"
428,6_revive,346,346,revived,0.7373,"[1004.4, 489.4, 1026.0, 552.8]",,,,,0.8846,0.75,0.1322,1.0,0.8846,94,7,25,"[(346, 0.8845916986465454), (57, 0.752411425113678), (191, 0.7463251352310181), (314, 0.7302678823471069), (110, 0.725288987159729)]"
429,3,364,364,re_activate_from_lost,0.6938,"[685.1, 496.8, 708.1, 554.9]","[681.6, 495.0, 711.1, 555.4]",0.4214,0.5786,0.0649,,,,,,94,8,6,
429,6_revive,284,284,revived,0.8851,"[1539.0, 531.2, 1590.3, 696.6]",,,,,0.8158,0.7149,0.1061,1.0,0.8158,94,8,55,"[(284, 0.8158251643180847), (343, 0.709686815738678), (212, 0.609550952911377), (105, 0.6088550090789795), (30, 0.6085540056228638)]"
429,6_revive,205,205,revived,0.7984,"[1358.8, 503.2, 1400.0, 656.4]",,,,,0.8591,0.75,0.0885,1.0,0.8591,94,8,68,"[(205, 0.8591307997703552), (90, 0.7705972790718079), (105, 0.7114957571029663), (110, 0.6991233825683594), (302, 0.6949949860572815)]"
429,6_revive,346,346,revived,0.7385,"[1013.2, 488.0, 1034.8, 553.5]",,,,,0.884,0.75,0.1408,1.0,0.884,94,8,27,"[(346, 0.8839985132217407), (57, 0.743165135383606), (191, 0.7327526807785034), (110, 0.7277655601501465), (104, 0.7190948724746704)]"
429,6_revive,302,302,revived,0.7107,"[1421.6, 502.5, 1464.8, 654.4]",,,,,0.7632,0.75,0.0498,1.0,0.7632,94,8,26,"[(302, 0.7631903886795044), (284, 0.7134196162223816), (345, 0.7076398730278015), (205, 0.7047137022018433), (14, 0.6999326944351196)]"
430,3,269,269,re_activate_from_lost,0.8058,"[1219.1, 500.9, 1255.5, 626.4]","[1218.3, 501.0, 1259.0, 626.8]",0.6687,0.3313,0.7331,,,,,,94,8,30,
430,6_revive,284,284,revived,0.8813,"[1551.2, 531.6, 1607.9, 696.6]",,,,,0.8293,0.7149,0.104,1.0,0.8293,94,8,57,"[(284, 0.8292643427848816), (343, 0.725269079208374), (212, 0.6153239607810974), (232, 0.6090242862701416), (105, 0.6027531623840332)]"
430,6_revive,205,205,revived,0.8132,"[1369.6, 499.8, 1412.1, 658.5]",,,,,0.8384,0.75,0.0939,1.0,0.8384,94,8,70,"[(205, 0.838448703289032), (90, 0.7445473074913025), (105, 0.6927311420440674), (302, 0.6924493908882141), (110, 0.6903865337371826)]"
430,6_new,12,370,margin_failed margin=0.001<0.03,0.748,"[816.1, 493.1, 836.3, 545.1]",,,,,0.7603,0.6739,0.0014,1.0,,94,8,142,"[(12, 0.7603472471237183), (259, 0.7589541673660278), (124, 0.7554231882095337), (103, 0.7430722713470459), (47, 0.7367706894874573)]"
430,6_revive,346,346,revived,0.7363,"[1019.9, 488.7, 1041.5, 552.8]",,,,,0.863,0.75,0.1034,1.0,0.863,94,8,29,"[(346, 0.8629707098007202), (57, 0.7595330476760864), (191, 0.7583835124969482), (3, 0.720775842666626), (103, 0.7200778722763062)]"
431,3,352,352,re_activate_from_lost,0.5944,"[836.3, 502.2, 856.6, 552.2]","[837.6, 502.4, 855.8, 553.0]",0.4143,0.5857,0.0996,,,,,,94,8,11,
431,3,368,368,re_activate_from_lost,0.7745,"[1063.8, 481.6, 1088.1, 561.3]","[1063.9, 481.7, 1088.1, 561.4]",0.0642,0.9358,0.0554,,,,,,94,8,5,
431,5,370,370,unconfirmed_update,0.6336,"[822.2, 493.8, 842.4, 546.4]","[820.8, 493.6, 841.3, 546.1]",0.4774,0.5226,,,,,,,,8,,
431,6_revive,284,284,revived,0.9195,"[1570.1, 539.3, 1624.1, 704.0]",,,,,0.7993,0.7149,0.0613,1.0,0.7993,94,8,59,"[(284, 0.7993346452713013), (343, 0.73799729347229), (212, 0.6479315757751465), (232, 0.6265592575073242), (105, 0.6220241785049438)]"
431,6_revive,205,205,revived,0.7985,"[1379.7, 505.9, 1422.9, 661.8]",,,,,0.8703,0.75,0.0996,1.0,0.8703,94,8,72,"[(205, 0.8703473806381226), (90, 0.7707622647285461), (230, 0.7249523401260376), (302, 0.7183464765548706), (110, 0.7164875268936157)]"
431,6_new,41,371,margin_failed margin=0.004<0.03,0.7276,"[851.9, 503.2, 874.8, 572.1]",,,,,0.7782,0.7272,0.004,1.0,,94,8,61,"[(41, 0.7782032489776611), (103, 0.7742438316345215), (130, 0.7645764350891113), (352, 0.7511535882949829), (49, 0.7501884698867798)]"
431,6_revive,346,346,revived,0.7037,"[1027.3, 487.7, 1050.3, 555.2]",,,,,0.8627,0.75,0.1422,1.0,0.8627,94,8,31,"[(346, 0.8626733422279358), (57, 0.7204561233520508), (104, 0.713114857673645), (110, 0.7120897769927979), (47, 0.7118868827819824)]"
432,5,371,371,unconfirmed_update,0.791,"[857.9, 502.5, 880.9, 566.7]","[857.3, 502.7, 879.0, 567.7]",0.4595,0.5405,,,,,,,,6,,
432,6_revive,284,284,revived,0.8984,"[1584.9, 536.3, 1638.9, 705.4]",,,,,0.8136,0.7149,0.0756,1.0,0.8136,95,6,61,"[(284, 0.8136237263679504), (343, 0.7379738092422485), (105, 0.645135760307312), (212, 0.6409087181091309), (232, 0.6253654956817627)]"
432,6_revive,302,302,revived,0.7601,"[1455.3, 506.3, 1498.5, 666.9]",,,,,0.7832,0.75,0.0653,1.0,0.7832,95,6,30,"[(302, 0.7831935882568359), (205, 0.7179123163223267), (72, 0.7075964212417603), (104, 0.7062649726867676), (345, 0.695547342300415)]"
432,6_revive,346,346,revived,0.7568,"[1034.1, 489.4, 1055.7, 554.9]",,,,,0.814,0.75,0.0608,1.0,0.814,95,6,33,"[(346, 0.8139520287513733), (110, 0.7531589269638062), (25, 0.7388774156570435), (191, 0.7279260158538818), (104, 0.7208317518234253)]"
432,6_revive,205,205,revived,0.7393,"[1393.2, 502.2, 1439.1, 660.2]",,,,,0.8606,0.75,0.0999,1.0,0.8606,95,6,74,"[(205, 0.8606104850769043), (90, 0.7607507705688477), (302, 0.7159481048583984), (345, 0.7113376259803772), (230, 0.7033859491348267)]"
432,6_revive,183,183,revived,0.7039,"[1775.2, 576.5, 1845.5, 769.5]",,,,,0.8476,0.75,0.0618,1.0,0.8476,95,6,77,"[(183, 0.8475596904754639), (18, 0.7857811450958252), (19, 0.6799331307411194), (79, 0.6792060136795044), (16, 0.6608070731163025)]"
433,3,352,352,re_activate_from_lost,0.5846,"[852.5, 501.5, 871.4, 552.8]","[852.0, 501.6, 870.4, 552.6]",0.3807,0.6193,0.1162,,,,,,95,7,12,
433,6_revive,284,284,revived,0.9107,"[1598.4, 543.0, 1655.1, 710.8]",,,,,0.8276,0.7149,0.0871,1.0,0.8276,95,7,63,"[(284, 0.8275892734527588), (343, 0.7404521703720093), (105, 0.6440793871879578), (212, 0.6329944133758545), (232, 0.6015098690986633)]"
433,6_revive,346,346,revived,0.8003,"[1041.5, 489.7, 1063.1, 553.2]",,,,,0.8224,0.75,0.0883,1.0,0.8224,95,7,35,"[(346, 0.8223625421524048), (191, 0.7341119050979614), (110, 0.7270491123199463), (104, 0.716030478477478), (25, 0.7155921459197998)]"
433,6_new,269,372,margin_failed margin=0.013<0.03,0.7365,"[1123.9, 489.7, 1152.2, 582.2]",,,,,0.7503,0.7449,0.0129,1.0,,95,7,34,"[(269, 0.750289797782898), (346, 0.7373599410057068), (104, 0.7236589789390564), (345, 0.680875301361084), (64, 0.6719351410865784)]"
433,6_revive,205,205,revived,0.7236,"[1404.0, 506.3, 1452.6, 662.2]",,,,,0.8708,0.75,0.1307,1.0,0.8708,95,7,76,"[(205, 0.8707702159881592), (90, 0.7400773763656616), (302, 0.7377831339836121), (110, 0.7060590982437134), (104, 0.7044510245323181)]"
433,6_new,346,373,margin_failed margin=0.019<0.03,0.691,"[1199.5, 502.2, 1230.5, 604.8]",,,,,0.7719,0.75,0.0193,1.0,,95,7,36,"[(346, 0.7718719840049744), (104, 0.7525928020477295), (302, 0.6832011938095093), (369, 0.680189311504364), (41, 0.677016019821167)]"
434,5,372,372,unconfirmed_update,0.6244,"[1130.0, 490.7, 1158.3, 581.9]","[1128.9, 490.5, 1156.9, 581.9]",0.3607,0.6393,,,,,,,,6,,
434,6_revive,205,205,revived,0.9222,"[1425.6, 504.2, 1476.9, 679.1]",,,,,0.878,0.75,0.1868,1.0,0.878,95,6,78,"[(205, 0.8779628872871399), (90, 0.6911522150039673), (302, 0.6840545535087585), (230, 0.6722966432571411), (345, 0.6690256595611572)]"
434,6_revive,284,284,revived,0.918,"[1614.6, 542.0, 1671.3, 712.1]",,,,,0.8376,0.7149,0.1159,1.0,0.8376,95,6,65,"[(284, 0.8375886678695679), (343, 0.7216955423355103), (105, 0.6686595678329468), (212, 0.6667628288269043), (232, 0.6360187530517578)]"
434,6_revive,302,302,revived,0.8237,"[1479.6, 510.0, 1522.8, 674.7]",,,,,0.7763,0.75,0.076,1.0,0.7763,95,6,33,"[(302, 0.7762672901153564), (38, 0.7002313137054443), (68, 0.6994200944900513), (284, 0.6952171325683594), (7, 0.6886672377586365)]"
434,6_revive,346,346,revived,0.7788,"[1046.9, 489.0, 1068.5, 555.9]",,,,,0.8322,0.75,0.0679,1.0,0.8322,95,6,37,"[(346, 0.8322123289108276), (25, 0.7643470764160156), (191, 0.7541869878768921), (110, 0.7402456998825073), (14, 0.7396712303161621)]"
434,6_new,72,374,gate_failed sim=0.729<theta=0.750,0.7249,"[1510.7, 513.0, 1548.5, 650.0]",,,,,0.7287,0.75,0.0129,1.0,,95,6,30,"[(72, 0.7287436723709106), (343, 0.7158382534980774), (9, 0.7062058448791504), (7, 0.6893658638000488), (110, 0.688046932220459)]"
435,3,352,352,re_activate_from_lost,0.6473,"[862.0, 500.9, 883.6, 554.2]","[862.6, 501.1, 882.0, 554.0]",0.2288,0.7712,0.1373,,,,,,95,7,13,
435,5,374,374,unconfirmed_update,0.6377,"[1518.8, 514.7, 1562.0, 657.1]","[1518.7, 514.4, 1557.7, 655.7]",0.4503,0.5497,,,,,,,,7,,
435,6_new,368,375,margin_failed margin=0.012<0.03,0.7345,"[1052.3, 490.4, 1073.9, 555.9]",,,,,0.808,0.75,0.012,1.0,,95,7,10,"[(368, 0.8080254793167114), (346, 0.7960454225540161), (25, 0.7749066948890686), (191, 0.7426385879516602), (57, 0.7273377776145935)]"
435,6_revive,205,205,revived,0.9072,"[1437.8, 507.3, 1489.1, 682.8]",,,,,0.8985,0.75,0.1728,1.0,0.8985,95,7,80,"[(205, 0.898459792137146), (302, 0.7256382703781128), (90, 0.7032275199890137), (121, 0.6968746781349182), (104, 0.6925958395004272)]"
436,5,375,375,unconfirmed_update,0.7464,"[1059.1, 493.8, 1080.7, 557.9]","[1057.9, 493.1, 1079.1, 557.5]",0.5087,0.4913,,,,,,,,6,,
436,6_revive,205,205,revived,0.9248,"[1451.2, 509.6, 1499.9, 687.8]",,,,,0.9066,0.75,0.1792,1.0,0.9066,96,6,82,"[(205, 0.9065917730331421), (302, 0.7274298667907715), (121, 0.695462703704834), (90, 0.6919867396354675), (345, 0.6907780170440674)]"
436,6_revive,302,302,revived,0.8049,"[1495.8, 517.7, 1549.8, 684.5]",,,,,0.7805,0.75,0.0981,1.0,0.7805,96,6,36,"[(302, 0.7804751992225647), (38, 0.6823341846466064), (68, 0.6618250012397766), (105, 0.659442663192749), (7, 0.6578130722045898)]"
436,6_revive,259,259,revived,0.72,"[829.6, 504.9, 848.5, 558.2]",,,,,0.8794,0.75,0.0525,1.0,0.8794,96,6,21,"[(259, 0.8794265389442444), (103, 0.8269326686859131), (124, 0.8078453540802002), (34, 0.804445743560791), (232, 0.8032317161560059)]"
437,6_revive,205,205,revived,0.9112,"[1462.1, 508.3, 1513.4, 689.9]",,,,,0.9084,0.75,0.1513,1.0,0.9084,97,6,84,"[(205, 0.9084433913230896), (302, 0.757134735584259), (345, 0.7219265699386597), (90, 0.705054521560669), (121, 0.7041510343551636)]"
437,6_revive,302,302,revived,0.7444,"[1508.0, 513.7, 1562.0, 685.8]",,,,,0.8019,0.75,0.1274,1.0,0.8019,97,6,38,"[(302, 0.8018704652786255), (38, 0.6744316816329956), (184, 0.6591075658798218), (68, 0.6524407863616943), (7, 0.6460220813751221)]"
437,6_revive,284,284,revived,0.6955,"[1628.1, 512.7, 1684.8, 714.2]",,,,,0.7677,0.7149,0.0435,1.0,0.7677,97,6,69,"[(284, 0.7676517963409424), (184, 0.724179744720459), (72, 0.7076117992401123), (302, 0.7044975161552429), (105, 0.6905547380447388)]"
438,3,345,345,re_activate_from_lost,0.6546,"[1336.5, 506.3, 1374.3, 637.2]","[1336.1, 506.3, 1374.6, 637.6]",0.1642,0.8358,0.1075,,,,,,97,7,17,
438,3,372,372,re_activate_from_lost,0.6647,"[1156.3, 495.1, 1184.6, 587.6]","[1156.3, 494.7, 1184.7, 587.3]",0.0741,0.9259,0.3846,,,,,,97,7,2,
438,6_revive,205,205,revived,0.9239,"[1471.5, 511.0, 1522.8, 693.2]",,,,,0.8667,0.75,0.0971,1.0,0.8667,97,7,86,"[(205, 0.8667239546775818), (302, 0.7696090936660767), (345, 0.7223801016807556), (90, 0.7182883024215698), (230, 0.695578932762146)]"
438,6_revive,369,369,revived,0.7402,"[1268.3, 503.6, 1300.7, 618.3]",,,,,0.7789,0.75,0.0625,1.0,0.7789,97,7,11,"[(369, 0.778853714466095), (110, 0.7163467407226562), (191, 0.6818313598632812), (10, 0.6721839904785156), (105, 0.6681097745895386)]"
438,6_revive,302,302,revived,0.7092,"[1520.1, 516.4, 1574.1, 687.8]",,,,,0.8274,0.75,0.1311,1.0,0.8274,97,7,40,"[(302, 0.8274484276771545), (38, 0.696325421333313), (68, 0.6885368824005127), (184, 0.6752653121948242), (7, 0.6723420023918152)]"
439,6_revive,205,205,revived,0.9256,"[1483.7, 512.7, 1535.0, 697.3]",,,,,0.8765,0.75,0.0896,1.0,0.8765,97,5,88,"[(205, 0.876462459564209), (302, 0.7868219614028931), (345, 0.7433524131774902), (110, 0.7093960046768188), (90, 0.6816330552101135)]"
439,6_new,259,376,margin_failed margin=0.021<0.03,0.715,"[829.6, 501.2, 849.8, 557.9]",,,,,0.834,0.75,0.0213,1.0,,97,5,25,"[(259, 0.834006667137146), (34, 0.8126907348632812), (124, 0.8065085411071777), (103, 0.8031736612319946), (64, 0.7884429693222046)]"
439,6_revive,369,369,revived,0.7015,"[1277.8, 505.9, 1307.5, 621.3]",,,,,0.751,0.75,0.0473,1.0,0.751,97,5,13,"[(369, 0.7510495185852051), (10, 0.7037805914878845), (110, 0.7012157440185547), (18, 0.6964051723480225), (191, 0.6872900724411011)]"
439,6_new,41,377,margin_failed margin=0.020<0.03,0.6942,"[242.2, 505.9, 267.8, 578.1]",,,,,0.753,0.7272,0.0204,1.0,,97,5,61,"[(41, 0.7529739141464233), (103, 0.732529878616333), (47, 0.729500412940979), (110, 0.7249941825866699), (104, 0.7178040742874146)]"
439,6_revive,104,104,revived,0.6831,"[1240.7, 505.6, 1273.1, 615.6]",,,,,0.7745,0.65,0.0399,1.0,0.7745,97,5,168,"[(104, 0.7745025157928467), (346, 0.7346519231796265), (369, 0.7115842700004578), (302, 0.7042434215545654), (47, 0.6932128071784973)]"
440,5,377,377,unconfirmed_update,0.6207,"[243.5, 502.2, 269.2, 575.8]","[243.0, 502.9, 269.1, 576.2]",0.1687,0.8313,,,,,,,,6,,
440,6_revive,205,205,revived,0.939,"[1494.5, 516.4, 1545.8, 703.4]",,,,,0.8877,0.75,0.0897,1.0,0.8877,98,6,90,"[(205, 0.8877371549606323), (302, 0.7980362176895142), (345, 0.762370228767395), (90, 0.7175337076187134), (284, 0.7053925395011902)]"
440,6_new,205,378,gate_failed sim=0.713<theta=0.750,0.8599,"[1660.5, 519.4, 1719.9, 679.4]",,,,,0.7129,0.75,0.0084,1.0,,98,6,91,"[(205, 0.7129287123680115), (302, 0.7045445442199707), (110, 0.6971203088760376), (92, 0.685202956199646), (230, 0.6681082248687744)]"
440,6_new,205,379,gate_failed sim=0.712<theta=0.750,0.8078,"[1188.7, 494.8, 1219.7, 597.4]",,,,,0.7122,0.75,0.0038,1.0,,98,6,91,"[(205, 0.7122076749801636), (105, 0.7083859443664551), (90, 0.6974087953567505), (302, 0.6886378526687622), (14, 0.6824830770492554)]"
441,3,370,370,re_activate_from_lost,0.8071,"[868.1, 492.1, 888.3, 549.5]","[867.4, 492.5, 888.8, 549.3]",0.0861,0.9139,0.0971,,,,,,98,8,8,
441,5,378,378,unconfirmed_update,0.7194,"[1670.0, 515.0, 1729.4, 681.1]","[1667.2, 515.9, 1728.4, 680.7]",0.2975,0.7025,,,,,,,,8,,
441,5,379,379,unconfirmed_update,0.6406,"[1194.8, 495.5, 1224.5, 596.0]","[1193.2, 495.3, 1223.8, 596.3]",0.3139,0.6861,,,,,,,,8,,
441,6_revive,205,205,revived,0.9328,"[1503.9, 514.0, 1555.2, 702.0]",,,,,0.9026,0.75,0.1438,1.0,0.9026,99,8,92,"[(205, 0.9025942087173462), (345, 0.7587696313858032), (302, 0.7515923976898193), (90, 0.7150337100028992), (110, 0.6962383985519409)]"
441,6_new,369,380,margin_failed margin=0.027<0.03,0.7486,"[1290.6, 507.9, 1321.7, 622.0]",,,,,0.7573,0.75,0.0272,1.0,,99,8,16,"[(369, 0.7572931051254272), (10, 0.7300658226013184), (3, 0.710425853729248), (46, 0.7093840837478638), (191, 0.7085662484169006)]"
441,6_new,104,381,margin_failed margin=0.028<0.03,0.6951,"[1246.7, 505.2, 1285.9, 619.3]",,,,,0.7509,0.65,0.0279,1.0,,99,8,169,"[(104, 0.7509244680404663), (369, 0.7230191826820374), (302, 0.706049919128418), (375, 0.6951018571853638), (27, 0.6926681995391846)]"
442,3,377,377,re_activate_from_lost,0.5928,"[244.4, 503.9, 269.3, 574.8]","[244.1, 503.8, 269.3, 574.9]",0.131,0.869,0.4849,,,,,,99,6,0,
442,5,380,380,unconfirmed_update,0.7476,"[1294.0, 508.6, 1329.1, 625.4]","[1294.6, 508.5, 1326.3, 624.7]",0.303,0.697,,,,,,,,6,,
442,5,381,381,unconfirmed_update,0.6047,"[1256.2, 509.6, 1292.6, 621.7]","[1253.5, 508.7, 1292.1, 621.2]",0.3845,0.6155,,,,,,,,6,,
442,6_revive,205,205,revived,0.9449,"[1514.7, 517.7, 1568.7, 708.8]",,,,,0.8987,0.75,0.1421,1.0,0.8987,99,6,94,"[(205, 0.8986505270004272), (345, 0.7565549612045288), (302, 0.7549852132797241), (110, 0.7076083421707153), (90, 0.7005590200424194)]"
443,6_revive,205,205,revived,0.9165,"[1524.2, 518.1, 1578.2, 710.8]",,,,,0.8975,0.75,0.1547,1.0,0.8975,99,5,96,"[(205, 0.8974601626396179), (302, 0.7428072094917297), (345, 0.725983738899231), (110, 0.705893874168396), (90, 0.6971532106399536)]"
444,3,374,374,re_activate_from_lost,0.5934,"[1602.5, 529.5, 1653.8, 691.9]","[1605.4, 529.5, 1650.9, 691.2]",0.4081,0.5919,0.6488,,,,,,99,6,2,
444,3,237,237,re_activate_from_lost,0.7574,"[1422.9, 519.8, 1474.2, 696.6]","[1420.1, 520.1, 1480.7, 696.1]",0.652,0.348,0.7364,,,,,,99,6,57,
444,6_revive,205,205,revived,0.951,"[1533.6, 518.1, 1587.6, 714.8]",,,,,0.9007,0.75,0.1606,1.0,0.9007,99,6,98,"[(205, 0.9006843566894531), (302, 0.7401018142700195), (345, 0.7224980592727661), (90, 0.6963821649551392), (110, 0.6895942687988281)]"
445,3,377,377,re_activate_from_lost,0.5976,"[243.7, 502.2, 268.0, 578.5]","[242.3, 502.6, 269.1, 578.4]",0.1742,0.8258,0.5065,,,,,,99,6,1,
445,3,381,381,re_activate_from_lost,0.6396,"[1267.7, 510.0, 1310.9, 623.4]","[1269.1, 509.9, 1308.2, 623.3]",0.2457,0.7543,0.5176,,,,,,99,6,1,
445,6_revive,212,212,revived,0.9284,"[1641.6, 529.2, 1730.7, 734.4]",,,,,0.8452,0.75,0.11,1.0,0.8452,99,6,77,"[(212, 0.8452022075653076), (110, 0.7351658344268799), (284, 0.7224098443984985), (191, 0.6771574020385742), (107, 0.664840579032898)]"
445,6_revive,205,205,revived,0.9114,"[1543.1, 518.7, 1602.5, 714.8]",,,,,0.8938,0.75,0.1366,1.0,0.8938,99,6,100,"[(205, 0.8938324451446533), (302, 0.7571969032287598), (345, 0.7515960931777954), (90, 0.714798092842102), (284, 0.6861706376075745)]"
445,6_new,103,382,margin_failed margin=0.009<0.03,0.7377,"[212.6, 505.6, 241.0, 578.5]",,,,,0.7569,0.65,0.009,1.0,,99,6,197,"[(103, 0.7569437026977539), (41, 0.7479397058486938), (34, 0.7396003007888794), (105, 0.73810875415802), (124, 0.7291268706321716)]"
446,5,382,382,unconfirmed_update,0.6861,"[213.3, 507.3, 241.0, 579.5]","[213.0, 506.9, 241.1, 579.3]",0.0592,0.9408,,,,,,,,5,,
446,6_revive,205,205,revived,0.9222,"[1551.2, 519.8, 1610.6, 717.5]",,,,,0.904,0.75,0.1421,1.0,0.904,100,5,102,"[(205, 0.9039954543113708), (345, 0.761847734451294), (302, 0.7416356205940247), (90, 0.7101520895957947), (284, 0.7015920281410217)]"
446,6_revive,314,314,revived,0.709,"[980.8, 516.0, 1002.4, 568.0]",,,,,0.8169,0.75,0.0466,1.0,0.8169,100,5,33,"[(314, 0.8168628215789795), (16, 0.7702767848968506), (41, 0.761981725692749), (259, 0.7612579464912415), (13, 0.756261944770813)]"
446,6_new,212,383,margin_failed margin=0.019<0.03,0.7027,"[1655.1, 533.9, 1719.9, 714.8]",,,,,0.7824,0.75,0.019,1.0,,100,5,79,"[(212, 0.7823838591575623), (110, 0.7633564472198486), (105, 0.7367529273033142), (191, 0.7324768304824829), (345, 0.7295393943786621)]"
447,3,378,378,re_activate_from_lost,0.9309,"[1667.2, 522.1, 1764.5, 741.8]","[1684.4, 526.1, 1766.3, 747.7]",0.7342,0.2658,0.7526,,,,,,100,6,4,
447,6_revive,205,205,revived,0.9053,"[1559.2, 520.4, 1624.1, 720.9]",,,,,0.9032,0.75,0.1265,1.0,0.9032,102,6,104,"[(205, 0.9032154083251953), (345, 0.7767279148101807), (302, 0.756348729133606), (284, 0.7180725932121277), (90, 0.7030683159828186)]"
447,6_new,103,384,margin_failed margin=0.015<0.03,0.7284,"[743.2, 477.9, 759.4, 509.6]",,,,,0.8539,0.65,0.015,1.0,,102,6,199,"[(103, 0.8538740873336792), (34, 0.8388680815696716), (119, 0.832726240158081), (68, 0.820581316947937), (8, 0.8130135536193848)]"
447,6_new,205,385,gate_failed sim=0.707<theta=0.750,0.6931,"[1248.1, 497.1, 1284.5, 609.2]",,,,,0.7068,0.75,0.0135,1.0,,102,6,105,"[(205, 0.7067952156066895), (302, 0.693260908126831), (110, 0.6834539175033569), (105, 0.6806484460830688), (104, 0.6663005948066711)]"
448,5,384,384,unconfirmed_update,0.7016,"[747.2, 478.9, 760.7, 510.0]","[745.5, 478.7, 761.4, 509.9]",0.3336,0.6664,,,,,,,,8,,
448,6_revive,314,314,revived,0.7658,"[988.9, 517.7, 1010.5, 569.7]",,,,,0.8062,0.75,0.0605,1.0,0.8062,103,8,36,"[(314, 0.8062366247177124), (13, 0.7457799911499023), (119, 0.73630690574646), (259, 0.736088752746582), (41, 0.73429274559021)]"
449,3,191,191,re_activate_from_lost,0.881,"[1526.9, 521.8, 1583.6, 716.2]","[1527.7, 522.3, 1583.0, 715.8]",0.1441,0.8559,0.2459,,,,,,103,8,80,
449,3,382,382,re_activate_from_lost,0.6064,"[214.3, 507.6, 242.3, 580.5]","[213.9, 507.6, 242.2, 580.5]",0.3345,0.6655,0.5964,,,,,,103,8,0,
449,6_new,302,386,margin_failed margin=0.008<0.03,0.8242,"[1603.8, 532.9, 1671.3, 726.3]",,,,,0.8046,0.75,0.0082,1.0,,103,8,52,"[(302, 0.8045607805252075), (205, 0.7963657975196838), (345, 0.7329035401344299), (90, 0.6768703460693359), (284, 0.6728860139846802)]"
449,6_revive,314,314,revived,0.693,"[992.3, 517.4, 1012.5, 569.4]",,,,,0.8258,0.75,0.0818,1.0,0.8258,103,8,38,"[(314, 0.8257944583892822), (364, 0.7440005540847778), (13, 0.7382082939147949), (41, 0.7351399064064026), (119, 0.7337075471878052)]"
449,6_new,345,387,gate_failed sim=0.748<theta=0.750,0.7956,"[1462.1, 529.2, 1502.6, 678.4]",,,,,0.7476,0.75,0.0001,1.0,,103,8,29,"[(345, 0.7475839853286743), (378, 0.7474477291107178), (41, 0.7316761612892151), (284, 0.7284501791000366), (302, 0.709506630897522)]"
450,3,259,259,re_activate_from_lost,0.6922,"[873.5, 506.6, 892.4, 562.6]","[872.7, 506.5, 893.2, 563.3]",0.2692,0.7308,0.0513,,,,,,103,6,32,
450,5,387,387,unconfirmed_update,0.8418,"[1471.5, 527.9, 1514.7, 677.7]","[1470.6, 528.1, 1511.3, 677.8]",0.4166,0.5834,,,,,,,,6,,
450,6_revive,314,314,revived,0.6942,"[997.7, 515.0, 1016.6, 569.7]",,,,,0.835,0.75,0.0522,1.0,0.835,103,6,40,"[(314, 0.8350492715835571), (259, 0.7828477621078491), (13, 0.776872992515564), (364, 0.769573450088501), (119, 0.7653449773788452)]"
450,6_new,378,388,gate_failed sim=0.750<theta=0.750,0.7402,"[1769.9, 519.8, 1823.9, 702.0]",,,,,0.7497,0.75,0.0017,1.0,,103,6,8,"[(378, 0.7496695518493652), (284, 0.7479673624038696), (212, 0.7421793341636658), (170, 0.6851111650466919), (110, 0.6753498315811157)]"
451,6_revive,314,314,revived,0.7165,"[999.0, 517.7, 1020.6, 573.8]",,,,,0.8168,0.75,0.0635,1.0,0.8168,103,4,42,"[(314, 0.8168359994888306), (259, 0.753320574760437), (364, 0.7489378452301025), (41, 0.7464747428894043), (13, 0.7392126321792603)]"
452,6_revive,212,212,revived,0.8066,"[1792.8, 517.0, 1852.2, 720.2]",,,,,0.813,0.75,0.0349,1.0,0.813,103,7,85,"[(212, 0.8130234479904175), (284, 0.7780765295028687), (378, 0.7694259285926819), (343, 0.7195212841033936), (191, 0.7174079418182373)]"
452,6_new,7,389,margin_failed margin=0.015<0.03,0.7961,"[1595.7, 520.4, 1649.7, 714.2]",,,,,0.6991,0.65,0.0146,1.0,,103,7,118,"[(7, 0.6990599632263184), (124, 0.6844711899757385), (68, 0.6839117407798767), (34, 0.6773781180381775), (230, 0.6749140024185181)]"
452,6_new,314,390,margin_failed margin=0.010<0.03,0.7385,"[1001.0, 516.4, 1022.6, 571.1]",,,,,0.797,0.75,0.0101,1.0,,103,7,44,"[(314, 0.7969602346420288), (41, 0.7868599891662598), (57, 0.7652417421340942), (13, 0.7494528293609619), (259, 0.7489935755729675)]"
453,3,381,381,re_activate_from_lost,0.6273,"[1302.1, 494.8, 1342.6, 624.4]","[1302.4, 497.4, 1346.8, 624.8]",0.622,0.378,0.7629,,,,,,103,9,7,
453,5,389,389,unconfirmed_update,0.906,"[1607.9, 520.4, 1661.9, 716.9]","[1605.1, 520.4, 1659.7, 716.3]",0.3745,0.6255,,,,,,,,9,,
453,5,390,390,unconfirmed_update,0.6606,"[1004.4, 515.0, 1026.0, 572.4]","[1003.3, 515.3, 1025.7, 572.1]",0.3002,0.6998,,,,,,,,9,,
454,6_revive,371,371,revived,0.7096,"[948.4, 510.3, 970.0, 569.0]",,,,,0.8763,0.75,0.0666,1.0,0.8763,103,9,22,"[(371, 0.8762509822845459), (103, 0.8096256256103516), (259, 0.8046889305114746), (130, 0.8022629022598267), (49, 0.7994277477264404)]"
454,6_new,41,391,margin_failed margin=0.018<0.03,0.8155,"[1643.0, 517.4, 1699.7, 732.4]",,,,,0.7307,0.7272,0.0183,1.0,,103,9,61,"[(41, 0.730688750743866), (205, 0.7123789191246033), (110, 0.7117336988449097), (168, 0.7087448239326477), (57, 0.7050408124923706)]"
455,3,205,205,re_activate_from_lost,0.8905,"[1657.8, 522.1, 1719.9, 740.5]","[1661.5, 523.1, 1725.5, 740.6]",0.7573,0.2427,0.7839,,,,,,103,10,109,
455,6_revive,212,212,revived,0.7562,"[1842.8, 519.4, 1899.5, 716.2]",,,,,0.8129,0.75,0.0327,1.0,0.8129,104,10,89,"[(212, 0.8128730058670044), (378, 0.7801591753959656), (284, 0.776511013507843), (191, 0.7382239699363708), (110, 0.7302393913269043)]"
456,3,390,390,re_activate_from_lost,0.6497,"[1015.9, 515.7, 1037.5, 571.1]","[1016.0, 516.2, 1037.9, 571.5]",0.318,0.682,0.5569,,,,,,104,11,1,
457,3,374,374,re_activate_from_lost,0.6248,"[1717.2, 523.8, 1773.9, 737.1]","[1716.2, 524.4, 1775.4, 736.7]",0.5343,0.4657,0.7091,,,,,,104,12,3,
457,3,372,372,re_activate_from_lost,0.6827,"[1248.1, 499.8, 1284.5, 603.1]","[1249.0, 499.9, 1283.5, 603.0]",0.0762,0.9238,0.0297,,,,,,104,12,20,
457,3,379,379,re_activate_from_lost,0.5899,"[1275.8, 495.1, 1310.9, 608.5]","[1276.4, 495.3, 1311.3, 608.2]",0.1423,0.8577,0.0337,,,,,,104,12,14,
457,6_new,103,392,margin_failed margin=0.026<0.03,0.8033,"[578.8, 496.8, 598.4, 552.2]",,,,,0.8243,0.65,0.0264,1.0,,104,12,209,"[(103, 0.8242545127868652), (92, 0.7978405952453613), (362, 0.7938363552093506), (8, 0.7921388149261475), (119, 0.7882970571517944)]"
457,6_revive,212,212,revived,0.7334,"[1872.5, 518.4, 1929.2, 704.7]",,,,,0.7779,0.75,0.0319,1.0,0.7779,104,12,92,"[(212, 0.7778846025466919), (284, 0.7460271716117859), (378, 0.7411675453186035), (343, 0.7145053148269653), (168, 0.6895753145217896)]"
458,3,302,302,re_activate_from_lost,0.8812,"[1761.8, 531.9, 1815.8, 741.2]","[1756.8, 532.6, 1821.7, 740.6]",0.1854,0.8146,0.1307,,,,,,104,11,57,
458,5,392,392,unconfirmed_update,0.703,"[581.9, 498.8, 602.1, 552.8]","[581.7, 498.4, 600.9, 552.7]",0.3191,0.6809,,,,,,,,11,,
458,6_new,104,393,margin_failed margin=0.001<0.03,0.8671,"[152.6, 528.5, 186.6, 613.6]",,,,,0.682,0.65,0.0008,1.0,,106,11,169,"[(104, 0.6819671988487244), (368, 0.6811224222183228), (10, 0.6783136129379272), (72, 0.6649130582809448), (191, 0.6642172336578369)]"
458,6_revive,371,371,revived,0.6905,"[961.2, 514.0, 984.2, 574.1]",,,,,0.8414,0.75,0.0381,1.0,0.8414,106,11,27,"[(371, 0.8413919806480408), (130, 0.8032475709915161), (103, 0.7816600203514099), (41, 0.781078577041626), (47, 0.7793399095535278)]"
459,5,393,393,unconfirmed_update,0.8763,"[150.9, 530.9, 187.1, 614.6]","[152.3, 530.4, 186.0, 614.4]",0.0958,0.9042,,,,,,,,10,,
460,3,378,378,re_activate_from_lost,0.7698,"[1841.4, 535.6, 1911.6, 747.2]","[1837.2, 536.5, 1913.1, 746.0]",0.3435,0.6565,0.4946,,,,,,107,12,14,
460,3,392,392,re_activate_from_lost,0.7074,"[586.2, 498.8, 607.2, 554.2]","[586.5, 498.9, 606.1, 554.1]",0.351,0.649,0.5409,,,,,,107,12,0,
460,6_new,237,394,gate_failed sim=0.720<theta=0.741,0.7465,"[1633.5, 506.3, 1679.4, 689.2]",,,,,0.7203,0.7412,0.0254,1.0,,107,12,74,"[(237, 0.7202908992767334), (230, 0.6949081420898438), (378, 0.6914142966270447), (7, 0.6876665353775024), (184, 0.6781994700431824)]"
460,6_new,371,395,margin_failed margin=0.018<0.03,0.7189,"[652.7, 497.5, 671.0, 548.8]",,,,,0.8318,0.75,0.0182,1.0,,107,12,30,"[(371, 0.8317540884017944), (41, 0.8135786056518555), (49, 0.7773879766464233), (103, 0.7755571603775024), (109, 0.7596828937530518)]"
460,6_new,368,396,gate_failed sim=0.706<theta=0.750,0.704,"[162.5, 520.1, 192.5, 597.7]",,,,,0.7063,0.75,0.0008,1.0,,107,12,35,"[(368, 0.7063076496124268), (104, 0.7055068016052246), (191, 0.6870610117912292), (72, 0.6854820251464844), (34, 0.6814936399459839)]"
461,3,259,259,re_activate_from_lost,0.7563,"[909.9, 501.9, 930.2, 563.3]","[909.0, 502.0, 930.7, 563.3]",0.6029,0.3971,0.6997,,,,,,107,11,33,
461,3,381,381,re_activate_from_lost,0.7036,"[1352.7, 507.3, 1397.2, 630.8]","[1352.6, 506.5, 1396.0, 630.2]",0.5598,0.4402,0.6903,,,,,,107,11,8,
461,3,374,374,re_activate_from_lost,0.6214,"[1767.2, 525.5, 1826.6, 733.1]","[1765.0, 525.2, 1822.8, 735.4]",0.375,0.625,0.0775,,,,,,107,11,6,
461,5,395,395,unconfirmed_update,0.8467,"[655.8, 496.1, 672.6, 546.1]","[654.8, 496.4, 672.6, 546.6]",0.2901,0.7099,,,,,,,,11,,
461,5,396,396,unconfirmed_update,0.7226,"[162.1, 520.1, 192.7, 599.1]","[162.2, 520.1, 192.7, 598.8]",0.036,0.964,,,,,,,,11,,
461,6_revive,25,25,revived,0.6959,"[1242.0, 493.8, 1277.1, 597.0]",,,,,0.7518,0.65,0.0438,1.0,0.7518,107,11,134,"[(25, 0.7518316507339478), (124, 0.708078145980835), (27, 0.7065151929855347), (314, 0.6950623989105225), (79, 0.6756080389022827)]"
462,5,25,25,unconfirmed_update,0.6877,"[1250.8, 494.1, 1283.2, 597.4]","[1248.0, 494.0, 1283.0, 597.3]",0.3641,0.6359,,,,,,,,9,,
463,3,392,392,re_activate_from_lost,0.7033,"[591.3, 496.1, 612.2, 554.2]","[591.5, 496.4, 612.1, 554.2]",0.1133,0.8867,0.3764,,,,,,107,9,1,
463,3,259,259,re_activate_from_lost,0.7828,"[918.7, 504.6, 937.6, 563.3]","[917.4, 503.8, 938.1, 563.2]",0.1997,0.8003,0.0908,,,,,,107,9,34,
463,6_revive,232,232,revived,0.7696,"[123.0, 502.5, 147.7, 564.6]",,,,,0.7896,0.75,0.0401,1.0,0.7896,107,9,85,"[(232, 0.7895821928977966), (371, 0.7494323253631592), (259, 0.7469922304153442), (25, 0.7306321263313293), (41, 0.7255045175552368)]"
464,3,381,381,re_activate_from_lost,0.5898,"[1389.2, 514.4, 1437.8, 641.2]","[1389.2, 514.3, 1434.9, 640.4]",0.2612,0.7388,0.0612,,,,,,107,10,10,
464,6_new,232,397,margin_failed margin=0.027<0.03,0.834,"[123.0, 501.2, 148.2, 564.0]",,,,,0.7811,0.75,0.0269,1.0,,108,10,87,"[(232, 0.7811196446418762), (259, 0.7541723847389221), (25, 0.7456101179122925), (371, 0.7387064695358276), (49, 0.729198157787323)]"
464,6_revive,237,237,revived,0.7771,"[1667.2, 506.6, 1721.2, 690.2]",,,,,0.7791,0.7412,0.079,1.0,0.7791,108,10,78,"[(237, 0.7791007161140442), (205, 0.7000916004180908), (14, 0.6710002422332764), (345, 0.6634300351142883), (378, 0.6542203426361084)]"
464,6_revive,269,269,revived,0.7006,"[1501.2, 519.8, 1555.2, 683.1]",,,,,0.8657,0.7449,0.1128,1.0,0.8657,108,10,65,"[(269, 0.8657349348068237), (346, 0.752892017364502), (372, 0.7099332809448242), (104, 0.662689208984375), (387, 0.6444857120513916)]"
465,3,392,392,re_activate_from_lost,0.6256,"[595.4, 499.2, 615.6, 554.5]","[595.5, 498.6, 615.4, 554.5]",0.0844,0.9156,0.4272,,,,,,108,10,2,
465,5,397,397,unconfirmed_update,0.8523,"[122.3, 502.2, 147.8, 565.7]","[122.5, 502.0, 147.9, 565.3]",0.0788,0.9212,,,,,,,,10,,
465,6_revive,237,237,revived,0.7356,"[1680.8, 505.9, 1734.8, 699.3]",,,,,0.7843,0.7412,0.072,1.0,0.7843,108,10,80,"[(237, 0.7842814922332764), (14, 0.7123264670372009), (83, 0.7038010358810425), (205, 0.6901357173919678), (107, 0.6837714910507202)]"
465,6_revive,269,269,revived,0.7306,"[1503.9, 522.1, 1557.9, 687.5]",,,,,0.8277,0.7449,0.0857,1.0,0.8277,108,10,67,"[(269, 0.8277016878128052), (346, 0.7420388460159302), (372, 0.7404577732086182), (104, 0.6757891774177551), (387, 0.6637277007102966)]"
466,3,396,396,re_activate_from_lost,0.6111,"[158.7, 513.0, 190.0, 588.6]","[160.7, 514.1, 189.4, 587.8]",0.4392,0.5608,0.6573,,,,,,108,10,3,
466,6_revive,237,237,revived,0.8445,"[1684.8, 511.0, 1744.2, 701.3]",,,,,0.7572,0.7412,0.0674,1.0,0.7572,109,10,82,"[(237, 0.7572199106216431), (205, 0.6898428201675415), (345, 0.6759636402130127), (83, 0.668185830116272), (14, 0.6616999506950378)]"
466,6_revive,237,237,revived,0.7234,"[1665.9, 529.9, 1728.0, 716.9]",,,,,0.7717,0.7412,0.0534,1.0,0.7717,109,10,83,"[(237, 0.7717249989509583), (168, 0.7183536291122437), (14, 0.7121290564537048), (205, 0.709418773651123), (387, 0.6945788860321045)]"
467,6_revive,237,237,revived,0.9494,"[1682.1, 536.0, 1779.3, 763.4]",,,,,0.7519,0.7412,0.0683,1.0,0.7519,110,9,85,"[(237, 0.751905083656311), (83, 0.6835767030715942), (4, 0.6788011789321899), (205, 0.6787403225898743), (168, 0.6765113472938538)]"
467,6_new,284,398,margin_failed margin=0.003<0.03,0.7336,"[1494.5, 558.2, 1548.5, 652.1]","[2051.3, 564.8, 2127.0, 818.1]",1.0,0.0,,0.7551,0.7149,0.0027,1.0,,110,9,89,"[(284, 0.7550506591796875), (378, 0.7523924708366394), (9, 0.7509509921073914), (302, 0.7338407039642334), (7, 0.7314695715904236)]"
467,6_new,237,399,margin_failed margin=0.027<0.03,0.7308,"[1676.7, 539.3, 1738.8, 713.5]",,,,,0.7557,0.7412,0.0274,1.0,,110,9,86,"[(237, 0.7557037472724915), (387, 0.7283055782318115), (14, 0.7147968411445618), (127, 0.7037509679794312), (205, 0.7016077637672424)]"
467,6_revive,381,381,revived,0.6882,"[1410.8, 520.4, 1459.4, 646.0]",,,,,0.8702,0.75,0.1178,1.0,0.8702,110,9,14,"[(381, 0.8702102899551392), (369, 0.7523845434188843), (110, 0.6688623428344727), (104, 0.6683584451675415), (346, 0.661034345626831)]"
468,5,398,398,unconfirmed_update,0.7844,"[1498.5, 559.2, 1555.2, 655.1]","[1498.3, 559.0, 1553.2, 654.5]",0.2096,0.7904,,,,,,,,10,,
468,5,399,399,unconfirmed_update,0.907,"[1692.9, 546.4, 1752.3, 729.0]","[1687.4, 545.0, 1751.9, 725.9]",0.452,0.548,,,,,,,,10,,
468,6_new,237,400,gate_failed sim=0.728<theta=0.741,0.8518,"[1705.1, 511.7, 1764.5, 707.4]",,,,,0.7276,0.7412,0.0342,1.0,,110,10,87,"[(237, 0.7276487350463867), (205, 0.6934124231338501), (168, 0.6668241024017334), (345, 0.6656447649002075), (374, 0.656549870967865)]"
468,6_new,259,401,margin_failed margin=0.001<0.03,0.7427,"[920.0, 510.0, 938.9, 566.7]",,,,,0.8662,0.75,0.0005,1.0,,110,10,40,"[(259, 0.866186797618866), (314, 0.86566162109375), (124, 0.8624435663223267), (34, 0.8529102802276611), (25, 0.843330979347229)]"
468,6_revive,381,381,revived,0.718,"[1416.2, 522.8, 1467.5, 646.3]",,,,,0.8631,0.75,0.1204,1.0,0.8631,110,10,16,"[(381, 0.8631469011306763), (369, 0.7427122592926025), (110, 0.6581196784973145), (104, 0.6554559469223022), (368, 0.6544541120529175)]"
468,6_new,237,402,gate_failed sim=0.705<theta=0.741,0.6963,"[1383.8, 504.6, 1424.2, 628.1]",,,,,0.7049,0.7412,0.0057,1.0,,110,10,87,"[(237, 0.7048585414886475), (30, 0.699205219745636), (284, 0.6952467560768127), (378, 0.6876074075698853), (212, 0.6820271015167236)]"
469,5,400,400,unconfirmed_update,0.6864,"[1715.9, 513.7, 1778.0, 706.7]","[1715.1, 513.3, 1773.9, 706.9]",0.3408,0.6592,,,,,,,,11,,
469,5,401,401,unconfirmed_update,0.6647,"[924.1, 513.3, 941.6, 564.0]","[923.5, 512.7, 940.8, 564.5]",0.3778,0.6222,,,,,,,,11,,
469,5,402,402,unconfirmed_update,0.7173,"[1387.8, 504.2, 1428.3, 631.1]","[1386.6, 504.3, 1427.9, 630.5]",0.2017,0.7983,,,,,,,,11,,
469,6_revive,269,269,revived,0.7123,"[1594.4, 506.3, 1653.8, 694.6]",,,,,0.7983,0.7449,0.0859,1.0,0.7983,110,11,72,"[(269, 0.7982553243637085), (387, 0.7123810052871704), (104, 0.7107757925987244), (168, 0.7004388570785522), (346, 0.6811193227767944)]"
470,6_new,79,403,margin_failed margin=0.020<0.03,0.7362,"[71.0, 506.6, 110.8, 607.2]",,,,,0.716,0.6899,0.0203,1.0,,111,12,128,"[(79, 0.7159850597381592), (109, 0.695705771446228), (103, 0.6954890489578247), (34, 0.6807262301445007), (16, 0.6778707504272461)]"
471,3,395,395,re_activate_from_lost,0.7234,"[674.0, 492.1, 693.9, 547.4]","[674.0, 492.0, 693.5, 547.3]",0.1392,0.8608,0.0608,,,,,,111,14,7,
471,3,401,401,re_activate_from_lost,0.6958,"[927.5, 511.0, 946.4, 564.3]","[928.0, 511.1, 945.7, 564.3]",0.1265,0.8735,0.3922,,,,,,111,14,0,
471,5,403,403,unconfirmed_update,0.7906,"[71.0, 505.9, 106.6, 609.2]","[68.9, 506.0, 109.5, 608.8]",0.1279,0.8721,,,,,,,,14,,
471,6_new,372,404,gate_failed sim=0.679<theta=0.750,0.8046,"[1564.7, 567.0, 1613.2, 708.1]",,,,,0.6794,0.75,0.0065,1.0,,111,14,35,"[(372, 0.6793996095657349), (269, 0.6729427576065063), (23, 0.6589457988739014), (104, 0.6478501558303833), (346, 0.6378051042556763)]"
472,5,404,404,unconfirmed_update,0.7419,"[1579.5, 574.4, 1625.4, 712.1]","[1575.9, 572.9, 1623.6, 711.3]",0.4795,0.5205,,,,,,,,13,,
472,6_new,25,405,margin_failed margin=0.018<0.03,0.6997,"[1296.7, 500.2, 1329.1, 604.1]",,,,,0.7556,0.65,0.0184,1.0,,111,13,135,"[(25, 0.7555660605430603), (109, 0.7371181845664978), (124, 0.7148642539978027), (122, 0.6999951004981995), (16, 0.6934906244277954)]"
473,5,405,405,unconfirmed_update,0.6634,"[1302.1, 501.2, 1335.8, 605.8]","[1301.4, 501.0, 1334.0, 605.5]",0.3254,0.6746,,,,,,,,13,,
473,6_new,72,406,gate_failed sim=0.706<theta=0.750,0.758,"[1312.9, 500.5, 1349.3, 615.9]",,,,,0.7063,0.75,0.0014,1.0,,113,13,30,"[(72, 0.706299901008606), (25, 0.7049146890640259), (396, 0.6805204153060913), (124, 0.6690165996551514), (122, 0.6648856401443481)]"
473,6_revive,381,381,revived,0.7374,"[1440.5, 509.0, 1483.7, 648.7]",,,,,0.7896,0.75,0.0773,1.0,0.7896,113,13,22,"[(381, 0.7895842790603638), (68, 0.7122744917869568), (16, 0.6928606629371643), (184, 0.6908059120178223), (79, 0.6863806843757629)]"
474,6_revive,381,381,revived,0.7378,"[1448.6, 504.9, 1494.5, 651.4]",,,,,0.8105,0.75,0.1086,1.0,0.8105,114,14,24,"[(381, 0.8105384111404419), (68, 0.701927661895752), (72, 0.6991413831710815), (16, 0.6964112520217896), (105, 0.6929833889007568)]"
475,3,392,392,re_activate_from_lost,0.732,"[617.6, 494.4, 637.9, 547.8]","[618.1, 494.4, 637.3, 547.8]",0.2728,0.7272,0.4677,,,,,,114,16,3,
475,3,395,395,re_activate_from_lost,0.6906,"[684.5, 489.4, 703.4, 544.0]","[684.2, 489.2, 703.5, 544.1]",0.0779,0.9221,0.0467,,,,,,114,16,9,
475,6_revive,381,381,revived,0.7949,"[1460.7, 507.3, 1501.2, 642.9]",,,,,0.7645,0.75,0.0999,1.0,0.7645,115,16,26,"[(381, 0.7645260095596313), (79, 0.6646639108657837), (105, 0.6631564497947693), (230, 0.6621557474136353), (16, 0.6602299213409424)]"
476,6_revive,269,269,revived,0.749,"[1632.2, 537.3, 1702.4, 729.7]",,,,,0.7866,0.7449,0.0454,1.0,0.7866,116,15,80,"[(269, 0.7865637540817261), (372, 0.741184413433075), (346, 0.7053804397583008), (104, 0.6572412252426147), (387, 0.6113120317459106)]"
476,6_new,381,407,margin_failed margin=0.005<0.03,0.7367,"[1489.1, 516.7, 1535.0, 665.2]",,,,,0.821,0.75,0.0051,1.0,,116,15,28,"[(381, 0.8209574818611145), (369, 0.815808117389679), (110, 0.6676032543182373), (104, 0.6492615342140198), (105, 0.6468905210494995)]"
476,6_revive,402,402,revived,0.709,"[1422.9, 510.0, 1458.0, 634.8]",,,,,0.8061,0.75,0.1185,1.0,0.8061,116,15,7,"[(402, 0.8060940504074097), (302, 0.6875801682472229), (284, 0.6852273941040039), (105, 0.6704174280166626), (68, 0.6686172485351562)]"
477,3,396,396,re_activate_from_lost,0.6203,"[152.6, 497.1, 180.1, 582.2]","[150.9, 498.1, 182.8, 583.2]",0.3906,0.6094,0.069,,,,,,116,17,11,
477,3,395,395,re_activate_from_lost,0.5954,"[686.8, 490.4, 706.1, 545.1]","[687.1, 490.3, 706.3, 545.0]",0.1451,0.8549,0.0656,,,,,,116,17,10,
477,5,407,407,unconfirmed_update,0.7499,"[1495.8, 518.7, 1544.4, 671.3]","[1495.0, 518.3, 1541.9, 670.1]",0.325,0.675,,,,,,,,17,,
477,6_new,25,408,margin_failed margin=0.020<0.03,0.7853,"[1325.0, 500.5, 1357.4, 607.8]",,,,,0.7842,0.65,0.0197,1.0,,117,17,135,"[(25, 0.7841591238975525), (109, 0.7644339203834534), (124, 0.7551770806312561), (314, 0.7312988042831421), (16, 0.7274560332298279)]"
477,6_new,404,409,margin_failed margin=0.009<0.03,0.6843,"[1653.8, 537.0, 1715.9, 720.9]",,,,,0.7754,0.75,0.0085,1.0,,117,17,5,"[(404, 0.7753826379776001), (269, 0.766865611076355), (372, 0.7198209762573242), (346, 0.66328364610672), (104, 0.6471557021141052)]"
478,5,408,408,unconfirmed_update,0.6216,"[1331.1, 499.8, 1363.5, 607.2]","[1329.9, 500.0, 1362.3, 607.3]",0.323,0.677,,,,,,,,14,,
478,5,409,409,unconfirmed_update,0.8045,"[1670.0, 536.0, 1726.7, 723.6]","[1664.1, 536.2, 1727.1, 723.1]",0.3801,0.6199,,,,,,,,14,,
479,3,396,396,re_activate_from_lost,0.6284,"[152.8, 500.5, 178.9, 586.9]","[149.4, 500.2, 181.0, 586.3]",0.2283,0.7717,0.5151,,,,,,118,16,12,
481,3,362,362,re_activate_from_lost,0.8507,"[943.0, 504.9, 967.3, 574.4]","[942.2, 505.1, 968.0, 574.1]",0.2244,0.7756,0.083,,,,,,118,19,54,
481,3,407,407,re_activate_from_lost,0.7253,"[1532.2, 531.2, 1578.2, 674.3]","[1532.3, 528.9, 1577.1, 673.9]",0.2438,0.7562,0.4515,,,,,,118,19,2,
482,3,408,408,re_activate_from_lost,0.6666,"[1352.7, 501.5, 1383.8, 610.2]","[1351.7, 501.5, 1384.4, 610.2]",0.2919,0.7081,0.528,,,,,,118,18,0,
482,3,364,364,re_activate_from_lost,0.8194,"[945.0, 506.9, 970.7, 575.8]","[942.4, 506.1, 971.3, 575.8]",0.2996,0.7004,0.0701,,,,,,118,18,58,
483,3,370,370,re_activate_from_lost,0.6961,"[976.1, 502.9, 996.3, 560.9]","[976.0, 502.9, 996.4, 561.0]",0.3893,0.6107,0.1078,,,,,,118,19,35,
483,3,395,395,re_activate_from_lost,0.6275,"[693.9, 492.8, 712.8, 549.5]","[693.2, 492.9, 712.9, 549.5]",0.4038,0.5962,0.0773,,,,,,118,19,11,
483,3,390,390,re_activate_from_lost,0.6614,"[1126.6, 514.0, 1148.2, 578.1]","[1125.5, 515.1, 1148.5, 579.2]",0.2543,0.7457,0.0762,,,,,,118,19,27,
483,3,407,407,re_activate_from_lost,0.7804,"[1543.1, 512.3, 1591.7, 672.3]","[1543.9, 515.9, 1592.5, 673.2]",0.3396,0.6604,0.4846,,,,,,118,19,3,
483,6_new,352,410,margin_failed margin=0.007<0.03,0.6816,"[588.3, 487.0, 609.9, 541.7]",,,,,0.781,0.75,0.0073,1.0,,119,19,14,"[(352, 0.7810001373291016), (13, 0.7737323045730591), (41, 0.7633169889450073), (371, 0.7497868537902832), (47, 0.7418069243431091)]"
484,3,398,398,re_activate_from_lost,0.8535,"[1651.1, 563.0, 1729.4, 690.5]","[1650.6, 567.6, 1725.1, 690.7]",0.3726,0.6274,0.0487,,,,,,119,15,14,
484,5,410,410,unconfirmed_update,0.7186,"[587.9, 488.4, 610.2, 544.4]","[588.0, 488.1, 610.1, 543.8]",0.0981,0.9019,,,,,,,,15,,
484,6_new,397,411,gate_failed sim=0.728<theta=0.747,0.703,"[1217.0, 524.8, 1241.3, 587.6]",,,,,0.7285,0.7469,0.0067,1.0,,120,15,19,"[(397, 0.7284749150276184), (401, 0.721767246723175), (41, 0.7078326940536499), (109, 0.7075584530830383), (314, 0.7045629620552063)]"
485,6_revive,405,405,revived,0.7484,"[1402.7, 506.6, 1435.1, 626.7]",,,,,0.8009,0.75,0.0454,1.0,0.8009,120,15,12,"[(405, 0.8009051084518433), (372, 0.7555512189865112), (104, 0.7346395254135132), (41, 0.7205190062522888), (396, 0.7171075344085693)]"
486,6_revive,402,402,revived,0.7156,"[1490.4, 515.0, 1530.9, 650.0]",,,,,0.8178,0.75,0.0869,1.0,0.8178,121,15,18,"[(402, 0.8178213238716125), (284, 0.7308996915817261), (378, 0.7155826091766357), (343, 0.6978950500488281), (180, 0.6932248473167419)]"
486,6_revive,398,398,revived,0.7718,"[1683.5, 564.3, 1751.0, 690.5]",,,,,0.8692,0.75,0.0984,1.0,0.8692,121,15,17,"[(398, 0.8692466020584106), (284, 0.7708958983421326), (378, 0.7697550058364868), (110, 0.7633000612258911), (302, 0.7417370080947876)]"
487,3,370,370,re_activate_from_lost,0.761,"[978.1, 503.9, 1003.7, 567.3]","[979.2, 504.0, 1002.2, 567.4]",0.1301,0.8699,0.1262,,,,,,121,16,38,
487,6_revive,372,372,revived,0.7156,"[1418.9, 502.5, 1451.2, 630.8]",,,,,0.835,0.75,0.1014,1.0,0.835,121,16,51,"[(372, 0.8349518775939941), (41, 0.7335437536239624), (104, 0.7334511280059814), (9, 0.707776665687561), (346, 0.7017063498497009)]"
488,3,395,395,re_activate_from_lost,0.6452,"[696.6, 492.1, 716.9, 550.8]","[696.5, 492.3, 716.9, 550.9]",0.1109,0.8891,0.0902,,,,,,121,17,12,
489,6_revive,372,372,revived,0.7904,"[1429.7, 499.8, 1464.8, 632.1]",,,,,0.7874,0.75,0.0411,1.0,0.7874,122,16,54,"[(372, 0.7874129414558411), (9, 0.7463511228561401), (104, 0.7405847311019897), (41, 0.740169882774353), (16, 0.7299220561981201)]"
489,6_new,109,412,gate_failed sim=0.745<theta=0.750,0.6952,"[1233.9, 522.8, 1260.9, 586.2]",,,,,0.745,0.75,0.0095,1.0,,122,16,22,"[(109, 0.7449538707733154), (13, 0.7354320287704468), (57, 0.7272412776947021), (41, 0.7249823808670044), (401, 0.7175745368003845)]"
490,6_new,9,413,margin_failed margin=0.011<0.03,0.7008,"[1433.7, 500.9, 1466.1, 629.1]",,,,,0.7561,0.75,0.0114,1.0,,122,14,12,"[(9, 0.7560900449752808), (105, 0.7446812391281128), (16, 0.7445487380027771), (92, 0.7410598993301392), (345, 0.7378965020179749)]"
490,6_revive,405,405,revived,0.7627,"[1404.0, 528.9, 1447.2, 630.1]",,,,,0.9012,0.75,0.1396,1.0,0.9012,122,14,18,"[(405, 0.901191234588623), (25, 0.7615612745285034), (408, 0.7590226531028748), (124, 0.6853507161140442), (396, 0.6763972043991089)]"
490,6_new,409,414,margin_failed margin=0.030<0.03,0.7525,"[1786.1, 527.9, 1880.6, 720.9]",,,,,0.8086,0.75,0.0297,1.0,,122,14,12,"[(409, 0.8085901141166687), (404, 0.7789304256439209), (23, 0.669947624206543), (168, 0.6673315763473511), (105, 0.6641806364059448)]"
491,5,413,413,unconfirmed_update,0.764,"[1439.1, 500.2, 1474.2, 632.5]","[1438.7, 500.3, 1471.9, 631.8]",0.3511,0.6489,,,,,,,,15,,
491,5,414,414,unconfirmed_update,0.8599,"[1796.9, 518.1, 1894.1, 725.6]","[1792.9, 520.0, 1893.1, 724.7]",0.2741,0.7259,,,,,,,,15,,
492,6_revive,402,402,revived,0.7795,"[1543.1, 514.7, 1594.4, 661.8]",,,,,0.8931,0.75,0.1996,1.0,0.8931,122,15,25,"[(402, 0.8930636048316956), (284, 0.6934503316879272), (399, 0.6913398504257202), (237, 0.6852321624755859), (381, 0.6735205054283142)]"
493,6_new,407,415,margin_failed margin=0.024<0.03,0.7481,"[1626.8, 522.1, 1675.4, 693.9]",,,,,0.8389,0.75,0.0242,1.0,,122,16,14,"[(407, 0.8389269113540649), (381, 0.8147688508033752), (369, 0.6705081462860107), (104, 0.6620617508888245), (191, 0.650100827217102)]"
494,3,364,364,re_activate_from_lost,0.6709,"[986.2, 504.2, 1015.9, 584.6]","[984.3, 505.3, 1016.9, 583.9]",0.1871,0.8129,0.0815,,,,,,122,17,69,
494,5,415,415,unconfirmed_update,0.6869,"[1629.5, 523.1, 1680.8, 693.2]","[1630.2, 522.9, 1678.4, 693.4]",0.1575,0.8425,,,,,,,,17,,
495,3,392,392,re_activate_from_lost,0.6323,"[617.3, 489.4, 637.5, 544.0]","[617.6, 489.5, 637.4, 544.2]",0.6716,0.3284,0.7923,,,,,,122,16,4,
495,3,314,314,re_activate_from_lost,0.6169,"[974.0, 509.6, 998.3, 580.5]","[969.0, 509.9, 1001.1, 580.5]",0.4209,0.5791,0.0837,,,,,,122,16,84,
495,6_revive,408,408,revived,0.6954,"[1409.4, 507.3, 1441.8, 614.6]",,,,,0.815,0.75,0.0478,1.0,0.815,123,16,14,"[(408, 0.8150250911712646), (346, 0.7671769857406616), (104, 0.7662261128425598), (405, 0.7445828914642334), (396, 0.7315421104431152)]"
497,3,390,390,re_activate_from_lost,0.742,"[1169.1, 513.0, 1193.4, 582.5]","[1169.1, 513.0, 1193.6, 582.8]",0.055,0.945,0.0975,,,,,,125,16,40,
498,3,401,401,re_activate_from_lost,0.7381,"[965.3, 510.6, 989.6, 574.1]","[966.2, 510.6, 988.7, 574.0]",0.722,0.278,0.7948,,,,,,125,15,7,
498,6_revive,408,408,revived,0.7371,"[1424.2, 503.2, 1459.4, 621.3]",,,,,0.8264,0.75,0.0864,1.0,0.8264,125,15,18,"[(408, 0.8263944387435913), (405, 0.7400233745574951), (104, 0.7299638986587524), (413, 0.7284883260726929), (346, 0.7139139175415039)]"
499,6_new,103,416,margin_failed margin=0.016<0.03,0.6918,"[555.9, 487.7, 575.4, 541.0]",,,,,0.7645,0.65,0.0161,1.0,,126,15,251,"[(103, 0.7644586563110352), (34, 0.7483729124069214), (130, 0.7359820604324341), (10, 0.7341375350952148), (392, 0.7204539775848389)]"
499,6_new,408,417,margin_failed margin=0.029<0.03,0.8339,"[1427.0, 508.3, 1464.8, 621.0]",,,,,0.8082,0.75,0.0294,1.0,,126,15,20,"[(408, 0.8082261681556702), (104, 0.7788294553756714), (346, 0.7565346956253052), (16, 0.7297501564025879), (413, 0.728272557258606)]"
500,5,416,416,unconfirmed_update,0.6263,"[556.2, 488.0, 574.4, 542.0]","[555.5, 488.0, 575.3, 541.8]",0.0909,0.9091,,,,,,,,14,,
500,5,417,417,unconfirmed_update,0.7131,"[1435.1, 511.0, 1472.9, 622.4]","[1433.6, 510.4, 1471.1, 622.1]",0.372,0.628,,,,,,,,14,,
500,6_revive,108,108,revived,0.7281,"[1591.7, 522.5, 1632.2, 668.2]",,,,,0.7626,0.7148,0.0574,1.0,0.7626,126,14,132,"[(108, 0.762597382068634), (18, 0.7052018642425537), (19, 0.6900308132171631), (64, 0.6755765676498413), (378, 0.6703040599822998)]"
501,5,108,108,unconfirmed_update,0.759,"[1598.4, 520.8, 1641.6, 674.7]","[1597.2, 521.1, 1639.5, 673.4]",0.3553,0.6447,,,,,,,,14,,
501,6_new,205,418,margin_failed margin=0.002<0.03,0.6959,"[1657.8, 513.7, 1706.4, 680.4]",,,,,0.7362,0.7249,0.0022,1.0,,126,14,124,"[(205, 0.7362306118011475), (381, 0.7339909076690674), (104, 0.7197366952896118), (230, 0.7057678699493408), (389, 0.6939033269882202)]"
502,5,418,418,unconfirmed_update,0.603,"[1670.0, 516.4, 1715.9, 679.7]","[1666.8, 515.8, 1714.6, 679.9]",0.3828,0.6172,,,,,,,,13,,
503,3,408,408,re_activate_from_lost,0.6319,"[1463.4, 526.2, 1501.2, 641.6]","[1464.4, 525.7, 1501.6, 642.0]",0.19,0.81,0.0638,,,,,,126,14,22,
503,6_new,16,419,margin_failed margin=0.000<0.03,0.7092,"[1284.5, 531.6, 1310.2, 593.0]",,,,,0.8104,0.6549,0.0004,1.0,,126,14,193,"[(16, 0.8103764057159424), (64, 0.8099969625473022), (109, 0.8051543831825256), (364, 0.7918071746826172), (103, 0.7820332050323486)]"
504,5,419,419,unconfirmed_update,0.5945,"[1287.2, 532.6, 1314.2, 593.3]","[1287.3, 532.4, 1312.8, 593.3]",0.2421,0.7579,,,,,,,,15,,
507,3,259,259,re_activate_from_lost,0.6473,"[1050.3, 506.9, 1071.9, 575.8]","[1046.9, 507.2, 1072.4, 576.6]",0.5644,0.4356,0.718,,,,,,128,15,76,
507,3,416,416,re_activate_from_lost,0.6697,"[553.2, 489.7, 572.7, 546.4]","[552.5, 489.9, 573.2, 547.0]",0.1391,0.8609,0.044,,,,,,128,15,5,
507,3,419,419,re_activate_from_lost,0.5834,"[1297.4, 534.3, 1324.4, 596.4]","[1297.8, 534.3, 1323.8, 596.4]",0.0783,0.9217,0.4622,,,,,,128,15,1,
509,3,416,416,re_activate_from_lost,0.5985,"[553.2, 489.4, 572.1, 546.1]","[552.4, 489.4, 572.8, 546.2]",0.0925,0.9075,0.0533,,,,,,129,15,6,
509,3,419,419,re_activate_from_lost,0.7195,"[1304.8, 534.6, 1331.8, 601.4]","[1304.3, 534.6, 1331.9, 600.7]",0.1394,0.8606,0.3808,,,,,,129,15,2,
512,3,419,419,re_activate_from_lost,0.6059,"[1316.2, 535.3, 1341.9, 601.4]","[1315.1, 535.1, 1342.6, 601.2]",0.1062,0.8938,0.4585,,,,,,129,14,4,
513,6_new,370,420,margin_failed margin=0.007<0.03,0.7082,"[1007.1, 513.3, 1028.7, 584.2]","[1019.7, 517.7, 1043.6, 582.2]",0.7661,0.2339,,0.7735,0.7476,0.0067,1.0,,130,13,41,"[(370, 0.7734758257865906), (401, 0.7667538523674011), (109, 0.745765209197998), (130, 0.7426524758338928), (103, 0.7420059442520142)]"
514,3,370,370,re_activate_from_lost,0.7814,"[1009.1, 513.3, 1030.7, 583.5]","[1007.6, 513.4, 1032.4, 583.5]",0.74,0.26,0.7968,,,,,,130,13,41,
516,3,419,419,re_activate_from_lost,0.6558,"[1331.1, 532.6, 1358.1, 597.4]","[1330.7, 532.9, 1357.7, 597.9]",0.3114,0.6886,0.1001,,,,,,130,12,5,
516,6_new,108,421,margin_failed margin=0.001<0.03,0.7089,"[1732.1, 516.0, 1783.4, 695.9]",,,,,0.7328,0.7148,0.001,1.0,,130,12,143,"[(108, 0.732776403427124), (18, 0.7317947149276733), (122, 0.693000316619873), (19, 0.6922570466995239), (374, 0.6915379166603088)]"
517,3,364,364,re_activate_from_lost,0.6866,"[1068.5, 511.0, 1095.5, 585.2]","[1067.0, 511.8, 1096.1, 586.7]",0.2567,0.7433,0.1093,,,,,,130,14,91,
517,3,392,392,re_activate_from_lost,0.6815,"[612.9, 489.4, 633.2, 548.1]","[613.3, 488.7, 634.3, 548.2]",0.3003,0.6997,0.0578,,,,,,130,14,25,
518,3,413,413,re_activate_from_lost,0.7727,"[1632.2, 518.4, 1686.2, 699.3]","[1632.4, 518.6, 1680.7, 696.9]",0.4185,0.5815,0.0598,,,,,,130,13,25,
518,6_revive,408,408,revived,0.7667,"[1557.9, 512.7, 1606.5, 669.3]",,,,,0.8853,0.75,0.1492,1.0,0.8853,130,13,38,"[(408, 0.8852502107620239), (405, 0.7360707521438599), (413, 0.6659293174743652), (14, 0.6596680879592896), (104, 0.6552495360374451)]"
518,6_new,108,422,margin_failed margin=0.024<0.03,0.7145,"[1746.9, 516.4, 1803.6, 710.1]",,,,,0.7519,0.7148,0.0238,1.0,,130,13,143,"[(108, 0.7518711090087891), (18, 0.7280507683753967), (19, 0.7067232728004456), (9, 0.7050001621246338), (374, 0.7033852338790894)]"
519,3,419,419,re_activate_from_lost,0.7855,"[1341.9, 534.9, 1370.2, 605.8]","[1341.0, 534.3, 1370.0, 604.6]",0.2491,0.7509,0.0607,,,,,,130,13,7,
519,3,392,392,re_activate_from_lost,0.6447,"[611.9, 487.7, 633.5, 549.8]","[612.5, 487.9, 634.2, 549.4]",0.2801,0.7199,0.0419,,,,,,130,13,26,
519,5,422,422,unconfirmed_update,0.626,"[1757.7, 520.1, 1814.4, 715.5]","[1755.3, 519.3, 1812.4, 714.4]",0.3463,0.6537,,,,,,,,13,,
519,6_revive,408,408,revived,0.7057,"[1563.3, 539.0, 1603.8, 668.6]",,,,,0.8284,0.75,0.0888,1.0,0.8284,130,13,40,"[(408, 0.8283988237380981), (41, 0.7396096587181091), (130, 0.6898659467697144), (109, 0.6897870898246765), (110, 0.6875301003456116)]"
520,6_new,68,423,margin_failed margin=0.006<0.03,0.7225,"[521.8, 494.1, 552.8, 562.3]",,,,,0.7807,0.708,0.0061,1.0,,130,12,148,"[(68, 0.7806755900382996), (364, 0.7746230363845825), (41, 0.7693039178848267), (103, 0.76772141456604), (16, 0.7518306970596313)]"
520,6_new,352,424,gate_failed sim=0.715<theta=0.750,0.7206,"[1369.6, 539.0, 1400.0, 613.2]",,,,,0.7151,0.75,0.0049,1.0,,130,12,14,"[(352, 0.715069055557251), (364, 0.710205078125), (314, 0.7099442481994629), (16, 0.707158088684082), (7, 0.7031545639038086)]"
521,5,423,423,unconfirmed_update,0.6157,"[523.5, 494.1, 553.2, 562.3]","[522.6, 494.1, 553.6, 562.3]",0.0645,0.9355,,,,,,,,12,,
522,3,410,410,re_activate_from_lost,0.691,"[590.0, 491.7, 614.9, 551.8]","[590.9, 491.3, 615.1, 551.7]",0.2057,0.7943,0.0419,,,,,,130,12,36,
522,6_revive,375,375,revived,0.8798,"[1420.2, 511.7, 1466.1, 620.3]",,,,,0.8575,0.75,0.1398,1.0,0.8575,130,12,86,"[(375, 0.8574678897857666), (389, 0.7176660299301147), (368, 0.7122448682785034), (191, 0.6927413940429688), (174, 0.692406415939331)]"
522,6_revive,408,408,revived,0.7193,"[1583.6, 540.3, 1624.1, 674.7]",,,,,0.8529,0.75,0.1364,1.0,0.8529,130,12,44,"[(408, 0.8529398441314697), (405, 0.7165458798408508), (79, 0.7104747295379639), (18, 0.7090803384780884), (41, 0.708642840385437)]"
523,3,418,418,re_activate_from_lost,0.903,"[1848.2, 533.2, 1926.5, 756.0]","[1861.2, 533.2, 1930.3, 754.4]",0.6849,0.3151,0.7155,,,,,,130,11,19,
523,6_new,41,425,margin_failed margin=0.013<0.03,0.8272,"[1063.1, 510.3, 1088.8, 590.6]",,,,,0.7758,0.7272,0.013,1.0,,130,11,61,"[(41, 0.775812029838562), (364, 0.7628428936004639), (259, 0.7602686882019043), (314, 0.7404924631118774), (14, 0.7363793849945068)]"
524,5,425,425,unconfirmed_update,0.8108,"[1065.2, 512.0, 1090.8, 583.5]","[1065.9, 511.7, 1089.3, 585.0]",0.2335,0.7665,,,,,,,,9,,
524,6_new,57,426,margin_failed margin=0.022<0.03,0.6968,"[1393.2, 541.0, 1417.5, 611.2]",,,,,0.7966,0.75,0.0217,1.0,,131,9,57,"[(57, 0.7965749502182007), (416, 0.7749035358428955), (41, 0.773176908493042), (392, 0.7601017951965332), (109, 0.7596045732498169)]"
525,3,390,390,re_activate_from_lost,0.6861,"[1253.5, 524.5, 1283.2, 599.4]","[1254.8, 524.4, 1281.8, 599.4]",0.1839,0.8161,0.1462,,,,,,131,10,51,
525,3,370,370,re_activate_from_lost,0.6131,"[1032.1, 513.3, 1055.0, 580.8]","[1030.4, 513.3, 1053.8, 582.6]",0.4741,0.5259,0.1233,,,,,,131,10,51,
525,3,392,392,re_activate_from_lost,0.6219,"[610.5, 492.1, 630.8, 550.8]","[610.5, 491.8, 631.2, 550.8]",0.1002,0.8998,0.0647,,,,,,131,10,31,
525,5,426,426,unconfirmed_update,0.6763,"[1395.9, 539.3, 1422.9, 611.6]","[1396.1, 539.7, 1421.0, 611.5]",0.2913,0.7087,,,,,,,,10,,
525,6_revive,375,375,revived,0.8963,"[1435.1, 514.0, 1478.2, 623.4]",,,,,0.8533,0.75,0.1115,1.0,0.8533,131,10,90,"[(375, 0.8533419966697693), (389, 0.7418743371963501), (368, 0.7117820978164673), (174, 0.7025460004806519), (191, 0.7006394863128662)]"
525,6_new,401,427,gate_failed sim=0.722<theta=0.750,0.7689,"[491.1, 494.1, 515.4, 555.5]",,,,,0.7224,0.75,0.0151,1.0,,131,10,35,"[(401, 0.7223554253578186), (392, 0.707226574420929), (41, 0.6888419389724731), (105, 0.6781215667724609), (302, 0.6778551936149597)]"
526,5,427,427,unconfirmed_update,0.7013,"[487.4, 495.5, 512.3, 558.2]","[488.1, 495.2, 512.9, 557.7]",0.2836,0.7164,,,,,,,,9,,
526,6_revive,422,422,revived,0.7052,"[1819.8, 521.8, 1876.5, 729.7]",,,,,0.8724,0.75,0.1069,1.0,0.8724,132,9,7,"[(422, 0.8724228739738464), (379, 0.765526533126831), (108, 0.7427966594696045), (18, 0.7314556241035461), (374, 0.7273826003074646)]"
527,3,418,418,re_activate_from_lost,0.7102,"[1891.4, 538.7, 1948.1, 773.6]","[1884.7, 538.9, 1956.0, 772.5]",0.2241,0.7759,0.4489,,,,,,132,11,21,
527,3,410,410,re_activate_from_lost,0.5941,"[589.3, 493.4, 615.6, 553.5]","[589.5, 493.4, 614.1, 553.4]",0.2178,0.7822,0.0629,,,,,,132,11,40,
527,6_new,259,428,margin_failed margin=0.008<0.03,0.7669,"[1031.4, 535.6, 1057.1, 613.9]","[1097.0, 497.0, 1122.4, 566.1]",1.0,0.0,,0.8233,0.6889,0.0077,1.0,,132,11,77,"[(259, 0.8232865333557129), (103, 0.8156130313873291), (314, 0.808405876159668), (124, 0.7839887142181396), (390, 0.7740122079849243)]"
528,3,392,392,re_activate_from_lost,0.623,"[607.2, 491.4, 629.4, 554.2]","[607.4, 491.8, 629.2, 554.0]",0.1313,0.8687,0.0519,,,,,,132,10,32,
528,6_revive,422,422,revived,0.7389,"[1836.0, 524.1, 1892.7, 731.7]",,,,,0.8419,0.75,0.092,1.0,0.8419,132,10,10,"[(422, 0.8419156670570374), (379, 0.7498680353164673), (18, 0.7169673442840576), (108, 0.7036660313606262), (205, 0.6808106899261475)]"
529,6_revive,375,375,revived,0.8785,"[1452.6, 516.7, 1495.8, 628.8]",,,,,0.8358,0.75,0.097,1.0,0.8358,133,10,95,"[(375, 0.8357646465301514), (389, 0.7387864589691162), (191, 0.6936649084091187), (368, 0.6890550851821899), (174, 0.6842432618141174)]"
530,3,426,426,re_activate_from_lost,0.5884,"[1416.2, 541.0, 1443.2, 599.1]","[1419.0, 540.9, 1439.8, 599.4]",0.2813,0.7187,0.5771,,,,,,133,8,2,
530,6_new,103,429,margin_failed margin=0.007<0.03,0.7605,"[447.5, 495.1, 472.5, 563.3]",,,,,0.7509,0.65,0.0074,1.0,,133,8,282,"[(103, 0.7509012222290039), (34, 0.7434558868408203), (41, 0.740839958190918), (37, 0.7172460556030273), (79, 0.7161436080932617)]"
530,6_revive,408,408,revived,0.8843,"[1655.1, 518.4, 1711.8, 699.3]",,,,,0.8553,0.75,0.1899,1.0,0.8553,133,8,53,"[(408, 0.8552955985069275), (405, 0.6654238700866699), (14, 0.6394671201705933), (79, 0.6358306407928467), (418, 0.6350773572921753)]"
531,5,429,429,unconfirmed_update,0.7624,"[447.2, 493.4, 472.2, 561.6]","[447.3, 493.8, 472.2, 561.9]",0.0731,0.9269,,,,,,,,8,,
531,6_new,103,430,margin_failed margin=0.003<0.03,0.6967,"[1034.8, 521.4, 1063.1, 613.2]",,,,,0.7765,0.65,0.003,1.0,,134,8,283,"[(103, 0.7765277624130249), (314, 0.7735320329666138), (395, 0.7686413526535034), (259, 0.7647237777709961), (79, 0.760581374168396)]"
532,5,430,430,unconfirmed_update,0.642,"[1036.1, 539.0, 1063.1, 615.3]","[1037.2, 535.5, 1061.8, 614.9]",0.2455,0.7545,,,,,,,,8,,
532,6_revive,408,408,revived,0.8462,"[1674.0, 520.8, 1730.7, 707.4]",,,,,0.8606,0.75,0.1819,1.0,0.8606,134,8,56,"[(408, 0.860623836517334), (405, 0.6787613034248352), (413, 0.6686229705810547), (379, 0.6651382446289062), (79, 0.6578227877616882)]"
534,3,426,426,re_activate_from_lost,0.608,"[1429.7, 543.4, 1459.4, 623.7]","[1430.7, 543.5, 1458.8, 622.0]",0.3128,0.6872,0.5822,,,,,,134,12,4,
534,6_new,426,431,gate_failed sim=0.735<theta=0.750,0.7665,"[1408.1, 535.3, 1448.6, 638.6]","[1430.7, 543.5, 1458.8, 622.0]",0.7182,0.2818,,0.7355,0.75,0.003,1.0,,135,12,5,"[(426, 0.7354501485824585), (408, 0.7324177026748657), (352, 0.7291038632392883), (41, 0.7285112142562866), (364, 0.7259562611579895)]"
535,3,232,232,re_activate_from_lost,0.7502,"[1304.1, 539.0, 1331.1, 616.6]","[1303.8, 539.1, 1331.7, 616.6]",0.4099,0.5901,0.105,,,,,,135,11,147,
535,3,427,427,re_activate_from_lost,0.5804,"[471.8, 490.4, 499.5, 558.6]","[472.1, 490.6, 499.1, 558.4]",0.1113,0.8887,0.0464,,,,,,135,11,6,
535,5,431,431,unconfirmed_update,0.591,"[1414.8, 532.9, 1447.2, 632.8]","[1410.8, 533.4, 1450.1, 634.0]",0.258,0.742,,,,,,,,11,,
535,6_revive,401,401,revived,0.7216,"[999.0, 519.4, 1027.3, 588.3]",,,,,0.8316,0.75,0.0615,1.0,0.8316,135,11,45,"[(401, 0.8316351771354675), (392, 0.7700872421264648), (419, 0.7623004913330078), (41, 0.7615641951560974), (364, 0.7582377791404724)]"
536,6_new,130,432,margin_failed margin=0.006<0.03,0.6841,"[1470.2, 537.0, 1497.2, 630.8]",,,,,0.7915,0.75,0.0057,1.0,,135,9,24,"[(130, 0.7915205955505371), (103, 0.7858641147613525), (124, 0.778370201587677), (416, 0.7694858908653259), (426, 0.7682569026947021)]"
536,6_new,41,433,margin_failed margin=0.013<0.03,0.6809,"[1814.4, 528.2, 1868.4, 695.9]",,,,,0.7875,0.7272,0.0131,1.0,,135,9,61,"[(41, 0.7875368595123291), (401, 0.7744418382644653), (413, 0.7741808891296387), (392, 0.7646217346191406), (110, 0.7578657269477844)]"
537,3,431,431,re_activate_from_lost,0.6141,"[1424.2, 536.0, 1459.4, 633.2]","[1422.1, 535.8, 1460.2, 633.3]",0.3416,0.6584,0.5956,,,,,,135,10,0,
537,5,432,432,unconfirmed_update,0.7343,"[1474.2, 537.3, 1503.9, 633.8]","[1474.1, 537.2, 1501.8, 633.2]",0.3408,0.6592,,,,,,,,10,,
537,5,433,433,unconfirmed_update,0.6978,"[1823.9, 528.2, 1880.6, 699.3]","[1822.6, 528.2, 1877.5, 698.6]",0.3379,0.6621,,,,,,,,10,,
538,6_revive,408,408,revived,0.8181,"[1737.5, 530.9, 1794.2, 734.4]",,,,,0.8503,0.75,0.1336,1.0,0.8503,135,9,63,"[(408, 0.8502926826477051), (379, 0.7166783809661865), (413, 0.7074891328811646), (110, 0.7074462175369263), (389, 0.705479085445404)]"
539,6_revive,408,408,revived,0.8508,"[1745.6, 532.6, 1805.0, 734.4]",,,,,0.8424,0.75,0.1309,1.0,0.8424,135,14,65,"[(408, 0.8423830270767212), (379, 0.7115316390991211), (389, 0.7088226079940796), (405, 0.6949911117553711), (14, 0.6789502501487732)]"
540,3,427,427,re_activate_from_lost,0.6961,"[459.0, 488.4, 493.4, 563.3]","[461.3, 488.6, 491.5, 562.8]",0.2335,0.7665,0.073,,,,,,135,13,9,
540,3,433,433,re_activate_from_lost,0.6643,"[1854.9, 537.3, 1908.9, 706.1]","[1853.5, 537.1, 1907.9, 705.9]",0.5883,0.4117,0.7265,,,,,,135,13,0,
540,3,431,431,re_activate_from_lost,0.5877,"[1431.0, 539.3, 1471.5, 647.3]","[1430.6, 539.3, 1472.3, 646.5]",0.2206,0.7794,0.542,,,,,,135,13,1,
540,6_new,41,434,gate_failed sim=0.724<theta=0.727,0.7661,"[390.5, 485.3, 416.1, 557.5]",,,,,0.724,0.7272,0.0089,1.0,,135,13,61,"[(41, 0.7239806652069092), (103, 0.7150781154632568), (191, 0.7127524614334106), (10, 0.707251787185669), (380, 0.7067755460739136)]"
540,6_revive,408,408,revived,0.8538,"[1757.7, 534.9, 1817.1, 738.5]",,,,,0.823,0.75,0.1241,1.0,0.823,135,13,67,"[(408, 0.8229557871818542), (379, 0.6988943815231323), (389, 0.6910801529884338), (14, 0.6820752620697021), (110, 0.6817997694015503)]"
541,3,432,432,re_activate_from_lost,0.7462,"[1491.8, 544.0, 1524.2, 643.3]","[1493.2, 544.0, 1521.9, 643.1]",0.5794,0.4206,0.6861,,,,,,135,11,0,
541,5,434,434,unconfirmed_update,0.6162,"[388.1, 487.7, 412.4, 557.9]","[388.3, 487.2, 413.4, 557.8]",0.2435,0.7565,,,,,,,,11,,
541,6_revive,408,408,revived,0.8586,"[1767.2, 531.6, 1829.2, 743.2]",,,,,0.8375,0.75,0.1192,1.0,0.8375,135,11,69,"[(408, 0.8374595642089844), (379, 0.7183002233505249), (413, 0.7037107944488525), (389, 0.6992175579071045), (14, 0.6946640014648438)]"
542,6_revive,408,408,revived,0.8069,"[1778.0, 533.6, 1848.2, 750.6]",,,,,0.8243,0.75,0.1028,1.0,0.8243,135,10,71,"[(408, 0.8242949843406677), (413, 0.721503734588623), (379, 0.7040845155715942), (314, 0.6888396739959717), (14, 0.6870835423469543)]"
543,6_revive,408,408,revived,0.8887,"[1786.1, 533.9, 1850.9, 753.3]",,,,,0.8355,0.75,0.1529,1.0,0.8355,136,10,73,"[(408, 0.835507333278656), (379, 0.6825940608978271), (27, 0.6807976961135864), (413, 0.6798344850540161), (14, 0.6765117049217224)]"
544,3,434,434,re_activate_from_lost,0.6155,"[380.0, 487.7, 406.4, 562.6]","[380.2, 487.9, 406.7, 562.6]",0.1934,0.8066,0.5035,,,,,,136,11,1,
544,6_revive,408,408,revived,0.8304,"[1803.6, 531.9, 1871.1, 757.4]",,,,,0.7955,0.75,0.0936,1.0,0.7955,136,11,75,"[(408, 0.7955276966094971), (413, 0.7019733190536499), (16, 0.6746708154678345), (79, 0.670684278011322), (14, 0.6668102145195007)]"
544,6_new,413,435,gate_failed sim=0.734<theta=0.750,0.7819,"[1755.0, 537.0, 1803.6, 688.2]","[1900.5, 568.8, 1968.7, 789.6]",1.0,0.0,,0.7341,0.75,0.0288,1.0,,136,11,49,"[(413, 0.7340589165687561), (408, 0.7053082585334778), (104, 0.6929645538330078), (110, 0.6734864711761475), (417, 0.659816563129425)]"
545,5,435,435,unconfirmed_update,0.7282,"[1764.5, 540.0, 1813.1, 695.9]","[1762.0, 539.4, 1811.8, 694.4]",0.3644,0.6356,,,,,,,,11,,
545,6_new,130,436,margin_failed margin=0.002<0.03,0.6948,"[1499.9, 511.7, 1516.1, 552.8]",,,,,0.7784,0.75,0.0023,1.0,,137,11,24,"[(130, 0.7784385681152344), (10, 0.7761728763580322), (416, 0.7736415863037109), (410, 0.7635756134986877), (103, 0.7491568326950073)]"
545,6_revive,34,34,revived,0.6943,"[568.7, 488.4, 586.9, 537.0]",,,,,0.866,0.7174,0.034,1.0,0.866,137,11,47,"[(34, 0.8659652471542358), (119, 0.8320044875144958), (37, 0.8241377472877502), (362, 0.8231175541877747), (103, 0.8204960823059082)]"
545,6_revive,408,408,revived,0.754,"[1810.4, 541.4, 1880.6, 762.8]",,,,,0.8227,0.75,0.1108,1.0,0.8227,137,11,77,"[(408, 0.822656512260437), (413, 0.7118638753890991), (379, 0.6899189949035645), (314, 0.6898491978645325), (16, 0.6870424747467041)]"
546,5,436,436,unconfirmed_update,0.6885,"[1502.6, 510.6, 1518.8, 553.8]","[1501.7, 510.8, 1518.5, 553.6]",0.3146,0.6854,,,,,,,,12,,
546,5,34,34,unconfirmed_update,0.6604,"[566.7, 487.7, 587.6, 541.7]","[567.3, 487.8, 587.2, 540.7]",0.2161,0.7839,,,,,,,,12,,
546,6_revive,408,408,revived,0.8632,"[1822.5, 538.3, 1895.4, 765.5]",,,,,0.8034,0.75,0.1147,1.0,0.8034,137,12,79,"[(408, 0.8034080266952515), (413, 0.6887147426605225), (27, 0.6842441558837891), (14, 0.6766481399536133), (379, 0.6676985025405884)]"
546,6_new,103,437,margin_failed margin=0.019<0.03,0.718,"[1212.3, 502.2, 1229.9, 548.1]",,,,,0.792,0.65,0.0189,1.0,,137,12,289,"[(103, 0.7920457124710083), (395, 0.7731946706771851), (41, 0.7667461633682251), (34, 0.7563542127609253), (130, 0.7499850988388062)]"
546,6_revive,408,408,revived,0.7057,"[1794.2, 535.3, 1850.9, 723.6]",,,,,0.8584,0.75,0.1407,1.0,0.8584,137,12,80,"[(408, 0.8584097027778625), (413, 0.71766197681427), (405, 0.7023115158081055), (431, 0.6959065794944763), (109, 0.695691704750061)]"
547,5,437,437,unconfirmed_update,0.6842,"[1214.3, 501.5, 1231.9, 547.4]","[1213.9, 501.7, 1231.5, 547.6]",0.2276,0.7724,,,,,,,,12,,
547,6_revive,408,408,revived,0.8464,"[1838.7, 537.0, 1908.9, 765.5]",,,,,0.8094,0.75,0.1305,1.0,0.8094,137,12,82,"[(408, 0.8093729615211487), (413, 0.6788519620895386), (379, 0.6724283695220947), (27, 0.6704875826835632), (14, 0.6700863838195801)]"
548,3,431,431,re_activate_from_lost,0.6397,"[1466.1, 549.5, 1498.5, 641.9]","[1464.3, 549.7, 1500.6, 644.1]",0.3923,0.6077,0.0703,,,,,,137,15,6,
548,3,410,410,re_activate_from_lost,0.6183,"[574.1, 494.4, 598.4, 558.6]","[572.8, 494.4, 598.8, 558.6]",0.1607,0.8393,0.0697,,,,,,137,15,60,
548,3,436,436,re_activate_from_lost,0.5979,"[1505.2, 510.3, 1521.5, 552.8]","[1505.1, 510.4, 1521.8, 552.9]",0.161,0.839,0.4983,,,,,,137,15,0,
548,6_revive,346,346,revived,0.9077,"[1606.5, 547.1, 1652.4, 695.2]",,,,,0.8265,0.75,0.0703,1.0,0.8265,137,15,152,"[(346, 0.82654869556427), (269, 0.7562889456748962), (372, 0.7181615829467773), (417, 0.6806182861328125), (419, 0.6473323702812195)]"
548,6_revive,408,408,revived,0.8452,"[1837.4, 541.7, 1915.7, 773.6]",,,,,0.8511,0.75,0.1617,1.0,0.8511,137,15,84,"[(408, 0.8511373996734619), (413, 0.6894115209579468), (379, 0.6875125169754028), (405, 0.6730351448059082), (27, 0.6689053177833557)]"
548,6_new,168,438,gate_failed sim=0.659<theta=0.750,0.8182,"[1376.3, 539.7, 1410.8, 625.4]",,,,,0.6587,0.75,0.0015,1.0,,137,15,53,"[(168, 0.6586756706237793), (366, 0.657126784324646), (345, 0.6555920839309692), (8, 0.6310251951217651), (7, 0.618999719619751)]"
548,6_revive,416,416,revived,0.7383,"[565.3, 487.7, 587.6, 553.8]","[523.5, 492.9, 544.2, 553.0]",1.0,0.0,,0.8122,0.75,0.0429,1.0,0.8122,137,15,30,"[(416, 0.8121780157089233), (259, 0.7692759037017822), (370, 0.7644175291061401), (30, 0.7626166343688965), (25, 0.7534185647964478)]"
548,6_new,352,439,margin_failed margin=0.001<0.03,0.7269,"[1278.5, 503.2, 1297.4, 548.4]",,,,,0.7873,0.75,0.0007,1.0,,137,15,14,"[(352, 0.787306547164917), (41, 0.786639392375946), (119, 0.7777212262153625), (8, 0.7775588035583496), (7, 0.7772192358970642)]"
549,5,438,438,unconfirmed_update,0.8608,"[1379.7, 539.0, 1414.8, 627.4]","[1378.9, 539.1, 1414.2, 627.0]",0.2155,0.7845,,,,,,,,11,,
549,5,416,416,unconfirmed_update,0.7247,"[563.0, 487.7, 584.6, 549.1]","[563.8, 487.7, 584.8, 550.1]",0.2699,0.7301,,,,,,,,11,,
549,5,439,439,unconfirmed_update,0.6714,"[1279.8, 503.9, 1297.4, 547.1]","[1279.3, 503.8, 1297.5, 547.4]",0.113,0.887,,,,,,,,11,,
549,6_revive,346,346,revived,0.9086,"[1613.2, 540.3, 1659.2, 693.9]",,,,,0.823,0.75,0.0842,1.0,0.823,137,11,154,"[(346, 0.8229825496673584), (269, 0.7387505173683167), (372, 0.7138876914978027), (417, 0.6620924472808838), (419, 0.6566118597984314)]"
549,6_revive,408,408,revived,0.8849,"[1859.0, 538.7, 1926.5, 776.2]",,,,,0.8144,0.75,0.1096,1.0,0.8144,137,11,86,"[(408, 0.8143694400787354), (314, 0.7047512531280518), (379, 0.7016224265098572), (124, 0.7003638744354248), (389, 0.6997722387313843)]"
549,6_revive,18,18,revived,0.6823,"[483.0, 494.4, 511.3, 565.3]",,,,,0.7911,0.6723,0.0625,1.0,0.7911,137,11,101,"[(18, 0.7911118268966675), (19, 0.7286419868469238), (422, 0.7222768068313599), (64, 0.7099746465682983), (122, 0.7075588703155518)]"
550,3,431,431,re_activate_from_lost,0.7405,"[1475.6, 549.1, 1505.2, 641.6]","[1472.8, 549.3, 1507.7, 641.9]",0.1905,0.8095,0.0721,,,,,,137,13,7,
550,5,18,18,unconfirmed_update,0.7546,"[481.6, 493.8, 509.3, 564.6]","[481.6, 493.9, 510.0, 564.8]",0.1294,0.8706,,,,,,,,13,,
550,6_revive,408,408,revived,0.8399,"[1867.1, 530.5, 1934.6, 783.0]",,,,,0.8622,0.75,0.0817,1.0,0.8622,138,13,88,"[(408, 0.862205445766449), (25, 0.7805356979370117), (124, 0.7714542746543884), (314, 0.7668132185935974), (370, 0.7579395771026611)]"
550,6_revive,346,346,revived,0.9231,"[1621.4, 544.4, 1667.2, 698.0]",,,,,0.8209,0.75,0.0795,1.0,0.8209,138,13,156,"[(346, 0.8209164142608643), (269, 0.741397500038147), (372, 0.7306305170059204), (417, 0.6563911437988281), (419, 0.6492892503738403)]"
550,6_new,103,440,margin_failed margin=0.006<0.03,0.718,"[508.3, 492.1, 533.9, 561.6]",,,,,0.7326,0.65,0.0059,1.0,,138,13,289,"[(103, 0.732551097869873), (105, 0.7266061305999756), (18, 0.7173711061477661), (423, 0.7068653106689453), (416, 0.7023284435272217)]"
551,5,440,440,unconfirmed_update,0.6453,"[506.6, 494.1, 530.9, 562.3]","[506.6, 493.7, 531.8, 562.1]",0.2024,0.7976,,,,,,,,12,,
553,3,431,431,re_activate_from_lost,0.6995,"[1487.7, 549.5, 1520.1, 641.2]","[1486.5, 549.3, 1520.9, 641.2]",0.1011,0.8989,0.0601,,,,,,139,13,8,
554,3,410,410,re_activate_from_lost,0.6461,"[566.0, 490.7, 591.6, 563.0]","[564.5, 490.6, 593.0, 562.5]",0.1253,0.8747,0.1008,,,,,,139,12,65,
555,3,434,434,re_activate_from_lost,0.6497,"[342.9, 494.8, 372.6, 573.1]","[343.8, 494.8, 371.8, 573.0]",0.2515,0.7485,0.5137,,,,,,140,13,2,
555,3,436,436,re_activate_from_lost,0.7098,"[1516.1, 511.3, 1532.2, 551.8]","[1516.2, 511.3, 1532.4, 551.8]",0.1002,0.8998,0.0497,,,,,,140,13,6,
557,3,434,434,re_activate_from_lost,0.7516,"[330.9, 497.8, 363.5, 577.5]","[333.3, 498.0, 362.3, 577.4]",0.1818,0.8182,0.3851,,,,,,141,12,3,
557,6_new,364,441,margin_failed margin=0.013<0.03,0.6935,"[301.1, 494.1, 331.4, 567.0]",,,,,0.8052,0.6566,0.013,1.0,,141,12,132,"[(364, 0.8052128553390503), (401, 0.7921856641769409), (259, 0.7687811255455017), (41, 0.763515830039978), (427, 0.7492529153823853)]"
558,3,439,439,re_activate_from_lost,0.731,"[1291.3, 504.2, 1310.2, 552.8]","[1290.8, 504.2, 1311.0, 553.1]",0.3038,0.6962,0.4911,,,,,,141,11,4,
559,3,431,431,re_activate_from_lost,0.6451,"[1516.1, 557.5, 1551.2, 668.2]","[1512.9, 557.2, 1553.0, 666.9]",0.1858,0.8142,0.4748,,,,,,143,11,13,
560,3,437,437,re_activate_from_lost,0.7489,"[1226.5, 501.2, 1244.0, 550.5]","[1225.9, 501.2, 1244.6, 550.4]",0.4883,0.5117,0.6167,,,,,,143,11,1,
560,6_new,425,442,gate_failed sim=0.744<theta=0.750,0.7373,"[1240.7, 530.5, 1289.2, 633.2]",,,,,0.7437,0.75,0.0367,1.0,,143,11,36,"[(425, 0.743743896484375), (364, 0.7070272564888), (314, 0.6762155294418335), (399, 0.6626718640327454), (371, 0.6555923223495483)]"
561,6_new,103,443,margin_failed margin=0.005<0.03,0.7172,"[1379.0, 509.3, 1401.3, 552.5]",,,,,0.7903,0.65,0.005,1.0,,143,10,289,"[(103, 0.790267825126648), (124, 0.7853056192398071), (119, 0.7759902477264404), (109, 0.7734584808349609), (25, 0.7723066806793213)]"
562,3,419,419,re_activate_from_lost,0.6203,"[1494.5, 556.5, 1526.9, 642.3]","[1493.6, 556.6, 1527.7, 642.3]",0.3041,0.6959,0.5683,,,,,,143,10,26,
564,3,436,436,re_activate_from_lost,0.788,"[1530.9, 511.3, 1549.8, 554.5]","[1531.6, 511.4, 1548.9, 554.6]",0.2639,0.7361,0.1056,,,,,,144,11,9,
564,3,431,431,re_activate_from_lost,0.5806,"[1535.0, 557.2, 1570.1, 665.2]","[1533.4, 558.0, 1572.3, 666.2]",0.3022,0.6978,0.5949,,,,,,144,11,14,
564,6_new,401,444,margin_failed margin=0.016<0.03,0.8155,"[1019.9, 536.0, 1071.2, 625.1]",,,,,0.7582,0.729,0.0158,1.0,,144,11,75,"[(401, 0.758155345916748), (314, 0.74234938621521), (369, 0.6955829858779907), (105, 0.6893538236618042), (124, 0.6746166944503784)]"
565,3,432,432,re_activate_from_lost,0.6652,"[1625.4, 561.6, 1668.6, 687.2]","[1626.9, 561.8, 1666.0, 686.6]",0.2489,0.7511,0.0643,,,,,,144,10,21,
565,5,444,444,unconfirmed_update,0.7955,"[1026.0, 538.0, 1069.2, 622.4]","[1022.7, 537.6, 1071.7, 622.9]",0.2025,0.7975,,,,,,,,10,,
566,3,431,431,re_activate_from_lost,0.7644,"[1547.1, 560.6, 1584.9, 669.3]","[1545.6, 560.5, 1584.5, 669.0]",0.2298,0.7702,0.0981,,,,,,144,10,15,
568,3,434,434,re_activate_from_lost,0.7524,"[277.6, 484.0, 315.4, 581.9]","[279.1, 484.8, 314.9, 581.8]",0.6039,0.3961,0.702,,,,,,144,11,7,
568,3,437,437,re_activate_from_lost,0.7091,"[1233.9, 501.2, 1254.2, 551.1]","[1234.3, 501.4, 1253.4, 550.6]",0.1727,0.8273,0.0447,,,,,,144,11,8,
569,3,427,427,re_activate_from_lost,0.7223,"[393.5, 494.1, 422.6, 578.5]","[393.3, 493.5, 424.5, 578.9]",0.2746,0.7254,0.088,,,,,,144,11,37,
569,6_revive,18,18,revived,0.6833,"[448.9, 488.0, 474.5, 556.2]",,,,,0.7727,0.6723,0.0305,1.0,0.7727,144,11,121,"[(18, 0.772735059261322), (79, 0.7422097325325012), (64, 0.7390733361244202), (16, 0.727047324180603), (422, 0.7184113264083862)]"
570,3,426,426,re_activate_from_lost,0.692,"[1603.8, 567.7, 1641.6, 685.1]","[1600.5, 567.7, 1645.4, 683.6]",0.4734,0.5266,0.1034,,,,,,144,12,34,
570,3,431,431,re_activate_from_lost,0.6886,"[1567.4, 562.3, 1616.0, 706.1]","[1565.9, 562.5, 1615.6, 702.3]",0.4769,0.5231,0.0671,,,,,,144,12,16,
570,3,434,434,re_activate_from_lost,0.6741,"[268.6, 494.4, 297.0, 570.7]","[268.7, 492.0, 298.9, 573.7]",0.4,0.6,0.1217,,,,,,144,12,8,
572,6_new,103,445,margin_failed margin=0.002<0.03,0.8132,"[303.1, 489.4, 332.4, 574.4]",,,,,0.7042,0.65,0.0017,1.0,,145,9,289,"[(103, 0.7041876316070557), (10, 0.7024503946304321), (120, 0.6934393644332886), (64, 0.6902047395706177), (8, 0.6880942583084106)]"
572,6_new,30,446,margin_failed margin=0.014<0.03,0.8065,"[240.8, 490.4, 272.2, 568.0]",,,,,0.7507,0.65,0.0143,1.0,,145,9,68,"[(30, 0.7506967186927795), (41, 0.7364374995231628), (103, 0.7311819195747375), (416, 0.7306829690933228), (410, 0.720590353012085)]"
573,3,439,439,re_activate_from_lost,0.7047,"[1308.2, 506.3, 1327.1, 547.4]","[1309.2, 506.1, 1326.5, 548.1]",0.2913,0.7087,0.1342,,,,,,145,9,16,
573,5,445,445,unconfirmed_update,0.7172,"[301.7, 489.4, 329.4, 571.1]","[301.8, 489.4, 330.2, 571.7]",0.1754,0.8246,,,,,,,,9,,
573,5,446,446,unconfirmed_update,0.6925,"[238.4, 491.1, 268.1, 567.3]","[238.5, 490.9, 269.4, 567.5]",0.2031,0.7969,,,,,,,,9,,
574,3,432,432,re_activate_from_lost,0.7098,"[1684.8, 565.3, 1730.7, 699.3]","[1685.7, 565.5, 1729.1, 698.1]",0.5836,0.4164,0.7044,,,,,,145,7,23,
574,3,392,392,re_activate_from_lost,0.6644,"[548.1, 493.1, 573.1, 567.3]","[549.1, 493.2, 573.4, 567.4]",0.6581,0.3419,0.7729,,,,,,145,7,72,
576,3,446,446,re_activate_from_lost,0.6427,"[228.5, 493.8, 256.5, 567.3]","[227.8, 493.7, 257.5, 567.4]",0.2243,0.7757,0.5015,,,,,,145,8,0,
576,6_new,34,447,margin_failed margin=0.017<0.03,0.7964,"[1375.0, 503.9, 1395.9, 553.2]",,,,,0.8488,0.7174,0.0173,1.0,,145,8,48,"[(34, 0.8488050699234009), (124, 0.8315475583076477), (103, 0.8062148094177246), (314, 0.8022797107696533), (259, 0.7961254715919495)]"
577,5,447,447,unconfirmed_update,0.8105,"[1378.4, 503.2, 1397.2, 548.4]","[1377.6, 503.3, 1397.1, 549.4]",0.2918,0.7082,,,,,,,,8,,
577,6_new,419,448,margin_failed margin=0.005<0.03,0.7869,"[1625.4, 575.4, 1657.8, 683.4]",,,,,0.7537,0.65,0.0049,1.0,,145,8,42,"[(419, 0.7537068128585815), (431, 0.7487943172454834), (434, 0.7237895727157593), (364, 0.7135286927223206), (314, 0.7134740948677063)]"
578,3,375,375,re_activate_from_lost,0.8711,"[1757.7, 546.8, 1822.5, 735.1]","[1753.2, 548.9, 1829.7, 732.2]",0.3724,0.6276,0.4533,,,,,,145,9,142,
578,5,448,448,unconfirmed_update,0.7888,"[1632.2, 576.5, 1664.6, 680.4]","[1631.3, 576.2, 1662.7, 681.0]",0.3653,0.6347,,,,,,,,9,,
581,3,427,427,re_activate_from_lost,0.7842,"[357.4, 502.2, 390.5, 590.0]","[357.2, 502.3, 390.9, 589.7]",0.0461,0.9539,0.0953,,,,,,146,11,48,
581,3,439,439,re_activate_from_lost,0.6785,"[1317.6, 507.9, 1337.9, 562.6]","[1316.8, 507.8, 1338.6, 560.6]",0.2048,0.7952,0.102,,,,,,146,11,23,
582,6_new,426,449,margin_failed margin=0.029<0.03,0.7664,"[1682.1, 595.7, 1725.3, 708.8]",,,,,0.8575,0.75,0.029,1.0,,147,9,47,"[(426, 0.8574930429458618), (431, 0.8285403847694397), (432, 0.7857108116149902), (419, 0.7458956241607666), (230, 0.7453581094741821)]"
583,3,448,448,re_activate_from_lost,0.7312,"[1661.9, 583.9, 1699.7, 704.7]","[1662.2, 583.9, 1698.5, 704.1]",0.261,0.739,0.4596,,,,,,147,9,2,
583,5,449,449,unconfirmed_update,0.8213,"[1688.9, 597.4, 1732.1, 710.1]","[1687.6, 597.0, 1730.6, 709.8]",0.2871,0.7129,,,,,,,,9,,
585,3,427,427,re_activate_from_lost,0.679,"[347.3, 504.6, 381.0, 595.7]","[346.2, 504.8, 380.9, 595.7]",0.2223,0.7777,0.0776,,,,,,147,9,50,
586,3,446,446,re_activate_from_lost,0.6294,"[189.8, 494.8, 221.2, 582.5]","[188.1, 494.9, 222.9, 582.4]",0.2462,0.7538,0.5256,,,,,,148,7,1,
588,3,371,371,re_activate_from_lost,0.9144,"[1343.2, 553.5, 1400.0, 666.9]","[1348.4, 553.4, 1395.0, 666.5]",0.5052,0.4948,0.5475,,,,,,148,9,144,
588,6_new,8,450,margin_failed margin=0.011<0.03,0.7238,"[1217.7, 506.6, 1231.2, 542.4]",,,,,0.7866,0.7273,0.0108,1.0,,148,9,38,"[(8, 0.7866405844688416), (103, 0.7757952213287354), (34, 0.7744238972663879), (7, 0.7727460861206055), (130, 0.7596262693405151)]"
589,5,450,450,unconfirmed_update,0.6435,"[1217.7, 502.9, 1231.2, 540.7]","[1217.4, 503.6, 1231.5, 541.0]",0.1368,0.8632,,,,,,,,7,,
590,3,447,447,re_activate_from_lost,0.7039,"[1374.3, 507.3, 1393.2, 556.5]","[1374.0, 507.4, 1394.1, 556.3]",0.1819,0.8181,0.0749,,,,,,148,7,11,
590,6_new,68,451,margin_failed margin=0.007<0.03,0.8178,"[302.6, 507.3, 338.3, 587.6]",,,,,0.775,0.708,0.0069,1.0,,148,7,148,"[(68, 0.7750259637832642), (105, 0.7681177854537964), (184, 0.7467036247253418), (434, 0.7416667938232422), (370, 0.7388554811477661)]"
590,6_revive,440,440,revived,0.6902,"[425.6, 487.7, 451.9, 565.3]",,,,,0.803,0.75,0.044,1.0,0.803,148,7,39,"[(440, 0.8029870986938477), (416, 0.7589554786682129), (18, 0.7496975660324097), (103, 0.741653561592102), (16, 0.7314502596855164)]"
591,3,436,436,re_activate_from_lost,0.5893,"[1572.8, 512.3, 1594.4, 564.3]","[1573.0, 512.3, 1594.1, 564.2]",0.2447,0.7553,0.1304,,,,,,148,6,19,
591,6_new,18,452,margin_failed margin=0.014<0.03,0.7486,"[426.3, 499.5, 450.6, 568.4]",,,,,0.7728,0.6723,0.0144,1.0,,148,6,144,"[(18, 0.7728431224822998), (440, 0.7584774494171143), (64, 0.7506043910980225), (10, 0.7359031438827515), (423, 0.734125018119812)]"
592,3,447,447,re_activate_from_lost,0.6443,"[1373.0, 503.9, 1391.9, 555.9]","[1372.1, 504.3, 1393.0, 555.7]",0.1256,0.8744,0.0894,,,,,,148,7,12,
592,5,452,452,unconfirmed_update,0.7432,"[422.2, 494.1, 449.2, 569.7]","[423.1, 495.2, 449.4, 569.4]",0.2596,0.7404,,,,,,,,7,,
592,6_new,370,453,margin_failed margin=0.030<0.03,0.7971,"[590.3, 504.2, 622.7, 587.2]",,,,,0.7928,0.7476,0.0298,1.0,,148,7,119,"[(370, 0.7927692532539368), (103, 0.7629830837249756), (371, 0.7590416669845581), (109, 0.7575466632843018), (314, 0.7570093870162964)]"
593,3,392,392,re_activate_from_lost,0.6725,"[514.7, 501.9, 540.3, 577.5]","[515.3, 501.7, 540.7, 577.4]",0.569,0.431,0.7102,,,,,,148,6,84,
593,5,453,453,unconfirmed_update,0.8102,"[589.3, 504.9, 621.7, 585.9]","[589.8, 504.8, 621.6, 586.2]",0.0828,0.9172,,,,,,,,6,,
595,3,449,449,re_activate_from_lost,0.8884,"[1788.8, 592.3, 1840.1, 730.4]","[1787.9, 592.3, 1840.4, 730.1]",0.6081,0.3919,0.6518,,,,,,148,8,2,
595,3,436,436,re_activate_from_lost,0.7032,"[1578.2, 513.0, 1597.1, 562.3]","[1577.9, 512.7, 1597.6, 562.1]",0.1362,0.8638,0.0785,,,,,,148,8,21,
595,3,447,447,re_activate_from_lost,0.775,"[1368.9, 501.9, 1391.9, 554.5]","[1369.7, 502.2, 1391.2, 554.8]",0.1195,0.8805,0.0575,,,,,,148,8,14,
595,6_new,410,454,margin_failed margin=0.006<0.03,0.7481,"[1647.0, 508.3, 1668.6, 563.6]",,,,,0.7916,0.75,0.0062,1.0,,148,8,107,"[(410, 0.7916216254234314), (103, 0.7853834629058838), (370, 0.7764847278594971), (439, 0.7734758257865906), (416, 0.7670801877975464)]"
597,6_new,104,455,margin_failed margin=0.020<0.03,0.7052,"[267.3, 504.9, 305.1, 592.7]",,,,,0.7529,0.65,0.02,1.0,,150,4,169,"[(104, 0.7529149055480957), (370, 0.7329590916633606), (105, 0.7300696969032288), (366, 0.7256113290786743), (434, 0.7209733724594116)]"
598,3,392,392,re_activate_from_lost,0.6471,"[502.5, 498.8, 531.6, 577.8]","[503.7, 499.0, 530.5, 577.7]",0.1656,0.8344,0.4601,,,,,,150,4,85,
599,6_new,419,456,margin_failed margin=0.027<0.03,0.704,"[1773.9, 697.3, 1827.9, 828.2]",,,,,0.7449,0.65,0.0267,1.0,,151,4,64,"[(419, 0.7448534965515137), (447, 0.7181059122085571), (34, 0.7133413553237915), (57, 0.710857629776001), (431, 0.7102082967758179)]"
600,3,447,447,re_activate_from_lost,0.7681,"[1368.9, 502.2, 1387.8, 550.1]","[1368.3, 502.0, 1389.6, 550.6]",0.2703,0.7297,0.0622,,,,,,151,8,18,
602,6_new,10,457,margin_failed margin=0.007<0.03,0.6915,"[1128.6, 481.3, 1148.9, 533.9]",,,,,0.7968,0.695,0.0069,1.0,,151,9,228,"[(10, 0.7968130111694336), (103, 0.789864182472229), (447, 0.7805043458938599), (259, 0.7782546281814575), (370, 0.7769068479537964)]"
603,3,416,416,re_activate_from_lost,0.6397,"[436.1, 491.4, 463.1, 564.3]","[435.9, 491.6, 463.4, 565.6]",0.2987,0.7013,0.1331,,,,,,151,9,80,
603,3,366,366,re_activate_from_lost,0.6331,"[1460.7, 538.0, 1495.8, 646.0]","[1460.0, 539.1, 1500.1, 643.4]",0.6263,0.3737,0.7634,,,,,,151,9,179,
603,5,457,457,unconfirmed_update,0.5986,"[1130.6, 481.3, 1149.5, 531.9]","[1130.0, 481.3, 1149.6, 532.3]",0.1615,0.8385,,,,,,,,9,,
603,6_revive,10,10,revived,0.7364,"[1108.3, 490.4, 1127.2, 545.1]",,,,,0.8514,0.695,0.0414,1.0,0.8514,151,9,228,"[(10, 0.8514184951782227), (416, 0.8100534677505493), (103, 0.8065317869186401), (447, 0.7920301556587219), (436, 0.7901766300201416)]"
603,6_new,121,458,margin_failed margin=0.006<0.03,0.7059,"[148.2, 504.6, 181.7, 587.6]",,,,,0.7544,0.75,0.0057,1.0,,151,9,69,"[(121, 0.7543685436248779), (57, 0.748630166053772), (432, 0.7360130548477173), (364, 0.7346988320350647), (41, 0.7292715311050415)]"
604,3,392,392,re_activate_from_lost,0.6501,"[495.1, 501.2, 522.8, 578.1]","[495.4, 501.0, 521.9, 578.1]",0.3314,0.6686,0.5653,,,,,,151,7,86,
604,5,10,10,unconfirmed_update,0.5842,"[1109.0, 494.4, 1127.9, 545.7]","[1109.4, 493.6, 1127.3, 545.6]",0.1459,0.8541,,,,,,,,7,,
605,3,457,457,re_activate_from_lost,0.6363,"[1132.7, 480.9, 1150.2, 528.9]","[1132.1, 481.0, 1150.7, 529.3]",0.1917,0.8083,0.4857,,,,,,151,7,0,
606,3,450,450,re_activate_from_lost,0.7308,"[1233.2, 497.5, 1248.1, 536.6]","[1233.2, 497.5, 1248.0, 536.6]",0.3813,0.6187,0.5478,,,,,,151,8,3,
606,3,410,410,re_activate_from_lost,0.7718,"[485.3, 497.8, 517.0, 578.8]","[486.2, 497.8, 515.5, 578.9]",0.3545,0.6455,0.143,,,,,,151,8,111,
606,6_new,8,459,margin_failed margin=0.014<0.03,0.7539,"[1215.7, 490.4, 1233.2, 536.3]",,,,,0.8082,0.7273,0.0136,1.0,,151,8,38,"[(8, 0.8082370758056641), (119, 0.7946181893348694), (103, 0.7824887037277222), (439, 0.7765845060348511), (259, 0.7686657905578613)]"
607,5,459,459,unconfirmed_update,0.7747,"[1217.0, 491.1, 1234.6, 538.3]","[1216.6, 490.9, 1234.5, 537.9]",0.1879,0.8121,,,,,,,,7,,
609,6_new,259,460,margin_failed margin=0.007<0.03,0.7354,"[1406.7, 496.8, 1428.3, 550.8]",,,,,0.8128,0.6889,0.0073,1.0,,151,9,77,"[(259, 0.8127516508102417), (103, 0.8054336309432983), (119, 0.7980074286460876), (439, 0.7975887060165405), (370, 0.7814763188362122)]"
610,5,460,460,unconfirmed_update,0.7544,"[1408.1, 494.4, 1429.7, 551.1]","[1407.4, 494.9, 1429.8, 551.1]",0.1573,0.8427,,,,,,,,11,,
610,6_new,103,461,margin_failed margin=0.010<0.03,0.7869,"[1633.5, 504.9, 1655.1, 561.6]",,,,,0.7356,0.65,0.0104,1.0,,151,11,289,"[(103, 0.7355943918228149), (10, 0.725145697593689), (370, 0.7222119569778442), (416, 0.7077445983886719), (439, 0.7052881121635437)]"
610,6_revive,18,18,revived,0.6955,"[370.6, 496.5, 394.9, 571.4]",,,,,0.8092,0.654,0.051,1.0,0.8092,151,11,163,"[(18, 0.809194803237915), (452, 0.758162796497345), (422, 0.7567879557609558), (64, 0.7483358383178711), (19, 0.7348129749298096)]"
610,6_revive,419,419,revived,0.8085,"[1746.9, 592.0, 1784.7, 697.3]",,,,,0.8192,0.65,0.0497,1.0,0.8192,151,11,75,"[(419, 0.8191680908203125), (426, 0.7694275379180908), (431, 0.6827946901321411), (449, 0.6681011319160461), (110, 0.6541854739189148)]"
611,3,390,390,re_activate_from_lost,0.7327,"[1541.7, 550.1, 1579.5, 646.0]","[1539.7, 550.7, 1581.0, 648.0]",0.2831,0.7169,0.4747,,,,,,151,12,135,
611,3,453,453,re_activate_from_lost,0.6913,"[571.4, 501.9, 602.4, 584.9]","[571.1, 502.1, 602.6, 585.4]",0.0671,0.9329,0.1012,,,,,,151,12,16,
611,5,461,461,unconfirmed_update,0.8153,"[1636.2, 507.3, 1657.8, 561.9]","[1636.0, 506.8, 1657.0, 561.9]",0.2551,0.7449,,,,,,,,12,,
611,6_revive,18,18,revived,0.731,"[366.2, 495.1, 391.2, 571.4]",,,,,0.7969,0.654,0.0508,1.0,0.7969,151,12,165,"[(18, 0.7968622446060181), (440, 0.7460411787033081), (410, 0.7382773756980896), (103, 0.7378971576690674), (19, 0.7352745532989502)]"
612,6_new,18,462,margin_failed margin=0.021<0.03,0.7037,"[364.8, 494.4, 390.5, 570.7]",,,,,0.7567,0.654,0.0206,1.0,,151,10,167,"[(18, 0.756688117980957), (426, 0.7360556125640869), (343, 0.7192254066467285), (7, 0.7142550945281982), (49, 0.7111249566078186)]"
613,3,459,459,re_activate_from_lost,0.6152,"[1223.1, 490.7, 1240.7, 538.0]","[1223.0, 490.9, 1240.9, 537.8]",0.1135,0.8865,0.4546,,,,,,151,11,4,
613,5,462,462,unconfirmed_update,0.6778,"[362.5, 495.5, 386.8, 570.4]","[362.6, 495.2, 387.9, 570.4]",0.2296,0.7704,,,,,,,,11,,
613,6_new,366,463,margin_failed margin=0.007<0.03,0.6851,"[1335.8, 541.0, 1370.9, 642.9]",,,,,0.7118,0.65,0.0072,1.0,,152,11,190,"[(366, 0.7117748856544495), (55, 0.7045878171920776), (438, 0.6799713373184204), (343, 0.6785870790481567), (105, 0.6724629998207092)]"
614,3,460,460,re_activate_from_lost,0.5869,"[1410.8, 494.4, 1429.7, 540.3]","[1411.3, 494.5, 1429.7, 540.3]",0.2945,0.7055,0.5859,,,,,,152,14,2,
614,6_new,364,464,margin_failed margin=0.003<0.03,0.7423,"[1670.0, 510.0, 1691.6, 560.6]",,,,,0.7725,0.6556,0.0027,1.0,,152,14,189,"[(364, 0.7724766731262207), (109, 0.7698222398757935), (314, 0.7562110424041748), (259, 0.7537636756896973), (419, 0.7471573948860168)]"
615,3,453,453,re_activate_from_lost,0.6971,"[567.7, 501.9, 602.8, 586.9]","[568.8, 501.8, 601.0, 586.3]",0.167,0.833,0.114,,,,,,152,14,18,
615,5,464,464,unconfirmed_update,0.5819,"[1674.0, 509.3, 1695.6, 559.9]","[1673.2, 509.4, 1694.8, 560.0]",0.331,0.669,,,,,,,,14,,
615,6_new,232,465,margin_failed margin=0.009<0.03,0.718,"[1125.2, 499.2, 1144.1, 551.8]",,,,,0.7849,0.6877,0.0087,1.0,,152,14,228,"[(232, 0.7848716974258423), (10, 0.7761989235877991), (416, 0.7544796466827393), (314, 0.7359378337860107), (191, 0.7076067924499512)]"
615,6_revive,18,18,revived,0.7799,"[215.8, 505.6, 258.0, 605.5]",,,,,0.8358,0.654,0.0437,1.0,0.8358,152,14,170,"[(18, 0.8358145952224731), (422, 0.7920726537704468), (452, 0.7678447365760803), (19, 0.7485414743423462), (108, 0.718680739402771)]"
616,3,434,434,re_activate_from_lost,0.6866,"[34.9, 495.8, 74.7, 600.4]","[34.4, 496.0, 74.5, 600.3]",0.5803,0.4197,0.7118,,,,,,152,15,44,
616,3,390,390,re_activate_from_lost,0.6087,"[1563.3, 550.1, 1595.7, 651.4]","[1559.7, 550.2, 1600.4, 650.4]",0.3263,0.6737,0.5899,,,,,,152,15,137,
616,3,462,462,re_activate_from_lost,0.5949,"[356.7, 495.5, 381.7, 571.7]","[356.4, 495.6, 381.9, 571.6]",0.1164,0.8836,0.4743,,,,,,152,15,1,
616,5,465,465,unconfirmed_update,0.6048,"[1127.9, 496.5, 1146.8, 551.8]","[1127.0, 497.0, 1146.7, 551.8]",0.2822,0.7178,,,,,,,,15,,
616,6_new,18,466,margin_failed margin=0.006<0.03,0.788,"[212.8, 504.2, 252.6, 604.1]",,,,,0.804,0.654,0.006,1.0,,153,15,172,"[(18, 0.8039947748184204), (422, 0.7980065941810608), (452, 0.7434374094009399), (108, 0.7322641015052795), (19, 0.7083740234375)]"
617,3,460,460,re_activate_from_lost,0.7117,"[1416.2, 490.4, 1435.1, 538.3]","[1415.7, 490.3, 1434.8, 538.1]",0.3266,0.6734,0.5207,,,,,,153,13,3,
617,5,466,466,unconfirmed_update,0.6507,"[205.9, 508.3, 253.5, 605.5]","[210.8, 507.5, 249.8, 605.2]",0.2026,0.7974,,,,,,,,13,,
617,6_new,366,467,margin_failed margin=0.008<0.03,0.7339,"[1517.4, 546.8, 1555.2, 654.8]",,,,,0.7449,0.65,0.0078,1.0,,153,13,194,"[(366, 0.7448577284812927), (449, 0.7370849847793579), (55, 0.7306286096572876), (7, 0.7086379528045654), (426, 0.7050368189811707)]"
618,3,464,464,re_activate_from_lost,0.7596,"[1679.4, 510.0, 1701.0, 561.3]","[1679.5, 510.0, 1701.3, 561.1]",0.1694,0.8306,0.3691,,,,,,153,14,1,
618,3,462,462,re_activate_from_lost,0.6128,"[352.0, 499.2, 377.7, 574.1]","[352.1, 499.0, 377.4, 574.2]",0.0495,0.9505,0.4176,,,,,,153,14,2,
619,6_new,449,468,gate_failed sim=0.731<theta=0.750,0.7746,"[1525.5, 544.0, 1566.0, 654.8]","[2032.5, 622.2, 2091.2, 779.9]",1.0,0.0,,0.7312,0.75,0.0008,1.0,,154,12,12,"[(449, 0.7312438488006592), (55, 0.7304279804229736), (366, 0.717949628829956), (426, 0.6987907886505127), (68, 0.6918853521347046)]"
620,3,465,465,re_activate_from_lost,0.6453,"[1133.3, 499.2, 1152.2, 552.5]","[1133.1, 499.2, 1152.2, 552.5]",0.3341,0.6659,0.5703,,,,,,154,14,0,
620,3,462,462,re_activate_from_lost,0.6506,"[347.6, 499.8, 373.3, 576.8]","[347.5, 500.1, 373.3, 576.6]",0.0461,0.9539,0.3795,,,,,,154,14,3,
620,5,468,468,unconfirmed_update,0.7247,"[1528.2, 545.4, 1568.7, 658.1]","[1527.4, 545.1, 1568.5, 657.4]",0.1591,0.8409,,,,,,,,14,,
621,6_new,49,469,margin_failed margin=0.016<0.03,0.6967,"[1703.7, 504.9, 1725.3, 564.3]",,,,,0.7571,0.742,0.0156,1.0,,156,13,32,"[(49, 0.7571333646774292), (461, 0.7415521144866943), (426, 0.7399722933769226), (110, 0.7383056879043579), (410, 0.7380392551422119)]"
623,3,447,447,re_activate_from_lost,0.7139,"[1357.4, 498.2, 1377.7, 553.5]","[1356.1, 498.2, 1379.0, 553.5]",0.1487,0.8513,0.0855,,,,,,157,14,23,
623,3,465,465,re_activate_from_lost,0.5915,"[1138.1, 503.6, 1157.0, 557.5]","[1137.8, 503.3, 1157.1, 557.2]",0.1679,0.8321,0.5078,,,,,,157,14,1,
623,6_new,49,470,margin_failed margin=0.026<0.03,0.694,"[1707.8, 502.5, 1732.1, 565.3]",,,,,0.8021,0.742,0.0258,1.0,,157,14,32,"[(49, 0.8020609617233276), (410, 0.7762233018875122), (47, 0.7747452259063721), (110, 0.7723780274391174), (41, 0.770194947719574)]"
624,5,470,470,unconfirmed_update,0.7969,"[1711.8, 506.3, 1736.1, 568.4]","[1711.1, 505.5, 1735.2, 567.7]",0.3494,0.6506,,,,,,,,12,,
624,6_new,314,471,margin_failed margin=0.022<0.03,0.7938,"[1141.4, 560.2, 1188.7, 669.6]",,,,,0.6599,0.65,0.0216,1.0,,157,12,214,"[(314, 0.6598602533340454), (444, 0.6382291316986084), (1, 0.6303497552871704), (232, 0.6224304437637329), (447, 0.6019158959388733)]"
624,6_revive,419,419,revived,0.7348,"[1838.7, 605.8, 1884.6, 714.8]",,,,,0.8371,0.65,0.1232,1.0,0.8371,157,12,90,"[(419, 0.83711838722229), (426, 0.713939905166626), (18, 0.6826730966567993), (434, 0.6543781757354736), (431, 0.6428669691085815)]"
625,3,465,465,re_activate_from_lost,0.6446,"[1140.1, 497.1, 1159.0, 557.9]","[1139.1, 498.9, 1160.1, 558.4]",0.2061,0.7939,0.4882,,,,,,157,13,2,
626,6_new,119,472,margin_failed margin=0.004<0.03,0.7044,"[1614.6, 503.2, 1630.8, 543.0]",,,,,0.8354,0.75,0.0038,1.0,,158,11,13,"[(119, 0.8353996276855469), (439, 0.8316342830657959), (68, 0.8188118934631348), (8, 0.8125491738319397), (13, 0.8115747570991516)]"
627,3,450,450,re_activate_from_lost,0.5999,"[1255.5, 499.2, 1271.7, 543.7]","[1255.3, 499.2, 1271.9, 543.7]",0.287,0.713,0.5723,,,,,,158,12,4,
627,3,439,439,re_activate_from_lost,0.6749,"[1393.2, 510.6, 1417.5, 578.8]","[1391.7, 510.7, 1419.2, 578.8]",0.1957,0.8043,0.4572,,,,,,158,12,61,
627,5,472,472,unconfirmed_update,0.6586,"[1616.0, 502.5, 1632.2, 544.4]","[1615.4, 502.7, 1632.2, 544.1]",0.1918,0.8082,,,,,,,,12,,
628,3,392,392,re_activate_from_lost,0.6525,"[440.1, 512.0, 469.1, 603.1]","[439.3, 512.1, 470.0, 603.1]",0.4212,0.5788,0.1476,,,,,,159,13,87,
628,3,459,459,re_activate_from_lost,0.6241,"[1235.9, 491.1, 1254.8, 543.7]","[1235.5, 491.1, 1255.3, 543.7]",0.2091,0.7909,0.1153,,,,,,159,13,5,
628,3,453,453,re_activate_from_lost,0.7858,"[546.8, 511.0, 581.2, 591.3]","[548.4, 511.0, 579.8, 591.4]",0.4044,0.5956,0.1354,,,,,,159,13,19,
628,3,366,366,re_activate_from_lost,0.9264,"[1567.4, 552.5, 1621.4, 682.8]","[1567.1, 552.8, 1623.0, 682.7]",0.1202,0.8798,0.102,,,,,,159,13,203,
629,3,461,461,re_activate_from_lost,0.6878,"[1668.6, 512.3, 1690.2, 566.3]","[1668.0, 513.0, 1689.7, 566.2]",0.2696,0.7304,0.071,,,,,,159,12,16,
630,6_new,103,473,margin_failed margin=0.019<0.03,0.72,"[1607.9, 504.9, 1624.1, 546.1]",,,,,0.8037,0.65,0.0189,1.0,,159,13,289,"[(103, 0.8037068843841553), (130, 0.7848228216171265), (437, 0.7815212607383728), (450, 0.7780923843383789), (34, 0.7724649310112)]"
631,3,392,392,re_activate_from_lost,0.5917,"[432.3, 507.9, 468.8, 607.2]","[433.1, 508.7, 466.8, 606.7]",0.2663,0.7337,0.5659,,,,,,159,14,88,
631,3,459,459,re_activate_from_lost,0.7143,"[1238.0, 494.1, 1258.2, 546.8]","[1237.9, 494.0, 1257.9, 546.7]",0.127,0.873,0.0788,,,,,,159,14,6,
631,5,473,473,unconfirmed_update,0.7072,"[1609.2, 503.6, 1625.4, 545.4]","[1608.8, 503.8, 1625.2, 545.5]",0.1912,0.8088,,,,,,,,14,,
632,3,470,470,re_activate_from_lost,0.5916,"[1721.2, 513.3, 1745.6, 570.7]","[1722.3, 513.4, 1744.6, 570.9]",0.2337,0.7663,0.5467,,,,,,159,11,2,
632,6_new,41,474,margin_failed margin=0.002<0.03,0.6922,"[1544.4, 515.4, 1568.7, 583.5]",,,,,0.7632,0.7272,0.0018,1.0,,159,11,61,"[(41, 0.7632212042808533), (439, 0.7613928914070129), (392, 0.7506324052810669), (461, 0.7491544485092163), (103, 0.7476785182952881)]"
634,3,453,453,re_activate_from_lost,0.6205,"[533.9, 512.0, 570.4, 603.1]","[534.2, 511.8, 570.2, 602.1]",0.248,0.752,0.115,,,,,,159,13,21,
634,3,366,366,re_activate_from_lost,0.9479,"[1594.4, 560.2, 1643.0, 694.6]","[1590.7, 560.9, 1646.3, 694.5]",0.142,0.858,0.0937,,,,,,159,13,207,
635,3,472,472,re_activate_from_lost,0.6349,"[1624.1, 508.6, 1643.0, 551.8]","[1624.7, 508.6, 1642.4, 551.8]",0.4987,0.5013,0.6817,,,,,,159,11,0,
635,3,470,470,re_activate_from_lost,0.5895,"[1724.0, 518.7, 1748.2, 573.4]","[1725.4, 518.4, 1747.1, 573.3]",0.1402,0.8598,0.4932,,,,,,159,11,3,
635,3,232,232,re_activate_from_lost,0.6821,"[1763.1, 602.4, 1800.9, 718.2]","[1761.0, 601.8, 1802.4, 717.5]",0.1418,0.8582,0.4147,,,,,,159,11,246,
638,3,470,470,re_activate_from_lost,0.6496,"[1729.4, 522.8, 1751.0, 578.1]","[1729.1, 522.8, 1750.9, 578.1]",0.1305,0.8695,0.4351,,,,,,160,11,4,
638,6_new,444,475,gate_failed sim=0.683<theta=0.750,0.746,"[1155.6, 545.1, 1200.2, 653.7]",,,,,0.6833,0.75,0.0287,1.0,,161,11,73,"[(444, 0.6832671165466309), (314, 0.6545509099960327), (447, 0.6457998752593994), (371, 0.6424842476844788), (103, 0.608831524848938)]"
639,3,364,364,re_activate_from_lost,0.8645,"[1787.4, 591.3, 1836.0, 729.7]","[1786.6, 593.1, 1838.4, 729.2]",0.3023,0.6977,0.1363,,,,,,161,10,211,
639,6_new,120,476,gate_failed sim=0.727<theta=0.750,0.7183,"[1279.1, 498.2, 1294.0, 529.2]",,,,,0.7273,0.75,0.0268,1.0,,162,10,27,"[(120, 0.7273215651512146), (64, 0.70052170753479), (65, 0.692533552646637), (68, 0.6863325834274292), (314, 0.6721192598342896)]"
639,6_new,439,477,margin_failed margin=0.003<0.03,0.7625,"[1741.5, 517.7, 1765.8, 581.9]",,,,,0.8184,0.6805,0.0031,1.0,,162,10,74,"[(439, 0.8183944225311279), (464, 0.8152552247047424), (470, 0.8088549971580505), (419, 0.801403820514679), (259, 0.7844998240470886)]"
640,5,476,476,unconfirmed_update,0.8277,"[1279.8, 499.8, 1296.0, 531.6]","[1280.1, 499.5, 1295.2, 531.1]",0.2552,0.7448,,,,,,,,10,,
641,3,470,470,re_activate_from_lost,0.6703,"[1730.7, 524.5, 1752.3, 578.5]","[1730.8, 524.2, 1752.2, 578.4]",0.0587,0.9413,0.0488,,,,,,162,10,5,
641,6_revive,468,468,revived,0.8031,"[1622.7, 567.3, 1663.2, 691.9]",,,,,0.8746,0.75,0.0986,1.0,0.8746,162,10,13,"[(468, 0.8745712041854858), (366, 0.7759743928909302), (55, 0.7208225727081299), (7, 0.6799816489219666), (449, 0.6656630039215088)]"
642,3,232,232,re_activate_from_lost,0.6215,"[1802.2, 614.9, 1850.9, 744.5]","[1802.8, 612.4, 1849.1, 743.6]",0.3178,0.6822,0.1366,,,,,,162,9,250,
643,3,436,436,re_activate_from_lost,0.5954,"[1657.8, 527.9, 1679.4, 581.2]","[1657.6, 527.8, 1679.8, 581.2]",0.2068,0.7932,0.0922,,,,,,162,9,62,
643,6_new,470,478,margin_failed margin=0.013<0.03,0.711,"[1748.2, 519.4, 1772.6, 582.9]",,,,,0.8316,0.75,0.0132,1.0,,162,9,8,"[(470, 0.8316292762756348), (439, 0.8184521794319153), (464, 0.8150617480278015), (41, 0.7953435182571411), (109, 0.7901389598846436)]"
643,6_new,466,479,margin_failed margin=0.012<0.03,0.6846,"[8.1, 519.1, 45.2, 623.7]",,,,,0.8508,0.75,0.0117,1.0,,162,9,26,"[(466, 0.850764274597168), (18, 0.839093804359436), (19, 0.7480988502502441), (380, 0.7454477548599243), (10, 0.7440815567970276)]"
644,3,462,462,re_activate_from_lost,0.757,"[286.2, 526.2, 325.7, 619.3]","[289.3, 526.0, 322.5, 619.1]",0.6153,0.3847,0.7088,,,,,,162,10,7,
644,3,232,232,re_activate_from_lost,0.7038,"[1823.9, 615.6, 1867.1, 746.6]","[1821.1, 615.8, 1866.9, 746.6]",0.2932,0.7068,0.5026,,,,,,162,10,251,
644,6_new,103,480,margin_failed margin=0.028<0.03,0.6836,"[1386.5, 489.4, 1408.1, 547.4]",,,,,0.8179,0.65,0.0283,1.0,,162,10,289,"[(103, 0.8179063200950623), (130, 0.7895697951316833), (18, 0.7812390327453613), (64, 0.778287410736084), (259, 0.774479866027832)]"
644,6_revive,468,468,revived,0.7252,"[1634.9, 572.4, 1678.1, 698.0]",,,,,0.9014,0.75,0.0929,1.0,0.9014,162,10,14,"[(468, 0.9013983011245728), (366, 0.8084557056427002), (55, 0.7309927940368652), (7, 0.6895895004272461), (449, 0.6649709343910217)]"
645,3,438,438,re_activate_from_lost,0.7428,"[1883.3, 596.0, 1929.2, 746.6]","[1875.6, 596.4, 1930.5, 746.1]",0.6986,0.3014,0.7761,,,,,,162,8,92,
645,5,480,480,unconfirmed_update,0.6467,"[1386.5, 489.4, 1408.1, 546.1]","[1386.6, 489.4, 1407.9, 546.3]",0.0233,0.9767,,,,,,,,8,,
645,5,468,468,unconfirmed_update,0.693,"[1634.9, 569.0, 1680.8, 698.6]","[1635.4, 569.7, 1679.7, 698.5]",0.0882,0.9118,,,,,,,,8,,
646,3,452,452,re_activate_from_lost,0.8669,"[289.7, 505.9, 322.5, 597.0]","[290.2, 505.9, 322.1, 597.0]",0.2796,0.7204,0.3755,,,,,,163,9,35,
646,6_new,68,481,margin_failed margin=0.017<0.03,0.7238,"[148.8, 522.1, 181.6, 616.6]",,,,,0.8124,0.708,0.0165,1.0,,163,9,148,"[(68, 0.8123652338981628), (392, 0.795846164226532), (103, 0.7937825918197632), (18, 0.782419741153717), (230, 0.7790065407752991)]"
647,3,461,461,re_activate_from_lost,0.7548,"[1687.5, 521.8, 1709.1, 577.8]","[1686.4, 521.4, 1709.3, 578.0]",0.2013,0.7987,0.1026,,,,,,163,11,33,
647,3,436,436,re_activate_from_lost,0.6112,"[1660.5, 526.8, 1682.1, 580.8]","[1660.5, 527.1, 1682.4, 580.9]",0.0883,0.9117,0.0974,,,,,,163,11,65,
647,5,481,481,unconfirmed_update,0.7735,"[141.8, 525.8, 173.8, 619.0]","[143.1, 525.1, 175.5, 618.5]",0.4021,0.5979,,,,,,,,11,,
648,3,450,450,re_activate_from_lost,0.7497,"[1260.2, 510.0, 1279.1, 557.9]","[1260.3, 510.3, 1279.0, 558.0]",0.0726,0.9274,0.0495,,,,,,163,13,24,
649,3,470,470,re_activate_from_lost,0.5974,"[1738.8, 515.7, 1763.1, 575.8]","[1739.5, 516.6, 1762.5, 576.1]",0.1724,0.8276,0.0579,,,,,,163,15,12,
649,3,436,436,re_activate_from_lost,0.6786,"[1664.6, 525.8, 1683.5, 579.8]","[1663.2, 525.7, 1684.7, 579.6]",0.1612,0.8388,0.0724,,,,,,163,15,66,
651,3,473,473,re_activate_from_lost,0.6112,"[1624.1, 510.0, 1640.2, 553.2]","[1623.7, 509.9, 1640.7, 553.1]",0.1584,0.8416,0.0996,,,,,,163,14,13,
651,3,232,232,re_activate_from_lost,0.8465,"[1867.1, 607.8, 1929.2, 752.0]","[1871.9, 608.4, 1923.9, 751.8]",0.3301,0.6699,0.1353,,,,,,163,14,252,
652,3,476,476,re_activate_from_lost,0.5897,"[1291.3, 498.8, 1306.1, 531.9]","[1290.8, 498.9, 1306.5, 531.9]",0.1166,0.8834,0.0265,,,,,,163,14,6,
653,3,447,447,re_activate_from_lost,0.8125,"[1322.3, 511.0, 1346.6, 577.1]","[1320.7, 510.9, 1348.1, 576.5]",0.3081,0.6919,0.1112,,,,,,164,15,47,
654,6_revive,472,472,revived,0.7002,"[1053.0, 493.4, 1066.5, 529.9]","[1641.1, 517.4, 1657.6, 558.5]",1.0,0.0,,0.8179,0.75,0.0582,1.0,0.8179,164,13,17,"[(472, 0.8179444670677185), (103, 0.7597866654396057), (450, 0.7596396207809448), (10, 0.7415017485618591), (447, 0.7362920045852661)]"
655,3,480,480,re_activate_from_lost,0.6022,"[1390.5, 506.9, 1406.7, 544.7]","[1391.5, 506.8, 1405.8, 544.7]",0.5864,0.4136,0.7509,,,,,,164,12,0,
655,5,472,472,unconfirmed_update,0.6552,"[1052.3, 493.4, 1065.8, 529.2]","[1052.6, 493.4, 1065.9, 529.3]",0.1112,0.8888,,,,,,,,12,,
657,3,462,462,re_activate_from_lost,0.8228,"[224.8, 518.1, 254.5, 610.5]","[222.7, 519.2, 257.0, 611.7]",0.6834,0.3166,0.7395,,,,,,164,12,11,
659,3,461,461,re_activate_from_lost,0.6242,"[1690.2, 522.8, 1711.8, 578.8]","[1690.4, 523.0, 1713.5, 580.0]",0.3794,0.6206,0.0813,,,,,,164,11,44,
661,3,476,476,re_activate_from_lost,0.5933,"[1296.7, 498.8, 1311.5, 530.5]","[1296.6, 498.7, 1312.1, 530.4]",0.1879,0.8121,0.0198,,,,,,165,13,14,
662,3,459,459,re_activate_from_lost,0.6061,"[1242.7, 499.8, 1262.9, 550.5]","[1243.2, 499.9, 1262.4, 550.5]",0.2792,0.7208,0.5631,,,,,,165,13,18,
663,3,314,314,re_activate_from_lost,0.8476,"[1657.8, 591.0, 1706.4, 718.2]","[1657.3, 590.4, 1710.7, 719.4]",0.4249,0.5751,0.5125,,,,,,165,13,250,
664,3,366,366,re_activate_from_lost,0.9299,"[1733.4, 573.1, 1790.1, 725.6]","[1729.3, 572.7, 1792.7, 725.0]",0.1375,0.8625,0.0979,,,,,,165,13,236,
664,6_new,119,482,margin_failed margin=0.020<0.03,0.7421,"[1510.7, 504.2, 1526.9, 546.8]",,,,,0.8416,0.75,0.0196,1.0,,165,13,13,"[(119, 0.8416323661804199), (34, 0.822048544883728), (450, 0.804767906665802), (13, 0.8039700388908386), (57, 0.7968572378158569)]"
665,3,436,436,re_activate_from_lost,0.7744,"[1675.4, 522.1, 1699.7, 579.5]","[1675.9, 522.1, 1699.4, 579.5]",0.1696,0.8304,0.122,,,,,,165,15,76,
665,5,482,482,unconfirmed_update,0.7253,"[1510.7, 503.2, 1526.9, 547.1]","[1510.4, 503.4, 1527.1, 547.0]",0.0308,0.9692,,,,,,,,15,,
666,3,472,472,re_activate_from_lost,0.6357,"[1037.5, 483.6, 1056.4, 527.5]","[1038.4, 483.8, 1055.5, 527.4]",0.2955,0.7045,0.0918,,,,,,165,17,23,
667,3,461,461,re_activate_from_lost,0.5866,"[1699.7, 516.4, 1718.6, 571.1]","[1698.1, 516.3, 1719.8, 571.1]",0.3625,0.6375,0.1051,,,,,,165,17,45,
667,3,366,366,re_activate_from_lost,0.8744,"[1760.4, 574.4, 1806.3, 722.2]","[1752.3, 574.0, 1812.3, 722.5]",0.2986,0.7014,0.1271,,,,,,165,17,237,
667,6_new,105,483,margin_failed margin=0.001<0.03,0.6806,"[387.1, 513.0, 429.0, 610.9]",,,,,0.7938,0.65,0.0015,1.0,,165,17,109,"[(105, 0.793750524520874), (103, 0.7922535538673401), (16, 0.7879922986030579), (423, 0.7806785106658936), (461, 0.7770860195159912)]"
668,3,480,480,re_activate_from_lost,0.6111,"[1393.2, 496.8, 1409.4, 538.0]","[1393.2, 497.1, 1409.6, 538.0]",0.1884,0.8116,0.0369,,,,,,165,15,9,
668,5,483,483,unconfirmed_update,0.5918,"[386.1, 515.4, 427.3, 611.9]","[386.3, 514.9, 427.7, 611.7]",0.0941,0.9059,,,,,,,,15,,
669,3,425,425,re_activate_from_lost,0.7984,"[1241.3, 537.3, 1281.8, 653.4]","[1240.7, 537.2, 1283.0, 653.6]",0.0726,0.9274,0.0802,,,,,,165,16,143,
670,3,464,464,re_activate_from_lost,0.7213,"[1744.2, 508.3, 1768.5, 573.1]","[1743.7, 508.2, 1769.0, 573.2]",0.1075,0.8925,0.0512,,,,,,165,18,48,
670,3,462,462,re_activate_from_lost,0.6562,"[167.9, 513.3, 201.7, 610.5]","[168.0, 512.9, 201.9, 610.1]",0.0841,0.9159,0.0685,,,,,,165,18,23,
671,3,366,366,re_activate_from_lost,0.6226,"[1761.8, 573.1, 1813.1, 715.5]","[1763.8, 574.6, 1818.7, 716.1]",0.5423,0.4577,0.715,,,,,,166,17,240,
672,3,473,473,re_activate_from_lost,0.5869,"[1638.9, 507.6, 1652.4, 544.7]","[1638.5, 507.6, 1652.8, 544.8]",0.316,0.684,0.1067,,,,,,166,17,14,
672,3,470,470,re_activate_from_lost,0.7343,"[1765.8, 514.0, 1790.1, 572.7]","[1766.7, 513.8, 1789.0, 572.6]",0.2356,0.7644,0.0653,,,,,,166,17,27,
672,3,481,481,re_activate_from_lost,0.6481,"[25.4, 519.1, 80.4, 650.0]","[27.1, 521.5, 77.6, 652.6]",0.4289,0.5711,0.6299,,,,,,166,17,20,
673,3,480,480,re_activate_from_lost,0.5918,"[1393.2, 477.2, 1414.8, 538.7]","[1392.0, 479.2, 1415.4, 538.8]",0.5546,0.4454,0.7364,,,,,,166,13,10,
673,6_revive,472,472,revived,0.7976,"[1055.7, 485.3, 1073.2, 523.1]","[1027.6, 486.0, 1045.2, 530.6]",1.0,0.0,,0.8277,0.75,0.0511,1.0,0.8277,167,13,26,"[(472, 0.8277366161346436), (447, 0.7766759395599365), (120, 0.742743194103241), (103, 0.742741048336029), (10, 0.7281193733215332)]"
673,6_new,104,484,margin_failed margin=0.004<0.03,0.7833,"[1780.7, 575.1, 1840.1, 731.0]",,,,,0.6948,0.65,0.0043,1.0,,167,13,169,"[(104, 0.6948386430740356), (4, 0.690583348274231), (168, 0.6905336976051331), (468, 0.6856741905212402), (172, 0.6853763461112976)]"
674,5,472,472,unconfirmed_update,0.7268,"[1057.1, 485.3, 1073.2, 522.5]","[1056.4, 485.3, 1073.7, 522.6]",0.0934,0.9066,,,,,,,,15,,
674,5,484,484,unconfirmed_update,0.8691,"[1791.5, 572.7, 1848.2, 734.4]","[1787.4, 573.2, 1848.5, 733.7]",0.3016,0.6984,,,,,,,,15,,
674,6_revive,472,472,revived,0.7742,"[1655.1, 506.6, 1671.3, 547.8]",,,,,0.8764,0.75,0.0852,1.0,0.8764,167,15,27,"[(472, 0.8763874769210815), (450, 0.7912359833717346), (10, 0.7810080647468567), (459, 0.7423331141471863), (103, 0.742213785648346)]"
675,3,481,481,re_activate_from_lost,0.7567,"[22.7, 517.4, 79.7, 627.4]","[26.8, 518.2, 72.4, 631.4]",0.4632,0.5368,0.5938,,,,,,167,15,21,
676,3,482,482,re_activate_from_lost,0.7021,"[1506.6, 500.5, 1525.5, 545.1]","[1507.5, 500.5, 1524.8, 545.1]",0.1476,0.8524,0.0767,,,,,,167,17,7,
676,3,425,425,re_activate_from_lost,0.6178,"[1240.0, 507.6, 1291.3, 634.5]","[1243.0, 509.3, 1290.7, 639.6]",0.322,0.678,0.5811,,,,,,167,17,149,
677,3,390,390,re_activate_from_lost,0.7077,"[1849.5, 585.6, 1892.7, 721.6]","[1844.1, 585.5, 1899.3, 722.6]",0.3523,0.6477,0.5416,,,,,,167,17,194,
677,3,481,481,re_activate_from_lost,0.7572,"[-0.6, 523.1, 50.7, 652.7]","[3.3, 521.6, 54.1, 647.9]",0.6634,0.3366,0.7451,,,,,,167,17,22,
678,3,459,459,re_activate_from_lost,0.745,"[1239.3, 497.5, 1259.6, 550.1]","[1239.3, 497.5, 1259.6, 550.1]",0.2099,0.7901,0.0919,,,,,,167,15,22,
678,6_revive,472,472,revived,0.7302,"[1020.6, 485.3, 1039.5, 531.9]","[1057.0, 490.1, 1073.1, 524.9]",1.0,0.0,,0.8515,0.75,0.1189,1.0,0.8515,167,15,29,"[(472, 0.8515077829360962), (447, 0.7326328754425049), (103, 0.7227319478988647), (480, 0.7133957743644714), (459, 0.7098641395568848)]"
679,3,436,436,re_activate_from_lost,0.7876,"[1679.4, 522.1, 1703.7, 585.6]","[1679.6, 522.0, 1704.2, 585.2]",0.4628,0.5372,0.1165,,,,,,167,14,84,
679,3,482,482,re_activate_from_lost,0.6643,"[1508.0, 503.2, 1524.2, 544.4]","[1507.8, 502.9, 1524.1, 544.2]",0.1175,0.8825,0.0546,,,,,,167,14,9,
679,5,472,472,unconfirmed_update,0.6459,"[1019.9, 484.3, 1038.8, 529.5]","[1020.3, 484.5, 1038.7, 530.0]",0.1329,0.8671,,,,,,,,14,,
679,6_new,259,485,margin_failed margin=0.002<0.03,0.746,"[1786.1, 514.4, 1802.2, 554.9]",,,,,0.7999,0.6889,0.0017,1.0,,168,14,77,"[(259, 0.7998626232147217), (33, 0.7981432676315308), (464, 0.79181969165802), (362, 0.7868165373802185), (482, 0.7783091068267822)]"
679,6_new,92,486,margin_failed margin=0.016<0.03,0.7243,"[1428.3, 499.2, 1447.2, 549.1]",,,,,0.7658,0.6832,0.0158,1.0,,168,14,73,"[(92, 0.765807032585144), (5, 0.7499919533729553), (8, 0.7480883598327637), (459, 0.7443613409996033), (119, 0.7317848801612854)]"
679,6_revive,472,472,revived,0.7867,"[1659.2, 509.6, 1675.4, 551.5]",,,,,0.8879,0.75,0.0715,1.0,0.8879,168,14,30,"[(472, 0.8878807425498962), (450, 0.816373348236084), (459, 0.7868191599845886), (103, 0.7731873989105225), (8, 0.7695602178573608)]"
680,3,425,425,re_activate_from_lost,0.8039,"[1249.4, 539.0, 1296.7, 659.8]","[1250.3, 533.3, 1295.1, 653.7]",0.5443,0.4557,0.6336,,,,,,168,12,151,
680,5,485,485,unconfirmed_update,0.7551,"[1786.1, 513.7, 1802.2, 555.5]","[1785.8, 513.8, 1802.5, 555.4]",0.0323,0.9677,,,,,,,,12,,
680,5,486,486,unconfirmed_update,0.8187,"[1428.3, 501.2, 1447.2, 549.8]","[1428.5, 500.8, 1447.0, 549.7]",0.0533,0.9467,,,,,,,,12,,
680,6_revive,472,472,revived,0.8173,"[1659.2, 509.6, 1675.4, 550.8]",,,,,0.8618,0.75,0.1164,1.0,0.8618,168,12,32,"[(472, 0.8617645502090454), (450, 0.7454063892364502), (459, 0.7379013299942017), (103, 0.7325987815856934), (10, 0.7277818322181702)]"
681,6_revive,472,472,revived,0.8313,"[1660.5, 510.6, 1676.7, 551.1]",,,,,0.891,0.75,0.0894,1.0,0.891,168,11,34,"[(472, 0.890965461730957), (450, 0.8015742301940918), (459, 0.7765336036682129), (103, 0.7594482898712158), (10, 0.7573100328445435)]"
682,3,473,473,re_activate_from_lost,0.6219,"[1645.7, 509.6, 1661.9, 548.8]","[1645.9, 509.7, 1661.6, 548.8]",0.1079,0.8921,0.0968,,,,,,168,12,17,
682,3,470,470,re_activate_from_lost,0.7323,"[1773.9, 521.1, 1795.5, 579.8]","[1773.6, 521.6, 1796.0, 580.1]",0.1106,0.8894,0.0672,,,,,,168,12,36,
682,6_revive,472,472,revived,0.8235,"[1660.5, 510.0, 1676.7, 551.1]",,,,,0.8885,0.75,0.0931,1.0,0.8885,168,12,36,"[(472, 0.8885324001312256), (450, 0.7953927516937256), (459, 0.7863088846206665), (473, 0.7817468643188477), (119, 0.7757509350776672)]"
683,6_revive,472,472,revived,0.7835,"[1661.9, 510.3, 1678.1, 551.5]",,,,,0.9095,0.75,0.1286,1.0,0.9095,168,10,38,"[(472, 0.9095416069030762), (459, 0.7809149026870728), (450, 0.7725481986999512), (103, 0.7604233026504517), (473, 0.7544729709625244)]"
684,3,470,470,re_activate_from_lost,0.6129,"[1775.2, 521.4, 1796.9, 578.1]","[1775.2, 521.7, 1797.0, 578.8]",0.1044,0.8956,0.0545,,,,,,168,12,37,
684,6_revive,472,472,revived,0.8356,"[1661.9, 510.0, 1678.1, 551.8]",,,,,0.8993,0.75,0.1207,1.0,0.8993,168,12,40,"[(472, 0.8993234634399414), (450, 0.7786645293235779), (459, 0.7708995342254639), (473, 0.7700176239013672), (34, 0.7463067770004272)]"
685,6_revive,472,472,revived,0.8527,"[1663.2, 510.6, 1679.4, 551.8]",,,,,0.8692,0.75,0.1202,1.0,0.8692,169,11,42,"[(472, 0.8692342042922974), (10, 0.7490541934967041), (473, 0.7082463502883911), (450, 0.7054402828216553), (103, 0.7012945413589478)]"
686,3,464,464,re_activate_from_lost,0.6213,"[1757.7, 520.4, 1782.0, 580.5]","[1758.2, 520.4, 1781.5, 580.5]",0.0592,0.9408,0.1341,,,,,,169,12,54,
686,6_revive,472,472,revived,0.8384,"[1663.2, 511.0, 1679.4, 552.2]",,,,,0.8909,0.75,0.1488,1.0,0.8909,169,12,44,"[(472, 0.8908644914627075), (10, 0.7420612573623657), (450, 0.7347646355628967), (473, 0.726788341999054), (103, 0.7231127619743347)]"
687,6_revive,472,472,revived,0.8022,"[1663.2, 510.0, 1679.4, 551.8]",,,,,0.9213,0.75,0.1585,1.0,0.9213,169,11,46,"[(472, 0.921272337436676), (450, 0.7627726793289185), (473, 0.7516505122184753), (10, 0.7497273683547974), (459, 0.7406781911849976)]"
688,3,447,447,re_activate_from_lost,0.6601,"[1265.6, 509.3, 1281.8, 551.1]","[1264.7, 509.3, 1282.7, 551.4]",0.591,0.409,0.73,,,,,,169,14,67,
688,3,461,461,re_activate_from_lost,0.8319,"[1709.1, 517.4, 1736.1, 580.8]","[1709.9, 517.4, 1735.5, 580.8]",0.3376,0.6624,0.0834,,,,,,169,14,55,
688,3,459,459,re_activate_from_lost,0.7552,"[1248.1, 507.6, 1267.0, 554.2]","[1247.8, 507.1, 1266.3, 554.2]",0.5679,0.4321,0.6737,,,,,,169,14,27,
688,6_revive,472,472,revived,0.8026,"[1664.6, 511.7, 1680.8, 554.2]",,,,,0.9011,0.75,0.1318,1.0,0.9011,169,14,48,"[(472, 0.9011269807815552), (473, 0.7693524360656738), (10, 0.7446823716163635), (450, 0.739948034286499), (103, 0.7329885959625244)]"
689,6_revive,472,472,revived,0.7779,"[1664.6, 511.0, 1680.8, 552.8]",,,,,0.8979,0.75,0.1165,1.0,0.8979,169,11,49,"[(472, 0.8978846073150635), (473, 0.7813922762870789), (450, 0.7695225477218628), (10, 0.750008225440979), (103, 0.7467625737190247)]"
690,3,459,459,re_activate_from_lost,0.6926,"[1242.7, 500.5, 1261.6, 551.1]","[1243.3, 501.5, 1262.9, 551.4]",0.5007,0.4993,0.6542,,,,,,169,15,28,
690,5,472,472,unconfirmed_update,0.6686,"[1664.6, 508.6, 1680.8, 551.8]","[1664.3, 509.1, 1681.0, 552.0]",0.0763,0.9237,,,,,,,,15,,
691,3,482,482,re_activate_from_lost,0.6459,"[1505.2, 502.5, 1521.5, 545.7]","[1504.8, 502.5, 1521.5, 545.4]",0.2548,0.7452,0.0696,,,,,,169,13,18,
691,3,464,464,re_activate_from_lost,0.6501,"[1759.1, 513.3, 1783.4, 580.8]","[1758.7, 513.9, 1783.9, 580.8]",0.0921,0.9079,0.065,,,,,,169,13,57,
692,6_new,480,487,margin_failed margin=0.003<0.03,0.7185,"[1355.4, 486.7, 1377.0, 546.1]","[1397.2, 466.2, 1421.5, 530.1]",1.0,0.0,,0.7978,0.75,0.0029,1.0,,169,10,14,"[(480, 0.797787070274353), (68, 0.7948599457740784), (79, 0.7924225926399231), (459, 0.7915067672729492), (103, 0.7852640151977539)]"
693,3,485,485,re_activate_from_lost,0.7341,"[1799.6, 514.0, 1818.5, 555.2]","[1800.6, 514.1, 1817.4, 555.3]",0.1854,0.8146,0.402,,,,,,169,10,4,
693,5,487,487,unconfirmed_update,0.6673,"[1355.4, 488.0, 1377.0, 545.4]","[1355.7, 487.8, 1376.7, 545.5]",0.0341,0.9659,,,,,,,,10,,
695,3,487,487,re_activate_from_lost,0.6534,"[1354.1, 488.0, 1375.7, 546.1]","[1354.5, 488.1, 1375.6, 546.2]",0.2216,0.7784,0.4914,,,,,,170,11,0,
699,3,480,480,re_activate_from_lost,0.6753,"[1395.9, 486.0, 1417.5, 541.4]","[1396.1, 485.8, 1417.3, 541.2]",0.6552,0.3448,0.7672,,,,,,170,13,14,
699,6_new,18,488,margin_failed margin=0.007<0.03,0.8155,"[34.0, 628.8, 110.9, 840.4]",,,,,0.6926,0.654,0.0066,1.0,,171,13,208,"[(18, 0.6925876140594482), (401, 0.6859846115112305), (168, 0.684585452079773), (105, 0.6824675798416138), (387, 0.6749760508537292)]"
700,6_new,103,489,margin_failed margin=0.007<0.03,0.7084,"[115.3, 520.4, 162.0, 648.7]",,,,,0.7326,0.65,0.0066,1.0,,171,12,289,"[(103, 0.732551634311676), (480, 0.7259305119514465), (92, 0.7230405211448669), (16, 0.7182399034500122), (79, 0.7151011228561401)]"
701,3,464,464,re_activate_from_lost,0.8104,"[1764.5, 514.0, 1788.8, 582.2]","[1764.3, 514.1, 1789.4, 582.0]",0.3686,0.6314,0.1308,,,,,,171,16,61,
701,3,472,472,re_activate_from_lost,0.6605,"[1675.4, 509.0, 1691.6, 549.5]","[1675.7, 509.1, 1691.3, 549.6]",0.0795,0.9205,0.0681,,,,,,171,16,59,
701,3,480,480,re_activate_from_lost,0.6451,"[1391.9, 490.7, 1408.1, 531.9]","[1392.7, 489.9, 1409.6, 533.6]",0.6289,0.3711,0.7606,,,,,,171,16,15,
701,6_new,486,490,margin_failed margin=0.008<0.03,0.7122,"[1436.4, 496.5, 1455.3, 545.1]",,,,,0.8318,0.75,0.008,1.0,,171,16,21,"[(486, 0.8317679166793823), (482, 0.8238130807876587), (119, 0.8219506740570068), (13, 0.7923102378845215), (450, 0.7822200059890747)]"
701,6_new,106,491,margin_failed margin=0.007<0.03,0.6976,"[1483.7, 497.8, 1502.6, 545.1]",,,,,0.7917,0.75,0.0075,1.0,,171,16,10,"[(106, 0.7916914224624634), (16, 0.7842380404472351), (482, 0.7730945348739624), (109, 0.7650747299194336), (34, 0.7649906873703003)]"
702,5,490,490,unconfirmed_update,0.6766,"[1436.4, 497.5, 1455.3, 545.4]","[1436.5, 497.3, 1455.2, 545.3]",0.0276,0.9724,,,,,,,,12,,
702,5,491,491,unconfirmed_update,0.5881,"[1483.7, 497.5, 1502.6, 545.4]","[1483.5, 497.5, 1502.7, 545.3]",0.0141,0.9859,,,,,,,,12,,
702,6_new,423,492,margin_failed margin=0.000<0.03,0.7473,"[109.4, 521.8, 156.6, 653.4]",,,,,0.7403,0.6599,0.0002,1.0,,171,12,142,"[(423, 0.7403181791305542), (103, 0.7400810718536377), (390, 0.7309979200363159), (18, 0.7301622629165649), (436, 0.7154747247695923)]"
702,6_revive,472,472,revived,0.7305,"[1134.0, 488.7, 1154.2, 542.7]",,,,,0.8109,0.75,0.0798,1.0,0.8109,171,12,61,"[(472, 0.8109195232391357), (459, 0.7311573028564453), (18, 0.6980398893356323), (10, 0.6958825588226318), (462, 0.6927361488342285)]"
702,6_new,459,493,margin_failed margin=0.009<0.03,0.7187,"[990.9, 493.1, 1009.8, 532.9]","[1228.7, 500.0, 1251.6, 559.9]",1.0,0.0,,0.8288,0.6928,0.0094,1.0,,171,12,34,"[(459, 0.8287836313247681), (472, 0.8193954229354858), (8, 0.8187559843063354), (7, 0.8161987066268921), (6, 0.7932232618331909)]"
703,5,492,492,unconfirmed_update,0.704,"[104.5, 526.8, 150.5, 652.4]","[105.8, 525.8, 151.3, 652.6]",0.2435,0.7565,,,,,,,,12,,
703,5,493,493,unconfirmed_update,0.6319,"[990.2, 494.8, 1007.8, 535.3]","[989.7, 494.4, 1008.8, 534.8]",0.2151,0.7849,,,,,,,,12,,
703,6_revive,472,472,revived,0.7371,"[1133.3, 490.4, 1153.6, 543.0]",,,,,0.8457,0.75,0.0933,1.0,0.8457,171,12,63,"[(472, 0.8457283973693848), (459, 0.7523804306983948), (103, 0.7229664325714111), (447, 0.721590518951416), (437, 0.7215828895568848)]"
703,6_new,459,494,margin_failed margin=0.019<0.03,0.7356,"[222.8, 543.7, 271.4, 659.8]","[1228.2, 501.2, 1251.1, 561.1]",1.0,0.0,,0.7394,0.6928,0.0189,1.0,,171,12,34,"[(459, 0.7393903732299805), (103, 0.7204469442367554), (453, 0.7160258889198303), (440, 0.7069481015205383), (447, 0.7069374322891235)]"
703,6_new,232,495,margin_failed margin=0.014<0.03,0.708,"[1343.9, 506.6, 1375.0, 587.6]",,,,,0.7427,0.65,0.0143,1.0,,171,12,256,"[(232, 0.7426883578300476), (314, 0.7284086346626282), (371, 0.7247468829154968), (103, 0.718737006187439), (120, 0.7081917524337769)]"
704,5,494,494,unconfirmed_update,0.7493,"[218.4, 544.4, 269.0, 661.2]","[219.9, 544.3, 268.8, 660.9]",0.1416,0.8584,,,,,,,,12,,
704,6_revive,473,473,revived,0.8008,"[1663.2, 509.6, 1679.4, 548.1]",,,,,0.8584,0.75,0.0315,1.0,0.8584,171,12,40,"[(473, 0.8583683967590332), (8, 0.8268323540687561), (486, 0.8180367946624756), (119, 0.7944023013114929), (450, 0.7778381705284119)]"
704,6_new,450,496,margin_failed margin=0.000<0.03,0.74,"[1595.7, 511.0, 1614.6, 556.2]",,,,,0.8274,0.75,0.0004,1.0,,171,12,28,"[(450, 0.8274339437484741), (482, 0.8270628452301025), (34, 0.8249721527099609), (436, 0.8198155164718628), (464, 0.8076545000076294)]"
705,3,480,480,re_activate_from_lost,0.7896,"[1387.8, 493.4, 1404.0, 530.5]","[1388.6, 493.0, 1403.7, 530.6]",0.2046,0.7954,0.0893,,,,,,171,17,18,
706,3,491,491,re_activate_from_lost,0.6103,"[1487.7, 498.5, 1506.6, 545.7]","[1487.8, 498.4, 1506.7, 545.6]",0.2531,0.7469,0.5442,,,,,,171,18,1,
706,3,493,493,re_activate_from_lost,0.623,"[984.2, 490.1, 1003.1, 537.3]","[983.1, 490.7, 1005.0, 537.3]",0.383,0.617,0.6156,,,,,,171,18,1,
707,6_revive,436,436,revived,0.8773,"[1680.8, 525.2, 1707.8, 592.7]",,,,,0.8448,0.7364,0.0721,1.0,0.8448,171,16,113,"[(436, 0.8448156118392944), (392, 0.7727594375610352), (410, 0.7542976140975952), (464, 0.7529964447021484), (130, 0.7510113716125488)]"
708,3,482,482,re_activate_from_lost,0.6855,"[1495.8, 502.2, 1514.7, 547.4]","[1496.4, 502.3, 1514.1, 547.5]",0.2581,0.7419,0.097,,,,,,171,15,23,
709,3,470,470,re_activate_from_lost,0.6369,"[1795.5, 516.0, 1819.8, 585.6]","[1794.8, 516.1, 1820.5, 585.6]",0.152,0.848,0.1156,,,,,,171,15,40,
711,3,459,459,re_activate_from_lost,0.786,"[1227.2, 497.8, 1248.8, 557.9]","[1226.6, 497.9, 1249.2, 558.0]",0.4122,0.5878,0.0914,,,,,,173,16,34,
712,3,482,482,re_activate_from_lost,0.7401,"[1498.5, 504.2, 1514.7, 545.4]","[1497.9, 504.0, 1514.2, 545.5]",0.3888,0.6112,0.086,,,,,,173,15,25,
713,3,487,487,re_activate_from_lost,0.6828,"[1362.8, 512.3, 1389.2, 586.6]","[1362.4, 512.0, 1389.4, 586.1]",0.6893,0.3107,0.7879,,,,,,173,16,5,
714,3,459,459,re_activate_from_lost,0.7205,"[1222.4, 497.8, 1244.0, 557.9]","[1222.5, 497.8, 1245.0, 557.9]",0.2765,0.7235,0.0952,,,,,,173,14,35,
714,6_new,461,497,margin_failed margin=0.018<0.03,0.7041,"[1474.2, 499.2, 1493.1, 547.8]",,,,,0.8043,0.7443,0.0181,1.0,,173,14,82,"[(461, 0.8042551279067993), (392, 0.7861067056655884), (482, 0.7788336873054504), (459, 0.7750614881515503), (8, 0.7750400900840759)]"
715,5,497,497,unconfirmed_update,0.6234,"[1474.2, 500.9, 1493.1, 548.8]","[1474.3, 500.5, 1493.0, 548.6]",0.0544,0.9456,,,,,,,,14,,
716,3,473,473,re_activate_from_lost,0.6569,"[1671.3, 511.0, 1687.5, 552.2]","[1671.7, 511.2, 1687.4, 551.8]",0.1323,0.8677,0.0485,,,,,,173,14,51,
717,6_revive,452,452,revived,0.7469,"[-9.1, 540.3, 34.2, 663.9]",,,,,0.8802,0.65,0.0703,1.0,0.8802,173,14,76,"[(452, 0.8802345395088196), (18, 0.8099385499954224), (466, 0.7925887107849121), (19, 0.7797727584838867), (122, 0.7612069845199585)]"
718,3,480,480,re_activate_from_lost,0.6091,"[1375.7, 495.8, 1391.9, 532.9]","[1376.1, 495.6, 1391.5, 532.8]",0.364,0.636,0.0968,,,,,,173,15,22,
718,3,487,487,re_activate_from_lost,0.704,"[1352.7, 514.7, 1382.4, 593.0]","[1354.3, 515.5, 1382.9, 593.4]",0.6084,0.3916,0.7243,,,,,,173,15,6,
718,3,497,497,re_activate_from_lost,0.7555,"[1472.9, 501.5, 1491.8, 552.8]","[1472.5, 501.4, 1492.6, 553.1]",0.2267,0.7733,0.4158,,,,,,173,15,1,
718,5,452,452,unconfirmed_update,0.8476,"[-13.7, 537.0, 29.2, 663.9]","[-13.4, 537.6, 30.8, 663.9]",0.2193,0.7807,,,,,,,,15,,
720,3,472,472,re_activate_from_lost,0.629,"[1688.9, 514.4, 1705.1, 550.8]","[1689.7, 514.3, 1704.3, 550.8]",0.2245,0.7755,0.1381,,,,,,173,14,65,
720,3,487,487,re_activate_from_lost,0.6772,"[1352.7, 515.0, 1383.8, 596.0]","[1353.5, 516.1, 1383.2, 596.5]",0.155,0.845,0.4278,,,,,,173,14,7,
721,3,493,493,re_activate_from_lost,0.6607,"[969.3, 494.4, 986.9, 543.0]","[967.9, 494.3, 988.8, 543.0]",0.3566,0.6434,0.1197,,,,,,173,11,11,
722,3,472,472,re_activate_from_lost,0.6886,"[1691.6, 515.7, 1705.1, 551.5]","[1691.3, 515.6, 1705.5, 551.5]",0.1021,0.8979,0.1323,,,,,,174,11,66,
723,3,486,486,re_activate_from_lost,0.7776,"[1422.9, 509.6, 1444.5, 562.3]","[1423.1, 509.8, 1444.2, 562.3]",0.1878,0.8122,0.1184,,,,,,174,10,35,
723,6_new,493,498,margin_failed margin=0.019<0.03,0.6946,"[961.9, 492.1, 978.1, 537.3]",,,,,0.8466,0.75,0.0187,1.0,,174,10,14,"[(493, 0.8466233611106873), (472, 0.8279008865356445), (459, 0.7865949869155884), (7, 0.7843176126480103), (473, 0.7690790295600891)]"
725,3,473,473,re_activate_from_lost,0.5996,"[1679.4, 517.0, 1692.9, 554.2]","[1679.4, 517.1, 1693.4, 554.2]",0.1806,0.8194,0.0665,,,,,,174,15,59,
725,3,472,472,re_activate_from_lost,0.7268,"[1692.9, 519.8, 1706.4, 558.9]","[1692.6, 519.4, 1707.4, 558.1]",0.3135,0.6865,0.1054,,,,,,174,15,68,
725,6_new,427,499,gate_failed sim=0.747<theta=0.749,0.8036,"[125.3, 548.8, 170.4, 693.9]",,,,,0.7469,0.7485,0.0476,1.0,,174,15,130,"[(427, 0.7469230890274048), (401, 0.6993530988693237), (104, 0.695465087890625), (494, 0.6930450797080994), (481, 0.6808775067329407)]"
725,6_new,482,500,margin_failed margin=0.011<0.03,0.7903,"[1439.1, 510.0, 1455.3, 554.5]","[1498.9, 511.4, 1515.1, 552.7]",1.0,0.0,,0.8107,0.75,0.0109,1.0,,174,15,26,"[(482, 0.8106940984725952), (486, 0.7997547388076782), (459, 0.7964134216308594), (8, 0.7960354089736938), (480, 0.7926787734031677)]"
725,6_revive,493,493,revived,0.7815,"[968.0, 499.8, 984.2, 543.7]",,,,,0.8346,0.75,0.0553,1.0,0.8346,174,15,16,"[(493, 0.8345710635185242), (7, 0.7793063521385193), (8, 0.7671943306922913), (459, 0.7597510814666748), (38, 0.7474395036697388)]"
726,5,499,499,unconfirmed_update,0.8383,"[120.4, 550.5, 166.5, 697.3]","[121.6, 550.1, 167.1, 696.6]",0.2015,0.7985,,,,,,,,13,,
726,5,500,500,unconfirmed_update,0.78,"[1437.8, 510.3, 1454.0, 555.5]","[1437.9, 510.2, 1454.3, 555.3]",0.177,0.823,,,,,,,,13,,
731,3,482,482,re_activate_from_lost,0.6939,"[1494.5, 515.0, 1513.4, 563.0]","[1494.6, 515.0, 1513.3, 562.9]",0.4884,0.5116,0.0852,,,,,,174,12,26,
731,3,473,473,re_activate_from_lost,0.6302,"[1680.8, 520.1, 1697.0, 559.9]","[1681.5, 520.0, 1696.6, 559.6]",0.4109,0.5891,0.1146,,,,,,174,12,60,
731,6_new,473,501,margin_failed margin=0.005<0.03,0.7012,"[1194.8, 513.7, 1219.1, 568.4]","[1681.5, 520.0, 1696.6, 559.6]",1.0,0.0,,0.8052,0.75,0.0045,1.0,,175,12,61,"[(473, 0.8051703572273254), (486, 0.8006359934806824), (103, 0.7949256896972656), (459, 0.7915360331535339), (68, 0.7862631678581238)]"
732,5,501,501,unconfirmed_update,0.6152,"[1196.8, 513.3, 1219.7, 566.7]","[1196.1, 513.4, 1219.9, 567.0]",0.1398,0.8602,,,,,,,,10,,
735,3,473,473,re_activate_from_lost,0.6222,"[1683.5, 519.4, 1699.7, 560.6]","[1683.6, 519.5, 1699.4, 560.5]",0.1043,0.8957,0.1116,,,,,,175,12,61,
736,3,439,439,re_activate_from_lost,0.7721,"[1529.6, 526.5, 1575.5, 658.8]","[1526.1, 529.4, 1580.4, 658.0]",0.436,0.564,0.5645,,,,,,175,11,167,
737,3,501,501,re_activate_from_lost,0.6121,"[1192.7, 509.3, 1215.7, 567.3]","[1191.4, 509.4, 1217.0, 567.4]",0.2599,0.7401,0.547,,,,,,175,11,0,
738,3,480,480,re_activate_from_lost,0.6186,"[1358.8, 502.5, 1376.3, 542.4]","[1359.1, 502.6, 1376.0, 542.4]",0.2272,0.7728,0.1262,,,,,,175,10,23,
739,3,473,473,re_activate_from_lost,0.6264,"[1688.9, 518.4, 1705.1, 556.9]","[1689.0, 518.5, 1704.2, 557.3]",0.3825,0.6175,0.0957,,,,,,175,9,62,
739,6_revive,499,499,revived,0.7341,"[63.8, 557.5, 105.9, 710.1]",,,,,0.9345,0.75,0.1974,1.0,0.9345,175,9,13,"[(499, 0.9344529509544373), (427, 0.7371020317077637), (104, 0.70200514793396), (401, 0.690575897693634), (481, 0.6831777095794678)]"
740,3,493,493,re_activate_from_lost,0.5825,"[947.7, 499.5, 966.6, 544.7]","[947.7, 500.0, 966.6, 545.3]",0.1011,0.8989,0.0549,,,,,,175,10,30,
741,3,473,473,re_activate_from_lost,0.6176,"[1690.2, 518.1, 1706.4, 557.9]","[1690.8, 517.9, 1706.4, 557.5]",0.2269,0.7731,0.112,,,,,,175,10,63,
742,3,501,501,re_activate_from_lost,0.5877,"[1188.0, 505.9, 1212.3, 563.3]","[1187.6, 506.0, 1212.9, 563.4]",0.1262,0.8738,0.4865,,,,,,175,10,1,
742,6_revive,476,476,revived,0.7753,"[1308.2, 503.6, 1324.4, 537.3]",,,,,0.813,0.75,0.1075,1.0,0.813,175,10,15,"[(476, 0.8130477666854858), (472, 0.7055373191833496), (473, 0.6866834759712219), (370, 0.6688400506973267), (103, 0.6558921337127686)]"
743,5,476,476,unconfirmed_update,0.781,"[1307.5, 502.5, 1323.7, 537.0]","[1307.5, 502.7, 1323.9, 537.0]",0.1144,0.8856,,,,,,,,9,,
743,6_new,472,502,margin_failed margin=0.004<0.03,0.7647,"[777.6, 486.7, 800.6, 537.3]",,,,,0.7966,0.7309,0.0038,1.0,,175,9,87,"[(472, 0.7965666055679321), (493, 0.7927467823028564), (487, 0.7615052461624146), (480, 0.743279218673706), (437, 0.7428786754608154)]"
743,6_new,459,503,margin_failed margin=0.024<0.03,0.7099,"[731.0, 505.6, 754.0, 576.5]",,,,,0.7691,0.6928,0.0239,1.0,,175,9,65,"[(459, 0.7691431045532227), (437, 0.7452272176742554), (493, 0.743262767791748), (472, 0.7313772439956665), (68, 0.7256470918655396)]"
744,3,497,497,re_activate_from_lost,0.6065,"[1472.9, 507.9, 1491.8, 559.2]","[1472.5, 507.9, 1492.0, 559.2]",0.4157,0.5843,0.1265,,,,,,175,11,6,
744,3,501,501,re_activate_from_lost,0.7488,"[1180.6, 507.9, 1210.3, 566.7]","[1183.2, 507.2, 1209.3, 565.6]",0.3509,0.6491,0.5139,,,,,,175,11,2,
744,5,502,502,unconfirmed_update,0.8329,"[777.6, 486.7, 800.6, 536.6]","[777.7, 486.7, 800.4, 536.8]",0.0133,0.9867,,,,,,,,11,,
745,6_revive,476,476,revived,0.8067,"[841.1, 492.1, 857.2, 528.5]",,,,,0.8128,0.75,0.0605,1.0,0.8128,175,11,18,"[(476, 0.8128293752670288), (480, 0.7523601055145264), (120, 0.743831992149353), (64, 0.7407798767089844), (472, 0.7307299375534058)]"
746,3,500,500,re_activate_from_lost,0.6087,"[1436.4, 504.9, 1458.0, 556.2]","[1437.6, 504.9, 1456.8, 556.2]",0.4569,0.5431,0.6694,,,,,,175,13,2,
746,3,493,493,re_activate_from_lost,0.6086,"[941.0, 499.2, 959.9, 543.0]","[941.3, 499.0, 959.6, 543.0]",0.1524,0.8476,0.0624,,,,,,175,13,31,
746,6_revive,476,476,revived,0.6949,"[839.7, 490.1, 857.2, 526.5]",,,,,0.8282,0.75,0.0578,1.0,0.8282,176,13,20,"[(476, 0.8282225131988525), (480, 0.7704699635505676), (64, 0.7549930214881897), (103, 0.7541753649711609), (493, 0.7539435625076294)]"
747,3,436,436,re_activate_from_lost,0.8133,"[1672.7, 531.6, 1699.7, 609.9]","[1669.9, 532.2, 1704.1, 609.6]",0.4496,0.5504,0.1114,,,,,,176,11,150,
747,6_new,472,504,margin_failed margin=0.007<0.03,0.6901,"[730.4, 501.2, 752.0, 574.8]","[1709.0, 518.2, 1728.2, 566.1]",1.0,0.0,,0.8211,0.7309,0.0068,1.0,,176,11,88,"[(472, 0.8211373686790466), (493, 0.8143644332885742), (459, 0.8107577562332153), (68, 0.8048677444458008), (103, 0.7975560426712036)]"
747,6_revive,476,476,revived,0.8235,"[839.0, 489.0, 856.6, 525.5]",,,,,0.8714,0.75,0.1078,1.0,0.8714,176,11,22,"[(476, 0.8714218139648438), (480, 0.7636193633079529), (120, 0.7628434300422668), (472, 0.7549867630004883), (64, 0.7532612085342407)]"
748,5,504,504,unconfirmed_update,0.6423,"[730.4, 499.2, 752.0, 571.4]","[730.5, 499.6, 751.8, 572.1]",0.0714,0.9286,,,,,,,,11,,
748,6_revive,476,476,revived,0.7766,"[838.4, 487.4, 854.6, 525.2]",,,,,0.8651,0.75,0.0724,1.0,0.8651,176,11,24,"[(476, 0.8651290535926819), (480, 0.7927660942077637), (64, 0.7809858918190002), (120, 0.7793370485305786), (473, 0.7694895267486572)]"
749,6_revive,476,476,revived,0.7393,"[837.0, 488.0, 853.2, 525.2]",,,,,0.851,0.75,0.0869,1.0,0.851,177,10,26,"[(476, 0.8509608507156372), (480, 0.7640888690948486), (120, 0.7484985589981079), (64, 0.7456939220428467), (447, 0.7409486174583435)]"
750,6_revive,476,476,revived,0.8258,"[836.3, 487.0, 853.9, 524.8]",,,,,0.8473,0.75,0.0744,1.0,0.8473,177,11,28,"[(476, 0.8473053574562073), (502, 0.7729388475418091), (447, 0.7412867546081543), (480, 0.7389992475509644), (472, 0.7320616245269775)]"
