frame,det_score,det_box,best_lost_track_id,best_lost_track_box,iou_overlap_with_lost,could_rescue_lost_track,rescued,n_dlow_this_frame,n_newly_lost_this_frame
1,0.4516,"[633.2, 524.1, 662.9, 599.1]",,,0.0,False,False,14,0
1,0.4498,"[765.5, 482.6, 785.7, 523.1]",,,0.0,False,False,14,0
1,0.3896,"[1464.8, 509.0, 1483.7, 558.2]",,,0.0,False,False,14,0
1,0.3449,"[216.8, 549.5, 267.1, 683.1]",,,0.0,False,False,14,0
1,0.2476,"[807.3, 480.3, 823.5, 520.8]",,,0.0,False,False,14,0
1,0.2469,"[688.8, 503.9, 709.4, 561.3]",,,0.0,False,False,14,0
1,0.2158,"[1656.5, 538.7, 1683.5, 606.8]",,,0.0,False,False,14,0
1,0.2104,"[869.4, 512.0, 895.1, 584.2]",,,0.0,False,False,14,0
1,0.2028,"[858.6, 509.6, 888.3, 585.9]",,,0.0,False,False,14,0
1,0.1538,"[621.0, 549.8, 669.6, 669.9]",,,0.0,False,False,14,0
1,0.1475,"[660.8, 520.4, 687.8, 592.7]",,,0.0,False,False,14,0
1,0.1339,"[180.7, 500.2, 207.7, 565.7]",,,0.0,False,False,14,0
1,0.1159,"[1067.8, 485.3, 1078.7, 510.3]",,,0.0,False,False,14,0
1,0.1044,"[622.7, 576.8, 663.2, 674.0]",,,0.0,False,False,14,0
2,0.579,"[1196.1, 496.1, 1212.3, 541.4]",,,0.0,False,False,14,1
2,0.51,"[1431.0, 501.2, 1447.2, 545.7]",,,0.0,False,False,14,1
2,0.4916,"[175.8, 498.8, 203.5, 564.3]",,,0.0,False,False,14,1
2,0.4664,"[618.0, 565.3, 663.2, 674.0]",,,0.0,False,False,14,1
2,0.4429,"[655.4, 523.1, 683.8, 598.7]",,,0.0,False,False,14,1
2,0.3987,"[1464.8, 507.9, 1486.4, 560.6]",,,0.0,False,False,14,1
2,0.3197,"[868.7, 509.0, 894.4, 583.9]",,,0.0,False,False,14,1
2,0.2808,"[1676.7, 527.5, 1709.1, 612.6]",5,"[1683.458984375, 536.6622314453125, 1707.759033203125, 610.9122314453125]",0.6548,True,False,14,1
2,0.2764,"[208.4, 543.7, 256.7, 676.7]",,,0.0,False,False,14,1
2,0.1802,"[1668.6, 531.6, 1703.7, 611.2]",5,"[1683.458984375, 536.6622314453125, 1707.759033203125, 610.9122314453125]",0.4853,True,False,14,1
2,0.1574,"[807.3, 480.6, 823.5, 521.1]",,,0.0,False,False,14,1
2,0.1301,"[684.5, 520.4, 712.8, 597.4]",,,0.0,False,False,14,1
2,0.128,"[1684.8, 528.2, 1711.8, 612.6]",5,"[1683.458984375, 536.6622314453125, 1707.759033203125, 610.9122314453125]",0.717,True,False,14,1
2,0.1069,"[704.0, 502.9, 725.6, 563.6]",,,0.0,False,False,14,1
3,0.5406,"[1470.2, 506.3, 1489.1, 557.5]",,,0.0,False,False,14,0
3,0.4996,"[629.1, 523.8, 658.1, 596.7]",,,0.0,False,False,14,0
3,0.4758,"[1665.9, 541.7, 1695.6, 608.5]",,,0.0,False,False,14,0
3,0.4549,"[12.5, 509.6, 51.3, 608.9]",,,0.0,False,False,14,0
3,0.4486,"[683.8, 519.8, 712.1, 598.1]",,,0.0,False,False,14,0
3,0.4478,"[808.0, 479.3, 822.8, 517.7]",,,0.0,False,False,14,0
3,0.4157,"[1432.4, 498.5, 1445.9, 541.0]",,,0.0,False,False,14,0
3,0.2541,"[172.3, 501.2, 199.6, 564.6]",,,0.0,False,False,14,0
3,0.2414,"[1668.6, 525.5, 1701.0, 608.5]",,,0.0,False,False,14,0
3,0.1828,"[615.9, 566.0, 664.5, 677.4]",,,0.0,False,False,14,0
3,0.1582,"[142.8, 440.8, 236.6, 706.7]",,,0.0,False,False,14,0
3,0.1443,"[1680.8, 530.9, 1710.5, 611.2]",,,0.0,False,False,14,0
3,0.1128,"[701.3, 501.2, 722.9, 559.2]",,,0.0,False,False,14,0
3,0.1003,"[170.3, 503.9, 197.6, 582.2]",,,0.0,False,False,14,0
4,0.5547,"[1409.4, 505.2, 1425.6, 546.4]",,,0.0,False,False,12,4
4,0.5511,"[1676.7, 535.3, 1709.1, 611.6]",,,0.0,False,False,12,4
4,0.4644,"[1495.8, 509.6, 1514.7, 562.3]",6,"[1495.2486500090645, 511.39718688797103, 1512.9342113190605, 559.9701226823415]",0.8144,True,False,12,4
4,0.4557,"[680.7, 517.7, 708.8, 594.7]",,,0.0,False,False,12,4
4,0.4517,"[1328.4, 498.5, 1343.2, 541.7]",10,"[1327.6911759787595, 500.09533588503626, 1342.2280134743658, 538.5806895055888]",0.7957,True,False,12,4
4,0.2602,"[298.4, 465.1, 319.3, 510.3]",,,0.0,False,False,12,4
4,0.1911,"[807.3, 480.3, 822.2, 518.7]",,,0.0,False,False,12,4
4,0.1884,"[1200.8, 495.5, 1213.0, 529.9]",8,"[1198.0591317178666, 495.33558616550636, 1210.5189932821331, 528.9116062173061]",0.6332,True,False,12,4
4,0.1856,"[186.8, 492.1, 209.8, 558.2]",11,"[185.11557013111133, 491.18048754950354, 211.3994750349043, 563.4418269036215]",0.7993,True,False,12,4
4,0.1308,"[4.9, 507.6, 40.4, 606.8]",,,0.0,False,False,12,4
4,0.125,"[612.9, 580.2, 660.8, 676.7]",,,0.0,False,False,12,4
4,0.1024,"[633.5, 586.2, 689.5, 728.3]",,,0.0,False,False,12,4
5,0.54,"[860.6, 501.9, 890.3, 585.6]",,,0.0,False,False,15,0
5,0.4428,"[807.3, 477.2, 822.2, 513.7]",,,0.0,False,False,15,0
5,0.4239,"[162.4, 495.5, 196.9, 563.6]",,,0.0,False,False,15,0
5,0.3728,"[1329.1, 496.5, 1342.6, 530.2]",,,0.0,False,False,15,0
5,0.311,"[1200.2, 494.1, 1213.7, 531.2]",,,0.0,False,False,15,0
5,0.293,"[1695.6, 535.3, 1722.6, 612.2]",,,0.0,False,False,15,0
5,0.2213,"[845.1, 503.9, 873.5, 584.2]",,,0.0,False,False,15,0
5,0.2182,"[623.4, 581.2, 688.8, 732.4]",,,0.0,False,False,15,0
5,0.2023,"[1683.5, 529.2, 1718.6, 611.6]",,,0.0,False,False,15,0
5,0.1751,"[1497.2, 508.3, 1516.1, 562.3]",,,0.0,False,False,15,0
5,0.1554,"[294.3, 467.1, 317.6, 516.4]",,,0.0,False,False,15,0
5,0.1452,"[634.2, 578.8, 677.4, 686.8]",,,0.0,False,False,15,0
5,0.1369,"[1440.5, 499.2, 1459.4, 551.8]",,,0.0,False,False,15,0
5,0.1081,"[177.9, 550.1, 228.5, 685.8]",,,0.0,False,False,15,0
5,0.1038,"[81.0, 491.4, 106.8, 558.2]",,,0.0,False,False,15,0
6,0.576,"[860.0, 502.9, 889.7, 586.6]",14,"[839.8458107113768, 508.69333390512634, 873.0965721011231, 596.2224375792487]",0.2342,False,False,14,1
6,0.5613,"[845.1, 506.6, 876.2, 593.7]",14,"[839.8458107113768, 508.69333390512634, 873.0965721011231, 596.2224375792487]",0.7353,True,False,14,1
6,0.5533,"[158.1, 494.4, 191.9, 562.6]",,,0.0,False,False,14,1
6,0.4975,"[1498.5, 506.9, 1520.1, 564.3]",,,0.0,False,False,14,1
6,0.4623,"[166.6, 544.0, 214.8, 688.5]",,,0.0,False,False,14,1
6,0.4484,"[75.0, 488.0, 104.1, 568.4]",,,0.0,False,False,14,1
6,0.3251,"[1377.0, 500.2, 1393.2, 538.7]",,,0.0,False,False,14,1
6,0.3118,"[835.0, 513.7, 868.7, 600.8]",14,"[839.8458107113768, 508.69333390512634, 873.0965721011231, 596.2224375792487]",0.6879,True,False,14,1
6,0.1821,"[1444.5, 496.8, 1466.1, 550.8]",,,0.0,False,False,14,1
6,0.1648,"[1460.7, 495.8, 1482.3, 546.4]",,,0.0,False,False,14,1
6,0.1514,"[1454.0, 495.8, 1478.2, 548.4]",,,0.0,False,False,14,1
6,0.1329,"[622.4, 597.4, 683.1, 732.4]",,,0.0,False,False,14,1
6,0.1277,"[808.0, 478.6, 822.8, 517.7]",,,0.0,False,False,14,1
6,0.1137,"[871.4, 486.7, 889.0, 533.9]",14,"[839.8458107113768, 508.69333390512634, 873.0965721011231, 596.2224375792487]",0.0114,False,False,14,1
7,0.5674,"[765.5, 482.3, 780.3, 518.1]",,,0.0,False,False,17,2
7,0.55,"[1703.7, 532.9, 1730.7, 612.6]",5,"[1705.0920953843872, 534.0842968287905, 1731.4613714124876, 614.4940723118347]",0.8888,True,False,17,2
7,0.5347,"[1475.6, 510.3, 1497.2, 566.3]",,,0.0,False,False,17,2
7,0.4978,"[66.0, 491.4, 97.1, 563.0]",,,0.0,False,False,17,2
7,0.4257,"[793.8, 484.7, 808.7, 521.8]",13,"[790.8323907279683, 481.8379489487075, 807.9466620064067, 526.3493069106675]",0.6666,True,False,17,2
7,0.3672,"[436.4, 516.4, 467.4, 593.3]",,,0.0,False,False,17,2
7,0.3198,"[153.1, 550.8, 204.4, 693.2]",,,0.0,False,False,17,2
7,0.3061,"[785.7, 485.0, 800.6, 520.1]",13,"[790.8323907279683, 481.8379489487075, 807.9466620064067, 526.3493069106675]",0.3621,True,False,17,2
7,0.193,"[1377.7, 502.2, 1393.2, 538.0]",,,0.0,False,False,17,2
7,0.1713,"[151.8, 450.2, 186.1, 523.8]",,,0.0,False,False,17,2
7,0.1655,"[1809.0, 531.6, 1841.4, 633.5]",,,0.0,False,False,17,2
7,0.1611,"[828.9, 520.8, 855.9, 600.4]",,,0.0,False,False,17,2
7,0.156,"[760.7, 482.6, 775.6, 517.7]",,,0.0,False,False,17,2
7,0.132,"[612.2, 595.0, 670.3, 735.8]",,,0.0,False,False,17,2
7,0.1314,"[805.3, 482.6, 820.1, 519.1]",13,"[790.8323907279683, 481.8379489487075, 807.9466620064067, 526.3493069106675]",0.0808,False,False,17,2
7,0.1283,"[1498.5, 507.6, 1520.1, 564.3]",,,0.0,False,False,17,2
7,0.1048,"[802.6, 483.3, 817.4, 520.4]",13,"[790.8323907279683, 481.8379489487075, 807.9466620064067, 526.3493069106675]",0.1791,False,False,17,2
8,0.5698,"[613.6, 520.8, 642.6, 599.7]",19,"[610.3496960129955, 524.0145253431411, 636.270787385442, 595.2060557115464]",0.6407,True,False,9,1
8,0.4778,"[861.3, 506.6, 888.3, 586.9]",,,0.0,False,False,9,1
8,0.429,"[1333.8, 496.8, 1346.0, 529.2]",,,0.0,False,False,9,1
8,0.3728,"[147.6, 447.5, 184.1, 524.5]",,,0.0,False,False,9,1
8,0.2804,"[60.0, 490.1, 92.5, 564.3]",,,0.0,False,False,9,1
8,0.2611,"[608.9, 521.1, 635.2, 598.7]",19,"[610.3496960129955, 524.0145253431411, 636.270787385442, 595.2060557115464]",0.8331,True,False,9,1
8,0.1981,"[792.5, 480.6, 808.7, 525.2]",,,0.0,False,False,9,1
8,0.1408,"[170.4, 449.9, 191.4, 501.2]",,,0.0,False,False,9,1
8,0.1113,"[806.0, 479.6, 820.8, 518.7]",,,0.0,False,False,9,1
9,0.5749,"[628.4, 516.4, 662.9, 600.1]",18,"[629.6616991789158, 518.2714338165147, 660.6390820710843, 597.2468767303602]",0.8491,True,False,13,2
9,0.4559,"[140.9, 427.3, 200.1, 626.4]",,,0.0,False,False,13,2
9,0.4315,"[1506.6, 509.6, 1525.5, 563.0]",,,0.0,False,False,13,2
9,0.4281,"[423.2, 513.0, 457.7, 594.7]",,,0.0,False,False,13,2
9,0.4129,"[1906.2, 550.1, 1938.6, 662.2]",4,"[1901.8760477586798, 548.7958825480204, 1942.0690206006952, 656.8945471394796]",0.766,True,False,13,2
9,0.4003,"[1821.2, 545.7, 1856.2, 638.2]",,,0.0,False,False,13,2
9,0.2914,"[55.1, 492.1, 88.5, 566.3]",,,0.0,False,False,13,2
9,0.256,"[606.5, 522.8, 637.5, 602.4]",18,"[629.6616991789158, 518.2714338165147, 660.6390820710843, 597.2468767303602]",0.1353,False,False,13,2
9,0.1906,"[93.4, 488.4, 117.0, 550.5]",,,0.0,False,False,13,2
9,0.1757,"[1686.2, 549.1, 1713.2, 613.9]",,,0.0,False,False,13,2
9,0.1706,"[1479.6, 504.6, 1501.2, 560.6]",,,0.0,False,False,13,2
9,0.126,"[692.6, 507.3, 715.5, 564.0]",,,0.0,False,False,13,2
9,0.1173,"[285.4, 467.4, 309.3, 520.1]",,,0.0,False,False,13,2
10,0.4286,"[423.6, 517.4, 453.3, 591.0]",,,0.0,False,False,13,0
10,0.4021,"[415.1, 537.6, 447.5, 624.0]",,,0.0,False,False,13,0
10,0.3337,"[87.8, 483.0, 115.7, 549.8]",,,0.0,False,False,13,0
10,0.2863,"[108.2, 494.1, 133.5, 563.6]",,,0.0,False,False,13,0
10,0.2727,"[54.5, 486.0, 85.5, 561.6]",,,0.0,False,False,13,0
10,0.2492,"[117.6, 558.6, 168.1, 695.2]",,,0.0,False,False,13,0
10,0.1937,"[1420.2, 507.3, 1439.1, 555.2]",,,0.0,False,False,13,0
10,0.1772,"[767.5, 479.6, 783.7, 518.7]",,,0.0,False,False,13,0
10,0.1763,"[689.9, 504.2, 714.2, 562.3]",,,0.0,False,False,13,0
10,0.1422,"[795.8, 478.9, 812.0, 523.5]",,,0.0,False,False,13,0
10,0.1223,"[142.4, 446.2, 183.3, 534.6]",,,0.0,False,False,13,0
10,0.1206,"[1447.2, 505.9, 1466.1, 557.2]",,,0.0,False,False,13,0
10,0.1028,"[1439.1, 502.9, 1458.0, 552.2]",,,0.0,False,False,13,0
11,0.562,"[102.8, 554.9, 153.1, 685.8]",,,0.0,False,False,10,2
11,0.4885,"[1422.9, 505.9, 1441.8, 559.9]",,,0.0095,False,False,10,2
11,0.4802,"[1445.9, 501.2, 1464.8, 551.1]",,,0.0,False,False,10,2
11,0.446,"[687.2, 505.2, 710.1, 561.3]",,,0.0,False,False,10,2
11,0.3619,"[870.8, 488.0, 887.0, 532.6]",,,0.0,False,False,10,2
11,0.2147,"[1387.8, 557.5, 1449.9, 695.9]",1,"[1386.5492500617784, 555.0597949770481, 1448.3401542350966, 695.6576122495144]",0.9374,True,False,10,2
11,0.189,"[1069.9, 483.3, 1080.7, 512.3]",,,0.0,False,False,10,2
11,0.1373,"[1479.6, 505.6, 1503.9, 568.4]",,,0.0,False,False,10,2
11,0.1348,"[137.7, 431.3, 191.7, 592.7]",,,0.0,False,False,10,2
11,0.1112,"[826.9, 524.1, 852.5, 599.7]",,,0.0,False,False,10,2
12,0.5733,"[1486.4, 493.1, 1513.4, 568.0]",,,0.0,False,False,19,3
12,0.5602,"[413.1, 493.4, 436.7, 550.8]",,,0.0,False,False,19,3
12,0.5475,"[1394.6, 557.5, 1456.7, 696.6]",,,0.0,False,False,19,3
12,0.5306,"[623.7, 512.7, 654.8, 594.3]",18,"[619.2608647163854, 510.89653003850435, 651.4432368461146, 592.8788605864956]",0.7547,True,False,19,3
12,0.4135,"[830.2, 520.8, 855.9, 598.4]",,,0.0,False,False,19,3
12,0.3085,"[615.9, 514.7, 648.3, 592.3]",18,"[619.2608647163854, 510.89653003850435, 651.4432368461146, 592.8788605864956]",0.7793,True,False,19,3
12,0.258,"[411.4, 526.5, 443.8, 620.3]",,,0.0,False,False,19,3
12,0.2493,"[610.9, 515.0, 640.6, 590.6]",18,"[619.2608647163854, 510.89653003850435, 651.4432368461146, 592.8788605864956]",0.4924,True,False,19,3
12,0.1744,"[131.6, 423.9, 196.6, 643.3]",,,0.0,False,False,19,3
12,0.1548,"[596.0, 518.4, 633.2, 598.1]",19,"[599.6560553123833, 516.809596271929, 630.5547601173043, 600.7477767749461]",0.7966,True,False,19,3
12,0.1533,"[1223.1, 525.8, 1246.1, 590.0]",,,0.0,False,False,19,3
12,0.1453,"[1458.0, 511.3, 1482.3, 570.7]",,,0.0,False,False,19,3
12,0.1401,"[98.0, 557.5, 146.9, 682.4]",,,0.0,False,False,19,3
12,0.1393,"[69.2, 479.6, 103.9, 562.6]",,,0.0,False,False,19,3
12,0.1375,"[45.9, 477.6, 99.7, 574.1]",,,0.0,False,False,19,3
12,0.1305,"[1336.5, 494.1, 1348.7, 530.5]",10,"[1338.5555175540785, 495.12523382116484, 1351.8307129146717, 530.2591655928977]",0.6395,True,False,19,3
12,0.1192,"[1257.5, 355.1, 1342.6, 522.5]",,,0.0075,False,False,19,3
12,0.1083,"[46.3, 482.0, 87.1, 568.4]",,,0.0,False,False,19,3
12,0.1054,"[796.5, 479.3, 812.7, 519.8]",,,0.0,False,False,19,3
13,0.5739,"[1381.7, 492.8, 1398.6, 533.9]",16,"[1382.4475408161522, 492.6145035987529, 1398.5385431682228, 533.5935042137471]",0.9429,True,False,12,2
13,0.5422,"[870.8, 489.4, 887.0, 533.9]",,,0.0,False,False,12,2
13,0.52,"[406.4, 495.1, 430.0, 550.5]",,,0.0,False,False,12,2
13,0.5178,"[1404.0, 499.5, 1422.9, 550.1]",7,"[1402.6337801930845, 497.29147896015684, 1423.1211026194153, 548.1825200632807]",0.8525,True,False,12,2
13,0.4753,"[592.3, 516.7, 629.4, 603.1]",,,0.0,False,False,12,2
13,0.3867,"[826.9, 522.1, 853.9, 599.1]",,,0.0,False,False,12,2
13,0.3509,"[797.2, 475.2, 810.7, 511.0]",,,0.0,False,False,12,2
13,0.233,"[1487.7, 500.5, 1512.0, 562.6]",,,0.0,False,False,12,2
13,0.2114,"[380.0, 526.2, 417.2, 626.1]",,,0.0,False,False,12,2
13,0.2046,"[42.7, 494.4, 70.7, 565.3]",,,0.0,False,False,12,2
13,0.1966,"[1359.5, 490.7, 1374.3, 529.2]",,,0.0,False,False,12,2
13,0.1338,"[676.0, 507.6, 696.6, 560.9]",,,0.0,False,False,12,2
14,0.482,"[49.8, 513.3, 91.5, 637.5]",9,"[49.642248283031265, 513.0217551381653, 97.14541040837497, 633.2635231821472]",0.8487,True,False,10,1
14,0.398,"[1189.4, 491.4, 1204.2, 532.6]",,,0.0,False,False,10,1
14,0.3091,"[1436.4, 501.5, 1455.3, 550.8]",,,0.0,False,False,10,1
14,0.2946,"[798.5, 475.9, 813.4, 508.3]",,,0.0,False,False,10,1
14,0.2564,"[1227.8, 525.5, 1250.8, 591.6]",,,0.0,False,False,10,1
14,0.2357,"[362.5, 514.7, 403.0, 624.0]",,,0.0,False,False,10,1
14,0.1967,"[827.6, 522.5, 853.2, 598.7]",,,0.0,False,False,10,1
14,0.1254,"[1452.6, 501.2, 1471.5, 551.1]",,,0.0,False,False,10,1
14,0.1118,"[402.3, 493.1, 428.0, 555.2]",,,0.0,False,False,10,1
14,0.1022,"[221.7, 501.9, 396.9, 756.0]",,,0.0,False,False,10,1
15,0.5375,"[396.9, 493.1, 421.2, 554.5]",,,0.0,False,False,18,1
15,0.4882,"[795.8, 475.2, 812.0, 514.4]",,,0.0,False,False,18,1
15,0.4757,"[374.6, 488.7, 402.3, 554.2]",,,0.0,False,False,18,1
15,0.4702,"[41.5, 519.8, 81.3, 647.3]",,,0.0,False,False,18,1
15,0.4629,"[867.4, 485.7, 887.6, 536.3]",,,0.0,False,False,18,1
15,0.4117,"[1891.4, 560.2, 1921.1, 648.7]",,,0.0,False,False,18,1
15,0.4048,"[594.3, 517.4, 628.1, 601.1]",,,0.0,False,False,18,1
15,0.371,"[1719.9, 490.7, 1765.8, 602.8]",,,0.0,False,False,18,1
15,0.307,"[590.0, 519.1, 619.7, 598.7]",,,0.0,False,False,18,1
15,0.3034,"[1387.8, 489.7, 1406.7, 532.2]",16,"[1385.3973809023198, 487.9681807282413, 1401.98250191018, 530.3133134123836]",0.619,True,False,18,1
15,0.2622,"[1187.3, 486.0, 1204.9, 529.2]",,,0.0,False,False,18,1
15,0.2347,"[826.2, 513.3, 854.6, 598.4]",,,0.0,False,False,18,1
15,0.208,"[779.6, 476.6, 794.5, 517.7]",,,0.0,False,False,18,1
15,0.1508,"[667.9, 503.6, 689.5, 560.2]",,,0.0,False,False,18,1
15,0.131,"[793.1, 477.9, 809.3, 520.4]",,,0.0,False,False,18,1
15,0.131,"[1390.5, 488.7, 1412.1, 532.6]",16,"[1385.3973809023198, 487.9681807282413, 1401.98250191018, 530.3133134123836]",0.4076,True,False,18,1
15,0.114,"[799.9, 475.5, 814.7, 512.7]",,,0.0,False,False,18,1
15,0.1112,"[126.6, 448.5, 165.5, 530.2]",,,0.0,False,False,18,1
16,0.5305,"[783.7, 474.5, 799.9, 518.4]",,,0.0,False,False,13,1
16,0.4417,"[392.9, 490.4, 418.5, 554.5]",,,0.0,False,False,13,1
16,0.4072,"[184.1, 446.9, 208.4, 502.9]",,,0.0,False,False,13,1
16,0.3333,"[1865.7, 560.9, 1892.7, 641.2]",,,0.0,False,False,13,1
16,0.3244,"[373.6, 485.3, 398.6, 540.7]",,,0.0,False,False,13,1
16,0.2534,"[1362.2, 491.7, 1375.7, 529.5]",,,0.0,False,False,13,1
16,0.207,"[666.6, 502.5, 688.2, 559.2]",,,0.0,False,False,13,1
16,0.205,"[33.7, 560.9, 96.7, 724.3]",,,0.0,False,False,13,1
16,0.164,"[152.3, 446.9, 172.5, 498.8]",,,0.0,False,False,13,1
16,0.1368,"[32.4, 565.0, 80.7, 696.6]",,,0.0,False,False,13,1
16,0.1313,"[841.7, 484.0, 862.0, 533.2]",,,0.0,False,False,13,1
16,0.1226,"[128.7, 442.8, 157.9, 502.9]",,,0.0,False,False,13,1
16,0.1058,"[621.0, 478.9, 640.6, 534.3]",18,"[596.4796560476104, 513.2864712534083, 629.4024240305146, 597.4408236684667]",0.0479,False,False,13,1
17,0.5496,"[854.6, 509.6, 882.9, 589.3]",,,0.0,False,False,23,3
17,0.5357,"[839.7, 485.7, 858.6, 534.3]",,,0.0,False,False,23,3
17,0.4926,"[1389.2, 487.4, 1405.4, 528.5]",16,"[1389.2251034037113, 486.8226444118303, 1405.416742299414, 528.1452510959822]",0.9698,True,False,23,3
17,0.4905,"[178.0, 461.0, 201.7, 516.4]",,,0.0,False,False,23,3
17,0.4753,"[1725.3, 530.9, 1752.3, 599.7]",,,0.0,False,False,23,3
17,0.4533,"[16.8, 577.1, 71.5, 747.2]",2,"[-37.44786772140429, 567.9753612968249, 30.909001678313473, 742.7710986641125]",0.1239,False,False,23,3
17,0.3332,"[763.4, 481.3, 778.3, 518.4]",,,0.0,False,False,23,3
17,0.3163,"[793.8, 480.9, 810.0, 520.8]",,,0.0,False,False,23,3
17,0.3082,"[1458.0, 489.7, 1476.9, 542.4]",,,0.0,False,False,23,3
17,0.2984,"[1203.5, 485.7, 1218.4, 526.8]",,,0.0,False,False,23,3
17,0.2218,"[363.5, 507.9, 383.1, 555.9]",,,0.0,False,False,23,3
17,0.2135,"[386.8, 503.6, 411.8, 567.7]",,,0.0,False,False,23,3
17,0.2082,"[119.3, 459.0, 151.4, 524.5]",,,0.0,False,False,23,3
17,0.1855,"[1494.5, 493.4, 1518.8, 552.2]",,,0.0,False,False,23,3
17,0.1829,"[168.2, 518.7, 358.1, 789.1]",,,0.0,False,False,23,3
17,0.1803,"[1413.5, 491.1, 1429.7, 533.6]",7,"[1412.1948361898724, 489.64487723285356, 1431.5185427163776, 538.4237262827714]",0.7309,True,False,23,3
17,0.18,"[606.2, 507.6, 633.2, 591.3]",,,0.0,False,False,23,3
17,0.1203,"[386.4, 498.2, 408.0, 547.4]",,,0.0,False,False,23,3
17,0.1179,"[1336.5, 484.0, 1352.7, 524.5]",,,0.0,False,False,23,3
17,0.1157,"[142.3, 460.7, 162.9, 514.7]",,,0.0,False,False,23,3
17,0.1124,"[-33.2, 602.4, 22.1, 745.2]",2,"[-37.44786772140429, 567.9753612968249, 30.909001678313473, 742.7710986641125]",0.6424,True,False,23,3
17,0.1019,"[371.2, 504.9, 393.5, 558.9]",,,0.0,False,False,23,3
17,0.1011,"[372.9, 496.1, 393.2, 546.8]",,,0.0,False,False,23,3
18,0.5018,"[360.1, 495.1, 383.7, 546.4]",,,0.0,False,False,13,1
18,0.4191,"[178.5, 448.5, 205.5, 512.7]",,,0.0,False,False,13,1
18,0.3918,"[1344.6, 492.8, 1358.1, 526.5]",,,0.0,False,False,13,1
18,0.3256,"[382.4, 493.8, 408.0, 557.2]",,,0.0,False,False,13,1
18,0.2625,"[1414.8, 499.5, 1433.7, 548.8]",,,0.0,False,False,13,1
18,0.262,"[363.2, 488.7, 387.5, 543.4]",,,0.0,False,False,13,1
18,0.2616,"[1188.7, 493.1, 1206.2, 532.9]",31,"[1190.415694659026, 491.6871032714844, 1208.185867840974, 534.7521057128906]",0.7544,True,False,13,1
18,0.1319,"[826.2, 515.4, 857.2, 602.4]",,,0.0,False,False,13,1
18,0.1308,"[384.1, 484.3, 405.7, 537.0]",,,0.0,False,False,13,1
18,0.1277,"[120.3, 444.8, 151.4, 509.6]",,,0.0,False,False,13,1
18,0.124,"[607.2, 505.2, 631.5, 578.8]",,,0.0,False,False,13,1
18,0.1157,"[1055.7, 481.6, 1067.8, 516.7]",,,0.0,False,False,13,1
18,0.1054,"[1518.8, 499.2, 1543.1, 564.0]",,,0.0,False,False,13,1
19,0.5394,"[336.3, 499.5, 361.8, 560.2]",,,0.0,False,False,28,2
19,0.5383,"[1204.2, 489.7, 1219.1, 530.9]",,,0.0,False,False,28,2
19,0.513,"[358.1, 504.9, 380.4, 557.5]",,,0.0,False,False,28,2
19,0.4979,"[172.6, 453.9, 200.6, 520.8]",,,0.0,False,False,28,2
19,0.4912,"[382.1, 512.7, 403.7, 567.3]",,,0.0,False,False,28,2
19,0.456,"[583.2, 525.8, 616.3, 610.9]",,,0.0,False,False,28,2
19,0.4384,"[798.5, 476.6, 813.4, 515.0]",,,0.0,False,False,28,2
19,0.4004,"[758.7, 480.3, 776.2, 518.7]",,,0.0,False,False,28,2
19,0.3731,"[1529.6, 501.5, 1553.9, 563.6]",6,"[1525.5334431870606, 502.2534148401595, 1548.6909220473142, 564.3361847692155]",0.6629,True,False,28,2
19,0.3642,"[1462.1, 495.1, 1481.0, 549.1]",,,0.0,False,False,28,2
19,0.3514,"[793.8, 482.0, 810.0, 522.5]",,,0.0,False,False,28,2
19,0.3278,"[1393.2, 491.4, 1409.4, 535.3]",16,"[1393.1815530516758, 493.9743453831031, 1409.5342672608244, 535.7602737575219]",0.9228,True,False,28,2
19,0.2789,"[1539.0, 499.5, 1566.0, 567.0]",6,"[1525.5334431870606, 502.2534148401595, 1548.6909220473142, 564.3361847692155]",0.2263,False,False,28,2
19,0.2701,"[1533.6, 500.9, 1557.9, 565.7]",6,"[1525.5334431870606, 502.2534148401595, 1548.6909220473142, 564.3361847692155]",0.4514,True,False,28,2
19,0.2421,"[587.9, 525.5, 621.7, 615.9]",,,0.0,False,False,28,2
19,0.2407,"[378.3, 494.8, 399.9, 544.7]",,,0.0,False,False,28,2
19,0.2318,"[824.9, 516.4, 855.9, 602.8]",,,0.0,False,False,28,2
19,0.2213,"[114.0, 444.2, 146.9, 518.4]",,,0.0,False,False,28,2
19,0.2085,"[1055.0, 485.0, 1067.2, 519.4]",,,0.0,False,False,28,2
19,0.2038,"[801.2, 475.9, 816.1, 513.7]",,,0.0,False,False,28,2
19,0.1789,"[363.8, 493.4, 385.4, 544.7]",,,0.0,False,False,28,2
19,0.1672,"[1186.7, 488.7, 1204.2, 532.6]",,,0.0,False,False,28,2
19,0.1526,"[1416.2, 496.8, 1437.8, 552.2]",,,0.0,False,False,28,2
19,0.1434,"[1071.2, 482.3, 1082.0, 510.6]",,,0.0,False,False,28,2
19,0.1233,"[803.9, 478.6, 818.8, 518.4]",,,0.0,False,False,28,2
19,0.1149,"[360.8, 507.6, 383.1, 562.3]",,,0.0,False,False,28,2
19,0.1111,"[138.5, 455.0, 159.1, 511.0]",,,0.0,False,False,28,2
19,0.1045,"[635.9, 515.4, 667.6, 604.5]",,,0.0,False,False,28,2
20,0.4909,"[360.5, 502.5, 384.1, 561.9]",,,0.0,False,False,18,1
20,0.4838,"[1746.9, 503.9, 1784.7, 609.2]",,,0.0,False,False,18,1
20,0.4628,"[762.1, 480.9, 778.3, 518.7]",,,0.0,False,False,18,1
20,0.447,"[573.4, 527.9, 605.1, 605.5]",19,"[578.4373791298235, 527.36335699846, 609.962889424864, 610.463547298415]",0.6886,True,False,18,1
20,0.3797,"[1742.9, 541.0, 1772.6, 611.2]",,,0.0,False,False,18,1
20,0.3382,"[1395.9, 491.4, 1412.1, 535.3]",,,0.0,False,False,18,1
20,0.2413,"[85.2, 452.6, 122.6, 513.3]",,,0.0,False,False,18,1
20,0.2366,"[110.4, 453.3, 145.1, 517.4]",,,0.0,False,False,18,1
20,0.2168,"[1420.2, 497.1, 1441.8, 550.5]",,,0.0,False,False,18,1
20,0.2114,"[1749.6, 524.1, 1787.4, 613.2]",,,0.0,False,False,18,1
20,0.2047,"[824.9, 519.8, 855.9, 606.2]",,,0.0,False,False,18,1
20,0.1878,"[632.1, 516.7, 664.5, 606.5]",,,0.0,False,False,18,1
20,0.1866,"[1055.7, 480.6, 1069.2, 517.0]",,,0.0,False,False,18,1
20,0.1782,"[1533.6, 498.5, 1555.2, 557.9]",,,0.0,False,False,18,1
20,0.1582,"[133.3, 456.0, 155.6, 512.0]",,,0.0,False,False,18,1
20,0.1365,"[661.8, 511.3, 685.5, 572.1]",,,0.0,False,False,18,1
20,0.1212,"[358.8, 498.5, 381.0, 555.2]",,,0.0,False,False,18,1
20,0.1204,"[1462.1, 494.1, 1483.7, 545.4]",,,0.0,False,False,18,1
21,0.506,"[1548.5, 503.2, 1575.5, 576.1]",,,0.0,False,False,14,0
21,0.471,"[657.8, 516.0, 682.8, 579.5]",,,0.0,False,False,14,0
21,0.4627,"[170.0, 447.5, 196.9, 508.3]",,,0.0,False,False,14,0
21,0.4288,"[1421.6, 499.5, 1437.8, 539.3]",,,0.0,False,False,14,0
21,0.4251,"[565.7, 522.1, 598.7, 607.8]",,,0.0,False,False,14,0
21,0.384,"[1903.5, 582.9, 1933.2, 659.1]",,,0.0,False,False,14,0
21,0.2782,"[1520.1, 499.8, 1547.1, 566.7]",,,0.0,False,False,14,0
21,0.1647,"[661.5, 514.4, 683.1, 567.7]",,,0.0,False,False,14,0
21,0.1455,"[1427.0, 505.6, 1448.6, 562.3]",,,0.0,False,False,14,0
21,0.1423,"[110.7, 444.2, 143.1, 507.6]",,,0.0,False,False,14,0
21,0.12,"[81.3, 444.2, 119.5, 506.3]",,,0.0,False,False,14,0
21,0.1183,"[625.1, 510.0, 660.8, 607.2]",,,0.0,False,False,14,0
21,0.1082,"[130.7, 446.5, 154.2, 505.2]",,,0.0,False,False,14,0
21,0.1045,"[643.3, 503.9, 664.9, 562.6]",,,0.0,False,False,14,0
22,0.5615,"[836.3, 489.4, 857.9, 540.7]",34,"[836.7347299145788, 485.07190133231154, 855.4030874682337, 531.7361431012822]",0.6654,True,False,11,2
22,0.5076,"[90.0, 523.1, 285.9, 820.8]",,,0.0,False,False,11,2
22,0.4988,"[1559.2, 506.6, 1583.6, 577.5]",,,0.0,False,False,11,2
22,0.3953,"[865.4, 491.1, 885.6, 547.1]",23,"[866.6654117836691, 489.49611343738314, 883.0017024741435, 536.2275193751168]",0.636,True,False,11,2
22,0.3358,"[653.7, 516.0, 678.7, 574.8]",,,0.0,False,False,11,2
22,0.3343,"[563.0, 527.2, 594.7, 610.9]",,,0.0,False,False,11,2
22,0.3009,"[74.3, 451.2, 111.4, 513.3]",,,0.0,False,False,11,2
22,0.2913,"[107.9, 450.2, 138.3, 513.7]",,,0.0,False,False,11,2
22,0.1823,"[624.7, 554.5, 657.1, 644.3]",,,0.0,False,False,11,2
22,0.1814,"[825.5, 517.4, 857.9, 605.8]",34,"[836.7347299145788, 485.07190133231154, 855.4030874682337, 531.7361431012822]",0.0772,False,False,11,2
22,0.1735,"[129.9, 455.6, 151.6, 513.0]",,,0.0,False,False,11,2
23,0.4344,"[71.4, 522.8, 272.7, 830.2]",,,0.0,False,False,10,1
23,0.3369,"[655.1, 514.7, 678.7, 572.1]",,,0.0,False,False,10,1
23,0.294,"[1566.0, 513.3, 1590.3, 580.8]",,,0.0,False,False,10,1
23,0.2145,"[107.7, 445.2, 135.8, 508.6]",,,0.0,False,False,10,1
23,0.2135,"[625.1, 515.0, 658.8, 608.9]",,,0.0,False,False,10,1
23,0.207,"[526.5, 614.6, 619.0, 813.4]",,,0.0,False,False,10,1
23,0.1333,"[79.8, 447.9, 110.0, 510.6]",,,0.0,False,False,10,1
23,0.132,"[126.6, 450.6, 147.2, 507.3]",,,0.0,False,False,10,1
23,0.1262,"[826.9, 513.3, 859.3, 603.1]",,,0.0,False,False,10,1
23,0.1138,"[776.2, 478.6, 793.8, 528.5]",,,0.0,False,False,10,1
24,0.5176,"[622.7, 537.3, 655.8, 627.8]",,,0.0,False,False,12,0
24,0.5045,"[1570.1, 511.3, 1594.4, 581.5]",,,0.0,False,False,12,0
24,0.4721,"[755.3, 480.9, 771.5, 520.8]",,,0.0,False,False,12,0
24,0.4558,"[866.0, 491.4, 886.3, 546.8]",,,0.0,False,False,12,0
24,0.4531,"[652.1, 520.4, 675.7, 579.2]",,,0.0,False,False,12,0
24,0.3493,"[1771.2, 506.3, 1811.7, 618.3]",,,0.0,False,False,12,0
24,0.275,"[534.6, 522.8, 563.0, 588.3]",,,0.0,False,False,12,0
24,0.2553,"[102.5, 447.2, 132.2, 514.7]",,,0.0,False,False,12,0
24,0.172,"[75.2, 446.5, 107.2, 513.3]",,,0.0,False,False,12,0
24,0.1602,"[624.7, 519.8, 657.8, 614.2]",,,0.0,False,False,12,0
24,0.1568,"[584.2, 520.4, 615.3, 607.5]",,,0.0,False,False,12,0
24,0.1088,"[519.4, 614.9, 621.3, 821.5]",,,0.0,False,False,12,0
25,0.5752,"[761.4, 479.9, 776.2, 519.1]",17,"[751.8767368886912, 480.68410178067404, 768.6326625253714, 518.8858445083885]",0.2923,False,False,15,2
25,0.5745,"[619.3, 517.7, 655.8, 627.1]",,,0.0,False,False,15,2
25,0.5356,"[751.3, 479.6, 767.5, 519.4]",17,"[751.8767368886912, 480.68410178067404, 768.6326625253714, 518.8858445083885]",0.8644,True,False,15,2
25,0.4247,"[756.7, 479.9, 774.2, 521.1]",17,"[751.8767368886912, 480.68410178067404, 768.6326625253714, 518.8858445083885]",0.5042,True,False,15,2
25,0.3695,"[651.4, 518.1, 675.7, 580.2]",,,0.0,False,False,15,2
25,0.3638,"[72.6, 444.2, 103.2, 509.6]",,,0.0,False,False,15,2
25,0.3613,"[341.6, 493.8, 361.1, 542.4]",,,0.0,False,False,15,2
25,0.3559,"[777.6, 478.6, 795.2, 522.5]",33,"[778.3058599435224, 477.0766384209902, 793.9153314627277, 519.5080783758848]",0.8053,True,False,15,2
25,0.2931,"[346.3, 499.5, 370.6, 556.2]",,,0.0,False,False,15,2
25,0.2425,"[99.1, 445.2, 130.3, 508.6]",,,0.0,False,False,15,2
25,0.2188,"[537.6, 521.8, 562.6, 584.6]",,,0.0,False,False,15,2
25,0.2035,"[30.4, 523.8, 248.2, 825.5]",,,0.0,False,False,15,2
25,0.1479,"[349.7, 494.8, 371.9, 544.0]",,,0.0,False,False,15,2
25,0.1363,"[541.7, 520.1, 565.3, 580.8]",,,0.0,False,False,15,2
25,0.1349,"[1547.1, 515.0, 1566.0, 568.4]",,,0.0,False,False,15,2
26,0.5558,"[1356.1, 500.5, 1369.6, 537.6]",10,"[1358.2585872976551, 500.24030407106187, 1371.380572858595, 535.9882115539381]",0.7058,True,False,15,2
26,0.5301,"[749.9, 481.3, 766.1, 521.1]",,,0.0,False,False,15,2
26,0.5228,"[646.0, 519.1, 672.3, 584.6]",,,0.0,False,False,15,2
26,0.3866,"[6.1, 525.8, 228.5, 857.9]",,,0.0,False,False,15,2
26,0.3807,"[777.6, 479.3, 793.8, 522.5]",,,0.0,False,False,15,2
26,0.337,"[612.9, 521.1, 649.4, 624.4]",,,0.0,False,False,15,2
26,0.3342,"[797.2, 483.6, 813.4, 528.2]",13,"[796.8248474150812, 484.5339425066454, 814.3060119599188, 528.3835379621046]",0.9054,True,False,15,2
26,0.327,"[580.2, 522.8, 612.6, 611.2]",,,0.0,False,False,15,2
26,0.2808,"[342.9, 498.2, 368.6, 555.5]",,,0.0,False,False,15,2
26,0.2491,"[1549.8, 515.7, 1571.4, 565.7]",,,0.0,False,False,15,2
26,0.1887,"[1566.0, 518.7, 1595.7, 592.3]",,,0.0,False,False,15,2
26,0.1671,"[620.3, 519.4, 654.1, 618.0]",,,0.0,False,False,15,2
26,0.1455,"[94.5, 444.8, 123.9, 507.6]",,,0.0,False,False,15,2
26,0.1195,"[1572.8, 515.4, 1602.5, 591.0]",,,0.0,False,False,15,2
26,0.1046,"[55.9, 448.2, 92.1, 507.6]",,,0.0,False,False,15,2
27,0.4822,"[67.0, 443.5, 95.9, 506.9]",,,0.0,False,False,11,0
27,0.4148,"[1552.5, 517.4, 1574.1, 570.0]",,,0.0,False,False,11,0
27,0.3918,"[774.2, 478.2, 793.1, 525.5]",,,0.0,False,False,11,0
27,0.3492,"[757.4, 479.9, 774.9, 521.1]",,,0.0,False,False,11,0
27,0.3244,"[620.0, 520.1, 654.4, 615.9]",,,0.0,False,False,11,0
27,0.3088,"[92.9, 444.2, 120.6, 505.6]",,,0.0,False,False,11,0
27,0.303,"[748.6, 480.9, 766.1, 522.8]",,,0.0,False,False,11,0
27,0.2043,"[342.6, 495.5, 364.2, 548.1]",,,0.0,False,False,11,0
27,0.1608,"[662.2, 477.6, 675.0, 514.0]",,,0.0,False,False,11,0
27,0.1415,"[1309.5, 842.4, 1378.4, 1004.4]",,,0.0,False,False,11,0
27,0.1243,"[645.6, 510.6, 671.3, 576.8]",,,0.0,False,False,11,0
28,0.5579,"[1459.4, 509.0, 1478.2, 555.5]",,,0.0,False,False,17,0
28,0.5489,"[753.3, 480.3, 773.6, 523.5]",,,0.0,False,False,17,0
28,0.5247,"[758.0, 480.3, 775.6, 522.8]",,,0.0,False,False,17,0
28,0.5234,"[644.0, 514.7, 668.9, 578.1]",,,0.0,False,False,17,0
28,0.4242,"[817.4, 522.1, 851.2, 614.6]",,,0.0,False,False,17,0
28,0.375,"[64.3, 444.2, 92.5, 507.6]",,,0.0,False,False,17,0
28,0.324,"[88.8, 443.5, 121.1, 508.3]",,,0.0,False,False,17,0
28,0.2691,"[-27.9, 522.5, 188.3, 877.5]",,,0.0,False,False,17,0
28,0.2595,"[614.9, 520.1, 653.4, 615.9]",,,0.0,False,False,17,0
28,0.2451,"[1807.7, 549.5, 1842.8, 649.4]",,,0.0,False,False,17,0
28,0.2356,"[134.2, 470.5, 154.4, 519.8]",,,0.0,False,False,17,0
28,0.2033,"[1555.2, 520.1, 1574.1, 572.7]",,,0.0,False,False,17,0
28,0.1805,"[1092.2, 760.1, 1113.8, 823.5]",,,0.0,False,False,17,0
28,0.1567,"[1570.1, 514.0, 1591.7, 574.1]",,,0.0,False,False,17,0
28,0.1364,"[-8.5, 488.0, 21.0, 553.5]",,,0.0,False,False,17,0
28,0.1239,"[1445.9, 510.3, 1467.5, 565.7]",,,0.0,False,False,17,0
28,0.1112,"[659.5, 500.9, 679.1, 561.6]",,,0.0,False,False,17,0
29,0.562,"[772.9, 478.2, 791.8, 525.5]",33,"[773.7713033851904, 478.1669094238149, 790.7250345054346, 524.0902927246225]",0.8693,True,False,15,2
29,0.5494,"[85.3, 442.5, 114.2, 503.9]",,,0.0,False,False,15,2
29,0.5474,"[644.0, 512.0, 668.2, 573.4]",,,0.0,False,False,15,2
29,0.5253,"[747.2, 479.6, 767.5, 523.5]",17,"[748.1778057094141, 479.88503976791765, 767.3110858921483, 523.5987859156761]",0.9357,True,False,15,2
29,0.4521,"[1582.2, 514.7, 1609.2, 590.3]",,,0.0,False,False,15,2
29,0.4377,"[1460.7, 507.6, 1479.6, 552.8]",,,0.0,False,False,15,2
29,0.3482,"[1456.7, 507.6, 1472.9, 552.2]",,,0.0,False,False,15,2
29,0.314,"[61.2, 441.5, 89.4, 505.6]",,,0.0,False,False,15,2
29,0.281,"[754.0, 479.3, 772.9, 522.5]",17,"[748.1778057094141, 479.88503976791765, 767.3110858921483, 523.5987859156761]",0.5231,True,False,15,2
29,0.1572,"[50.4, 447.2, 72.1, 501.9]",,,0.0,False,False,15,2
29,0.1375,"[157.9, 474.9, 180.6, 526.2]",,,0.0,False,False,15,2
29,0.1362,"[130.5, 465.1, 149.9, 509.0]",,,0.0,False,False,15,2
29,0.1326,"[484.7, 630.5, 579.8, 849.2]",,,0.0,False,False,15,2
29,0.131,"[160.1, 470.5, 180.6, 514.4]",,,0.0,False,False,15,2
29,0.11,"[758.0, 480.3, 775.6, 522.1]",17,"[748.1778057094141, 479.88503976791765, 767.3110858921483, 523.5987859156761]",0.3287,True,False,15,2
30,0.5428,"[138.5, 454.6, 166.2, 512.7]",39,"[138.8473155134046, 455.1426175631741, 164.24002579518918, 512.9820772610447]",0.9046,True,False,13,2
30,0.5211,"[1593.0, 537.3, 1622.7, 619.7]",,,0.0,False,False,13,2
30,0.5137,"[1463.4, 516.7, 1479.6, 561.3]",,,0.0,False,False,13,2
30,0.4999,"[641.9, 520.1, 666.2, 583.5]",,,0.0,False,False,13,2
30,0.3911,"[327.2, 505.6, 351.3, 565.0]",,,0.0,False,False,13,2
30,0.3484,"[518.7, 540.7, 553.2, 628.4]",,,0.0,False,False,13,2
30,0.2786,"[1455.3, 516.4, 1471.5, 563.6]",,,0.0,False,False,13,2
30,0.233,"[598.7, 514.0, 626.4, 586.2]",,,0.0,False,False,13,2
30,0.1747,"[125.7, 473.5, 145.0, 517.4]",39,"[138.8473155134046, 455.1426175631741, 164.24002579518918, 512.9820772610447]",0.1164,False,False,13,2
30,0.133,"[565.7, 534.9, 602.8, 627.4]",,,0.0,False,False,13,2
30,0.1228,"[1591.7, 529.2, 1618.7, 603.5]",,,0.0,False,False,13,2
30,0.1164,"[747.2, 490.4, 767.5, 534.3]",,,0.0,False,False,13,2
30,0.1052,"[300.0, 472.2, 317.6, 509.3]",,,0.0,False,False,13,2
31,0.4119,"[1603.8, 527.2, 1636.2, 620.3]",,,0.0,False,False,20,1
31,0.3758,"[103.5, 447.5, 125.8, 511.0]",,,0.0,False,False,20,1
31,0.3392,"[78.4, 444.8, 105.6, 509.0]",,,0.0,False,False,20,1
31,0.3006,"[1458.0, 507.6, 1474.2, 553.5]",,,0.0,False,False,20,1
31,0.2837,"[852.5, 518.4, 882.2, 602.8]",23,"[851.4096692961468, 515.1147405744393, 882.7698961335407, 601.9718072771233]",0.9033,True,False,20,1
31,0.2662,"[812.0, 524.5, 844.4, 618.3]",,,0.0,False,False,20,1
31,0.2357,"[770.2, 480.3, 789.1, 528.2]",,,0.0,False,False,20,1
31,0.2252,"[747.2, 480.9, 766.1, 526.2]",,,0.0,False,False,20,1
31,0.2188,"[312.0, 494.4, 338.7, 564.0]",,,0.0,False,False,20,1
31,0.2186,"[1813.1, 541.4, 1850.9, 640.6]",,,0.0,False,False,20,1
31,0.2106,"[640.6, 518.4, 666.9, 583.9]",,,0.0,False,False,20,1
31,0.1848,"[1460.7, 507.6, 1476.9, 552.2]",,,0.0,False,False,20,1
31,0.1801,"[53.0, 445.2, 80.7, 507.9]",,,0.0,False,False,20,1
31,0.1411,"[318.4, 532.2, 348.0, 601.8]",,,0.0,False,False,20,1
31,0.1363,"[1803.6, 520.4, 1846.8, 640.6]",,,0.0,False,False,20,1
31,0.1269,"[1464.8, 506.9, 1481.0, 550.8]",,,0.0,False,False,20,1
31,0.1221,"[622.7, 503.9, 647.7, 570.7]",,,0.0,False,False,20,1
31,0.1168,"[1601.1, 531.6, 1630.8, 609.2]",,,0.0,False,False,20,1
31,0.1097,"[41.2, 449.9, 65.2, 510.0]",,,0.0,False,False,20,1
31,0.102,"[121.2, 470.5, 141.5, 518.4]",,,0.0,False,False,20,1
32,0.568,"[1567.4, 522.1, 1589.0, 581.5]",,,0.0,False,False,20,1
32,0.5389,"[1818.5, 550.1, 1856.2, 648.7]",,,0.0,False,False,20,1
32,0.5175,"[850.5, 520.1, 881.6, 609.2]",,,0.0,False,False,20,1
32,0.5037,"[1520.1, 506.6, 1541.7, 557.9]",,,0.0,False,False,20,1
32,0.4079,"[316.1, 502.5, 343.4, 561.3]",,,0.0,False,False,20,1
32,0.3751,"[1814.4, 534.6, 1852.2, 646.7]",,,0.0,False,False,20,1
32,0.3126,"[1209.6, 506.3, 1225.8, 550.8]",8,"[1207.6714565558318, 507.07709223801555, 1224.6718051629182, 552.430842332297]",0.7904,True,False,20,1
32,0.2544,"[1613.2, 527.9, 1643.0, 610.2]",,,0.0,False,False,20,1
32,0.2438,"[99.6, 443.5, 122.9, 510.3]",,,0.0,False,False,20,1
32,0.2404,"[747.9, 489.7, 766.8, 533.6]",,,0.0,False,False,20,1
32,0.1851,"[-62.4, 550.5, 91.2, 881.6]",,,0.0,False,False,20,1
32,0.1775,"[1462.1, 516.4, 1481.0, 564.3]",,,0.0,False,False,20,1
32,0.1668,"[619.7, 511.0, 643.3, 577.1]",,,0.0,False,False,20,1
32,0.1649,"[51.7, 448.5, 79.2, 510.6]",,,0.0,False,False,20,1
32,0.1554,"[38.4, 453.9, 61.9, 510.6]",,,0.0,False,False,20,1
32,0.1514,"[313.9, 500.5, 338.9, 556.5]",,,0.0,False,False,20,1
32,0.1475,"[53.8, 496.5, 89.3, 566.7]",,,0.0,False,False,20,1
32,0.1402,"[601.8, 527.9, 638.9, 629.1]",,,0.0,False,False,20,1
32,0.1219,"[72.8, 445.5, 101.0, 509.6]",,,0.0,False,False,20,1
32,0.1046,"[-130.2, 538.0, 100.2, 1067.2]",,,0.0,False,False,20,1
33,0.5497,"[796.5, 493.4, 814.1, 539.3]",13,"[796.2874063669414, 493.0776872330183, 815.2278524221211, 541.1800031966693]",0.8842,True,False,14,1
33,0.3421,"[850.5, 523.1, 880.2, 608.2]",,,0.0,False,False,14,1
33,0.2973,"[314.7, 511.0, 337.3, 569.0]",,,0.0,False,False,14,1
33,0.2578,"[1464.8, 513.3, 1483.7, 561.9]",,,0.0,False,False,14,1
33,0.2449,"[309.0, 506.9, 333.6, 567.7]",,,0.0,False,False,14,1
33,0.2013,"[1204.2, 497.8, 1219.1, 537.0]",,,0.0,False,False,14,1
33,0.1797,"[498.2, 517.7, 522.5, 586.6]",,,0.0,False,False,14,1
33,0.178,"[1208.9, 502.9, 1225.1, 547.4]",,,0.0,False,False,14,1
33,0.1777,"[808.7, 533.2, 838.4, 623.0]",13,"[796.2874063669414, 493.0776872330183, 815.2278524221211, 541.1800031966693]",0.0148,False,False,14,1
33,0.1765,"[-83.5, 569.7, 76.7, 904.5]",,,0.0,False,False,14,1
33,0.1327,"[633.5, 522.1, 659.8, 591.0]",,,0.0,False,False,14,1
33,0.1204,"[598.1, 531.2, 634.5, 631.1]",,,0.0,False,False,14,1
33,0.1116,"[-128.1, 563.0, 79.6, 1050.3]",,,0.0,False,False,14,1
33,0.1097,"[93.5, 451.6, 118.0, 513.7]",,,0.0,False,False,14,1
34,0.5088,"[631.5, 519.1, 659.8, 591.3]",,,0.0,False,False,10,1
34,0.4724,"[1213.0, 507.6, 1227.8, 551.5]",,,0.0,False,False,10,1
34,0.325,"[1572.8, 524.5, 1594.4, 583.2]",6,"[1573.4364035150857, 525.4917479602883, 1594.8074929692893, 582.6732911022118]",0.9237,True,False,10,1
34,0.314,"[597.0, 532.2, 634.8, 630.1]",,,0.0,False,False,10,1
34,0.3079,"[655.8, 487.0, 671.3, 532.2]",,,0.0,False,False,10,1
34,0.2669,"[796.5, 493.1, 815.4, 539.7]",,,0.0,False,False,10,1
34,0.2373,"[1599.8, 531.2, 1624.1, 602.8]",,,0.0,False,False,10,1
34,0.1673,"[105.8, 470.5, 130.1, 517.0]",,,0.0,False,False,10,1
34,0.1547,"[93.2, 448.5, 116.5, 507.3]",,,0.0,False,False,10,1
34,0.1078,"[1464.8, 517.7, 1483.7, 568.4]",,,0.0,False,False,10,1
35,0.5717,"[630.1, 519.8, 656.4, 587.9]",,,0.0,False,False,12,2
35,0.5433,"[851.2, 525.8, 879.5, 607.5]",23,"[849.9599747348922, 523.1755837488561, 880.7958846401078, 608.9075461339565]",0.8759,True,False,12,2
35,0.5339,"[652.4, 489.0, 667.9, 532.9]",,,0.0,False,False,12,2
35,0.5045,"[830.2, 533.6, 861.3, 621.3]",23,"[849.9599747348922, 523.1755837488561, 880.7958846401078, 608.9075461339565]",0.1892,False,False,12,2
35,0.4882,"[826.2, 529.2, 851.9, 593.3]",23,"[849.9599747348922, 523.1755837488561, 880.7958846401078, 608.9075461339565]",0.0291,False,False,12,2
35,0.4336,"[1211.6, 504.2, 1227.8, 549.5]",,,0.0,False,False,12,2
35,0.3507,"[827.6, 505.6, 851.9, 579.2]",23,"[849.9599747348922, 523.1755837488561, 880.7958846401078, 608.9075461339565]",0.0245,False,False,12,2
35,0.2632,"[304.4, 514.0, 329.7, 578.1]",,,0.0,False,False,12,2
35,0.2432,"[744.5, 490.1, 763.4, 533.2]",,,0.0,False,False,12,2
35,0.2115,"[88.3, 461.7, 110.8, 516.4]",,,0.0,False,False,12,2
35,0.1586,"[853.9, 523.8, 879.5, 583.9]",23,"[849.9599747348922, 523.1755837488561, 880.7958846401078, 608.9075461339565]",0.5829,True,False,12,2
35,0.1163,"[768.2, 488.0, 787.1, 532.6]",,,0.0,False,False,12,2
36,0.5596,"[770.2, 488.0, 789.1, 533.9]",,,0.0,False,False,12,2
36,0.4442,"[1213.7, 510.3, 1229.9, 551.5]",,,0.0,False,False,12,2
36,0.4186,"[630.5, 515.7, 656.8, 585.9]",,,0.0,False,False,12,2
36,0.3233,"[1852.2, 566.0, 1892.7, 656.4]",5,"[1856.538783135652, 567.3078272682823, 1890.561314520598, 658.4752537864052]",0.8124,True,False,12,2
36,0.1805,"[1468.8, 516.0, 1487.7, 568.0]",,,0.0,False,False,12,2
36,0.1662,"[624.7, 516.0, 651.7, 586.2]",,,0.0,False,False,12,2
36,0.1385,"[809.3, 540.3, 840.4, 637.5]",,,0.0,False,False,12,2
36,0.1366,"[299.9, 505.9, 326.9, 572.7]",,,0.0,False,False,12,2
36,0.1294,"[1464.8, 513.3, 1483.7, 562.6]",,,0.0,False,False,12,2
36,0.1245,"[744.5, 489.0, 763.4, 533.6]",,,0.0,False,False,12,2
36,0.12,"[598.7, 510.0, 623.7, 584.9]",,,0.0,False,False,12,2
36,0.1178,"[804.6, 524.8, 828.9, 593.0]",,,0.0,False,False,12,2
37,0.5513,"[1471.5, 516.7, 1495.8, 574.1]",7,"[1472.868789713058, 513.5262205414117, 1495.520126302567, 576.4867189117132]",0.8546,True,False,11,1
37,0.4558,"[1856.2, 560.2, 1896.8, 649.4]",,,0.0,False,False,11,1
37,0.4442,"[1456.7, 510.0, 1472.9, 553.8]",,,0.0,False,False,11,1
37,0.3221,"[591.0, 506.3, 618.6, 586.6]",,,0.0,False,False,11,1
37,0.2624,"[766.1, 488.0, 785.0, 533.9]",,,0.0,False,False,11,1
37,0.2268,"[29.2, 453.6, 57.3, 519.1]",,,0.0,False,False,11,1
37,0.2246,"[633.2, 517.4, 661.5, 587.6]",,,0.0,False,False,11,1
37,0.1955,"[609.9, 514.4, 637.5, 586.6]",,,0.0,False,False,11,1
37,0.184,"[81.1, 459.7, 103.7, 515.7]",,,0.0,False,False,11,1
37,0.1354,"[1470.2, 512.3, 1489.1, 565.7]",7,"[1472.868789713058, 513.5262205414117, 1495.520126302567, 576.4867189117132]",0.5303,True,False,11,1
37,0.1179,"[743.2, 489.7, 763.4, 534.3]",,,0.0,False,False,11,1
38,0.5274,"[1586.2, 521.1, 1607.9, 583.2]",,,0.0,False,False,19,1
38,0.5131,"[768.8, 488.4, 787.7, 534.3]",,,0.0,False,False,19,1
38,0.3927,"[29.6, 455.0, 55.4, 514.4]",,,0.0,False,False,19,1
38,0.3736,"[647.7, 489.4, 664.5, 536.0]",,,0.0,False,False,19,1
38,0.3152,"[1459.4, 508.6, 1478.2, 556.5]",,,0.0,False,False,19,1
38,0.2941,"[1475.6, 511.0, 1491.8, 556.2]",,,0.0,False,False,19,1
38,0.2689,"[612.2, 514.4, 641.2, 587.2]",,,0.0,False,False,19,1
38,0.2353,"[17.4, 454.6, 39.6, 512.7]",,,0.0,False,False,19,1
38,0.2174,"[626.7, 514.7, 654.4, 585.6]",,,0.0,False,False,19,1
38,0.1762,"[631.1, 511.3, 657.5, 582.2]",,,0.0,False,False,19,1
38,0.1607,"[79.2, 458.7, 101.3, 514.7]",,,0.0,False,False,19,1
38,0.1434,"[1474.2, 515.0, 1495.8, 573.1]",,,0.0,False,False,19,1
38,0.1343,"[1474.2, 508.3, 1490.4, 548.8]",,,0.0,False,False,19,1
38,0.1293,"[743.2, 490.7, 762.1, 535.3]",,,0.0,False,False,19,1
38,0.1273,"[832.3, 500.5, 852.5, 552.5]",34,"[831.5786362006037, 501.60061732749324, 852.8227309868963, 555.4897147037567]",0.8831,True,False,19,1
38,0.1205,"[589.6, 504.9, 618.0, 590.0]",,,0.0,False,False,19,1
38,0.1148,"[105.5, 477.9, 126.7, 525.2]",,,0.0,False,False,19,1
38,0.1063,"[1468.8, 506.6, 1487.7, 551.8]",,,0.0,False,False,19,1
38,0.1062,"[635.5, 507.6, 657.8, 569.7]",,,0.0,False,False,19,1
39,0.5636,"[587.6, 503.6, 615.9, 586.6]",,,0.0,False,False,9,2
39,0.4257,"[611.9, 509.6, 640.9, 587.2]",,,0.0,False,False,9,2
39,0.3983,"[1875.2, 563.6, 1913.0, 658.8]",5,"[1874.6788740117472, 565.0982288167437, 1910.024250988253, 658.1036754801314]",0.8907,True,False,9,2
39,0.3401,"[1479.6, 522.1, 1503.9, 578.8]",,,0.0,False,False,9,2
39,0.184,"[98.9, 479.9, 121.2, 526.5]",,,0.0,False,False,9,2
39,0.1403,"[767.5, 489.4, 786.4, 536.0]",,,0.0,False,False,9,2
39,0.1403,"[75.6, 461.0, 98.0, 515.7]",,,0.0,False,False,9,2
39,0.1191,"[1475.6, 512.7, 1497.2, 568.0]",,,0.0,False,False,9,2
39,0.1034,"[743.2, 492.4, 764.8, 537.0]",,,0.0,False,False,9,2
40,0.4697,"[766.1, 488.7, 785.0, 532.6]",,,0.0,False,False,15,2
40,0.4495,"[610.9, 512.0, 639.9, 586.2]",,,0.0,False,False,15,2
40,0.4136,"[95.3, 476.6, 115.3, 523.1]",,,0.0,False,False,15,2
40,0.3619,"[84.1, 149.9, 207.9, 398.2]",,,0.0,False,False,15,2
40,0.3592,"[441.8, 490.7, 463.4, 552.8]",3,"[447.5042619111337, 515.1376711234215, 475.191721975585, 581.9569333687659]",0.2309,False,False,15,2
40,0.3183,"[1462.1, 510.6, 1481.0, 559.2]",,,0.0,False,False,15,2
40,0.2897,"[742.5, 490.1, 764.1, 534.6]",,,0.0,False,False,15,2
40,0.266,"[446.5, 513.0, 469.5, 572.4]",3,"[447.5042619111337, 515.1376711234215, 475.191721975585, 581.9569333687659]",0.6429,True,False,15,2
40,0.1973,"[444.2, 502.5, 467.1, 569.4]",3,"[447.5042619111337, 515.1376711234215, 475.191721975585, 581.9569333687659]",0.4578,True,False,15,2
40,0.1844,"[541.0, 512.0, 579.5, 626.1]",,,0.0,False,False,15,2
40,0.1681,"[588.3, 506.3, 615.3, 585.9]",,,0.0,False,False,15,2
40,0.142,"[570.7, 541.0, 603.1, 630.1]",,,0.0,False,False,15,2
40,0.1347,"[69.2, 461.4, 88.4, 512.7]",,,0.0,False,False,15,2
40,0.1154,"[752.6, 490.4, 770.2, 530.9]",,,0.0,False,False,15,2
40,0.1042,"[758.7, 490.1, 777.6, 531.9]",,,0.0,False,False,15,2
41,0.5732,"[279.1, 511.3, 307.1, 578.8]",49,"[279.688597282383, 510.901007369218, 305.7777723465233, 579.225213333907]",0.9209,True,False,12,2
41,0.5683,"[766.8, 489.7, 784.4, 533.6]",,,0.0,False,False,12,2
41,0.4927,"[608.5, 513.3, 638.9, 588.3]",,,0.0,False,False,12,2
41,0.4333,"[741.2, 490.4, 762.8, 535.6]",,,0.0,False,False,12,2
41,0.3714,"[1215.7, 508.3, 1231.9, 552.2]",8,"[1215.7905950439297, 509.1575142459326, 1231.662774096695, 550.7875541134424]",0.9296,True,False,12,2
41,0.3594,"[537.3, 535.6, 573.8, 636.2]",,,0.0,False,False,12,2
41,0.1875,"[437.7, 494.8, 461.4, 559.6]",,,0.0,False,False,12,2
41,0.1568,"[561.9, 544.0, 596.4, 636.5]",,,0.0,False,False,12,2
41,0.1382,"[48.6, 448.5, 74.5, 516.0]",,,0.0,False,False,12,2
41,0.1361,"[66.3, 149.5, 206.7, 405.0]",,,0.0,False,False,12,2
41,0.1322,"[19.5, 453.6, 43.9, 513.0]",,,0.0,False,False,12,2
41,0.1234,"[7.7, 459.0, 27.7, 511.0]",,,0.0,False,False,12,2
42,0.5621,"[643.3, 489.7, 660.8, 532.9]",,,0.0,False,False,16,2
42,0.5083,"[1894.1, 563.6, 1926.5, 662.2]",5,"[1892.3749399642786, 563.3845087512666, 1928.6245717544716, 658.7815068737334]",0.8641,True,False,16,2
42,0.4672,"[44.2, 449.9, 73.1, 519.4]",,,0.0,False,False,16,2
42,0.4382,"[1215.0, 508.6, 1232.6, 553.2]",,,0.0,False,False,16,2
42,0.3799,"[741.8, 492.4, 762.1, 537.0]",,,0.0,False,False,16,2
42,0.3313,"[64.2, 460.0, 86.3, 517.4]",,,0.0,False,False,16,2
42,0.3029,"[1475.6, 513.0, 1494.5, 561.6]",,,0.0,False,False,16,2
42,0.2925,"[91.4, 507.3, 119.2, 578.8]",,,0.0,False,False,16,2
42,0.2524,"[564.3, 549.5, 592.0, 633.2]",,,0.0,False,False,16,2
42,0.2485,"[1460.7, 511.0, 1476.9, 558.2]",,,0.0,False,False,16,2
42,0.2432,"[10.9, 454.6, 40.0, 517.4]",,,0.0,False,False,16,2
42,0.1943,"[3.7, 457.7, 26.8, 516.4]",,,0.0,False,False,16,2
42,0.1608,"[406.0, 557.9, 445.2, 655.1]",,,0.0,False,False,16,2
42,0.1461,"[583.2, 512.3, 610.9, 590.6]",,,0.0,False,False,16,2
42,0.1427,"[820.1, 534.6, 856.6, 639.9]",,,0.0,False,False,16,2
42,0.1232,"[1472.9, 509.3, 1491.8, 561.3]",,,0.0,False,False,16,2
43,0.4792,"[583.9, 510.3, 610.9, 590.0]",,,0.0,False,False,18,4
43,0.3849,"[-14.2, 502.9, 16.8, 592.0]",46,"[-13.559059516400087, 501.9839005101042, 20.70931090494989, 592.9760604273957]",0.8539,True,False,18,4
43,0.3788,"[1606.5, 524.5, 1628.1, 587.9]",,,0.0,False,False,18,4
43,0.3756,"[1216.4, 509.6, 1233.9, 552.8]",,,0.0,False,False,18,4
43,0.3513,"[1463.4, 513.0, 1479.6, 560.9]",,,0.0,False,False,18,4
43,0.3146,"[644.0, 487.0, 660.8, 526.2]",,,0.0,False,False,18,4
43,0.3079,"[1435.1, 509.0, 1451.2, 557.5]",16,"[1434.6668185425024, 506.58455361989274, 1454.5812283324976, 558.2683516535449]",0.7649,True,False,18,4
43,0.2912,"[766.1, 489.4, 785.0, 535.3]",33,"[766.9020687197944, 488.74858762497206, 784.2120670223931, 534.6475915742467]",0.8922,True,False,18,4
43,0.2687,"[606.8, 513.0, 637.2, 590.0]",,,0.0,False,False,18,4
43,0.2307,"[1900.8, 567.0, 1933.2, 663.5]",,,0.0,False,False,18,4
43,0.2057,"[59.3, 461.4, 79.2, 512.7]",,,0.0,False,False,18,4
43,0.2027,"[817.4, 531.9, 849.8, 626.4]",,,0.0,False,False,18,4
43,0.1833,"[482.6, 542.7, 519.8, 643.3]",,,0.0,False,False,18,4
43,0.1673,"[740.5, 491.4, 762.1, 536.0]",,,0.0,False,False,18,4
43,0.1584,"[1460.7, 511.3, 1476.9, 560.6]",,,0.0,False,False,18,4
43,0.1493,"[4.2, 450.2, 35.7, 512.3]",46,"[-13.559059516400087, 501.9839005101042, 20.70931090494989, 592.9760604273957]",0.0347,False,False,18,4
43,0.1215,"[-4.1, 500.9, 19.3, 552.8]",46,"[-13.559059516400087, 501.9839005101042, 20.70931090494989, 592.9760604273957]",0.3789,True,False,18,4
43,0.1017,"[1467.5, 514.0, 1486.4, 561.3]",,,0.0,False,False,18,4
44,0.5524,"[1463.4, 507.9, 1479.6, 557.9]",,,0.0,False,False,13,2
44,0.5201,"[1607.9, 521.4, 1629.5, 584.2]",,,0.0,False,False,13,2
44,0.4794,"[830.9, 501.9, 848.5, 543.7]",34,"[831.3125835335134, 502.84525622862236, 846.9222797477366, 542.3610425995026]",0.8398,True,False,13,2
44,0.3532,"[559.2, 552.2, 586.2, 636.5]",,,0.0,False,False,13,2
44,0.3531,"[749.2, 491.4, 766.8, 533.9]",,,0.0,False,False,13,2
44,0.2501,"[5.0, 453.3, 32.0, 515.4]",,,0.0,False,False,13,2
44,0.2305,"[1215.7, 508.3, 1233.2, 551.5]",31,"[1217.395186846526, 514.2117614746094, 1235.165360028474, 557.2767639160156]",0.6319,True,False,13,2
44,0.2028,"[54.0, 457.7, 77.2, 515.7]",,,0.0,False,False,13,2
44,0.1993,"[580.8, 511.3, 607.2, 590.3]",,,0.0,False,False,13,2
44,0.1607,"[639.6, 485.7, 659.8, 527.5]",,,0.0,False,False,13,2
44,0.1401,"[843.8, 504.9, 864.0, 554.9]",34,"[831.3125835335134, 502.84525622862236, 846.9222797477366, 542.3610425995026]",0.0787,False,False,13,2
44,0.1314,"[743.9, 489.0, 764.1, 532.9]",,,0.0,False,False,13,2
44,0.1072,"[739.8, 489.4, 760.1, 534.6]",,,0.0,False,False,13,2
45,0.5109,"[1464.8, 513.3, 1483.7, 563.3]",,,0.0,False,False,18,1
45,0.5009,"[527.5, 551.8, 559.9, 638.9]",,,0.0,False,False,18,1
45,0.4153,"[242.0, 559.9, 287.6, 687.5]",,,0.0,False,False,18,1
45,0.3279,"[50.7, 462.4, 71.5, 515.0]",,,0.0,False,False,18,1
45,0.2638,"[830.9, 502.2, 848.5, 544.0]",,,0.0,False,False,18,1
45,0.2616,"[576.1, 508.3, 604.5, 592.7]",,,0.0,False,False,18,1
45,0.2496,"[607.5, 510.6, 637.9, 591.0]",,,0.0,False,False,18,1
45,0.2403,"[765.5, 489.0, 784.4, 532.9]",33,"[766.4157975562639, 489.8230990724088, 783.2884260765486, 533.3676357908724]",0.8687,True,False,18,1
45,0.2009,"[552.2, 553.2, 583.2, 641.6]",,,0.0,False,False,18,1
45,0.1898,"[795.8, 547.1, 829.6, 647.7]",,,0.0,False,False,18,1
45,0.1863,"[842.4, 504.2, 864.0, 557.5]",,,0.0,False,False,18,1
45,0.1848,"[68.3, 477.6, 89.4, 528.2]",,,0.0,False,False,18,1
45,0.1836,"[1.6, 449.9, 28.1, 516.0]",,,0.0,False,False,18,1
45,0.1818,"[463.1, 530.9, 506.3, 641.6]",,,0.0,False,False,18,1
45,0.1446,"[1436.4, 509.0, 1455.3, 556.2]",,,0.0,False,False,18,1
45,0.1413,"[470.5, 544.7, 511.0, 652.7]",,,0.0,False,False,18,1
45,0.1302,"[637.2, 487.4, 659.5, 532.6]",,,0.0,False,False,18,1
45,0.125,"[1410.8, 509.3, 1427.0, 554.5]",,,0.0,False,False,18,1
46,0.5517,"[1475.6, 514.7, 1494.5, 564.6]",,,0.0,False,False,13,1
46,0.5384,"[763.4, 488.7, 782.3, 534.6]",,,0.0,False,False,13,1
46,0.4127,"[1491.8, 517.7, 1510.7, 565.7]",,,0.0,False,False,13,1
46,0.3824,"[524.1, 555.2, 556.5, 640.9]",19,"[499.5655852021953, 554.2000879554912, 531.0912751493672, 637.3002782554463]",0.1183,False,False,13,1
46,0.3251,"[1447.2, 515.0, 1466.1, 560.2]",,,0.0,False,False,13,1
46,0.318,"[606.2, 513.0, 636.5, 592.7]",,,0.0,False,False,13,1
46,0.2849,"[739.1, 491.4, 759.4, 534.6]",,,0.0,False,False,13,1
46,0.2703,"[828.9, 500.9, 846.5, 544.0]",,,0.0,False,False,13,1
46,0.2344,"[1410.8, 509.3, 1427.0, 558.6]",,,0.0,False,False,13,1
46,0.2119,"[572.1, 507.9, 601.1, 592.3]",,,0.0,False,False,13,1
46,0.1925,"[635.9, 487.0, 658.8, 534.3]",,,0.0,False,False,13,1
46,0.1757,"[1888.7, 526.5, 1931.9, 662.2]",,,0.0,False,False,13,1
46,0.1282,"[54.4, 510.6, 82.6, 578.8]",,,0.0,False,False,13,1
47,0.5385,"[762.8, 489.7, 781.7, 534.3]",,,0.0,False,False,11,0
47,0.4105,"[1448.6, 514.0, 1470.2, 560.6]",,,0.0,False,False,11,0
47,0.3501,"[829.6, 502.9, 845.8, 544.0]",,,0.0,False,False,11,0
47,0.3353,"[797.9, 543.0, 839.7, 649.7]",,,0.0,False,False,11,0
47,0.27,"[1443.2, 513.3, 1464.8, 559.9]",,,0.0,False,False,11,0
47,0.236,"[453.3, 530.2, 491.7, 635.5]",,,0.0,False,False,11,0
47,0.171,"[1888.7, 534.9, 1931.9, 666.6]",,,0.0,False,False,11,0
47,0.1556,"[521.1, 555.2, 552.8, 637.5]",,,0.0,False,False,11,0
47,0.1326,"[57.5, 477.2, 79.1, 525.2]",,,0.0,False,False,11,0
47,0.1207,"[1387.8, 512.7, 1404.0, 557.2]",,,0.0,False,False,11,0
47,0.1037,"[1894.1, 563.3, 1929.2, 668.6]",,,0.0,False,False,11,0
48,0.5278,"[1510.7, 518.1, 1529.6, 564.6]",7,"[1516.1226438268634, 531.6333199150697, 1534.2386842981368, 581.1946830146178]",0.332,True,False,15,1
48,0.4874,"[1877.9, 530.2, 1926.5, 668.6]",,,0.0,False,False,15,1
48,0.4535,"[58.1, 478.2, 75.7, 518.1]",,,0.0,False,False,15,1
48,0.4044,"[450.9, 526.8, 489.4, 634.2]",,,0.0,False,False,15,1
48,0.3911,"[635.5, 487.7, 656.4, 534.3]",,,0.0,False,False,15,1
48,0.3183,"[1444.5, 513.7, 1463.4, 559.6]",,,0.0,False,False,15,1
48,0.2938,"[1448.6, 515.4, 1470.2, 559.9]",,,0.0,False,False,15,1
48,0.2706,"[1513.4, 519.8, 1532.2, 569.7]",7,"[1516.1226438268634, 531.6333199150697, 1534.2386842981368, 581.1946830146178]",0.4999,True,False,15,1
48,0.1894,"[788.4, 491.7, 804.6, 530.9]",,,0.0,False,False,15,1
48,0.1597,"[1493.1, 513.0, 1512.0, 561.6]",,,0.0,False,False,15,1
48,0.144,"[1514.7, 529.5, 1536.3, 578.8]",7,"[1516.1226438268634, 531.6333199150697, 1534.2386842981368, 581.1946830146178]",0.7717,True,False,15,1
48,0.1387,"[569.0, 511.7, 597.4, 594.7]",,,0.0,False,False,15,1
48,0.1317,"[487.7, 519.1, 516.7, 590.6]",,,0.0,False,False,15,1
48,0.1258,"[1203.5, 134.1, 1275.1, 349.0]",,,0.0,False,False,15,1
48,0.1075,"[835.0, 505.6, 852.5, 547.4]",,,0.0,False,False,15,1
49,0.5641,"[635.9, 488.0, 656.8, 537.3]",,,0.0,False,False,16,3
49,0.5597,"[514.0, 554.9, 544.4, 640.6]",,,0.0,False,False,16,3
49,0.5452,"[797.9, 540.7, 841.1, 653.4]",,,0.0064,False,False,16,3
49,0.4843,"[540.7, 551.5, 569.7, 647.3]",,,0.0,False,False,16,3
49,0.4832,"[400.3, 519.4, 435.4, 616.6]",,,0.0,False,False,16,3
49,0.4498,"[790.4, 543.0, 830.9, 647.0]",,,0.0,False,False,16,3
49,0.4275,"[424.9, 536.0, 463.4, 641.2]",,,0.0,False,False,16,3
49,0.42,"[1445.9, 512.0, 1467.5, 561.3]",,,0.0,False,False,16,3
49,0.3977,"[839.7, 509.0, 864.0, 566.3]",54,"[839.3898855184659, 509.6225693421172, 860.7501291299715, 563.6043593688203]",0.8054,True,False,16,3
49,0.3712,"[762.8, 490.1, 781.7, 536.0]",33,"[763.0713456625135, 490.727170896703, 781.0383955484241, 536.594362306422]",0.9243,True,False,16,3
49,0.358,"[447.2, 528.5, 482.3, 633.8]",,,0.0,False,False,16,3
49,0.2919,"[15.7, 450.9, 43.2, 515.7]",,,0.0,False,False,16,3
49,0.1918,"[485.3, 500.9, 518.4, 586.6]",,,0.0,False,False,16,3
49,0.1774,"[36.1, 452.9, 60.6, 514.4]",,,0.0,False,False,16,3
49,0.1707,"[1494.5, 516.4, 1513.4, 568.4]",,,0.0,False,False,16,3
49,0.1393,"[53.8, 478.9, 73.8, 520.1]",,,0.0,False,False,16,3
50,0.4997,"[389.5, 518.4, 432.7, 617.6]",,,0.0,False,False,15,0
50,0.4336,"[734.4, 495.1, 754.7, 539.7]",,,0.0,False,False,15,0
50,0.2897,"[82.6, 457.3, 105.9, 516.0]",,,0.0,False,False,15,0
50,0.2656,"[1472.9, 514.4, 1489.1, 562.3]",,,0.0,False,False,15,0
50,0.2643,"[32.6, 458.0, 54.1, 516.0]",,,0.0,False,False,15,0
50,0.2579,"[404.3, 515.7, 444.2, 617.0]",,,0.0,False,False,15,0
50,0.2579,"[836.3, 507.3, 859.3, 562.6]",,,0.0,False,False,15,0
50,0.2224,"[740.5, 494.4, 758.0, 537.0]",,,0.0,False,False,15,0
50,0.1936,"[20.5, 510.6, 51.0, 584.9]",,,0.0,False,False,15,0
50,0.1527,"[56.8, 80.7, 250.1, 384.8]",,,0.0,False,False,15,0
50,0.1523,"[465.4, 714.8, 522.1, 840.4]",,,0.0,False,False,15,0
50,0.1359,"[412.1, 513.0, 450.6, 614.9]",,,0.0,False,False,15,0
50,0.1119,"[12.6, 455.3, 37.1, 518.1]",,,0.0,False,False,15,0
50,0.1095,"[581.5, 515.0, 613.2, 596.7]",,,0.0,False,False,15,0
50,0.1045,"[835.0, 504.9, 855.2, 552.2]",,,0.0,False,False,15,0
51,0.5789,"[1497.2, 518.1, 1516.1, 569.4]",,,0.0,False,False,10,1
51,0.5257,"[1475.6, 516.7, 1491.8, 564.6]",,,0.0,False,False,10,1
51,0.5219,"[399.3, 518.7, 437.1, 618.0]",,,0.0,False,False,10,1
51,0.5169,"[789.8, 554.5, 828.9, 663.2]",,,0.0,False,False,10,1
51,0.4987,"[835.7, 509.6, 860.0, 565.0]",,,0.0,False,False,10,1
51,0.4221,"[536.3, 550.5, 568.7, 651.7]",,,0.0,False,False,10,1
51,0.2853,"[389.5, 512.3, 431.3, 617.0]",,,0.0,False,False,10,1
51,0.2086,"[381.4, 514.7, 424.6, 616.6]",,,0.0,False,False,10,1
51,0.1443,"[28.5, 458.7, 50.5, 515.4]",,,0.0,False,False,10,1
51,0.1196,"[746.6, 494.8, 764.1, 537.3]",,,0.0,False,False,10,1
52,0.5491,"[126.2, 508.3, 165.7, 587.9]",,,0.0,False,False,6,0
52,0.5291,"[374.0, 517.4, 423.9, 620.0]",,,0.0,False,False,6,0
52,0.2616,"[1499.9, 518.7, 1518.8, 568.7]",,,0.0,False,False,6,0
52,0.2119,"[2.4, 453.3, 31.3, 520.1]",,,0.0,False,False,6,0
52,0.1988,"[23.5, 459.3, 47.0, 518.1]",,,0.0,False,False,6,0
52,0.1447,"[831.6, 507.9, 857.2, 567.3]",,,0.0,False,False,6,0
53,0.5686,"[23.2, 456.6, 48.2, 514.7]",,,0.0,False,False,17,2
53,0.535,"[733.7, 491.4, 754.0, 538.0]",17,"[732.7042975577402, 491.0189148459697, 754.1251702156972, 539.1606505837178]",0.9146,True,False,17,2
53,0.4512,"[1.3, 450.6, 27.8, 515.4]",,,0.0,False,False,17,2
53,0.3721,"[833.0, 500.9, 855.9, 557.5]",,,0.0,False,False,17,2
53,0.312,"[816.8, 497.1, 834.3, 547.8]",,,0.0,False,False,17,2
53,0.2602,"[68.1, 456.0, 94.6, 518.1]",,,0.0,False,False,17,2
53,0.2493,"[500.9, 551.5, 533.9, 649.4]",,,0.0,False,False,17,2
53,0.2329,"[830.9, 508.6, 855.2, 565.3]",,,0.0,False,False,17,2
53,0.2297,"[835.7, 499.8, 854.6, 547.8]",,,0.0,False,False,17,2
53,0.1836,"[1417.5, 511.3, 1436.4, 564.6]",,,0.0,False,False,17,2
53,0.1805,"[1510.7, 516.4, 1529.6, 565.0]",,,0.0,False,False,17,2
53,0.1429,"[210.4, 462.7, 234.7, 528.2]",55,"[207.98243533741572, 515.2827237741105, 240.47703731883428, 595.8033357962021]",0.0805,False,False,17,2
53,0.1395,"[584.2, 519.4, 615.3, 598.4]",,,0.0,False,False,17,2
53,0.134,"[1222.4, 508.6, 1240.0, 554.5]",,,0.0,False,False,17,2
53,0.1296,"[433.0, 491.1, 468.1, 586.9]",,,0.0,False,False,17,2
53,0.1222,"[369.2, 507.6, 417.8, 636.5]",,,0.0,False,False,17,2
53,0.1137,"[207.6, 510.6, 239.3, 595.0]",55,"[207.98243533741572, 515.2827237741105, 240.47703731883428, 595.8033357962021]",0.8923,True,False,17,2
54,0.533,"[631.5, 492.1, 649.0, 532.6]",57,"[627.9318678904937, 493.34053336657047, 649.245256132944, 543.530438313117]",0.6306,True,False,9,1
54,0.4964,"[-3.8, 456.0, 22.9, 522.8]",,,0.0,False,False,9,1
54,0.3729,"[515.4, 552.2, 553.2, 658.1]",,,0.0,False,False,9,1
54,0.3617,"[16.8, 462.4, 43.5, 523.1]",,,0.0,False,False,9,1
54,0.2602,"[14.3, 464.4, 36.7, 523.1]",,,0.0,False,False,9,1
54,0.2596,"[335.0, 531.9, 372.9, 631.8]",,,0.0,False,False,9,1
54,0.1887,"[1495.8, 514.4, 1514.7, 563.0]",,,0.0,False,False,9,1
54,0.145,"[208.4, 470.8, 229.0, 528.2]",,,0.0,False,False,9,1
54,0.1117,"[7.1, 460.0, 33.1, 523.5]",,,0.0,False,False,9,1
55,0.5782,"[826.9, 512.0, 853.9, 568.0]",,,0.0,False,False,12,2
55,0.4999,"[-8.1, 489.0, 26.0, 585.6]",47,"[-11.988034583812844, 508.09522908859185, 28.95266471076597, 585.3160257942206]",0.6893,True,False,12,2
55,0.4657,"[-10.5, 457.3, 28.6, 584.2]",47,"[-11.988034583812844, 508.09522908859185, 28.95266471076597, 585.3160257942206]",0.5779,True,False,12,2
55,0.4128,"[1541.7, 534.9, 1563.3, 595.0]",7,"[1540.7817686629335, 533.7683044125076, 1563.3241883683165, 591.9032043765549]",0.8931,True,False,12,2
55,0.3622,"[630.8, 490.7, 650.4, 538.0]",,,0.0,False,False,12,2
55,0.305,"[15.0, 451.2, 42.3, 515.4]",47,"[-11.988034583812844, 508.09522908859185, 28.95266471076597, 585.3160257942206]",0.0211,False,False,12,2
55,0.2214,"[816.8, 497.5, 834.3, 544.0]",,,0.0,False,False,12,2
55,0.178,"[-7.3, 446.2, 22.5, 517.7]",47,"[-11.988034583812844, 508.09522908859185, 28.95266471076597, 585.3160257942206]",0.0573,False,False,12,2
55,0.1739,"[1421.6, 516.4, 1440.5, 568.4]",,,0.0,False,False,12,2
55,0.122,"[492.8, 553.5, 528.5, 652.1]",,,0.0,False,False,12,2
55,0.1175,"[806.6, 539.0, 840.4, 636.9]",,,0.0,False,False,12,2
55,0.1099,"[1222.4, 510.3, 1241.3, 560.9]",,,0.0,False,False,12,2
56,0.4939,"[820.8, 513.7, 849.2, 571.7]",,,0.0,False,False,11,2
56,0.4901,"[-10.4, 523.8, 15.4, 598.7]",,,0.0,False,False,11,2
56,0.4652,"[190.7, 523.5, 223.4, 611.9]",55,"[186.99449035177605, 520.4215698422556, 221.5301068161927, 607.2149047671195]",0.7806,True,False,11,2
56,0.4015,"[731.0, 497.8, 752.6, 549.1]",17,"[728.9464283494268, 497.89498117217977, 750.4936351271357, 547.3295061325077]",0.7948,True,False,11,2
56,0.3592,"[786.4, 548.1, 832.3, 664.9]",,,0.0,False,False,11,2
56,0.2614,"[487.4, 562.3, 523.1, 660.2]",,,0.0,False,False,11,2
56,0.2336,"[625.1, 493.4, 644.6, 542.7]",,,0.0,False,False,11,2
56,0.2322,"[813.4, 497.8, 830.9, 542.4]",,,0.0,False,False,11,2
56,0.1823,"[394.5, 497.1, 433.0, 600.4]",,,0.0,False,False,11,2
56,0.1558,"[1221.1, 508.3, 1238.6, 553.5]",,,0.0,False,False,11,2
56,0.147,"[298.7, 536.6, 335.5, 639.9]",,,0.0,False,False,11,2
57,0.5754,"[625.7, 492.4, 646.0, 545.7]",,,0.0,False,False,10,0
57,0.5199,"[344.6, 582.2, 406.0, 714.2]",,,0.0,False,False,10,0
57,0.2231,"[287.9, 519.8, 324.0, 613.6]",,,0.0,False,False,10,0
57,0.2044,"[193.6, 469.8, 220.9, 536.0]",,,0.0,False,False,10,0
57,0.1817,"[-15.3, 507.3, 10.5, 586.9]",,,0.0,False,False,10,0
57,0.1781,"[733.1, 496.1, 752.0, 544.0]",,,0.0,False,False,10,0
57,0.1406,"[484.7, 559.2, 521.8, 660.5]",,,0.0,False,False,10,0
57,0.1259,"[411.4, 487.0, 436.4, 559.2]",,,0.0,False,False,10,0
57,0.1137,"[1422.9, 516.4, 1441.8, 567.7]",,,0.0,False,False,10,0
57,0.1034,"[369.2, 537.3, 412.4, 655.4]",,,0.0,False,False,10,0
58,0.5684,"[81.9, 518.7, 120.2, 603.8]",37,"[94.69243924572677, 511.0421100265764, 137.68842012927323, 607.5743450515486]",0.4146,True,False,12,3
58,0.5352,"[198.1, 523.8, 233.9, 614.2]",49,"[185.60557631945656, 519.5038067428782, 228.3417808582778, 624.0951922805593]",0.55,True,False,12,3
58,0.4998,"[783.7, 562.6, 820.1, 667.2]",,,0.0,False,False,12,3
58,0.4913,"[818.1, 511.3, 845.1, 570.0]",,,0.0,False,False,12,3
58,0.4814,"[731.0, 498.5, 749.9, 543.7]",17,"[727.9758739361679, 500.52728859537655, 754.2995166888321, 562.5289858186859]",0.4885,True,False,12,3
58,0.4157,"[1509.3, 520.4, 1525.5, 565.0]",,,0.0,False,False,12,3
58,0.3836,"[348.0, 541.7, 397.9, 673.3]",,,0.0,False,False,12,3
58,0.2422,"[-6.0, 460.4, 18.7, 528.5]",,,0.0,False,False,12,3
58,0.1944,"[-10.4, 463.1, 14.3, 525.8]",,,0.0,False,False,12,3
58,0.1916,"[576.1, 536.0, 603.8, 608.9]",,,0.0,False,False,12,3
58,0.1463,"[330.6, 542.4, 376.7, 676.0]",,,0.0,False,False,12,3
58,0.1212,"[479.9, 568.0, 513.7, 664.5]",,,0.0,False,False,12,3
59,0.5276,"[796.5, 546.4, 834.3, 659.1]",13,"[793.5957756986037, 509.1575212173933, 812.5363043795214, 557.2598371810443]",0.0348,False,False,8,3
59,0.3937,"[730.4, 496.8, 749.2, 542.0]",,,0.0,False,False,8,3
59,0.2814,"[1520.1, 523.1, 1536.3, 571.7]",,,0.0,False,False,8,3
59,0.2462,"[280.8, 550.1, 340.2, 677.0]",18,"[282.8864455863344, 544.089034759551, 339.8594040230406, 683.003250396699]",0.8793,True,False,8,3
59,0.1919,"[75.1, 508.3, 111.2, 597.4]",,,0.0,False,False,8,3
59,0.1863,"[623.0, 492.8, 641.9, 532.6]",57,"[620.1199488341418, 493.9862265089657, 643.1412816346082, 548.3115029832219]",0.5725,True,False,8,3
59,0.1824,"[1517.4, 524.8, 1533.6, 572.1]",,,0.0,False,False,8,3
59,0.1331,"[-9.8, 453.6, 15.6, 519.8]",,,0.0,False,False,8,3
60,0.5663,"[808.0, 502.5, 826.9, 545.1]",,,0.0,False,False,14,2
60,0.5527,"[778.3, 565.0, 817.4, 676.4]",,,0.0,False,False,14,2
60,0.5228,"[235.2, 509.6, 274.7, 631.1]",,,0.0,False,False,14,2
60,0.5011,"[1520.1, 524.1, 1536.3, 570.7]",,,0.0,False,False,14,2
60,0.404,"[467.1, 568.0, 508.3, 667.9]",,,0.0,False,False,14,2
60,0.3926,"[162.2, 513.7, 203.7, 614.2]",55,"[159.9680924709761, 518.1278259415403, 197.1702437106645, 613.6052062850222]",0.7621,True,False,14,2
60,0.3151,"[-8.3, 460.4, 14.2, 525.8]",62,"[-8.76601048853061, 462.2209991455078, 16.66669293787143, 529.3159881591797]",0.8195,True,False,14,2
60,0.3067,"[781.0, 549.1, 830.9, 682.8]",,,0.0,False,False,14,2
60,0.288,"[164.8, 480.6, 199.8, 575.1]",55,"[159.9680924709761, 518.1278259415403, 197.1702437106645, 613.6052062850222]",0.3679,True,False,14,2
60,0.2362,"[618.6, 497.5, 638.9, 548.8]",,,0.0,False,False,14,2
60,0.1756,"[1513.4, 525.2, 1532.2, 570.4]",,,0.0,False,False,14,2
60,0.1204,"[1521.5, 525.8, 1540.4, 571.7]",,,0.0,False,False,14,2
60,0.1123,"[1340.6, 509.0, 1355.4, 551.5]",,,0.0,False,False,14,2
60,0.1067,"[622.0, 497.1, 638.2, 534.9]",,,0.0,False,False,14,2
61,0.484,"[219.5, 492.1, 270.5, 633.2]",,,0.0,False,False,12,0
61,0.3602,"[566.7, 526.8, 596.4, 607.8]",,,0.0,False,False,12,0
61,0.3397,"[1460.7, 518.7, 1479.6, 566.7]",,,0.0,False,False,12,0
61,0.3271,"[617.3, 494.4, 638.2, 543.7]",,,0.0,False,False,12,0
61,0.2862,"[727.0, 500.5, 744.5, 543.7]",,,0.0,False,False,12,0
61,0.2697,"[738.5, 495.1, 757.4, 539.7]",,,0.0,False,False,12,0
61,0.2253,"[620.3, 495.1, 637.9, 533.6]",,,0.0,False,False,12,0
61,0.1841,"[1526.9, 526.5, 1545.8, 573.8]",,,0.0,False,False,12,0
61,0.17,"[779.6, 569.0, 824.2, 688.5]",,,0.0,False,False,12,0
61,0.1483,"[-9.7, 457.3, 13.1, 522.8]",,,0.0,False,False,12,0
61,0.1032,"[462.7, 569.7, 501.2, 664.9]",,,0.0,False,False,12,0
61,0.1031,"[228.5, 493.8, 278.1, 636.2]",,,0.0,False,False,12,0
62,0.5609,"[614.6, 495.1, 638.2, 553.8]",,,0.0,False,False,8,0
62,0.3263,"[1551.2, 530.9, 1572.8, 587.6]",,,0.0,False,False,8,0
62,0.3076,"[1224.5, 511.7, 1243.4, 563.6]",,,0.0,False,False,8,0
62,0.2941,"[456.6, 569.7, 495.8, 668.9]",,,0.0,False,False,8,0
62,0.1715,"[-15.4, 456.6, 9.4, 522.1]",,,0.0,False,False,8,0
62,0.1489,"[309.3, 521.1, 350.7, 633.8]",,,0.0,False,False,8,0
62,0.1154,"[807.3, 499.2, 826.2, 545.7]",,,0.0,False,False,8,0
62,0.1115,"[778.3, 558.9, 822.8, 689.2]",,,0.0,False,False,8,0
63,0.5515,"[750.6, 496.1, 769.5, 543.4]",33,"[750.6858422137487, 495.6528045389875, 769.9843238018763, 543.4557159688251]",0.9594,True,False,12,3
63,0.5441,"[299.2, 524.1, 338.3, 630.1]",,,0.0,False,False,12,3
63,0.5137,"[1463.4, 519.8, 1482.3, 569.0]",,,0.0,False,False,12,3
63,0.5095,"[1470.2, 523.1, 1491.8, 569.7]",,,0.0,False,False,12,3
63,0.458,"[830.9, 545.4, 862.0, 642.6]",23,"[822.3834910166428, 541.9335834092126, 862.2300343739822, 653.6768902235999]",0.6778,True,False,12,3
63,0.32,"[1410.8, 520.4, 1429.7, 571.1]",10,"[1410.1787693978054, 519.4341650670124, 1429.6859766959449, 570.8453759486125]",0.9466,True,False,12,3
63,0.271,"[1402.7, 527.2, 1418.9, 573.1]",10,"[1410.1787693978054, 519.4341650670124, 1429.6859766959449, 570.8453759486125]",0.2769,False,False,12,3
63,0.173,"[45.0, 484.0, 73.9, 553.5]",,,0.0,False,False,12,3
63,0.1289,"[1576.8, 527.2, 1598.4, 583.2]",,,0.0,False,False,12,3
63,0.1268,"[171.1, 497.5, 224.1, 644.0]",,,0.0,False,False,12,3
63,0.1194,"[453.3, 569.4, 491.1, 669.3]",,,0.0,False,False,12,3
63,0.1178,"[558.6, 524.8, 591.6, 611.2]",,,0.0,False,False,12,3
64,0.4983,"[444.5, 569.0, 488.4, 667.6]",,,0.0,False,False,7,0
64,0.4097,"[554.9, 527.9, 587.9, 611.6]",,,0.0,False,False,7,0
64,0.3558,"[1529.6, 527.9, 1545.8, 573.8]",,,0.0,False,False,7,0
64,0.3473,"[801.9, 503.6, 823.5, 556.9]",,,0.0,False,False,7,0
64,0.3163,"[224.4, 592.7, 296.7, 744.5]",,,0.0,False,False,7,0
64,0.2039,"[799.9, 506.6, 824.2, 568.0]",,,0.0,False,False,7,0
64,0.1013,"[1568.7, 532.9, 1590.3, 587.6]",,,0.0,False,False,7,0
65,0.5449,"[803.2, 510.0, 824.9, 561.9]",,,0.0,False,False,7,2
65,0.3216,"[806.0, 507.3, 824.9, 549.1]",,,0.0,False,False,7,2
65,0.2033,"[552.8, 532.9, 584.6, 611.2]",,,0.0,False,False,7,2
65,0.1215,"[1572.8, 533.6, 1597.1, 589.6]",,,0.0,False,False,7,2
65,0.1159,"[144.1, 488.7, 211.6, 677.0]",,,0.0,False,False,7,2
65,0.1088,"[191.2, 660.8, 254.6, 844.4]",,,0.0,False,False,7,2
65,0.1049,"[786.4, 505.6, 806.6, 554.2]",,,0.0,False,False,7,2
66,0.5772,"[1468.8, 523.5, 1487.7, 572.1]",,,0.0,False,False,6,3
66,0.5674,"[1225.1, 513.7, 1245.4, 564.3]",8,"[1225.9497069203862, 513.2627855610971, 1245.5871583139888, 564.9654859232779]",0.9303,True,False,6,3
66,0.4864,"[4.4, 446.2, 35.9, 523.8]",39,"[6.206717926436035, 446.4823862145163, 38.79195455891553, 519.917333023765]",0.8201,True,False,6,3
66,0.196,"[1582.2, 537.0, 1606.5, 591.0]",,,0.0,False,False,6,3
66,0.1877,"[733.7, 494.1, 754.0, 542.0]",,,0.0,False,False,6,3
66,0.1839,"[550.5, 524.8, 582.2, 607.2]",,,0.0,False,False,6,3
67,0.4787,"[265.3, 520.1, 302.4, 622.0]",65,"[261.38451128747516, 479.876871791966, 313.8519999429936, 626.6198323095966]",0.4915,True,False,4,2
67,0.3228,"[123.9, 581.9, 192.0, 766.8]",,,0.0,False,False,4,2
67,0.1264,"[1583.6, 533.6, 1605.2, 587.6]",,,0.0,False,False,4,2
67,0.1,"[786.4, 502.9, 808.0, 555.5]",,,0.0,False,False,4,2
68,0.5029,"[100.9, 552.2, 182.9, 754.7]",,,0.0,False,False,9,1
68,0.4686,"[787.7, 503.2, 808.0, 549.8]",,,0.0,False,False,9,1
68,0.4559,"[800.6, 506.3, 818.1, 546.1]",,,0.0,False,False,9,1
68,0.4139,"[449.9, 502.9, 487.0, 588.6]",,,0.0,False,False,9,1
68,0.2939,"[1475.6, 528.5, 1491.8, 571.7]",,,0.0,False,False,9,1
68,0.1528,"[729.7, 491.4, 747.2, 536.0]",,,0.0,False,False,9,1
68,0.1501,"[422.6, 567.3, 465.1, 667.9]",,,0.0,False,False,9,1
68,0.1333,"[1467.5, 522.5, 1486.4, 571.1]",,,0.0,False,False,9,1
68,0.1039,"[1593.0, 532.9, 1609.2, 575.4]",,,0.0,False,False,9,1
69,0.5619,"[149.2, 559.6, 208.9, 712.8]",,,0.0,False,False,5,2
69,0.4093,"[1520.1, 528.2, 1539.0, 579.5]",64,"[1520.5457381742856, 527.7386800005099, 1538.3548965913394, 576.2839030073027]",0.8762,True,False,5,2
69,0.3767,"[797.2, 506.6, 817.4, 557.9]",,,0.0,False,False,5,2
69,0.1289,"[246.2, 520.8, 288.4, 627.4]",,,0.0,False,False,5,2
69,0.1029,"[797.9, 505.6, 815.4, 546.8]",,,0.0,False,False,5,2
70,0.5285,"[793.1, 505.2, 814.7, 557.2]",,,0.0,False,False,10,4
70,0.5098,"[596.4, 488.4, 622.0, 549.1]",57,"[597.7548279044712, 488.09065543134756, 622.2527404549038, 548.5756043342774]",0.9248,True,False,10,4
70,0.4795,"[68.7, 594.7, 157.8, 818.8]",30,"[75.52163907927178, 570.5252559211036, 179.18722322541572, 801.1933720085839]",0.6319,True,False,10,4
70,0.4717,"[1487.7, 527.9, 1503.9, 568.4]",16,"[1473.9485319479354, 527.3945267647819, 1492.1627961770646, 570.7462203055306]",0.1429,False,False,10,4
70,0.3699,"[1706.4, 543.7, 1725.3, 608.5]",,,0.0,False,False,10,4
70,0.3122,"[1479.6, 528.2, 1498.5, 570.7]",16,"[1473.9485319479354, 527.3945267647819, 1492.1627961770646, 570.7462203055306]",0.5044,True,False,10,4
70,0.2746,"[1491.8, 528.5, 1508.0, 568.4]",16,"[1473.9485319479354, 527.3945267647819, 1492.1627961770646, 570.7462203055306]",0.0116,False,False,10,4
70,0.2024,"[238.8, 524.5, 276.2, 623.0]",65,"[235.3181161868177, 480.10378522120834, 287.3582754147448, 625.9407704428542]",0.4865,True,False,10,4
70,0.1753,"[1475.6, 526.5, 1494.5, 570.4]",16,"[1473.9485319479354, 527.3945267647819, 1492.1627961770646, 570.7462203055306]",0.7891,True,False,10,4
70,0.1182,"[786.4, 503.9, 808.0, 553.8]",,,0.0,False,False,10,4
71,0.4818,"[1530.9, 527.2, 1549.8, 577.1]",,,0.0,False,False,7,1
71,0.2089,"[228.5, 518.7, 269.7, 615.9]",,,0.0,False,False,7,1
71,0.1919,"[1641.6, 547.4, 1665.9, 619.0]",,,0.0,False,False,7,1
71,0.1636,"[1536.3, 524.8, 1555.2, 574.1]",,,0.0,False,False,7,1
71,0.1284,"[1478.2, 529.5, 1499.9, 573.4]",,,0.0,False,False,7,1
71,0.112,"[789.8, 512.7, 814.1, 571.4]",,,0.0,False,False,7,1
71,0.111,"[1490.4, 529.5, 1509.3, 570.0]",,,0.0,False,False,7,1
72,0.5513,"[768.2, 552.2, 807.3, 678.4]",,,0.0,False,False,9,0
72,0.4834,"[1539.0, 521.8, 1555.2, 570.4]",,,0.0,False,False,9,0
72,0.4046,"[61.0, 511.3, 93.2, 599.7]",,,0.0,False,False,9,0
72,0.3634,"[423.2, 509.0, 457.7, 592.7]",,,0.0,False,False,9,0
72,0.2696,"[787.1, 506.6, 812.7, 572.1]",,,0.0,False,False,9,0
72,0.2382,"[1524.2, 525.2, 1543.1, 573.8]",,,0.0,False,False,9,0
72,0.1585,"[51.0, 507.3, 91.5, 624.7]",,,0.0,False,False,9,0
72,0.1547,"[541.4, 536.6, 573.1, 610.9]",,,0.0,False,False,9,0
72,0.1066,"[527.9, 528.5, 569.0, 612.2]",,,0.0,False,False,9,0
73,0.4626,"[788.4, 505.2, 811.4, 559.9]",67,"[787.660835035464, 505.18446655273436, 808.5638964098487, 555.9444396972656]",0.7905,True,False,6,2
73,0.4606,"[1540.4, 523.1, 1556.6, 571.7]",,,0.0,False,False,6,2
73,0.3453,"[1410.8, 517.4, 1429.7, 564.6]",,,0.0,False,False,6,2
73,0.202,"[416.5, 510.0, 450.2, 599.7]",,,0.0,False,False,6,2
73,0.155,"[1607.9, 547.4, 1634.9, 626.4]",7,"[1607.9616713234104, 549.2676459695122, 1638.1345200828393, 630.1674126242377]",0.8298,True,False,6,2
73,0.1199,"[786.4, 505.6, 806.6, 553.5]",67,"[787.660835035464, 505.18446655273436, 808.5638964098487, 555.9444396972656]",0.8096,True,False,6,2
74,0.3271,"[389.1, 567.3, 429.0, 676.0]",,,0.0,False,False,6,0
74,0.2985,"[1622.7, 534.3, 1641.6, 591.6]",,,0.0,False,False,6,0
74,0.2803,"[1410.8, 514.0, 1429.7, 562.6]",,,0.0,False,False,6,0
74,0.2267,"[1610.6, 538.7, 1634.9, 606.8]",,,0.0,False,False,6,0
74,0.1302,"[190.5, 558.2, 250.3, 691.9]",,,0.0,False,False,6,0
74,0.1284,"[408.4, 514.0, 441.5, 602.4]",,,0.0,False,False,6,0
75,0.4616,"[1532.2, 519.1, 1551.2, 569.7]",,,0.0,False,False,7,1
75,0.2473,"[846.5, 487.4, 868.1, 542.7]",,,0.0,False,False,7,1
75,0.1712,"[-25.4, 506.3, 12.7, 620.3]",,,0.0,False,False,7,1
75,0.1697,"[507.9, 531.2, 538.3, 614.2]",,,0.0,False,False,7,1
75,0.1489,"[185.0, 576.8, 242.7, 705.4]",,,0.0,False,False,7,1
75,0.1211,"[402.3, 519.1, 433.4, 600.1]",,,0.0,False,False,7,1
75,0.1143,"[-20.2, 508.3, 12.7, 596.7]",,,0.0,False,False,7,1
76,0.5317,"[1618.7, 550.8, 1651.1, 632.5]",,,0.0,False,False,8,2
76,0.4739,"[377.0, 572.7, 416.1, 685.5]",,,0.0,False,False,8,2
76,0.3883,"[1533.6, 525.5, 1549.8, 574.1]",64,"[1531.1964388751076, 528.8180009902162, 1548.7447232342674, 577.4456708847838]",0.7178,True,False,8,2
76,0.2634,"[709.4, 480.6, 728.3, 523.8]",,,0.0,False,False,8,2
76,0.1999,"[1224.5, 510.6, 1244.7, 559.9]",8,"[1225.3028051536935, 510.72905639752094, 1244.1373803931817, 560.4693078602916]",0.9187,True,False,8,2
76,0.142,"[180.9, 527.5, 229.8, 636.2]",,,0.0,False,False,8,2
76,0.1344,"[408.4, 568.7, 445.5, 686.1]",,,0.0,False,False,8,2
76,0.1034,"[-39.9, 488.4, 5.5, 613.9]",,,0.0,False,False,8,2
77,0.5346,"[1869.8, 692.6, 1958.9, 912.6]",1,"[1865.0399598491688, 659.9009308364563, 1993.3535948383314, 944.8942351791687]",0.5362,True,False,10,2
77,0.5005,"[387.8, 519.1, 426.9, 628.4]",,,0.0,False,False,10,2
77,0.4134,"[779.6, 504.6, 797.2, 549.1]",67,"[775.129838626818, 503.5908533118334, 796.3507521934945, 555.713467977229]",0.652,True,False,10,2
77,0.3639,"[1872.5, 699.3, 1948.1, 868.1]",1,"[1865.0399598491688, 659.9009308364563, 1993.3535948383314, 944.8942351791687]",0.3489,True,False,10,2
77,0.2398,"[399.3, 547.4, 443.8, 675.0]",,,0.0,False,False,10,2
77,0.2251,"[174.2, 540.7, 223.8, 646.0]",,,0.0,False,False,10,2
77,0.2067,"[397.9, 565.3, 438.4, 696.6]",,,0.0,False,False,10,2
77,0.1266,"[980.8, 888.3, 1264.3, 1175.9]",,,0.0,False,False,10,2
77,0.1147,"[1528.2, 510.3, 1547.1, 563.6]",,,0.0,False,False,10,2
77,0.1079,"[1869.8, 678.4, 1975.1, 976.7]",1,"[1865.0399598491688, 659.9009308364563, 1993.3535948383314, 944.8942351791687]",0.703,True,False,10,2
78,0.423,"[398.9, 559.2, 434.7, 663.9]",,,0.0,False,False,10,2
78,0.4021,"[752.0, 548.4, 797.9, 690.9]",,,0.0,False,False,10,2
78,0.3495,"[1489.1, 520.1, 1508.0, 568.7]",34,"[1488.4933263044793, 523.0757581402515, 1508.345296742396, 568.9889391253736]",0.8906,True,False,10,2
78,0.3319,"[1522.8, 523.8, 1541.7, 575.1]",,,0.0,False,False,10,2
78,0.3289,"[1877.9, 731.7, 1969.7, 966.6]",,,0.0,False,False,10,2
78,0.3001,"[135.3, 617.0, 194.1, 763.4]",27,"[135.59841979664262, 616.3691651655481, 195.6350701935918, 773.030248896952]",0.9068,True,False,10,2
78,0.1656,"[1879.2, 746.6, 1954.8, 936.9]",,,0.0,False,False,10,2
78,0.1643,"[1458.0, 114.7, 1528.2, 243.7]",,,0.0,False,False,10,2
78,0.1168,"[775.6, 504.6, 797.2, 559.2]",,,0.0,False,False,10,2
78,0.1021,"[779.0, 500.5, 796.5, 543.7]",,,0.0,False,False,10,2
79,0.5185,"[749.9, 550.8, 790.4, 679.7]",,,0.0,False,False,7,2
79,0.3588,"[1529.6, 516.0, 1548.5, 567.3]",,,0.0,False,False,7,2
79,0.3097,"[1539.0, 514.4, 1557.9, 564.3]",,,0.0,False,False,7,2
79,0.2614,"[1427.0, 512.7, 1440.5, 554.5]",10,"[1426.107995391089, 510.3980572161688, 1442.9955202339108, 558.2520892682062]",0.6991,True,False,7,2
79,0.1974,"[1892.7, 710.1, 1979.1, 973.4]",,,0.0,False,False,7,2
79,0.1661,"[1221.8, 505.2, 1242.0, 553.2]",8,"[1223.5314255323478, 504.71402493340133, 1242.8718947801524, 555.4894662775362]",0.8292,True,False,7,2
79,0.1173,"[768.8, 496.5, 786.4, 533.6]",,,0.0,False,False,7,2
80,0.5332,"[1545.8, 515.0, 1564.7, 567.7]",68,"[1545.0261677198612, 514.2026877145756, 1564.3253947801386, 566.5863747854245]",0.9137,True,False,7,2
80,0.4959,"[748.6, 549.5, 790.4, 685.1]",,,0.0,False,False,7,2
80,0.2249,"[1540.4, 515.4, 1559.2, 566.0]",68,"[1545.0261677198612, 514.2026877145756, 1564.3253947801386, 566.5863747854245]",0.5771,True,False,7,2
80,0.1967,"[-45.1, 625.1, 37.8, 854.6]",,,0.0,False,False,7,2
80,0.1847,"[482.6, 547.4, 511.7, 623.7]",,,0.0,False,False,7,2
80,0.184,"[367.5, 513.7, 402.0, 607.5]",72,"[371.73581713169966, 512.7761749267578, 409.05196363001903, 620.6411834716797]",0.6418,True,False,7,2
80,0.1545,"[1475.6, 509.0, 1497.2, 565.0]",,,0.0,False,False,7,2
81,0.4071,"[360.8, 509.6, 395.9, 619.7]",,,0.0,False,False,10,3
81,0.3551,"[792.5, 543.0, 831.6, 654.4]",,,0.0,False,False,10,3
81,0.3069,"[-33.1, 580.2, 23.0, 737.1]",66,"[-43.55410858224177, 568.690085608812, 28.20626350472712, 756.083107750563]",0.6548,True,False,10,3
81,0.2498,"[1223.1, 506.3, 1243.4, 554.2]",,,0.0,False,False,10,3
81,0.2275,"[1540.4, 515.7, 1559.2, 567.7]",,,0.0,False,False,10,3
81,0.1756,"[-60.5, 592.7, 22.9, 818.1]",66,"[-43.55410858224177, 568.690085608812, 28.20626350472712, 756.083107750563]",0.508,True,False,10,3
81,0.1525,"[-34.7, 508.6, 6.9, 621.3]",55,"[-31.47409290289722, 505.8015908112653, 6.662083091495852, 614.0478964934222]",0.8384,True,False,10,3
81,0.131,"[-20.5, 586.9, 22.3, 697.3]",66,"[-43.55410858224177, 568.690085608812, 28.20626350472712, 756.083107750563]",0.3513,True,False,10,3
81,0.1211,"[-50.7, 630.5, 22.2, 828.9]",66,"[-43.55410858224177, 568.690085608812, 28.20626350472712, 756.083107750563]",0.4201,True,False,10,3
81,0.1048,"[1476.9, 507.6, 1501.2, 566.3]",,,0.0,False,False,10,3
82,0.5612,"[351.3, 513.0, 385.8, 610.9]",73,"[369.5662694222661, 576.6834141119327, 410.2163843863276, 700.1298183099423]",0.0707,False,False,10,1
82,0.4666,"[370.6, 573.1, 410.4, 695.9]",73,"[369.5662694222661, 576.6834141119327, 410.2163843863276, 700.1298183099423]",0.9119,True,False,10,1
82,0.4632,"[742.5, 544.4, 785.7, 667.2]",,,0.0,False,False,10,1
82,0.384,"[375.3, 571.7, 410.4, 671.0]",73,"[369.5662694222661, 576.6834141119327, 410.2163843863276, 700.1298183099423]",0.6318,True,False,10,1
82,0.1737,"[767.5, 504.9, 790.4, 562.3]",,,0.0,False,False,10,1
82,0.1637,"[772.2, 504.2, 791.1, 552.2]",,,0.0,False,False,10,1
82,0.1306,"[1541.7, 515.0, 1560.6, 564.3]",,,0.0,False,False,10,1
82,0.1281,"[831.6, 499.2, 849.2, 547.1]",,,0.0,False,False,10,1
82,0.1196,"[1084.7, 484.3, 1096.9, 514.7]",,,0.0,False,False,10,1
82,0.1117,"[1223.1, 504.2, 1242.0, 552.8]",,,0.0,False,False,10,1
83,0.4867,"[364.8, 571.7, 404.0, 691.2]",71,"[325.06004508876015, 572.7505775920084, 367.73231330967735, 693.4995444783041]",0.0361,False,False,6,2
83,0.4343,"[324.5, 567.7, 372.3, 698.6]",71,"[325.06004508876015, 572.7505775920084, 367.73231330967735, 693.4995444783041]",0.8239,True,False,6,2
83,0.4012,"[1732.1, 536.6, 1756.4, 610.2]",6,"[1731.0033771917845, 535.7965019651962, 1756.2746989800905, 609.9904853394914]",0.9425,True,False,6,2
83,0.3795,"[107.2, 536.3, 156.1, 658.5]",,,0.0,False,False,6,2
83,0.1883,"[1521.5, 515.4, 1540.4, 569.4]",,,0.0,False,False,6,2
83,0.1193,"[1548.5, 517.0, 1567.4, 567.0]",,,0.0,False,False,6,2
84,0.5042,"[96.9, 542.7, 143.2, 666.9]",,,0.0,False,False,8,4
84,0.4608,"[1547.1, 512.7, 1566.0, 565.3]",68,"[1544.2707525289995, 511.9901339053089, 1562.9863275491255, 562.8763211728161]",0.6938,True,False,8,4
84,0.2805,"[314.9, 572.4, 360.5, 701.3]",72,"[335.6087638296105, 509.9847924370721, 370.8675545297645, 611.6808569769904]",0.115,False,False,8,4
84,0.268,"[1732.1, 531.6, 1756.4, 606.5]",,,0.0,False,False,8,4
84,0.1988,"[1221.8, 503.2, 1240.7, 552.5]",,,0.0,False,False,8,4
84,0.175,"[1083.4, 488.0, 1094.2, 515.0]",,,0.0,False,False,8,4
84,0.1098,"[333.6, 511.3, 371.2, 620.7]",72,"[335.6087638296105, 509.9847924370721, 370.8675545297645, 611.6808569769904]",0.8503,True,False,8,4
84,0.1034,"[-29.2, 543.0, 10.2, 654.4]",,,0.0,False,False,8,4
85,0.5296,"[1736.1, 537.0, 1763.1, 613.2]",,,0.0,False,False,6,2
85,0.4146,"[1482.3, 509.3, 1503.9, 567.3]",16,"[1481.1452754241495, 510.5145707334966, 1504.1608769196005, 567.8020796571284]",0.9125,True,False,6,2
85,0.3547,"[1522.8, 516.7, 1541.7, 570.7]",,,0.0,False,False,6,2
85,0.2245,"[337.7, 466.8, 361.8, 527.5]",,,0.0,False,False,6,2
85,0.2005,"[308.6, 564.6, 356.4, 693.9]",73,"[341.8166753375045, 571.6493062882848, 386.29434761171433, 707.146103867965]",0.1711,False,False,6,2
85,0.1007,"[1083.4, 487.0, 1095.5, 514.7]",,,0.0,False,False,6,2
86,0.5364,"[-56.7, 609.9, 26.4, 829.6]",30,"[-50.21264503439308, 610.061130258702, 49.119225005706554, 834.5086939600482]",0.7086,True,False,9,6
86,0.4721,"[1736.1, 530.5, 1763.1, 608.9]",,,0.0,False,False,9,6
86,0.3481,"[1707.8, 531.9, 1734.8, 607.5]",38,"[1703.9897188761574, 530.8509617141175, 1732.4927029988426, 607.4595851608824]",0.7938,True,False,9,6
86,0.305,"[1219.1, 502.9, 1238.0, 550.8]",8,"[1219.8330348501634, 502.7683411432981, 1238.3874241342119, 551.3251647160769]",0.9252,True,False,9,6
86,0.2643,"[314.7, 511.3, 353.4, 622.7]",72,"[318.12531163997687, 510.6091917768457, 353.6509945123669, 612.5335084184669]",0.8184,True,False,9,6
86,0.2061,"[334.5, 579.8, 378.3, 714.8]",72,"[318.12531163997687, 510.6091917768457, 353.6509945123669, 612.5335084184669]",0.0704,False,False,9,6
86,0.1829,"[1543.1, 514.0, 1562.0, 565.3]",,,0.0,False,False,9,6
86,0.1371,"[1482.3, 513.0, 1501.2, 563.0]",,,0.0,False,False,9,6
86,0.1238,"[1520.1, 511.0, 1539.0, 567.0]",,,0.0,False,False,9,6
87,0.3448,"[1740.2, 538.0, 1767.2, 615.6]",,,0.0,False,False,6,0
87,0.2995,"[739.8, 492.4, 762.8, 550.5]",,,0.0,False,False,6,0
87,0.1526,"[1707.8, 536.3, 1737.5, 615.9]",,,0.0,False,False,6,0
87,0.1328,"[658.1, 506.6, 691.9, 576.8]",,,0.0,False,False,6,0
87,0.1203,"[764.8, 490.4, 785.0, 536.3]",,,0.0,False,False,6,0
87,0.1092,"[1521.5, 514.4, 1540.4, 571.1]",,,0.0,False,False,6,0
88,0.5132,"[1680.8, 548.4, 1718.6, 634.2]",7,"[1672.0394970317593, 542.7862718725288, 1707.9224170307405, 633.1767408227838]",0.5507,True,False,11,3
88,0.3646,"[772.9, 540.0, 812.0, 664.2]",23,"[773.4374515937678, 540.5343128408322, 817.1443355156073, 666.3620494638552]",0.8537,True,False,11,3
88,0.2976,"[1671.3, 535.3, 1703.7, 626.4]",7,"[1672.0394970317593, 542.7862718725288, 1707.9224170307405, 633.1767408227838]",0.746,True,False,11,3
88,0.2941,"[1218.4, 502.9, 1237.3, 552.2]",8,"[1219.7500775669632, 504.08865613753005, 1238.549482979912, 553.8748448390324]",0.8217,True,False,11,3
88,0.2609,"[757.4, 490.4, 783.0, 545.1]",,,0.0063,False,False,11,3
88,0.2425,"[1462.1, 509.0, 1478.2, 556.2]",,,0.0,False,False,11,3
88,0.1839,"[381.4, 509.3, 421.2, 626.1]",,,0.0,False,False,11,3
88,0.1832,"[695.2, 548.8, 738.5, 675.0]",,,0.0,False,False,11,3
88,0.1785,"[1674.0, 541.4, 1711.8, 631.1]",7,"[1672.0394970317593, 542.7862718725288, 1707.9224170307405, 633.1767408227838]",0.8232,True,False,11,3
88,0.1742,"[1667.2, 543.7, 1699.7, 631.5]",7,"[1672.0394970317593, 542.7862718725288, 1707.9224170307405, 633.1767408227838]",0.6613,True,False,11,3
88,0.1033,"[1713.2, 535.6, 1742.9, 614.6]",,,0.0,False,False,11,3
89,0.4632,"[754.0, 488.0, 778.3, 546.8]",,,0.0,False,False,2,2
89,0.1506,"[731.7, 490.1, 757.4, 548.8]",,,0.0,False,False,2,2
90,0.3572,"[1530.9, 511.7, 1552.5, 567.7]",,,0.0,False,False,6,2
90,0.3103,"[1710.5, 533.9, 1742.9, 619.0]",38,"[1712.044392932033, 535.4931067283535, 1742.0642496460919, 616.3186608497716]",0.8805,True,False,6,2
90,0.2744,"[1215.7, 500.9, 1233.2, 554.2]",,,0.0,False,False,6,2
90,0.2609,"[419.2, 523.8, 456.3, 623.0]",,,0.0,False,False,6,2
90,0.2011,"[1683.5, 552.8, 1729.4, 642.6]",7,"[1682.9743503844709, 533.1691131079949, 1717.3029933655293, 620.1562042748176]",0.4722,True,False,6,2
90,0.1039,"[423.6, 517.0, 464.1, 621.0]",,,0.0,False,False,6,2
91,0.3965,"[1714.5, 542.4, 1746.9, 624.7]",,,0.0,False,False,10,2
91,0.3862,"[1214.3, 500.2, 1233.2, 554.9]",,,0.0,False,False,10,2
91,0.3525,"[762.1, 538.7, 799.9, 658.8]",23,"[763.2975683016749, 540.2693969976849, 802.3247461514501, 652.9124877679401]",0.8552,True,False,10,2
91,0.3339,"[1537.7, 512.3, 1556.6, 568.4]",,,0.0,False,False,10,2
91,0.313,"[1744.2, 535.3, 1779.3, 619.0]",6,"[1750.385233277448, 534.5765826603016, 1779.144063597552, 617.8441937068859]",0.8028,True,False,10,2
91,0.292,"[282.7, 453.6, 309.3, 520.4]",,,0.0,False,False,10,2
91,0.2732,"[1532.2, 512.7, 1553.9, 568.7]",,,0.0,False,False,10,2
91,0.1785,"[719.6, 489.7, 745.2, 553.8]",,,0.0,False,False,10,2
91,0.1317,"[371.9, 111.1, 432.7, 281.1]",,,0.0,False,False,10,2
91,0.1204,"[355.4, 508.3, 397.2, 628.4]",,,0.0,False,False,10,2
92,0.5328,"[1719.9, 538.7, 1755.0, 626.4]",7,"[1698.3266694215206, 554.1157689741929, 1734.8886626097294, 644.7149195023696]",0.2041,False,False,7,2
92,0.4723,"[1505.2, 511.0, 1529.6, 571.7]",,,0.0,False,False,7,2
92,0.3545,"[1752.3, 534.9, 1784.7, 626.7]",,,0.0,False,False,7,2
92,0.2979,"[1475.6, 506.3, 1497.2, 564.3]",,,0.0,False,False,7,2
92,0.1646,"[1214.3, 500.9, 1233.2, 556.2]",,,0.0,False,False,7,2
92,0.1249,"[346.3, 502.2, 392.9, 628.4]",,,0.0,False,False,7,2
92,0.1008,"[278.3, 444.5, 306.6, 516.7]",,,0.0,False,False,7,2
93,0.5421,"[-6.6, 509.6, 55.5, 668.9]",65,"[-4.621166272973419, 511.3176545392101, 51.02893452248514, 659.741671632665]",0.8341,True,False,9,4
93,0.3539,"[630.8, 504.2, 661.8, 575.8]",,,0.0,False,False,9,4
93,0.3501,"[267.1, 468.5, 291.1, 525.2]",,,0.0,False,False,9,4
93,0.2324,"[1506.6, 509.3, 1530.9, 570.0]",,,0.0,False,False,9,4
93,0.1999,"[1728.0, 538.0, 1760.4, 631.8]",38,"[1712.4993248092187, 543.5328975100024, 1748.2782630814063, 638.17376752906]",0.3861,True,False,9,4
93,0.1396,"[1533.6, 507.3, 1557.9, 568.7]",64,"[1537.1320393386814, 509.8050000810949, 1558.9739176925686, 570.3755419110926]",0.7678,True,False,9,4
93,0.1287,"[1746.9, 531.2, 1784.7, 631.8]",38,"[1712.4993248092187, 543.5328975100024, 1748.2782630814063, 638.17376752906]",0.0172,False,False,9,4
93,0.1072,"[1528.2, 507.9, 1552.5, 570.0]",64,"[1537.1320393386814, 509.8050000810949, 1558.9739176925686, 570.3755419110926]",0.4856,True,False,9,4
93,0.1011,"[1513.4, 511.0, 1535.0, 569.0]",,,0.0,False,False,9,4
94,0.5775,"[707.4, 492.1, 735.8, 562.3]",,,0.0,False,False,11,1
94,0.4565,"[1745.6, 514.7, 1775.2, 586.9]",7,"[1717.9597672578277, 553.0830292457775, 1755.634226882797, 646.4565215354725]",0.0641,False,False,11,1
94,0.3336,"[761.4, 498.5, 784.4, 561.3]",,,0.0,False,False,11,1
94,0.3019,"[1518.8, 514.4, 1540.4, 573.8]",,,0.0,False,False,11,1
94,0.2991,"[1513.4, 514.0, 1537.7, 574.8]",,,0.0,False,False,11,1
94,0.2891,"[1402.7, 504.6, 1421.6, 545.1]",,,0.0,False,False,11,1
94,0.268,"[334.6, 499.5, 379.0, 629.1]",,,0.0,False,False,11,1
94,0.1853,"[1486.4, 514.4, 1510.7, 574.4]",,,0.0,False,False,11,1
94,0.1463,"[731.7, 486.3, 753.3, 545.7]",,,0.0,False,False,11,1
94,0.1212,"[1540.4, 516.4, 1562.0, 571.7]",,,0.0,False,False,11,1
94,0.1179,"[257.9, 445.5, 285.5, 515.7]",,,0.0,False,False,11,1
95,0.1855,"[1746.9, 510.0, 1779.3, 582.9]",38,"[1723.1013594577232, 547.9054463086522, 1759.8119706204018, 643.5442607225978]",0.0833,False,False,4,2
95,0.1372,"[1401.3, 501.5, 1420.2, 543.4]",,,0.0,False,False,4,2
95,0.1232,"[1404.0, 503.2, 1422.9, 548.4]",,,0.0,False,False,4,2
95,0.1017,"[762.1, 484.7, 781.0, 543.4]",,,0.0064,False,False,4,2
96,0.4822,"[730.4, 541.4, 791.1, 694.6]",,,0.0,False,False,6,1
96,0.4073,"[1486.4, 506.9, 1510.7, 571.7]",,,0.0,False,False,6,1
96,0.4036,"[1401.3, 500.5, 1420.2, 550.5]",,,0.0,False,False,6,1
96,0.2567,"[-118.3, 456.6, 65.0, 881.6]",27,"[-53.32803655602571, 647.3800825363492, 50.5916788671219, 900.7152543777134]",0.3047,True,False,6,1
96,0.1711,"[1417.5, 514.4, 1436.4, 563.6]",,,0.0,False,False,6,1
96,0.1267,"[310.5, 515.7, 355.7, 637.2]",,,0.0,False,False,6,1
97,0.3902,"[-167.2, 398.9, 47.9, 893.7]",,,0.0,False,False,4,0
97,0.1728,"[-195.4, 290.9, 41.3, 902.5]",,,0.0,False,False,4,0
97,0.1432,"[307.1, 503.2, 354.0, 636.2]",,,0.0,False,False,4,0
97,0.1092,"[-128.3, 463.1, 55.4, 889.0]",,,0.0,False,False,4,0
99,0.4619,"[1553.9, 507.6, 1578.2, 570.4]",68,"[1553.4414821432142, 503.79126811948043, 1578.181320591161, 568.035514107082]",0.8921,True,False,4,2
99,0.2076,"[1525.5, 507.3, 1547.1, 576.8]",64,"[1519.7292759301256, 510.4173675796336, 1545.3022182104996, 577.2907623031789]",0.6926,True,False,4,2
99,0.1461,"[1537.7, 510.3, 1564.7, 578.5]",68,"[1553.4414821432142, 503.79126811948043, 1578.181320591161, 568.035514107082]",0.2325,False,False,4,2
99,0.1436,"[1520.1, 509.6, 1544.4, 575.8]",64,"[1519.7292759301256, 510.4173675796336, 1545.3022182104996, 577.2907623031789]",0.9183,True,False,4,2
100,0.4962,"[1341.2, 501.2, 1356.1, 540.3]",,,0.0,False,False,9,2
100,0.4856,"[734.4, 490.4, 757.4, 555.9]",13,"[733.2614150632055, 490.64425423365554, 759.6852402102319, 556.4161705710319]",0.8583,True,False,9,2
100,0.3098,"[1552.5, 512.0, 1574.1, 568.7]",,,0.0,False,False,9,2
100,0.3067,"[1486.4, 511.3, 1508.0, 565.3]",,,0.0,False,False,9,2
100,0.2564,"[1402.7, 501.5, 1418.9, 543.4]",,,0.0,False,False,9,2
100,0.1936,"[696.6, 482.3, 715.5, 524.1]",,,0.0,False,False,9,2
100,0.1692,"[1362.2, 126.6, 1545.8, 375.6]",,,0.0,False,False,9,2
100,0.1338,"[1537.7, 508.3, 1559.2, 567.7]",,,0.0,False,False,9,2
100,0.1198,"[-81.8, 632.1, 19.8, 885.6]",,,0.0,False,False,9,2
101,0.428,"[1553.9, 516.0, 1578.2, 580.2]",,,0.0,False,False,6,1
101,0.2656,"[675.3, 474.2, 696.6, 523.5]",74,"[675.629606201145, 492.5237062565126, 706.705843017605, 565.3680173762999]",0.2437,False,False,6,1
101,0.2335,"[674.0, 488.0, 702.7, 565.7]",74,"[675.629606201145, 492.5237062565126, 706.705843017605, 565.3680173762999]",0.7816,True,False,6,1
101,0.2308,"[1489.1, 514.0, 1508.0, 561.3]",,,0.0,False,False,6,1
101,0.1573,"[694.6, 479.3, 713.5, 523.8]",74,"[675.629606201145, 492.5237062565126, 706.705843017605, 565.3680173762999]",0.1392,False,False,6,1
101,0.1205,"[1464.8, 510.3, 1483.7, 562.3]",,,0.0,False,False,6,1
102,0.501,"[691.9, 478.9, 709.4, 524.1]",,,0.0,False,False,9,1
102,0.3798,"[1559.2, 512.3, 1580.9, 574.4]",68,"[1559.8320080070494, 515.5906256526415, 1581.8420642585754, 573.6203118473585]",0.8719,True,False,9,1
102,0.3483,"[671.6, 472.5, 693.9, 525.2]",,,0.0,False,False,9,1
102,0.173,"[1563.3, 512.3, 1584.9, 572.4]",68,"[1559.8320080070494, 515.5906256526415, 1581.8420642585754, 573.6203118473585]",0.6923,True,False,9,1
102,0.1485,"[1521.5, 505.2, 1540.4, 557.9]",,,0.0,False,False,9,1
102,0.1382,"[1552.5, 512.7, 1576.8, 575.4]",68,"[1559.8320080070494, 515.5906256526415, 1581.8420642585754, 573.6203118473585]",0.5416,True,False,9,1
102,0.1316,"[1491.8, 513.0, 1510.7, 556.9]",,,0.0,False,False,9,1
102,0.1207,"[1068.5, 474.5, 1082.0, 509.0]",,,0.0,False,False,9,1
102,0.1056,"[273.9, 511.7, 320.5, 641.2]",,,0.0,False,False,9,1
103,0.4347,"[1493.1, 512.7, 1512.0, 557.9]",,,0.0,False,False,13,2
103,0.4087,"[1464.8, 511.3, 1483.7, 563.3]",,,0.0,False,False,13,2
103,0.3816,"[1557.9, 518.4, 1582.2, 581.9]",,,0.0,False,False,13,2
103,0.3813,"[665.2, 492.1, 692.6, 565.7]",,,0.0042,False,False,13,2
103,0.3213,"[262.2, 511.7, 311.5, 642.6]",,,0.0,False,False,13,2
103,0.183,"[1520.1, 513.0, 1541.7, 565.7]",,,0.0,False,False,13,2
103,0.1483,"[665.2, 476.2, 686.1, 526.8]",,,0.0,False,False,13,2
103,0.1364,"[1401.3, 501.5, 1420.2, 544.7]",,,0.0,False,False,13,2
103,0.1309,"[1556.6, 525.8, 1578.2, 585.9]",,,0.0,False,False,13,2
103,0.128,"[323.3, 506.9, 369.9, 644.6]",,,0.0,False,False,13,2
103,0.1251,"[689.2, 481.6, 706.7, 526.2]",67,"[692.2588721864186, 484.3321558020678, 713.4797752745188, 536.4547704674634]",0.4717,True,False,13,2
103,0.1241,"[1562.0, 513.7, 1583.6, 575.1]",,,0.0,False,False,13,2
103,0.1241,"[1479.6, 512.3, 1498.5, 559.6]",,,0.0,False,False,13,2
104,0.4825,"[1479.6, 512.3, 1495.8, 558.9]",,,0.0,False,False,4,0
104,0.4296,"[1560.6, 515.4, 1582.2, 574.8]",,,0.0,False,False,4,0
104,0.4193,"[1464.8, 511.0, 1483.7, 562.3]",,,0.0,False,False,4,0
104,0.1181,"[729.0, 370.6, 753.3, 428.0]",,,0.0,False,False,4,0
105,0.5788,"[654.8, 471.8, 676.4, 525.2]",,,0.0,False,False,7,0
105,0.3024,"[1418.9, 516.4, 1435.1, 565.7]",,,0.0,False,False,7,0
105,0.3023,"[1476.9, 515.4, 1495.8, 560.6]",,,0.0,False,False,7,0
105,0.2892,"[1471.5, 513.7, 1490.4, 561.6]",,,0.0,False,False,7,0
105,0.2078,"[1566.0, 519.1, 1584.9, 575.1]",,,0.0,False,False,7,0
105,0.1827,"[673.7, 470.8, 695.2, 522.8]",,,0.0,False,False,7,0
105,0.1474,"[1800.9, 543.0, 1833.3, 628.8]",,,0.0,False,False,7,0
106,0.524,"[1809.0, 541.4, 1838.7, 614.2]",75,"[1794.8338682490494, 531.9208668370699, 1824.5821473759509, 616.9717112879301]",0.3191,True,False,7,1
106,0.3495,"[1481.0, 511.3, 1497.2, 557.2]",,,0.0,False,False,7,1
106,0.3107,"[1476.9, 512.0, 1495.8, 561.3]",,,0.0,False,False,7,1
106,0.2889,"[1790.1, 532.2, 1819.8, 609.9]",75,"[1794.8338682490494, 531.9208668370699, 1824.5821473759509, 616.9717112879301]",0.6688,True,False,7,1
106,0.159,"[1508.0, 513.3, 1524.2, 554.5]",,,0.0,False,False,7,1
106,0.1418,"[1418.9, 512.3, 1437.8, 563.6]",,,0.0,False,False,7,1
106,0.1147,"[1223.1, 482.6, 1235.2, 512.3]",,,0.0,False,False,7,1
107,0.5239,"[1471.5, 511.0, 1487.7, 560.2]",,,0.0,False,False,8,2
107,0.5098,"[1418.9, 514.4, 1435.1, 563.6]",,,0.0,False,False,8,2
107,0.3478,"[566.0, 505.6, 593.7, 586.6]",,,0.0,False,False,8,2
107,0.3145,"[1061.1, 477.9, 1074.6, 510.3]",,,0.0,False,False,8,2
107,0.2861,"[1401.3, 496.8, 1420.2, 544.0]",,,0.0,False,False,8,2
107,0.2615,"[1509.3, 514.0, 1525.5, 557.2]",,,0.0,False,False,8,2
107,0.2193,"[1792.8, 533.2, 1825.2, 603.5]",,,0.0,False,False,8,2
107,0.1056,"[1814.4, 543.7, 1841.4, 617.3]",,,0.0,False,False,8,2
108,0.5734,"[1825.2, 560.6, 1876.5, 667.2]",6,"[1827.9873041630005, 567.5977275513719, 1867.8354497432495, 668.6522724486282]",0.7183,True,False,10,2
108,0.5426,"[1815.8, 543.7, 1842.8, 622.0]",6,"[1827.9873041630005, 567.5977275513719, 1867.8354497432495, 668.6522724486282]",0.1505,False,False,10,2
108,0.5211,"[1417.5, 513.3, 1436.4, 563.3]",,,0.0,False,False,10,2
108,0.3362,"[98.6, 507.6, 141.1, 612.2]",72,"[96.89022979986191, 504.61273944998476, 140.0857986425209, 616.4403611359527]",0.8808,True,False,10,2
108,0.3112,"[281.1, 507.3, 329.7, 653.1]",,,0.0,False,False,10,2
108,0.2826,"[1335.2, 498.8, 1351.4, 538.7]",,,0.0,False,False,10,2
108,0.2261,"[1404.0, 498.8, 1420.2, 542.0]",,,0.0,False,False,10,2
108,0.2093,"[1062.5, 473.5, 1074.6, 506.6]",,,0.0,False,False,10,2
108,0.1809,"[1508.0, 512.7, 1524.2, 557.2]",,,0.0,False,False,10,2
108,0.1145,"[1792.8, 531.9, 1822.5, 613.6]",,,0.0,False,False,10,2
109,0.3487,"[1417.5, 513.3, 1436.4, 563.3]",,,0.0,False,False,6,1
109,0.3052,"[1818.5, 544.0, 1845.5, 626.4]",,,0.0,False,False,6,1
109,0.2884,"[1506.6, 512.0, 1525.5, 559.9]",,,0.0,False,False,6,1
109,0.2755,"[637.2, 484.7, 668.9, 567.0]",,,0.0,False,False,6,1
109,0.1348,"[269.3, 541.7, 317.9, 675.3]",,,0.0,False,False,6,1
109,0.1115,"[264.9, 494.4, 316.9, 657.8]",,,0.0,False,False,6,1
110,0.4821,"[631.8, 491.4, 664.2, 566.3]",,,0.0,False,False,6,1
110,0.3056,"[75.1, 508.6, 120.0, 625.4]",72,"[76.62618978223381, 507.9107097127943, 117.74418680468025, 613.5189777872057]",0.8184,True,False,6,1
110,0.305,"[1510.7, 512.3, 1526.9, 558.2]",,,0.0,False,False,6,1
110,0.2067,"[1476.9, 514.4, 1493.1, 563.0]",,,0.0,False,False,6,1
110,0.1383,"[1056.4, 474.5, 1072.6, 510.3]",,,0.0,False,False,6,1
110,0.1376,"[1819.8, 543.7, 1849.5, 627.4]",,,0.0,False,False,6,1
111,0.3749,"[1854.9, 567.7, 1903.5, 671.0]",6,"[1855.0235417529693, 570.5007734801168, 1896.5782648876557, 671.1613358948833]",0.8302,True,False,6,2
111,0.267,"[1476.9, 518.1, 1493.1, 566.0]",,,0.0,False,False,6,2
111,0.2547,"[1509.3, 513.7, 1525.5, 560.9]",,,0.0,False,False,6,2
111,0.1238,"[629.4, 491.1, 662.5, 566.0]",,,0.0,False,False,6,2
111,0.121,"[76.3, 446.9, 124.9, 575.8]",,,0.0,False,False,6,2
111,0.1065,"[1823.9, 545.7, 1853.6, 629.4]",,,0.0,False,False,6,2
112,0.2093,"[1802.2, 538.7, 1832.0, 604.8]",,,0.0,False,False,3,2
112,0.201,"[561.6, 590.6, 623.0, 779.6]",,,0.0,False,False,3,2
112,0.1174,"[1205.6, 501.5, 1225.8, 558.9]",,,0.0,False,False,3,2
113,0.5138,"[1876.5, 580.5, 1922.4, 680.4]",,,0.0,False,False,4,0
113,0.4712,"[1564.7, 514.0, 1586.2, 572.1]",,,0.0,False,False,4,0
113,0.2627,"[1832.0, 547.1, 1861.7, 632.8]",,,0.0,False,False,4,0
113,0.1407,"[1506.6, 514.4, 1525.5, 563.6]",,,0.0,False,False,4,0
114,0.4979,"[1417.5, 519.1, 1436.4, 569.0]",78,"[1418.082288506318, 519.625383244536, 1434.8044302436822, 568.999616755464]",0.8746,True,False,6,2
114,0.4501,"[1834.7, 551.8, 1864.4, 637.5]",,,0.0,False,False,6,2
114,0.3301,"[1471.5, 518.7, 1487.7, 568.7]",,,0.0,False,False,6,2
114,0.1921,"[1113.8, 81.1, 1179.9, 294.3]",,,0.0,False,False,6,2
114,0.1204,"[1203.5, 504.9, 1223.8, 560.9]",8,"[1199.8509020523277, 513.8124720554988, 1218.6503186507973, 563.5986607570012]",0.5248,True,False,6,2
114,0.1123,"[1402.7, 503.6, 1418.9, 550.8]",78,"[1418.082288506318, 519.625383244536, 1434.8044302436822, 568.999616755464]",0.0153,False,False,6,2
115,0.4475,"[1563.3, 521.8, 1579.5, 575.1]",,,0.0,False,False,8,1
115,0.375,"[1807.7, 542.4, 1837.4, 623.4]",,,0.0,False,False,8,1
115,0.2921,"[1052.3, 479.9, 1068.5, 516.4]",,,0.0,False,False,8,1
115,0.2882,"[1838.7, 555.9, 1868.4, 641.6]",,,0.0,False,False,8,1
115,0.1914,"[1391.9, 112.8, 1462.1, 357.4]",,,0.0,False,False,8,1
115,0.1442,"[1895.4, 599.4, 1930.5, 687.2]",6,"[1896.0876738285224, 592.182056249813, 1937.2411835933524, 692.103100000187]",0.7237,True,False,8,1
115,0.1391,"[1061.8, 84.7, 1145.5, 295.3]",,,0.0,False,False,8,1
115,0.1099,"[1401.3, 508.3, 1417.5, 552.8]",,,0.0,False,False,8,1
116,0.5142,"[657.8, 573.8, 713.5, 729.7]",23,"[654.5944513008687, 574.7160959531843, 710.2278143241313, 723.4583425233783]",0.8517,True,False,5,3
116,0.407,"[1470.2, 522.8, 1489.1, 572.7]",,,0.0,False,False,5,3
116,0.2987,"[1478.2, 524.8, 1497.2, 576.1]",,,0.0,False,False,5,3
116,0.259,"[1333.8, 506.3, 1352.7, 551.5]",,,0.0,False,False,5,3
116,0.1138,"[1845.5, 558.6, 1875.2, 645.0]",,,0.0,False,False,5,3
117,0.4459,"[632.8, 570.4, 709.4, 770.9]",,,0.0,False,False,7,1
117,0.3809,"[1817.1, 546.8, 1844.1, 625.1]",,,0.0,False,False,7,1
117,0.3612,"[1846.8, 561.6, 1879.2, 648.0]",,,0.0,False,False,7,1
117,0.2891,"[1468.8, 524.1, 1487.7, 577.5]",,,0.0,False,False,7,1
117,0.1692,"[1069.9, 88.1, 1149.5, 313.2]",,,0.0,False,False,7,1
117,0.1536,"[1332.5, 506.3, 1351.4, 552.2]",,,0.0,False,False,7,1
117,0.1338,"[1508.0, 525.2, 1524.2, 577.8]",,,0.0,False,False,7,1
118,0.5621,"[1566.0, 528.2, 1582.2, 585.6]",,,0.0,False,False,6,0
118,0.5487,"[1853.6, 561.3, 1883.3, 648.3]",,,0.0,False,False,6,0
118,0.4151,"[1471.5, 526.8, 1490.4, 580.2]",,,0.0,False,False,6,0
118,0.4125,"[529.5, 605.1, 586.2, 774.2]",,,0.0,False,False,6,0
118,0.4106,"[130.3, 222.4, 170.6, 324.3]",,,0.0,False,False,6,0
118,0.3387,"[1563.3, 525.8, 1579.5, 582.5]",,,0.0,False,False,6,0
119,0.1848,"[1575.5, 534.3, 1594.4, 591.6]",,,0.0,False,False,7,1
119,0.1782,"[1478.2, 531.6, 1497.2, 582.9]",,,0.0,False,False,7,1
119,0.1643,"[1051.7, 488.0, 1065.2, 517.7]",,,0.0,False,False,7,1
119,0.1177,"[504.6, 549.1, 537.0, 622.0]",,,0.0,False,False,7,1
119,0.1074,"[1470.2, 527.5, 1489.1, 580.8]",,,0.0,False,False,7,1
119,0.1065,"[992.9, 493.8, 1006.4, 530.2]",,,0.0,False,False,7,1
119,0.103,"[169.9, 524.5, 224.9, 698.6]",,,0.0,False,False,7,1
120,0.5361,"[1564.7, 529.5, 1583.6, 588.3]",,,0.0,False,False,2,0
120,0.1082,"[92.3, 355.1, 226.0, 712.8]",,,0.0,False,False,2,0
121,0.4322,"[491.7, 623.4, 555.9, 835.0]",,,0.0,False,False,1,0
122,0.3389,"[488.7, 623.0, 555.5, 837.7]",,,0.0,False,False,1,1
123,0.335,"[1875.2, 565.7, 1904.9, 656.8]",81,"[1871.0243669207534, 567.5247715914134, 1901.1990217511213, 658.087655166399]",0.7465,True,False,4,2
123,0.2444,"[374.3, 524.1, 411.4, 640.9]",12,"[376.01019724202735, 534.3936207004708, 417.40258351969146, 642.3691966823416]",0.7492,True,False,4,2
123,0.1682,"[1041.5, 490.7, 1057.7, 528.5]",,,0.0,False,False,4,2
123,0.1083,"[175.2, 482.6, 218.0, 593.3]",,,0.0,False,False,4,2
124,0.4923,"[1567.4, 531.9, 1586.2, 590.0]",,,0.0,False,False,5,0
124,0.4779,"[1651.1, 546.8, 1688.9, 639.9]",,,0.0,False,False,5,0
124,0.4778,"[1652.4, 533.9, 1684.8, 625.7]",,,0.0,False,False,5,0
124,0.4368,"[369.2, 534.3, 406.4, 641.6]",,,0.0,False,False,5,0
124,0.1234,"[1651.1, 530.9, 1680.8, 609.9]",,,0.0,False,False,5,0
125,0.5268,"[366.9, 525.5, 404.0, 632.8]",,,0.0,False,False,5,0
125,0.4592,"[1566.0, 533.2, 1584.9, 590.6]",,,0.0,False,False,5,0
125,0.2983,"[1655.1, 551.5, 1695.6, 650.0]",,,0.0,False,False,5,0
125,0.1577,"[1832.0, 552.5, 1867.1, 649.0]",,,0.0,False,False,5,0
125,0.1355,"[159.1, 485.3, 201.0, 600.1]",,,0.0,False,False,5,0
126,0.5478,"[1568.7, 534.9, 1587.6, 595.0]",,,0.0,False,False,2,0
126,0.2423,"[1564.7, 535.3, 1583.6, 590.6]",,,0.0,False,False,2,0
127,0.5267,"[607.2, 595.4, 661.8, 755.3]",23,"[606.6723689474584, 594.392136145772, 661.7443790994167, 755.3399195182905]",0.9835,True,False,4,2
127,0.2328,"[1566.0, 533.9, 1584.9, 593.3]",,,0.0,False,False,4,2
127,0.1381,"[405.3, 497.1, 420.2, 535.6]",,,0.0,False,False,4,2
127,0.1338,"[403.3, 495.8, 421.5, 541.7]",,,0.0,False,False,4,2
128,0.4858,"[427.6, 629.4, 492.4, 824.9]",,,0.0,False,False,4,0
128,0.249,"[494.1, 538.7, 527.9, 645.3]",,,0.0,False,False,4,0
128,0.143,"[1395.9, 531.2, 1417.5, 591.3]",,,0.0,False,False,4,0
128,0.1286,"[132.6, 488.7, 175.5, 602.8]",,,0.0,False,False,4,0
129,0.5624,"[392.2, 499.8, 413.8, 554.5]",57,"[390.7597041836191, 498.7149465365526, 411.0871586093497, 551.1211130337599]",0.7599,True,False,3,1
129,0.3416,"[423.9, 630.5, 486.0, 824.9]",,,0.0,False,False,3,1
129,0.1198,"[1525.5, 540.0, 1544.4, 594.7]",,,0.0,False,False,3,1
130,0.5624,"[407.4, 623.0, 475.5, 829.6]",,,0.0,False,False,8,2
130,0.4796,"[1568.7, 539.0, 1590.3, 601.1]",82,"[1573.9348012072942, 541.644921875, 1595.7021616833306, 601.5849365234375]",0.5814,True,False,8,2
130,0.4589,"[1397.2, 533.6, 1421.6, 595.0]",,,0.0,False,False,8,2
130,0.4558,"[389.1, 494.8, 409.4, 546.8]",,,0.0,False,False,8,2
130,0.2761,"[1564.7, 541.7, 1586.2, 601.1]",82,"[1573.9348012072942, 541.644921875, 1595.7021616833306, 601.5849365234375]",0.3941,True,False,8,2
130,0.1428,"[1906.2, 583.2, 1933.2, 669.6]",81,"[1903.6332275792392, 582.3731166567699, 1934.3509032801355, 674.4297397885426]",0.825,True,False,8,2
130,0.1374,"[386.1, 497.5, 411.8, 570.4]",,,0.0,False,False,8,2
130,0.1181,"[1528.2, 532.9, 1547.1, 593.7]",,,0.0,False,False,8,2
131,0.4693,"[384.1, 510.6, 404.3, 561.9]",,,0.0,False,False,5,0
131,0.3483,"[1397.2, 528.2, 1421.6, 590.3]",,,0.0,False,False,5,0
131,0.2841,"[1166.4, 517.0, 1193.4, 580.5]",,,0.0,False,False,5,0
131,0.2257,"[1702.4, 520.1, 1732.1, 594.3]",,,0.0,False,False,5,0
131,0.1639,"[399.6, 631.8, 466.4, 838.4]",,,0.0,False,False,5,0
132,0.4851,"[396.9, 631.1, 457.7, 805.3]",,,0.0,False,False,8,2
132,0.4769,"[1310.2, 764.1, 1373.6, 969.3]",,,0.0,False,False,8,2
132,0.4165,"[382.7, 648.0, 469.1, 903.2]",,,0.0,False,False,8,2
132,0.3193,"[1566.0, 528.9, 1584.9, 588.3]",,,0.0,False,False,8,2
132,0.2473,"[1526.9, 527.2, 1545.8, 585.2]",64,"[1519.579199523659, 523.4199875282054, 1540.131493835716, 583.5331374717946]",0.4725,True,False,8,2
132,0.238,"[1167.1, 513.7, 1191.4, 575.1]",,,0.0,False,False,8,2
132,0.1824,"[1757.7, 520.4, 1782.0, 589.3]",,,0.0,False,False,8,2
132,0.107,"[1032.1, 492.1, 1046.9, 526.5]",,,0.0,False,False,8,2
133,0.2893,"[1478.2, 532.6, 1497.2, 584.6]",,,0.0,False,False,5,0
133,0.196,"[421.9, 561.3, 466.4, 663.2]",,,0.0,False,False,5,0
133,0.1911,"[381.4, 629.1, 451.6, 864.0]",,,0.0,False,False,5,0
133,0.1683,"[1563.3, 539.7, 1584.9, 600.4]",,,0.0,False,False,5,0
133,0.1096,"[1030.7, 494.4, 1046.9, 530.9]",,,0.0,False,False,5,0
134,0.5567,"[368.2, 644.6, 437.7, 895.7]",,,0.0,False,False,6,0
134,0.3792,"[1514.7, 526.5, 1533.6, 581.9]",,,0.0,False,False,6,0
134,0.2438,"[-24.8, 539.7, 43.2, 758.0]",,,0.0,False,False,6,0
134,0.1798,"[1564.7, 531.2, 1583.6, 590.6]",,,0.0,False,False,6,0
134,0.1415,"[1890.0, 693.9, 1941.3, 888.3]",,,0.0,False,False,6,0
134,0.1286,"[1414.8, 528.9, 1436.4, 586.9]",,,0.0,False,False,6,0
135,0.5651,"[1528.2, 531.9, 1547.1, 592.0]",64,"[1526.9777278761533, 533.8689694324169, 1546.100152983222, 590.8407473644581]",0.8463,True,False,5,1
135,0.1488,"[1414.8, 534.6, 1436.4, 593.3]",,,0.0,False,False,5,1
135,0.1241,"[1564.7, 540.7, 1586.2, 601.4]",,,0.0,False,False,5,1
135,0.1123,"[1055.7, 32.6, 1354.1, 484.7]",,,0.0,False,False,5,1
135,0.1009,"[-51.0, 518.7, 27.7, 754.0]",,,0.0,False,False,5,1
136,0.2983,"[389.8, 637.9, 447.2, 820.1]",,,0.0,False,False,4,0
136,0.229,"[1566.0, 531.6, 1584.9, 589.6]",,,0.0,False,False,4,0
136,0.1234,"[-41.5, 578.5, 18.9, 763.4]",,,0.0,False,False,4,0
136,0.1128,"[1349.3, 501.9, 1366.9, 540.3]",,,0.0,False,False,4,0
137,0.2295,"[375.3, 630.5, 430.7, 843.8]",,,0.0,False,False,3,2
137,0.2212,"[1529.6, 538.3, 1548.5, 595.7]",,,0.0,False,False,3,2
137,0.1017,"[1906.2, 590.0, 1933.2, 672.3]",75,"[1908.9969972113045, 582.946544214426, 1942.5022703668203, 675.4254040277616]",0.5987,True,False,3,2
138,0.3451,"[1026.7, 489.7, 1041.5, 528.2]",,,0.0,False,False,6,0
138,0.2643,"[366.2, 634.2, 421.5, 837.7]",,,0.0,False,False,6,0
138,0.2616,"[1075.3, -12.0, 1368.2, 480.6]",,,0.0,False,False,6,0
138,0.2392,"[1715.9, 522.8, 1742.9, 594.3]",,,0.0,False,False,6,0
138,0.1672,"[1668.6, 559.2, 1695.6, 633.5]",,,0.0,False,False,6,0
138,0.1276,"[197.6, 525.8, 235.4, 626.4]",,,0.0,False,False,6,0
139,0.5238,"[54.3, 584.2, 105.6, 728.3]",,,0.0,False,False,5,0
139,0.3283,"[355.4, 648.3, 410.7, 831.6]",,,0.0,False,False,5,0
139,0.2221,"[1883.3, 547.8, 1931.9, 692.6]",,,0.0,False,False,5,0
139,0.2059,"[400.3, 612.2, 445.5, 754.0]",,,0.0,False,False,5,0
139,0.1564,"[1784.7, 514.4, 1814.4, 597.4]",,,0.0,False,False,5,0
140,0.3147,"[365.2, 612.9, 425.9, 756.0]",,,0.0,False,False,5,0
140,0.2248,"[117.3, 561.3, 150.5, 639.6]",,,0.0,False,False,5,0
140,0.2111,"[1309.5, 505.6, 1328.4, 555.5]",,,0.0,False,False,5,0
140,0.1453,"[279.8, 613.6, 330.4, 759.4]",,,0.0,False,False,5,0
140,0.1015,"[332.3, 669.9, 402.0, 930.2]",,,0.0,False,False,5,0
141,0.3597,"[1100.2, 503.6, 1111.1, 531.2]",,,0.0,False,False,5,2
141,0.2823,"[1864.4, 556.9, 1899.5, 643.3]",7,"[1869.5983363548714, 557.3519205496383, 1899.5674351295033, 635.2775960519241]",0.7648,True,False,5,2
141,0.2007,"[7.3, 492.8, 49.9, 621.0]",,,0.0,False,False,5,2
141,0.1638,"[-16.0, 487.7, 26.8, 618.6]",,,0.0,False,False,5,2
141,0.1331,"[1894.1, 546.8, 1929.2, 654.8]",7,"[1869.5983363548714, 557.3519205496383, 1899.5674351295033, 635.2775960519241]",0.0755,False,False,5,2
142,0.5615,"[353.0, 614.9, 415.1, 760.7]",,,0.0,False,False,9,1
142,0.5377,"[1536.3, 534.9, 1552.5, 592.3]",,,0.0,False,False,9,1
142,0.3273,"[-15.5, 492.4, 29.6, 626.7]",,,0.0,False,False,9,1
142,0.1544,"[1772.6, 497.5, 1813.1, 594.7]",,,0.0,False,False,9,1
142,0.1436,"[1525.5, 533.2, 1541.7, 589.3]",,,0.0,False,False,9,1
142,0.1327,"[-25.7, 496.5, 24.8, 632.8]",,,0.0,False,False,9,1
142,0.114,"[1312.2, 507.9, 1331.1, 555.2]",,,0.0,False,False,9,1
142,0.1113,"[-2.0, 499.2, 42.4, 628.8]",,,0.0,False,False,9,1
142,0.1059,"[108.1, 542.0, 140.8, 637.2]",,,0.0,False,False,9,1
143,0.5086,"[1312.2, 505.6, 1331.1, 556.9]",,,0.0,False,False,3,3
143,0.4338,"[1479.6, 532.9, 1501.2, 588.3]",79,"[1478.5789623364885, 533.413350969535, 1501.5257739916362, 597.5201207101524]",0.7995,True,False,3,3
143,0.1146,"[1564.7, 538.3, 1583.6, 597.0]",,,0.0,False,False,3,3
144,0.3839,"[-16.2, 584.2, 47.7, 745.9]",,,0.0,False,False,3,0
144,0.1189,"[263.6, 685.1, 348.0, 963.2]",,,0.0,False,False,3,0
144,0.1026,"[1868.4, 502.5, 1908.9, 636.2]",,,0.0,False,False,3,0
145,0.4688,"[1366.9, 89.6, 1451.2, 341.4]",,,0.0,False,False,5,1
145,0.373,"[317.4, 602.1, 370.9, 731.7]",88,"[325.9201311168104, 617.5022888183594, 391.35336741834584, 765.3273010253906]",0.4481,True,False,5,1
145,0.2571,"[315.2, 603.5, 375.0, 768.8]",88,"[325.9201311168104, 617.5022888183594, 391.35336741834584, 765.3273010253906]",0.5893,True,False,5,1
145,0.1796,"[1443.2, 138.8, 1607.9, 444.2]",,,0.0,False,False,5,1
145,0.1421,"[1795.5, 507.6, 1827.9, 594.0]",,,0.0,False,False,5,1
146,0.4167,"[1159.7, 520.4, 1190.7, 586.6]",,,0.0,False,False,3,0
146,0.1303,"[261.4, 502.2, 297.8, 599.4]",,,0.0,False,False,3,0
146,0.115,"[1567.4, 542.0, 1589.0, 602.8]",,,0.0,False,False,3,0
147,0.3845,"[1310.9, 506.3, 1328.4, 557.5]",,,0.0,False,False,5,2
147,0.3218,"[1020.6, 490.1, 1035.5, 523.8]",,,0.0,False,False,5,2
147,0.255,"[-11.5, 575.1, 31.7, 722.2]",25,"[-25.271946236302803, 579.2116548701448, 46.60683850925202, 753.0698392704802]",0.4874,True,False,5,2
147,0.1796,"[1898.1, 514.4, 1930.5, 615.6]",,,0.0,False,False,5,2
147,0.1483,"[213.5, 702.0, 305.9, 989.6]",,,0.0,False,False,5,2
148,0.4856,"[1568.7, 540.0, 1590.3, 602.1]",,,0.0,False,False,7,1
148,0.4154,"[-34.1, 589.6, 18.3, 753.3]",69,"[-31.965054613230677, 589.4088561579257, 25.06695089924142, 753.9429504826992]",0.8456,True,False,7,1
148,0.3066,"[1566.0, 540.0, 1584.9, 593.3]",,,0.0,False,False,7,1
148,0.2856,"[1019.9, 491.7, 1033.4, 527.5]",,,0.0,False,False,7,1
148,0.1947,"[-60.1, 439.1, 21.2, 682.8]",69,"[-31.965054613230677, 589.4088561579257, 25.06695089924142, 753.9429504826992]",0.2049,False,False,7,1
148,0.1358,"[205.5, 707.4, 292.3, 992.3]",,,0.0,False,False,7,1
148,0.1004,"[1440.5, 167.6, 1610.6, 570.4]",,,0.0,False,False,7,1
149,0.5618,"[113.1, 548.8, 159.1, 646.0]",,,0.0,False,False,10,1
149,0.5513,"[1482.3, 540.0, 1503.9, 596.7]",79,"[1481.5894038473957, 539.0725880015034, 1503.2257816994793, 599.0643748891217]",0.8879,True,False,10,1
149,0.5002,"[112.9, 587.9, 157.1, 679.7]",,,0.0,False,False,10,1
149,0.4449,"[1568.7, 539.7, 1590.3, 602.4]",,,0.0,False,False,10,1
149,0.3023,"[1435.1, 537.3, 1462.1, 603.5]",,,0.0,False,False,10,1
149,0.2928,"[1567.4, 538.7, 1586.2, 596.7]",,,0.0,False,False,10,1
149,0.2523,"[1420.2, 527.2, 1439.1, 577.8]",,,0.0,False,False,10,1
149,0.2403,"[183.9, 708.8, 276.8, 1012.5]",,,0.0,False,False,10,1
149,0.1292,"[1398.6, 518.1, 1417.5, 567.3]",,,0.0,False,False,10,1
149,0.114,"[1429.7, 546.8, 1462.1, 627.1]",,,0.0,False,False,10,1
150,0.3511,"[1567.4, 540.7, 1583.6, 593.3]",,,0.0,False,False,5,1
150,0.3329,"[166.4, 711.5, 262.9, 1024.7]",,,0.0,False,False,5,1
150,0.3291,"[1536.3, 535.6, 1552.5, 594.3]",,,0.0,False,False,5,1
150,0.1391,"[1016.6, 491.7, 1031.4, 531.6]",,,0.0,False,False,5,1
150,0.1145,"[1326.4, 504.6, 1346.6, 557.9]",,,0.0,False,False,5,1
151,0.473,"[1400.0, 517.7, 1418.9, 566.3]",,,0.0,False,False,9,2
151,0.4608,"[153.8, 718.9, 246.4, 1028.0]",,,0.0,False,False,9,2
151,0.3754,"[1416.2, 92.2, 1564.7, 385.8]",,,0.0,False,False,9,2
151,0.3743,"[1900.8, 524.1, 1933.2, 638.9]",7,"[1890.681304017349, 516.7407703860622, 1934.0169381701512, 637.3620128170628]",0.6952,True,False,9,2
151,0.3575,"[1567.4, 539.0, 1586.2, 595.7]",,,0.0,False,False,9,2
151,0.296,"[1445.9, 541.4, 1467.5, 602.1]",,,0.0,False,False,9,2
151,0.2134,"[70.4, 540.7, 121.8, 654.1]",,,0.0,False,False,9,2
151,0.1967,"[1156.3, 520.8, 1186.0, 588.3]",90,"[1157.4666348842065, 521.1307395185215, 1186.4886873814187, 588.2369362627285]",0.9382,True,False,9,2
151,0.1848,"[1537.7, 534.6, 1556.6, 594.0]",,,0.0,False,False,9,2
152,0.5704,"[1447.2, 541.4, 1468.8, 602.8]",10,"[1449.1626110008892, 536.0549404065997, 1469.8361682959858, 594.5075595934003]",0.7,True,False,13,2
152,0.5004,"[42.6, 534.9, 99.0, 651.0]",,,0.0,False,False,13,2
152,0.4968,"[135.5, 728.3, 230.0, 1038.8]",,,0.0,False,False,13,2
152,0.4262,"[1883.3, 502.5, 1923.8, 614.6]",,,0.0,False,False,13,2
152,0.3729,"[1902.2, 530.5, 1937.3, 638.6]",,,0.0,False,False,13,2
152,0.3204,"[1157.0, 520.1, 1185.3, 588.3]",,,0.0,False,False,13,2
152,0.3193,"[1533.6, 532.9, 1552.5, 593.7]",64,"[1532.4993928806682, 532.9069669190216, 1551.3309293849566, 592.655166870041]",0.8725,True,False,13,2
152,0.2381,"[1401.3, 517.4, 1420.2, 564.6]",,,0.0,False,False,13,2
152,0.2267,"[1424.2, 526.2, 1443.2, 576.8]",,,0.0,False,False,13,2
152,0.2264,"[255.2, 626.1, 324.7, 792.5]",,,0.0,False,False,13,2
152,0.1497,"[1451.2, 534.3, 1470.2, 594.3]",10,"[1449.1626110008892, 536.0549404065997, 1469.8361682959858, 594.5075595934003]",0.8593,True,False,13,2
152,0.1378,"[1427.0, 527.9, 1448.6, 582.5]",,,0.0,False,False,13,2
152,0.1207,"[1556.6, 84.0, 1580.9, 107.5]",,,0.0,False,False,13,2
153,0.5129,"[1401.3, 517.7, 1420.2, 565.7]",,,0.0,False,False,8,0
153,0.4409,"[1013.2, 498.2, 1029.4, 533.9]",,,0.0,False,False,8,0
153,0.2447,"[1425.6, 527.2, 1447.2, 581.2]",,,0.0,False,False,8,0
153,0.2035,"[1891.4, 531.6, 1929.2, 640.9]",,,0.0,False,False,8,0
153,0.1395,"[1432.4, 540.3, 1454.0, 599.7]",,,0.0,False,False,8,0
153,0.1314,"[1436.4, 541.7, 1460.7, 601.1]",,,0.0,False,False,8,0
153,0.1194,"[1441.8, 542.0, 1466.1, 602.1]",,,0.0,False,False,8,0
153,0.1115,"[1447.2, 541.0, 1471.5, 602.4]",,,0.0,False,False,8,0
154,0.1271,"[1895.4, 519.8, 1927.8, 604.8]",,,0.0,False,False,2,0
154,0.1042,"[1011.8, 497.1, 1028.0, 533.6]",,,0.0,False,False,2,0
155,0.3631,"[1011.8, 493.4, 1028.0, 532.6]",,,0.0,False,False,5,0
155,0.1738,"[237.6, 711.5, 295.3, 876.2]",,,0.0,False,False,5,0
155,0.1525,"[1014.5, 491.4, 1029.4, 529.9]",,,0.0,False,False,5,0
155,0.1259,"[1441.8, 539.0, 1463.4, 596.4]",,,0.0,False,False,5,0
155,0.105,"[1445.9, 538.0, 1470.2, 598.7]",,,0.0,False,False,5,0
156,0.3553,"[1011.8, 493.4, 1028.0, 534.6]",,,0.0,False,False,9,1
156,0.2336,"[1444.5, 544.7, 1466.1, 604.1]",,,0.0,False,False,9,1
156,0.1689,"[1326.4, 508.6, 1346.6, 563.3]",,,0.0,False,False,9,1
156,0.1462,"[1452.6, 543.0, 1476.9, 607.2]",,,0.0,False,False,9,1
156,0.1387,"[1462.1, 542.0, 1483.7, 606.8]",,,0.0,False,False,9,1
156,0.1208,"[1310.2, 510.6, 1329.1, 563.3]",,,0.0,False,False,9,1
156,0.1142,"[1900.8, 513.3, 1935.9, 605.8]",,,0.0,False,False,9,1
156,0.1057,"[776.2, 499.8, 795.2, 555.9]",,,0.0,False,False,9,1
156,0.1038,"[477.6, 419.5, 541.7, 525.5]",,,0.0,False,False,9,1
157,0.4794,"[1327.1, 497.1, 1347.3, 552.5]",,,0.0,False,False,8,0
157,0.4114,"[1013.9, 480.9, 1028.7, 515.4]",,,0.0,False,False,8,0
157,0.2817,"[775.6, 495.1, 795.8, 545.7]",,,0.0,False,False,8,0
157,0.246,"[1452.6, 532.9, 1479.6, 598.4]",,,0.0,False,False,8,0
157,0.1991,"[1586.2, 538.3, 1607.9, 601.1]",,,0.0,False,False,8,0
157,0.1573,"[1447.2, 533.2, 1471.5, 596.0]",,,0.0,False,False,8,0
157,0.1411,"[1486.4, 532.6, 1505.2, 590.6]",,,0.0,False,False,8,0
157,0.1289,"[1456.7, 534.9, 1483.7, 602.4]",,,0.0,False,False,8,0
158,0.4808,"[66.8, -148.8, 442.8, 853.2]",,,0.0032,False,False,5,1
158,0.4585,"[1405.4, 534.9, 1424.2, 581.5]",,,0.0,False,False,5,1
158,0.3842,"[397.6, 668.9, 461.0, 874.1]",,,0.0,False,False,5,1
158,0.3299,"[772.9, 517.7, 793.1, 568.4]",,,0.0,False,False,5,1
158,0.1511,"[1447.2, 554.2, 1468.8, 613.6]",,,0.0,False,False,5,1
159,0.5089,"[1551.2, 527.9, 1567.4, 585.2]",,,0.0,False,False,5,1
159,0.4903,"[1148.9, 519.1, 1178.6, 592.7]",90,"[1149.4730844607268, 519.0381396769232, 1179.1919546017732, 591.227485323077]",0.9397,True,False,5,1
159,0.4875,"[1451.2, 532.6, 1475.6, 597.4]",,,0.0,False,False,5,1
159,0.4095,"[770.9, 497.1, 793.8, 551.8]",,,0.0,False,False,5,1
159,0.1079,"[1311.5, 502.9, 1330.4, 558.2]",,,0.0,False,False,5,1
160,0.5772,"[1327.1, 514.0, 1346.0, 568.0]",,,0.0,False,False,5,0
160,0.5086,"[770.2, 518.1, 791.8, 571.4]",,,0.0,False,False,5,0
160,0.3085,"[1437.8, 548.8, 1456.7, 604.1]",,,0.0,False,False,5,0
160,0.2081,"[1906.2, 566.3, 1935.9, 637.2]",,,0.0,False,False,5,0
160,0.1061,"[1725.3, 557.9, 1757.7, 654.4]",,,0.0,False,False,5,0
161,0.4261,"[730.4, 517.0, 754.7, 587.9]",,,0.0,False,False,6,1
161,0.3345,"[1312.9, 517.0, 1330.4, 573.1]",,,0.0,False,False,6,1
161,0.2358,"[1910.3, 566.7, 1945.4, 653.1]",,,0.0,False,False,6,1
161,0.217,"[770.9, 506.6, 793.8, 561.9]",,,0.0,False,False,6,1
161,0.1598,"[1454.0, 545.7, 1475.6, 607.8]",,,0.0,False,False,6,1
161,0.127,"[-122.9, 799.2, 27.9, 1243.4]",,,0.0,False,False,6,1
162,0.5002,"[727.0, 522.5, 751.3, 591.3]",,,0.0,False,False,9,1
162,0.4696,"[767.5, 512.0, 790.4, 568.0]",,,0.0,False,False,9,1
162,0.3718,"[1309.5, 512.3, 1328.4, 567.0]",,,0.0,False,False,9,1
162,0.3206,"[1010.5, 500.5, 1024.0, 537.0]",,,0.0,False,False,9,1
162,0.3084,"[1327.7, 510.0, 1346.6, 563.3]",,,0.0,False,False,9,1
162,0.1402,"[1486.4, 542.0, 1510.7, 608.9]",,,0.0,False,False,9,1
162,0.1363,"[1425.6, 538.0, 1441.8, 581.9]",,,0.0,False,False,9,1
162,0.1262,"[1913.0, 538.7, 1945.4, 626.4]",,,0.0,False,False,9,1
162,0.126,"[1911.6, 529.9, 1941.3, 610.9]",,,0.0,False,False,9,1
163,0.45,"[1915.7, 541.0, 1942.7, 613.9]",,,0.0,False,False,5,1
163,0.3568,"[1328.4, 507.6, 1350.0, 569.0]",,,0.0,False,False,5,1
163,0.3411,"[1428.3, 530.2, 1447.2, 580.8]",,,0.0,False,False,5,1
163,0.2317,"[328.4, 714.2, 390.5, 942.3]",,,0.0,False,False,5,1
163,0.1762,"[346.3, 710.8, 398.2, 918.7]",,,0.0,False,False,5,1
164,0.3746,"[142.3, 745.9, 256.0, 1059.1]",,,0.0,False,False,7,1
164,0.1917,"[1329.1, 505.6, 1350.7, 565.0]",,,0.0,False,False,7,1
164,0.1895,"[1007.8, 494.1, 1024.0, 535.3]",,,0.0,False,False,7,1
164,0.186,"[1458.0, 535.6, 1479.6, 599.7]",,,0.0,False,False,7,1
164,0.1333,"[1503.9, 536.6, 1525.5, 604.1]",,,0.0,False,False,7,1
164,0.1082,"[1009.8, 492.4, 1026.0, 530.9]",,,0.0,False,False,7,1
164,0.1059,"[310.5, 701.3, 382.1, 917.3]",98,"[307.80865763412135, 691.3073547363281, 374.1923189283787, 923.5073425292968]",0.804,True,False,7,1
165,0.4443,"[1140.1, 522.1, 1173.8, 595.0]",90,"[1143.5704517957922, 527.3532080072242, 1173.201520860458, 598.9821191412134]",0.7777,True,False,3,2
165,0.3955,"[720.9, 513.7, 747.9, 582.5]",,,0.0,False,False,3,2
165,0.3951,"[764.8, 507.3, 786.4, 559.2]",,,0.0,False,False,3,2
166,0.5508,"[1309.5, 501.2, 1329.8, 557.2]",99,"[1310.3639822109444, 499.1283260035494, 1331.2063302890554, 557.4324650120757]",0.8595,True,False,4,1
166,0.3597,"[1143.5, 520.4, 1175.9, 590.6]",,,0.0,False,False,4,1
166,0.1539,"[1328.4, 499.2, 1350.0, 557.9]",99,"[1310.3639822109444, 499.1283260035494, 1331.2063302890554, 557.4324650120757]",0.0705,False,False,4,1
166,0.1528,"[1009.8, 489.4, 1026.0, 526.5]",,,0.0,False,False,4,1
167,0.2602,"[1555.2, 522.5, 1574.1, 585.2]",,,0.0,False,False,4,0
167,0.2088,"[1444.5, 395.6, 1455.3, 428.0]",,,0.0,False,False,4,0
167,0.1712,"[101.2, 758.0, 197.1, 1024.0]",,,0.0,False,False,4,0
167,0.1107,"[1330.4, 496.8, 1352.0, 556.2]",,,0.0,False,False,4,0
168,0.5156,"[1152.2, 515.7, 1177.9, 588.6]",90,"[1140.661688394279, 517.7749083693332, 1173.024346761971, 595.6501404587917]",0.505,True,False,5,2
168,0.4504,"[1144.1, 517.0, 1175.2, 589.3]",90,"[1140.661688394279, 517.7749083693332, 1173.024346761971, 595.6501404587917]",0.7663,True,False,5,2
168,0.2968,"[1140.8, 518.4, 1167.8, 587.2]",90,"[1140.661688394279, 517.7749083693332, 1173.024346761971, 595.6501404587917]",0.7376,True,False,5,2
168,0.2147,"[1331.8, 496.1, 1353.4, 554.2]",99,"[1313.702971055888, 498.4303920982508, 1333.2543043347368, 553.3590366126866]",0.0362,False,False,5,2
168,0.1142,"[1517.4, 526.2, 1536.3, 591.6]",,,0.0,False,False,5,2
169,0.2859,"[1435.1, 518.7, 1451.2, 566.0]",,,0.0,False,False,4,1
169,0.2488,"[1474.2, 523.5, 1493.1, 583.5]",,,0.0,False,False,4,1
169,0.2469,"[1517.4, 523.1, 1539.0, 591.3]",79,"[1513.0246803947607, 523.855067033884, 1537.9125754646143, 596.7596790598659]",0.7268,True,False,4,1
169,0.161,"[1524.2, 523.5, 1543.1, 584.9]",79,"[1513.0246803947607, 523.855067033884, 1537.9125754646143, 596.7596790598659]",0.3933,True,False,4,1
170,0.3543,"[1334.5, 496.8, 1357.4, 557.5]",,,0.0,False,False,7,0
170,0.1978,"[1466.1, 523.1, 1487.7, 590.0]",,,0.0,False,False,7,0
170,0.1842,"[1013.2, 483.6, 1026.7, 513.3]",,,0.0,False,False,7,0
170,0.1661,"[1433.7, 515.4, 1452.6, 567.3]",,,0.0,False,False,7,0
170,0.1233,"[1532.2, 525.5, 1551.2, 585.6]",,,0.0,False,False,7,0
170,0.1064,"[1528.2, 524.1, 1547.1, 584.9]",,,0.0,False,False,7,0
170,0.1042,"[1521.5, 524.5, 1543.1, 587.9]",,,0.0,False,False,7,0
171,0.2168,"[1334.5, 497.8, 1356.1, 554.5]",,,0.0,False,False,1,0
172,0.5553,"[1436.4, 522.8, 1455.3, 572.1]",,,0.0,False,False,4,1
172,0.5441,"[622.4, 498.2, 639.9, 544.7]",,,0.0,False,False,4,1
172,0.2984,"[1478.2, 529.9, 1497.2, 595.4]",,,0.0,False,False,4,1
172,0.1938,"[1152.2, 519.1, 1175.2, 589.3]",105,"[1153.5772656260203, 519.9100642856432, 1176.21228515523, 587.2590030971693]",0.8653,True,False,4,1
173,0.5331,"[1513.4, 534.9, 1535.0, 601.8]",,,0.0,False,False,5,3
173,0.5008,"[1543.1, 533.6, 1562.0, 599.1]",16,"[1540.4851367831768, 528.8087740606032, 1562.4672557949484, 594.0715970331466]",0.7477,True,False,5,3
173,0.3042,"[588.9, 532.2, 616.6, 610.5]",,,0.0,False,False,5,3
173,0.252,"[619.0, 500.2, 636.5, 542.0]",,,0.0,False,False,5,3
173,0.1304,"[1436.4, 520.8, 1452.6, 566.7]",,,0.0,False,False,5,3
174,0.5461,"[1437.8, 524.5, 1456.7, 570.4]",,,0.0,False,False,3,1
174,0.2994,"[1150.2, 520.8, 1173.2, 591.6]",,,0.0,False,False,3,1
174,0.2983,"[1012.5, 489.0, 1026.0, 520.1]",,,0.0,False,False,3,1
175,0.518,"[1150.2, 527.5, 1173.2, 592.3]",,,0.0,False,False,3,0
175,0.2453,"[708.8, 362.5, 719.6, 388.1]",,,0.0,False,False,3,0
175,0.2144,"[657.8, 484.7, 671.3, 519.8]",,,0.0,False,False,3,0
176,0.4532,"[712.8, 492.8, 726.3, 524.5]",,,0.0,False,False,5,1
176,0.4459,"[567.3, 504.9, 582.2, 543.4]",,,0.0,False,False,5,1
176,0.3845,"[1525.5, 547.1, 1549.8, 616.6]",,,0.0,False,False,5,1
176,0.2864,"[1012.5, 489.4, 1026.0, 520.4]",,,0.0,False,False,5,1
176,0.1207,"[1803.6, 544.0, 1827.9, 612.2]",,,0.0,False,False,5,1
177,0.5093,"[564.3, 503.6, 581.2, 547.4]",,,0.0,False,False,6,1
177,0.4053,"[1011.2, 489.7, 1024.7, 523.5]",,,0.0,False,False,6,1
177,0.2891,"[711.5, 495.1, 725.0, 528.2]",,,0.0,False,False,6,1
177,0.2186,"[1806.3, 547.8, 1830.6, 618.6]",,,0.0,False,False,6,1
177,0.1733,"[1566.0, 544.0, 1587.6, 615.6]",,,0.0,False,False,6,1
177,0.124,"[656.8, 487.7, 670.3, 521.4]",,,0.0,False,False,6,1
178,0.5574,"[1011.2, 490.7, 1024.7, 523.8]",,,0.0,False,False,6,0
178,0.4738,"[1535.0, 543.4, 1556.6, 615.6]",,,0.0,False,False,6,0
178,0.2901,"[656.8, 488.0, 670.3, 523.1]",,,0.0,False,False,6,0
178,0.2601,"[563.0, 504.6, 579.2, 548.4]",,,0.0,False,False,6,0
178,0.1687,"[709.4, 366.2, 717.5, 389.1]",,,0.0,False,False,6,0
178,0.1199,"[1479.6, 543.7, 1498.5, 606.5]",,,0.0,False,False,6,0
179,0.363,"[656.1, 485.7, 670.3, 522.1]",,,0.0,False,False,3,1
179,0.3367,"[1537.7, 546.1, 1562.0, 621.0]",,,0.0,False,False,3,1
179,0.3169,"[1012.5, 492.4, 1026.0, 524.1]",,,0.0,False,False,3,1
180,0.5598,"[559.6, 501.5, 578.5, 552.2]",,,0.0,False,False,6,0
180,0.5248,"[1444.5, 538.7, 1463.4, 585.9]",,,0.0,False,False,6,0
180,0.4027,"[516.0, 529.5, 549.8, 618.0]",,,0.0,False,False,6,0
180,0.3145,"[519.4, 521.8, 549.8, 594.7]",,,0.0,False,False,6,0
180,0.2602,"[1481.0, 546.8, 1499.9, 606.2]",,,0.0,False,False,6,0
180,0.146,"[1012.5, 493.1, 1024.7, 523.5]",,,0.0,False,False,6,0
181,0.5177,"[519.4, 523.1, 549.1, 593.3]",,,0.0,False,False,5,1
181,0.2658,"[513.7, 540.3, 548.1, 642.9]",,,0.0,False,False,5,1
181,0.2597,"[558.2, 504.6, 575.8, 551.1]",,,0.0,False,False,5,1
181,0.1672,"[1819.8, 560.2, 1844.1, 629.1]",,,0.0,False,False,5,1
181,0.1166,"[1486.4, 548.4, 1505.2, 613.9]",,,0.0,False,False,5,1
182,0.4794,"[629.1, 489.7, 645.3, 530.2]",106,"[630.2452038065079, 490.104218859171, 645.7312366231795, 529.785429578329]",0.8874,True,False,4,1
182,0.3786,"[1825.2, 562.6, 1849.5, 630.1]",,,0.0,False,False,4,1
182,0.1921,"[539.0, 518.7, 566.7, 586.9]",,,0.0,False,False,4,1
182,0.1434,"[1533.6, 553.5, 1555.2, 617.6]",,,0.0,False,False,4,1
183,0.4832,"[627.4, 490.7, 643.6, 531.2]",,,0.0,False,False,8,0
183,0.4618,"[556.2, 505.6, 574.4, 553.5]",,,0.0,False,False,8,0
183,0.3701,"[601.1, 506.9, 621.3, 554.2]",,,0.0,False,False,8,0
183,0.3115,"[1015.2, 494.4, 1027.3, 523.5]",,,0.0,False,False,8,0
183,0.1875,"[510.0, 541.7, 545.7, 638.9]",,,0.0,False,False,8,0
183,0.1412,"[1539.0, 554.9, 1563.3, 623.7]",,,0.0,False,False,8,0
183,0.1241,"[-24.1, 702.7, 64.8, 970.0]",,,0.0,False,False,8,0
183,0.1221,"[448.9, 511.7, 474.5, 575.1]",,,0.0,False,False,8,0
184,0.4373,"[625.4, 491.4, 642.3, 531.9]",,,0.0,False,False,6,0
184,0.2515,"[1015.2, 493.4, 1027.3, 522.5]",,,0.0,False,False,6,0
184,0.243,"[512.7, 530.9, 548.4, 630.8]",,,0.0,False,False,6,0
184,0.1837,"[506.3, 541.0, 546.1, 650.4]",,,0.0,False,False,6,0
184,0.1395,"[1491.8, 549.8, 1510.7, 606.5]",,,0.0,False,False,6,0
184,0.1248,"[1829.2, 588.9, 1856.2, 674.0]",,,0.0,False,False,6,0
185,0.2916,"[1834.7, 567.3, 1859.0, 629.4]",,,0.0,False,False,6,0
185,0.271,"[676.4, 495.8, 689.9, 531.6]",,,0.0,False,False,6,0
185,0.1644,"[610.2, 502.9, 625.7, 535.3]",,,0.0,False,False,6,0
185,0.1492,"[623.4, 496.1, 638.9, 531.2]",,,0.0,False,False,6,0
185,0.1377,"[1455.3, 531.6, 1474.2, 582.2]",,,0.0,False,False,6,0
185,0.1173,"[548.8, 504.2, 571.7, 571.7]",,,0.0,False,False,6,0
186,0.5641,"[505.2, 531.2, 545.7, 650.0]",,,0.0,False,False,13,1
186,0.4864,"[597.0, 504.6, 621.3, 557.9]",109,"[596.9978077037497, 507.1253234206963, 618.0664012806253, 560.0248230636787]",0.7949,True,False,13,1
186,0.3558,"[1551.2, 551.1, 1572.8, 623.4]",,,0.0,False,False,13,1
186,0.2675,"[692.6, 492.8, 707.4, 529.9]",,,0.0,False,False,13,1
186,0.266,"[599.7, 501.5, 622.7, 548.8]",109,"[596.9978077037497, 507.1253234206963, 618.0664012806253, 560.0248230636787]",0.5318,True,False,13,1
186,0.2464,"[1454.0, 532.9, 1475.6, 585.6]",,,0.0,False,False,13,1
186,0.2139,"[708.8, 494.1, 725.0, 531.9]",,,0.0,False,False,13,1
186,0.2097,"[497.8, 545.7, 535.6, 656.4]",,,0.0,False,False,13,1
186,0.1905,"[609.5, 501.9, 625.7, 533.6]",109,"[596.9978077037497, 507.1253234206963, 618.0664012806253, 560.0248230636787]",0.1612,False,False,13,1
186,0.1769,"[1834.7, 588.9, 1864.4, 665.9]",,,0.0,False,False,13,1
186,0.1401,"[608.9, 493.4, 627.8, 533.2]",109,"[596.9978077037497, 507.1253234206963, 618.0664012806253, 560.0248230636787]",0.148,False,False,13,1
186,0.1051,"[618.3, 495.1, 634.5, 532.2]",,,0.0,False,False,13,1
186,0.1001,"[675.7, 496.1, 689.9, 530.5]",,,0.0,False,False,13,1
187,0.5124,"[710.1, 494.1, 725.0, 531.2]",,,0.0,False,False,7,0
187,0.4889,"[548.8, 505.9, 573.1, 580.8]",,,0.0,False,False,7,0
187,0.4192,"[601.4, 502.9, 624.4, 545.4]",,,0.0,False,False,7,0
187,0.2602,"[607.8, 504.6, 624.7, 535.6]",,,0.0,False,False,7,0
187,0.1403,"[-95.8, 797.2, 45.6, 1099.6]",,,0.0,False,False,7,0
187,0.1124,"[1459.4, 532.6, 1478.2, 587.2]",,,0.0,False,False,7,0
187,0.1054,"[658.1, 492.1, 672.3, 529.2]",,,0.0,False,False,7,0
188,0.5422,"[691.9, 491.7, 706.7, 530.2]",,,0.0,False,False,4,1
188,0.52,"[549.8, 507.9, 570.0, 563.3]",,,0.0,False,False,4,1
188,0.5167,"[489.7, 539.7, 529.5, 649.7]",,,0.0,False,False,4,1
188,0.3451,"[708.1, 494.1, 722.9, 532.6]",,,0.0,False,False,4,1
189,0.506,"[1641.6, 556.5, 1663.2, 625.4]",92,"[1638.8531788161772, 551.4491973467408, 1664.5350047775728, 626.2563690595092]",0.7741,True,False,10,4
189,0.5046,"[548.4, 510.6, 568.7, 565.3]",,,0.0,False,False,10,4
189,0.4987,"[-81.1, 801.9, 81.0, 1127.2]",23,"[-73.56068769800359, 798.9548411261044, 77.41420046198064, 1139.3748707879581]",0.8929,True,False,10,4
189,0.4575,"[598.4, 506.3, 620.7, 558.2]",109,"[596.9265997038048, 504.56631398773607, 618.8531854524454, 558.6376655044514]",0.8313,True,False,10,4
189,0.4439,"[487.0, 555.9, 522.1, 657.8]",,,0.0,False,False,10,4
189,0.3929,"[691.9, 494.4, 706.7, 530.9]",,,0.0,False,False,10,4
189,0.2964,"[1863.0, 536.0, 1887.3, 615.6]",,,0.0,False,False,10,4
189,0.1788,"[1013.9, 493.8, 1027.3, 526.2]",112,"[1014.0208555363557, 493.7633686171238, 1028.3785585261442, 527.3012065781887]",0.8866,True,False,10,4
189,0.1714,"[1606.5, 552.8, 1628.1, 624.4]",,,0.0,False,False,10,4
189,0.1344,"[708.8, 494.8, 723.6, 532.6]",,,0.0,False,False,10,4
190,0.5539,"[592.7, 505.6, 617.0, 558.2]",,,0.0,False,False,9,2
190,0.4984,"[691.2, 492.8, 706.1, 530.5]",,,0.0,False,False,9,2
190,0.4847,"[549.8, 536.6, 582.2, 618.3]",108,"[551.0596868095744, 531.6190021932325, 580.692876666988, 617.3565837442675]",0.8561,True,False,9,2
190,0.4629,"[1516.1, 543.7, 1535.0, 609.9]",,,0.0,False,False,9,2
190,0.425,"[1464.8, 530.9, 1483.7, 580.8]",,,0.0,False,False,9,2
190,0.2561,"[1015.2, 491.4, 1028.7, 525.2]",,,0.0,False,False,9,2
190,0.2063,"[482.3, 548.4, 522.1, 658.5]",,,0.0,False,False,9,2
190,0.192,"[598.1, 506.6, 620.3, 556.5]",,,0.0,False,False,9,2
190,0.1534,"[1863.0, 533.9, 1890.0, 613.6]",,,0.0,False,False,9,2
191,0.4634,"[535.3, 529.9, 571.7, 619.0]",,,0.0,False,False,6,1
191,0.424,"[1509.3, 542.0, 1530.9, 608.2]",,,0.0,False,False,6,1
191,0.2069,"[1466.1, 534.3, 1485.0, 583.5]",,,0.0,False,False,6,1
191,0.1411,"[596.7, 507.6, 619.7, 558.9]",,,0.0,False,False,6,1
191,0.1202,"[1015.9, 491.7, 1029.4, 526.2]",,,0.0,False,False,6,1
191,0.1201,"[1867.1, 531.2, 1894.1, 609.5]",,,0.0,False,False,6,1
192,0.5565,"[753.3, 504.2, 777.6, 563.6]",,,0.0,False,False,8,0
192,0.5512,"[543.0, 510.0, 566.0, 576.1]",,,0.0,False,False,8,0
192,0.4869,"[527.9, 533.9, 560.9, 621.7]",,,0.0,False,False,8,0
192,0.4813,"[691.2, 494.4, 707.4, 532.9]",,,0.0,False,False,8,0
192,0.3916,"[1620.0, 540.3, 1641.6, 616.6]",,,0.0,False,False,8,0
192,0.1529,"[1872.5, 529.9, 1899.5, 608.2]",,,0.0,False,False,8,0
192,0.146,"[1512.0, 540.0, 1530.9, 604.1]",,,0.0,False,False,8,0
192,0.1021,"[595.0, 505.9, 618.6, 559.2]",,,0.0,False,False,8,0
193,0.4646,"[751.3, 504.2, 776.9, 566.3]",,,0.0,False,False,13,1
193,0.4321,"[707.4, 500.9, 726.3, 544.7]",,,0.0,False,False,13,1
193,0.3852,"[459.3, 513.0, 485.0, 575.8]",,,0.0,False,False,13,1
193,0.3145,"[1015.9, 492.4, 1030.7, 526.2]",,,0.0,False,False,13,1
193,0.2893,"[1091.5, 509.6, 1107.7, 552.8]",,,0.0,False,False,13,1
193,0.2744,"[1512.0, 541.4, 1528.2, 600.8]",,,0.0,False,False,13,1
193,0.2275,"[754.7, 502.5, 779.0, 555.2]",,,0.0,False,False,13,1
193,0.2075,"[1572.8, 540.0, 1597.1, 610.2]",,,0.0,False,False,13,1
193,0.1865,"[663.5, 500.9, 677.7, 539.3]",,,0.0,False,False,13,1
193,0.167,"[1567.4, 544.7, 1591.7, 614.9]",,,0.0,False,False,13,1
193,0.1578,"[591.3, 509.6, 614.9, 563.6]",109,"[596.0387370582055, 509.79832325394136, 618.0699055199195, 562.8025068241836]",0.694,True,False,13,1
193,0.1321,"[690.5, 494.8, 706.7, 535.3]",,,0.0,False,False,13,1
193,0.1203,"[587.9, 497.5, 608.9, 550.1]",109,"[596.0387370582055, 509.79832325394136, 618.0699055199195, 562.8025068241836]",0.2947,False,False,13,1
194,0.5617,"[1526.9, 541.4, 1545.8, 610.2]",,,0.0,False,False,12,1
194,0.5015,"[708.1, 501.9, 727.0, 545.7]",,,0.0,False,False,12,1
194,0.3772,"[457.0, 519.1, 484.0, 581.2]",,,0.0,False,False,12,1
194,0.3694,"[527.5, 539.3, 557.2, 627.8]",,,0.0,False,False,12,1
194,0.303,"[691.9, 496.5, 708.1, 538.3]",,,0.0,False,False,12,1
194,0.2913,"[663.2, 501.9, 677.4, 540.3]",,,0.0,False,False,12,1
194,0.2715,"[1869.8, 537.0, 1904.9, 622.0]",,,0.0,False,False,12,1
194,0.1567,"[1518.8, 542.7, 1540.4, 614.2]",,,0.0,False,False,12,1
194,0.1438,"[585.2, 497.8, 606.8, 547.1]",,,0.0,False,False,12,1
194,0.1242,"[610.9, 499.5, 630.5, 540.0]",,,0.0,False,False,12,1
194,0.1172,"[475.9, 563.6, 513.0, 671.0]",,,0.0,False,False,12,1
194,0.1016,"[1094.8, 515.4, 1109.7, 558.6]",,,0.0,False,False,12,1
195,0.5575,"[1656.5, 538.7, 1678.1, 600.8]",,,0.0,False,False,8,0
195,0.4554,"[581.2, 515.0, 606.8, 577.8]",,,0.0,False,False,8,0
195,0.4491,"[1475.6, 523.5, 1494.5, 574.8]",,,0.0,False,False,8,0
195,0.3612,"[749.9, 506.6, 776.9, 570.7]",,,0.0,False,False,8,0
195,0.3287,"[581.5, 501.9, 602.4, 549.8]",,,0.0,False,False,8,0
195,0.2832,"[449.6, 520.4, 475.2, 583.2]",,,0.0,False,False,8,0
195,0.2126,"[704.7, 501.5, 725.0, 547.4]",,,0.0,False,False,8,0
195,0.1378,"[689.5, 497.8, 706.7, 539.7]",,,0.0,False,False,8,0
196,0.463,"[583.2, 518.7, 607.5, 579.5]",,,0.0,False,False,9,1
196,0.4304,"[1471.5, 525.2, 1493.1, 576.5]",,,0.0,False,False,9,1
196,0.3321,"[518.4, 545.4, 550.1, 636.5]",,,0.0,False,False,9,1
196,0.2481,"[460.7, 565.3, 503.2, 684.1]",,,0.0,False,False,9,1
196,0.2473,"[1521.5, 537.3, 1543.1, 609.5]",,,0.0,False,False,9,1
196,0.2052,"[450.9, 525.2, 477.9, 588.6]",,,0.0,False,False,9,1
196,0.1704,"[828.9, 495.1, 846.5, 536.3]",,,0.0,False,False,9,1
196,0.1491,"[1695.6, 535.3, 1722.6, 609.5]",68,"[1685.2206260024695, 542.9357016218113, 1714.1958779037807, 626.1391274797513]",0.3897,True,False,9,1
196,0.1127,"[94.0, 603.1, 172.0, 735.1]",,,0.0,False,False,9,1
197,0.3935,"[705.4, 506.3, 725.6, 552.8]",,,0.0,False,False,7,0
197,0.389,"[1466.1, 523.1, 1485.0, 572.4]",,,0.0,False,False,7,0
197,0.3427,"[521.1, 545.4, 553.5, 639.2]",,,0.0,False,False,7,0
197,0.3127,"[1522.8, 533.9, 1544.4, 603.5]",,,0.0,False,False,7,0
197,0.2991,"[689.9, 498.5, 707.4, 541.7]",,,0.0,False,False,7,0
197,0.2946,"[1572.8, 536.3, 1594.4, 605.1]",,,0.0,False,False,7,0
197,0.1139,"[753.3, 508.3, 779.0, 566.3]",,,0.0,False,False,7,0
198,0.4463,"[1475.6, 525.2, 1494.5, 573.1]",,,0.0,False,False,6,0
198,0.436,"[689.2, 499.8, 706.7, 542.4]",,,0.0,False,False,6,0
198,0.354,"[1524.2, 531.9, 1545.8, 600.8]",,,0.0,False,False,6,0
198,0.2886,"[578.8, 503.9, 598.4, 558.6]",,,0.0,False,False,6,0
198,0.2191,"[704.0, 503.6, 724.3, 552.2]",,,0.0,False,False,6,0
198,0.1018,"[697.3, 503.6, 717.5, 549.5]",,,0.0,False,False,6,0
199,0.5114,"[703.4, 500.9, 722.2, 544.7]",,,0.0,False,False,8,1
199,0.409,"[671.0, 500.9, 687.2, 540.7]",,,0.0,False,False,8,1
199,0.3418,"[1094.2, 514.4, 1109.0, 556.9]",,,0.0,False,False,8,1
199,0.28,"[1478.2, 522.1, 1497.2, 572.7]",,,0.0,False,False,8,1
199,0.1977,"[706.7, 501.5, 724.3, 542.0]",,,0.0,False,False,8,1
199,0.1861,"[1575.5, 534.3, 1597.1, 607.8]",,,0.0,False,False,8,1
199,0.1396,"[578.1, 525.5, 599.1, 582.2]",109,"[577.3825605937942, 523.9735234700029, 602.5041581562058, 585.5040155924971]",0.7676,True,False,8,1
199,0.1334,"[1591.7, 533.9, 1613.2, 611.6]",,,0.0,False,False,8,1
200,0.5179,"[1530.9, 539.7, 1549.8, 607.8]",,,0.0,False,False,8,0
200,0.433,"[1481.0, 525.5, 1499.9, 575.4]",,,0.0,False,False,8,0
200,0.3406,"[1898.1, 531.2, 1952.1, 679.7]",,,0.0,False,False,8,0
200,0.197,"[641.9, 505.9, 658.8, 550.5]",,,0.0,False,False,8,0
200,0.1859,"[706.1, 499.5, 723.6, 542.7]",,,0.0,False,False,8,0
200,0.1515,"[1898.1, 568.4, 1944.0, 679.1]",,,0.0,False,False,8,0
200,0.141,"[671.3, 498.8, 688.2, 539.3]",,,0.0,False,False,8,0
200,0.1105,"[651.7, 504.9, 668.6, 550.8]",,,0.0,False,False,8,0
201,0.3327,"[1529.6, 539.3, 1551.2, 605.5]",,,0.0,False,False,6,0
201,0.3161,"[1900.8, 533.2, 1938.6, 627.8]",,,0.0,False,False,6,0
201,0.2751,"[1597.1, 541.0, 1618.7, 614.6]",,,0.0,False,False,6,0
201,0.1501,"[706.7, 495.5, 724.3, 539.3]",,,0.0,False,False,6,0
201,0.1449,"[1896.8, 536.0, 1948.1, 675.7]",,,0.0,False,False,6,0
201,0.125,"[1896.8, 569.4, 1942.7, 679.4]",,,0.0,False,False,6,0
202,0.5686,"[1594.4, 544.7, 1618.7, 621.7]",,,0.0,False,False,7,1
202,0.5566,"[1485.0, 525.2, 1503.9, 577.1]",,,0.0,False,False,7,1
202,0.5544,"[828.2, 492.1, 845.8, 537.3]",119,"[827.5951899073024, 493.7722595747736, 844.5696050145725, 537.5786925736638]",0.8615,True,False,7,1
202,0.4374,"[1895.4, 575.1, 1941.3, 682.4]",,,0.0,False,False,7,1
202,0.1985,"[1705.1, 542.4, 1734.8, 626.1]",,,0.0,False,False,7,1
202,0.187,"[1533.6, 539.3, 1552.5, 608.2]",,,0.0,False,False,7,1
202,0.1472,"[702.0, 496.1, 720.9, 541.4]",,,0.0,False,False,7,1
203,0.5775,"[827.6, 491.7, 845.1, 537.6]",,,0.0,False,False,6,0
203,0.4236,"[1902.2, 571.7, 1945.4, 685.8]",,,0.0,False,False,6,0
203,0.3818,"[700.0, 502.9, 718.9, 548.8]",,,0.0,False,False,6,0
203,0.3611,"[1481.0, 530.9, 1499.9, 582.2]",,,0.0,False,False,6,0
203,0.1577,"[699.3, 493.8, 718.2, 539.0]",,,0.0,False,False,6,0
203,0.1281,"[668.9, 494.8, 685.8, 536.0]",,,0.0,False,False,6,0
204,0.5427,"[828.2, 487.7, 845.8, 532.9]",,,0.0,False,False,5,0
204,0.474,"[1161.0, 492.8, 1175.9, 526.5]",,,0.0,False,False,5,0
204,0.4354,"[1481.0, 529.9, 1499.9, 581.9]",,,0.0,False,False,5,0
204,0.3539,"[702.0, 491.7, 718.2, 534.3]",,,0.0,False,False,5,0
204,0.1832,"[1485.0, 531.6, 1503.9, 580.8]",,,0.0,False,False,5,0
205,0.3433,"[652.4, 498.2, 666.6, 540.7]",,,0.0,False,False,7,0
205,0.2425,"[706.1, 368.2, 715.5, 392.5]",,,0.0,False,False,7,0
205,0.1635,"[701.3, 489.4, 717.5, 533.2]",,,0.0,False,False,7,0
205,0.1308,"[828.9, 486.0, 846.5, 531.2]",,,0.0,False,False,7,0
205,0.1249,"[1487.7, 530.9, 1506.6, 580.8]",,,0.0,False,False,7,0
205,0.1091,"[668.6, 489.4, 684.1, 530.5]",,,0.0,False,False,7,0
205,0.1016,"[1907.6, 548.8, 1942.7, 629.8]",,,0.0,False,False,7,0
206,0.2771,"[668.6, 490.4, 682.8, 528.2]",,,0.0,False,False,8,0
206,0.2618,"[1543.1, 539.0, 1564.7, 606.5]",,,0.0,False,False,8,0
206,0.2331,"[651.4, 499.8, 664.9, 539.7]",,,0.0,False,False,8,0
206,0.1684,"[1908.9, 545.7, 1944.0, 628.8]",,,0.0,False,False,8,0
206,0.1199,"[1649.7, 529.5, 1668.6, 586.9]",,,0.0,False,False,8,0
206,0.1098,"[702.0, 491.4, 718.2, 533.2]",,,0.0,False,False,8,0
206,0.1081,"[1489.1, 531.2, 1508.0, 580.5]",,,0.0,False,False,8,0
206,0.1027,"[1788.8, 538.0, 1818.5, 619.0]",,,0.0,False,False,8,0
207,0.3344,"[699.3, 490.1, 716.9, 532.6]",,,0.0,False,False,3,0
207,0.2936,"[646.7, 495.1, 661.5, 534.9]",,,0.0,False,False,3,0
207,0.1127,"[668.9, 483.6, 684.5, 521.4]",,,0.0,False,False,3,0
208,0.4,"[1489.1, 531.2, 1510.7, 581.9]",,,0.0,False,False,5,1
208,0.3019,"[1557.9, 544.7, 1576.8, 612.9]",,,0.0,False,False,5,1
208,0.2934,"[1551.2, 541.0, 1572.8, 613.2]",,,0.0,False,False,5,1
208,0.2216,"[668.2, 483.0, 683.1, 521.4]",,,0.0,False,False,5,1
208,0.1414,"[700.7, 486.0, 715.5, 527.2]",,,0.0,False,False,5,1
209,0.2801,"[1553.9, 545.4, 1575.5, 619.7]",,,0.0,False,False,7,0
209,0.2751,"[1008.5, 487.7, 1022.0, 523.5]",,,0.0,False,False,7,0
209,0.261,"[1659.2, 534.6, 1678.1, 594.7]",,,0.0,False,False,7,0
209,0.2449,"[667.9, 479.6, 684.8, 518.7]",,,0.0,False,False,7,0
209,0.1928,"[743.9, 477.6, 765.5, 525.5]",,,0.0,False,False,7,0
209,0.1081,"[1552.5, 545.7, 1571.4, 609.9]",,,0.0,False,False,7,0
209,0.1004,"[648.0, 491.4, 662.9, 533.2]",,,0.0,False,False,7,0
210,0.4906,"[1657.8, 535.3, 1676.7, 596.7]",,,0.0,False,False,8,1
210,0.3925,"[1553.9, 549.8, 1575.5, 621.3]",,,0.0,False,False,8,1
210,0.3764,"[668.9, 474.2, 686.5, 515.4]",,,0.0,False,False,8,1
210,0.3653,"[1729.4, 570.0, 1756.4, 648.3]",68,"[1729.4974570055417, 571.3096617995859, 1756.6451211194585, 649.4123840988515]",0.9549,True,False,8,1
210,0.1831,"[1668.6, 543.7, 1690.2, 603.1]",,,0.0,False,False,8,1
210,0.1715,"[799.9, 475.5, 817.4, 518.1]",,,0.0,False,False,8,1
210,0.1523,"[828.9, 477.2, 846.5, 519.8]",,,0.0,False,False,8,1
210,0.1106,"[646.3, 482.6, 662.5, 529.9]",,,0.0,False,False,8,1
211,0.4378,"[1732.1, 563.3, 1759.1, 643.6]",,,0.0,False,False,6,2
211,0.4315,"[1671.3, 539.3, 1692.9, 598.1]",,,0.0,False,False,6,2
211,0.3952,"[1656.5, 530.2, 1675.4, 586.9]",,,0.0,False,False,6,2
211,0.2062,"[575.8, 498.2, 598.7, 550.8]",109,"[575.9774448857916, 496.83899681248226, 597.5893275751461, 551.1126633437677]",0.9151,True,False,6,2
211,0.1769,"[1100.2, 527.9, 1130.0, 610.9]",105,"[1099.979318911175, 529.0312517492296, 1133.2118431982, 616.3579084070203]",0.8276,True,False,6,2
211,0.1647,"[827.6, 477.9, 845.1, 520.4]",,,0.0,False,False,6,2
212,0.5024,"[1599.8, 544.7, 1624.1, 612.2]",,,0.0,False,False,7,0
212,0.4083,"[669.6, 470.8, 688.5, 513.3]",,,0.0,False,False,7,0
212,0.1571,"[-10.0, 57.0, 290.8, 587.6]",,,0.0,False,False,7,0
212,0.1412,"[703.4, 472.5, 720.9, 520.4]",,,0.0,False,False,7,0
212,0.1214,"[647.0, 478.6, 662.5, 522.5]",,,0.0,False,False,7,0
212,0.1073,"[801.2, 474.5, 818.8, 516.4]",,,0.0,False,False,7,0
212,0.1057,"[1572.8, 546.8, 1591.7, 614.2]",,,0.0,False,False,7,0
213,0.253,"[516.7, 493.8, 538.3, 553.8]",,,0.0,False,False,6,1
213,0.2306,"[1499.9, 527.2, 1521.5, 579.8]",,,0.0,False,False,6,1
213,0.2091,"[669.6, 470.5, 687.8, 512.3]",,,0.0,False,False,6,1
213,0.1659,"[644.0, 481.3, 660.8, 527.2]",,,0.0,False,False,6,1
213,0.1518,"[561.6, 492.1, 579.8, 536.0]",,,0.0,False,False,6,1
213,0.1407,"[1553.9, 545.4, 1575.5, 606.8]",,,0.0,False,False,6,1
214,0.4637,"[575.4, 495.8, 599.7, 551.1]",109,"[578.6022802292343, 494.5177325043231, 599.8903955520157, 546.2060223784895]",0.7723,True,False,5,2
214,0.3211,"[830.2, 475.9, 847.8, 517.0]",119,"[830.9720147859626, 476.4168162082518, 847.0090643155999, 516.8129811550295]",0.8965,True,False,5,2
214,0.2695,"[646.3, 479.6, 662.5, 523.5]",,,0.0,False,False,5,2
214,0.2532,"[517.7, 489.7, 539.3, 549.1]",,,0.0,False,False,5,2
214,0.1793,"[1576.8, 542.7, 1598.4, 611.6]",,,0.0,False,False,5,2
215,0.5199,"[1746.9, 554.5, 1773.9, 638.9]",68,"[1746.9328088899713, 555.9659335125718, 1775.883841500654, 640.7877285968032]",0.8953,True,False,4,3
215,0.1612,"[531.9, 520.8, 561.6, 608.5]",,,0.0,False,False,4,3
215,0.1069,"[706.1, 472.5, 723.6, 518.4]",,,0.0,False,False,4,3
215,0.1032,"[1559.2, 543.4, 1580.9, 603.5]",,,0.0,False,False,4,3
216,0.1648,"[706.7, 470.5, 724.3, 516.4]",,,0.0,False,False,2,0
216,0.1166,"[1566.0, 544.0, 1584.9, 608.9]",,,0.0,False,False,2,0
217,0.5229,"[-25.1, 515.7, 22.2, 650.0]",121,"[-33.46090697034849, 516.6590456506541, 19.79564951643004, 658.290905521221]",0.7574,True,False,4,2
217,0.4718,"[570.7, 497.5, 595.0, 563.6]",109,"[570.6580356267378, 498.1164068681651, 596.0171352716998, 560.0459466474599]",0.8995,True,False,4,2
217,0.1725,"[491.7, 529.2, 524.8, 632.5]",,,0.0,False,False,4,2
217,0.1667,"[705.4, 472.2, 724.3, 517.4]",,,0.0,False,False,4,2
218,0.4339,"[829.6, 477.2, 847.1, 516.4]",119,"[829.0511219285978, 475.11721083135916, 845.8493907667148, 516.7593760827034]",0.8501,True,False,5,2
218,0.419,"[706.1, 472.2, 723.6, 517.4]",,,0.0,False,False,5,2
218,0.2824,"[1091.5, 528.5, 1121.2, 617.0]",,,0.0,False,False,5,2
218,0.1826,"[1499.9, 521.1, 1524.2, 578.5]",5,"[1501.7586214423218, 520.796131464512, 1523.522872698303, 577.210460332363]",0.8718,True,False,5,2
218,0.1643,"[492.1, 525.8, 525.8, 625.7]",,,0.0,False,False,5,2
219,0.5646,"[368.6, 500.5, 406.4, 589.6]",,,0.0,False,False,6,0
219,0.5214,"[830.2, 476.6, 846.5, 515.7]",,,0.0,False,False,6,0
219,0.381,"[1090.8, 529.5, 1120.5, 616.6]",,,0.0,False,False,6,0
219,0.3051,"[706.1, 472.5, 723.6, 515.7]",,,0.0,False,False,6,0
219,0.2664,"[490.4, 526.8, 524.8, 628.1]",,,0.0,False,False,6,0
219,0.1533,"[1082.0, 536.0, 1110.4, 617.6]",,,0.0,False,False,6,0
220,0.5092,"[691.2, 506.9, 715.5, 565.0]",,,0.0,False,False,8,1
220,0.4886,"[569.7, 491.7, 591.3, 547.8]",109,"[567.3943947126072, 499.96829285486626, 593.3474265764554, 564.4375909341962]",0.5577,True,False,8,1
220,0.4607,"[830.2, 477.2, 846.5, 517.7]",,,0.0,False,False,8,1
220,0.3697,"[491.4, 525.2, 525.8, 627.1]",,,0.0,False,False,8,1
220,0.3441,"[1082.0, 536.3, 1107.7, 618.0]",,,0.0,False,False,8,1
220,0.2221,"[1586.2, 536.0, 1607.9, 601.4]",,,0.0,False,False,8,1
220,0.204,"[571.7, 488.4, 589.3, 541.0]",109,"[567.3943947126072, 499.96829285486626, 593.3474265764554, 564.4375909341962]",0.3838,True,False,8,1
220,0.1308,"[568.0, 496.1, 591.6, 563.0]",109,"[567.3943947126072, 499.96829285486626, 593.3474265764554, 564.4375909341962]",0.8435,True,False,8,1
221,0.5347,"[487.7, 521.4, 525.5, 628.8]",,,0.0,False,False,9,0
221,0.4566,"[689.2, 512.3, 716.2, 582.5]",,,0.0,False,False,9,0
221,0.4139,"[1584.9, 539.0, 1606.5, 605.8]",,,0.0,False,False,9,0
221,0.2415,"[1087.4, 533.2, 1117.1, 610.9]",,,0.0,False,False,9,0
221,0.1981,"[1230.5, 712.1, 1296.7, 870.1]",,,0.0,False,False,9,0
221,0.1859,"[1512.0, 528.2, 1533.6, 582.9]",,,0.0,False,False,9,0
221,0.175,"[567.0, 495.5, 590.6, 566.3]",,,0.0,False,False,9,0
221,0.1143,"[830.2, 478.6, 846.5, 517.7]",,,0.0,False,False,9,0
221,0.1035,"[1710.5, 542.0, 1734.8, 619.0]",,,0.0,False,False,9,0
222,0.3637,"[488.7, 527.5, 527.2, 629.4]",,,0.0,False,False,6,0
222,0.362,"[704.7, 477.9, 722.2, 522.5]",,,0.0,False,False,6,0
222,0.3232,"[1590.3, 541.4, 1611.9, 621.0]",,,0.0,False,False,6,0
222,0.2256,"[830.9, 477.6, 845.8, 518.1]",,,0.0,False,False,6,0
222,0.1951,"[1586.2, 541.7, 1607.9, 612.6]",,,0.0,False,False,6,0
222,0.13,"[566.7, 500.9, 591.0, 568.4]",,,0.0,False,False,6,0
223,0.5016,"[566.7, 495.8, 593.7, 568.7]",,,0.0,False,False,7,1
223,0.3893,"[704.0, 478.6, 721.6, 521.8]",,,0.0,False,False,7,1
223,0.3796,"[1521.5, 524.5, 1543.1, 587.2]",,,0.0,False,False,7,1
223,0.3141,"[830.2, 477.2, 846.5, 518.4]",,,0.0,False,False,7,1
223,0.3019,"[1594.4, 539.3, 1616.0, 617.0]",,,0.0,False,False,7,1
223,0.1302,"[1601.1, 536.3, 1622.7, 610.5]",,,0.0,False,False,7,1
223,0.1122,"[1721.2, 536.3, 1742.9, 611.2]",,,0.0,False,False,7,1
224,0.5367,"[706.1, 482.0, 722.2, 523.8]",,,0.0,False,False,7,1
224,0.4197,"[689.9, 517.4, 719.6, 601.1]",,,0.0,False,False,7,1
224,0.3501,"[1713.2, 542.4, 1737.5, 621.3]",,,0.0,False,False,7,1
224,0.2383,"[566.3, 503.9, 592.0, 571.4]",,,0.0,False,False,7,1
224,0.2339,"[1529.6, 534.3, 1548.5, 591.0]",,,0.0,False,False,7,1
224,0.2146,"[1595.7, 544.4, 1617.3, 615.3]",,,0.0,False,False,7,1
224,0.1316,"[589.6, 490.1, 609.2, 536.6]",,,0.0,False,False,7,1
225,0.5124,"[1597.1, 536.6, 1618.7, 606.2]",,,0.0,False,False,8,1
225,0.4396,"[830.2, 479.9, 846.5, 520.4]",119,"[830.5237549937068, 479.86082753792056, 846.8291502797307, 520.3333863292669]",0.957,True,False,8,1
225,0.1669,"[571.7, 500.5, 594.0, 566.0]",,,0.0,False,False,8,1
225,0.1587,"[240.6, 227.1, 321.3, 530.9]",,,0.0,False,False,8,1
225,0.1565,"[345.4, 516.7, 379.4, 603.1]",,,0.0,False,False,8,1
225,0.1523,"[586.2, 491.7, 607.8, 547.1]",,,0.0,False,False,8,1
225,0.1506,"[705.4, 480.3, 722.9, 524.1]",,,0.0,False,False,8,1
225,0.1264,"[565.0, 500.2, 591.3, 571.7]",,,0.0,False,False,8,1
226,0.4602,"[482.0, 525.8, 518.4, 625.1]",,,0.0,False,False,4,0
226,0.3543,"[706.7, 484.7, 722.9, 526.5]",,,0.0,False,False,4,0
226,0.3318,"[573.8, 501.5, 594.0, 556.9]",,,0.0,False,False,4,0
226,0.2289,"[1605.2, 537.6, 1626.8, 604.5]",,,0.0,False,False,4,0
227,0.5243,"[565.3, 498.5, 588.9, 572.7]",,,0.0,False,False,10,1
227,0.458,"[685.5, 478.6, 703.4, 525.8]",120,"[687.4384661835784, 481.3392982050827, 704.9875592070465, 526.2457237675735]",0.7649,True,False,10,1
227,0.4056,"[570.0, 499.5, 592.3, 569.7]",,,0.0,False,False,10,1
227,0.3921,"[1611.9, 536.3, 1636.2, 607.8]",,,0.0,False,False,10,1
227,0.2724,"[706.1, 482.6, 723.6, 525.8]",,,0.0,False,False,10,1
227,0.2208,"[1606.5, 535.3, 1630.8, 603.5]",,,0.0,False,False,10,1
227,0.1883,"[1071.9, 525.5, 1101.6, 612.6]",,,0.0,False,False,10,1
227,0.1534,"[494.8, 496.1, 521.8, 571.1]",,,0.0,False,False,10,1
227,0.1193,"[572.7, 497.5, 594.3, 559.6]",,,0.0,False,False,10,1
227,0.1181,"[700.7, 480.9, 719.6, 526.2]",120,"[687.4384661835784, 481.3392982050827, 704.9875592070465, 526.2457237675735]",0.1342,False,False,10,1
228,0.5642,"[565.0, 500.9, 590.0, 575.8]",,,0.0,False,False,5,1
228,0.473,"[1066.5, 528.2, 1100.2, 618.0]",,,0.0,False,False,5,1
228,0.3944,"[705.4, 484.0, 722.9, 528.5]",,,0.0,False,False,5,1
228,0.3853,"[832.3, 480.6, 849.8, 522.5]",119,"[832.6603348169888, 483.1575631187627, 848.9655196751987, 522.6420584632685]",0.8686,True,False,5,1
228,0.169,"[1610.6, 539.3, 1634.9, 613.6]",,,0.0,False,False,5,1
229,0.5064,"[564.3, 497.1, 588.6, 576.1]",,,0.0,False,False,9,1
229,0.3736,"[687.8, 477.6, 706.7, 526.2]",120,"[688.0016811444267, 478.58780563494315, 706.7621128008858, 526.7057124314631]",0.9573,True,False,9,1
229,0.3494,"[1614.6, 536.6, 1636.2, 613.6]",,,0.0,False,False,9,1
229,0.3178,"[1062.5, 532.2, 1097.6, 620.7]",,,0.0,False,False,9,1
229,0.2986,"[1736.1, 545.4, 1757.7, 616.3]",,,0.0,False,False,9,1
229,0.2181,"[691.2, 478.6, 710.1, 526.5]",120,"[688.0016811444267, 478.58780563494315, 706.7621128008858, 526.7057124314631]",0.7015,True,False,9,1
229,0.1747,"[705.4, 483.6, 722.9, 528.9]",120,"[688.0016811444267, 478.58780563494315, 706.7621128008858, 526.7057124314631]",0.0365,False,False,9,1
229,0.1314,"[802.6, 473.5, 821.5, 516.0]",,,0.0,False,False,9,1
229,0.1267,"[1243.4, 661.5, 1340.6, 878.9]",,,0.0,False,False,9,1
230,0.2308,"[693.2, 478.9, 712.1, 527.5]",,,0.0,False,False,3,1
230,0.1262,"[689.5, 475.5, 709.4, 528.2]",,,0.0,False,False,3,1
230,0.1075,"[705.4, 484.7, 724.3, 531.9]",,,0.0,False,False,3,1
231,0.5785,"[1803.6, 547.4, 1833.3, 642.6]",92,"[1803.2830142002717, 548.640736979595, 1835.0448666591033, 643.4487405594676]",0.9157,True,False,7,2
231,0.524,"[1645.7, 537.6, 1667.2, 601.8]",122,"[1642.7553732612166, 532.7149003123272, 1667.2148415825334, 601.2230879689229]",0.8116,True,False,7,2
231,0.1829,"[690.2, 479.6, 708.1, 526.2]",,,0.0,False,False,7,2
231,0.1722,"[692.6, 482.0, 711.5, 526.5]",,,0.0,False,False,7,2
231,0.1496,"[563.0, 496.5, 587.2, 574.1]",,,0.0,False,False,7,2
231,0.1157,"[706.1, 488.0, 725.0, 535.3]",,,0.0,False,False,7,2
231,0.1005,"[1649.7, 543.0, 1671.3, 603.1]",122,"[1642.7553732612166, 532.7149003123272, 1667.2148415825334, 601.2230879689229]",0.5215,True,False,7,2
232,0.5755,"[472.5, 509.6, 506.3, 602.8]",,,0.0,False,False,8,1
232,0.4872,"[1058.4, 532.9, 1097.6, 626.7]",105,"[1058.7529883525224, 537.4124632624042, 1093.4838280537276, 626.9796265813458]",0.8426,True,False,8,1
232,0.3234,"[690.9, 478.2, 708.8, 526.2]",,,0.0,False,False,8,1
232,0.2964,"[1281.2, 577.5, 1316.2, 655.1]",,,0.0,False,False,8,1
232,0.2676,"[494.8, 510.3, 517.7, 575.1]",,,0.0,False,False,8,1
232,0.1349,"[687.8, 472.5, 706.7, 524.5]",,,0.0,False,False,8,1
232,0.1137,"[1622.7, 536.0, 1647.0, 610.9]",,,0.0,False,False,8,1
232,0.1096,"[442.1, 509.6, 480.6, 603.5]",,,0.0,False,False,8,1
233,0.2661,"[699.3, 512.0, 727.7, 582.2]",124,"[700.7314205627681, 517.6555247704378, 730.3060550231694, 598.0397877295622]",0.6604,True,False,4,2
233,0.2193,"[693.9, 475.9, 712.8, 525.2]",124,"[700.7314205627681, 517.6555247704378, 730.3060550231694, 598.0397877295622]",0.0281,False,False,4,2
233,0.1953,"[470.5, 504.6, 503.6, 595.7]",,,0.0,False,False,4,2
233,0.144,"[708.1, 482.3, 727.0, 532.2]",124,"[700.7314205627681, 517.6555247704378, 730.3060550231694, 598.0397877295622]",0.0905,False,False,4,2
234,0.5608,"[456.6, 551.8, 498.5, 659.8]",110,"[457.21190370130506, 548.9334396942496, 500.59693418931994, 663.8016677276254]",0.8835,True,False,5,2
234,0.4514,"[493.4, 505.9, 519.1, 574.8]",110,"[457.21190370130506, 548.9334396942496, 500.59693418931994, 663.8016677276254]",0.0282,False,False,5,2
234,0.2997,"[1058.4, 543.7, 1090.8, 627.4]",105,"[1055.9221879266468, 535.6805244977413, 1091.136405823353, 626.5876639788213]",0.8318,True,False,5,2
234,0.258,"[444.5, 506.6, 480.9, 599.7]",110,"[457.21190370130506, 548.9334396942496, 500.59693418931994, 663.8016677276254]",0.168,False,False,5,2
234,0.1293,"[698.0, 511.0, 730.4, 582.5]",,,0.0,False,False,5,2
235,0.234,"[698.6, 511.7, 735.1, 599.4]",,,0.0,False,False,4,0
235,0.1491,"[837.7, 476.9, 855.2, 521.4]",,,0.0,False,False,4,0
235,0.1408,"[444.5, 505.6, 481.6, 602.1]",,,0.0,False,False,4,0
235,0.129,"[1057.7, 547.1, 1088.8, 627.4]",,,0.0,False,False,4,0
236,0.578,"[897.8, 670.3, 1051.7, 963.2]",,,0.0,False,False,3,1
236,0.3448,"[837.7, 476.6, 856.6, 521.1]",,,0.0,False,False,3,1
236,0.1258,"[808.0, 475.2, 830.9, 518.4]",,,0.0,False,False,3,1
237,0.1102,"[812.0, 478.2, 832.3, 520.1]",,,0.0,False,False,2,0
237,0.1046,"[1641.6, 539.3, 1663.2, 614.2]",,,0.0,False,False,2,0
238,0.1205,"[812.0, 473.5, 833.6, 518.7]",,,0.0,False,False,1,0
239,0.1471,"[1668.6, 539.0, 1690.2, 609.9]",,,0.0,False,False,1,1
240,0.4328,"[1261.6, 486.3, 1275.1, 520.1]",,,0.0,False,False,3,1
240,0.1553,"[353.7, 518.1, 389.5, 609.9]",111,"[352.5646940462085, 516.9980468380015, 387.75140702801025, 612.301147497936]",0.8902,True,False,3,1
240,0.1458,"[1873.8, 558.9, 1900.8, 654.1]",,,0.0,False,False,3,1
241,0.2491,"[1687.5, 517.7, 1706.4, 571.7]",122,"[1681.0533979230781, 541.1045471472606, 1705.6524126237966, 610.7051452355518]",0.2553,False,False,2,1
241,0.2124,"[96.9, 75.7, 213.6, 353.7]",,,0.0,False,False,2,1
242,0.2736,"[1668.6, 543.7, 1698.3, 639.6]",10,"[1671.2112823297985, 544.9642318118232, 1699.5753387639513, 637.8309342038018]",0.8484,True,False,2,1
242,0.1295,"[80.4, 65.3, 223.8, 424.6]",,,0.0,False,False,2,1
243,0.2615,"[744.5, 501.9, 776.9, 574.1]",,,0.0,False,False,6,1
243,0.2449,"[1271.7, 491.1, 1283.9, 518.7]",,,0.0,False,False,6,1
243,0.2314,"[824.9, 477.6, 843.8, 520.8]",,,0.0,False,False,6,1
243,0.1785,"[751.3, 499.8, 779.6, 576.1]",,,0.0,False,False,6,1
243,0.1405,"[1895.4, 566.0, 1922.4, 659.1]",,,0.0,False,False,6,1
243,0.1321,"[1698.3, 530.5, 1719.9, 592.0]",,,0.0,False,False,6,1
244,0.1236,"[1038.2, 764.1, 1248.8, 1189.4]",,,0.0,False,False,2,0
244,0.115,"[743.9, 504.9, 773.6, 575.1]",,,0.0,False,False,2,0
246,0.5696,"[1900.8, 569.4, 1935.9, 673.3]",68,"[1900.4017640990696, 572.1908835692897, 1937.2740171509304, 673.0736427978978]",0.9252,True,False,2,2
246,0.2152,"[755.3, 503.6, 787.7, 575.1]",,,0.0,False,False,2,2
247,0.442,"[1740.2, 569.0, 1769.9, 658.1]",79,"[1734.753560632807, 566.6097159919291, 1770.613871007818, 655.7312263908834]",0.7882,True,False,2,1
247,0.3974,"[1907.6, 572.4, 1940.0, 675.7]",,,0.0,False,False,2,1
249,0.1486,"[1802.2, 535.6, 1826.6, 610.5]",,,0.0,False,False,1,0
250,0.2795,"[872.1, 486.3, 891.0, 532.2]",,,0.0,False,False,1,0
251,0.4067,"[1907.6, 574.1, 1940.0, 667.9]",89,"[1905.0672889403074, 565.9667340956277, 1942.0450157471923, 675.1165178574975]",0.7532,True,False,3,1
251,0.3576,"[901.1, 492.8, 924.1, 550.1]",,,0.0,False,False,3,1
251,0.1725,"[1416.2, 785.7, 1508.0, 972.0]",,,0.0,False,False,3,1
252,0.3274,"[908.6, 491.7, 930.2, 543.7]",,,0.0,False,False,4,0
252,0.2543,"[503.9, 521.1, 537.0, 613.6]",,,0.0,False,False,4,0
252,0.2272,"[500.9, 533.2, 536.6, 628.4]",,,0.0,False,False,4,0
252,0.2138,"[881.6, 485.7, 900.5, 528.9]",,,0.0,False,False,4,0
253,0.3315,"[886.3, 485.0, 903.8, 528.2]",,,0.0,False,False,6,0
253,0.3276,"[1422.9, 797.9, 1520.1, 966.6]",,,0.0,False,False,6,0
253,0.3062,"[614.9, 499.8, 642.6, 572.1]",,,0.0,False,False,6,0
253,0.2184,"[528.5, 512.3, 551.5, 581.9]",,,0.0,False,False,6,0
253,0.2002,"[509.0, 516.4, 535.3, 588.6]",,,0.0,False,False,6,0
253,0.1067,"[513.7, 539.0, 544.0, 618.0]",,,0.0,False,False,6,0
254,0.4615,"[921.4, 490.4, 941.6, 540.3]",,,0.0,False,False,9,3
254,0.4015,"[891.7, 486.0, 909.2, 529.2]",,,0.0,False,False,9,3
254,0.3997,"[532.6, 513.3, 556.2, 582.9]",,,0.0,False,False,9,3
254,0.3963,"[519.1, 538.3, 549.5, 617.3]",,,0.0,False,False,9,3
254,0.2922,"[621.3, 502.2, 647.7, 572.4]",,,0.0,False,False,9,3
254,0.2462,"[1876.5, 561.3, 1906.2, 647.0]",16,"[1871.4247561633451, 563.0889310327971, 1905.4590328991549, 653.5337496312656]",0.7605,True,False,9,3
254,0.1852,"[1433.7, 835.0, 1460.7, 934.9]",,,0.0,False,False,9,3
254,0.1826,"[141.2, 421.5, 178.9, 503.2]",,,0.0,False,False,9,3
254,0.1341,"[800.6, 510.0, 833.0, 586.9]",103,"[797.4451967827408, 515.1591637646235, 829.0468686469466, 587.7469641650639]",0.7456,True,False,9,3
255,0.491,"[537.3, 511.7, 562.3, 582.5]",,,0.0,False,False,4,1
255,0.1404,"[518.7, 515.7, 551.1, 616.3]",,,0.0,False,False,4,1
255,0.1145,"[516.0, 515.0, 543.7, 602.8]",,,0.0,False,False,4,1
255,0.111,"[1351.4, 132.0, 1371.6, 161.7]",,,0.0,False,False,4,1
256,0.5224,"[631.5, 501.2, 659.8, 577.5]",,,0.0,False,False,9,2
256,0.3883,"[525.2, 530.5, 558.2, 622.4]",,,0.0,False,False,9,2
256,0.3063,"[902.5, 484.7, 921.4, 529.9]",119,"[906.5923090100358, 486.6836123035199, 923.9931402087142, 528.8240170910113]",0.6455,True,False,9,2
256,0.243,"[822.8, 489.0, 847.1, 534.9]",103,"[812.7833782908873, 514.998533803886, 843.3295367481752, 584.9748548679889]",0.1438,False,False,9,2
256,0.1809,"[1435.1, 853.9, 1464.8, 952.4]",,,0.0,False,False,9,2
256,0.1258,"[932.9, 490.7, 954.5, 544.7]",,,0.0,False,False,9,2
256,0.1188,"[535.3, 512.0, 565.0, 595.0]",,,0.0,False,False,9,2
256,0.1098,"[522.1, 516.4, 554.5, 612.9]",,,0.0,False,False,9,2
256,0.1045,"[815.4, 505.9, 849.2, 596.4]",103,"[812.7833782908873, 514.998533803886, 843.3295367481752, 584.9748548679889]",0.604,True,False,9,2
257,0.5481,"[819.5, 513.7, 853.2, 598.7]",,,0.0,False,False,5,0
257,0.5066,"[941.6, 491.1, 961.9, 543.7]",,,0.0,False,False,5,0
257,0.4589,"[909.2, 484.3, 928.1, 530.2]",,,0.0,False,False,5,0
257,0.3847,"[524.1, 515.7, 553.8, 602.8]",,,0.0,False,False,5,0
257,0.1506,"[566.7, 499.8, 588.9, 570.7]",,,0.0,False,False,5,0
258,0.4612,"[1094.8, 762.1, 1260.9, 1137.4]",,,0.0,False,False,3,0
258,0.426,"[913.3, 477.9, 934.9, 531.2]",,,0.0,False,False,3,0
258,0.2408,"[891.0, 484.0, 911.2, 527.9]",,,0.0,False,False,3,0
259,0.411,"[537.0, 518.4, 564.0, 593.3]",,,0.0,False,False,4,0
259,0.2489,"[922.7, 486.0, 940.3, 529.9]",,,0.0,False,False,4,0
259,0.2041,"[1633.5, 866.7, 1687.5, 1001.7]",,,0.0,False,False,4,0
259,0.1888,"[1760.4, 539.3, 1800.9, 639.9]",,,0.0,False,False,4,0
260,0.2442,"[539.7, 519.8, 571.4, 605.5]",,,0.0,False,False,2,1
260,0.1089,"[929.5, 483.6, 948.4, 529.5]",,,0.0,False,False,2,1
261,0.5018,"[958.5, 490.4, 973.4, 532.9]",,,0.0,False,False,4,0
261,0.178,"[915.3, 487.4, 932.9, 529.2]",,,0.0,False,False,4,0
261,0.1669,"[937.6, 484.7, 956.5, 530.5]",,,0.0,False,False,4,0
261,0.1106,"[1099.6, 138.7, 1157.6, 290.6]",,,0.0,False,False,4,0
262,0.5641,"[947.0, 487.4, 964.6, 531.2]",,,0.0,False,False,3,0
262,0.4076,"[968.6, 490.7, 983.5, 532.6]",,,0.0,False,False,3,0
262,0.1397,"[180.4, 419.5, 221.2, 510.6]",,,0.0,False,False,3,0
263,0.2814,"[933.5, 488.0, 951.1, 529.9]",,,0.0,False,False,3,0
263,0.2121,"[876.8, 488.7, 901.1, 537.3]",,,0.0,False,False,3,0
263,0.2062,"[978.8, 488.7, 995.0, 531.9]",,,0.0,False,False,3,0
264,0.2876,"[987.5, 489.7, 1003.7, 532.2]",,,0.0,False,False,2,0
264,0.2451,"[890.3, 486.7, 917.3, 539.3]",,,0.0,False,False,2,0
265,0.5166,"[590.0, 524.5, 621.0, 616.3]",,,0.0,False,False,5,1
265,0.3398,"[999.7, 488.4, 1017.2, 536.3]",,,0.0,False,False,5,1
265,0.2211,"[715.5, 507.6, 738.5, 571.1]",128,"[713.5401183453189, 510.58573295899504, 740.4261902484311, 579.2703461425675]",0.7246,True,False,5,1
265,0.1869,"[1512.0, 780.3, 1541.7, 850.5]",,,0.0,False,False,5,1
265,0.1584,"[1576.8, 511.7, 1598.4, 569.7]",,,0.0,False,False,5,1
266,0.5501,"[988.9, 488.0, 1006.4, 532.6]",,,0.0,False,False,4,0
266,0.4433,"[601.1, 523.8, 638.2, 624.4]",,,0.0,False,False,4,0
266,0.395,"[1010.5, 490.1, 1026.7, 533.2]",,,0.0,False,False,4,0
266,0.1519,"[914.0, 492.1, 939.6, 538.0]",,,0.0,False,False,4,0
267,0.3554,"[1603.8, 507.9, 1625.4, 572.1]",,,0.0,False,False,3,3
267,0.2609,"[1001.0, 488.4, 1018.6, 532.2]",,,0.0,False,False,3,3
267,0.1042,"[1634.9, 506.6, 1659.2, 579.5]",,,0.0,False,False,3,3
268,0.4133,"[291.1, 654.1, 388.8, 930.8]",118,"[276.7039198344122, 660.1230376084329, 391.54949813433785, 933.1773774306296]",0.8278,True,False,6,2
268,0.311,"[301.6, 647.3, 392.2, 809.3]",118,"[276.7039198344122, 660.1230376084329, 391.54949813433785, 933.1773774306296]",0.4117,True,False,6,2
268,0.2816,"[1167.1, 747.9, 1337.2, 1206.9]",,,0.0,False,False,6,2
268,0.2462,"[1606.5, 509.0, 1636.2, 579.2]",,,0.0,False,False,6,2
268,0.1257,"[624.7, 524.8, 665.2, 635.5]",,,0.0,False,False,6,2
268,0.1194,"[945.7, 539.0, 987.5, 632.1]",,,0.0,False,False,6,2
269,0.4427,"[1043.6, 491.1, 1061.1, 537.6]",,,0.0,False,False,4,0
269,0.2651,"[326.0, 649.0, 402.3, 812.0]",,,0.0,False,False,4,0
269,0.1999,"[1630.8, 510.6, 1655.1, 576.8]",,,0.0,False,False,4,0
269,0.1717,"[869.4, 481.3, 892.4, 538.7]",,,0.0,False,False,4,0
270,0.3892,"[881.6, 483.0, 901.8, 538.3]",,,0.0,False,False,4,0
270,0.276,"[974.0, 546.1, 1006.4, 632.5]",,,0.0,False,False,4,0
270,0.1995,"[1055.0, 486.7, 1073.9, 535.3]",,,0.0,False,False,4,0
270,0.1573,"[1632.2, 509.0, 1661.9, 575.8]",,,0.0,False,False,4,0
271,0.261,"[964.6, 514.4, 999.7, 594.7]",130,"[967.8577110132035, 526.8030029296875, 1000.408036057109, 603.618017578125]",0.6833,True,False,3,1
271,0.134,"[892.4, 477.6, 915.3, 538.3]",,,0.0,False,False,3,1
271,0.1045,"[-25.0, -127.2, 425.2, 873.5]",,,0.0,False,False,3,1
272,0.3545,"[1670.0, 510.6, 1699.7, 581.5]",,,0.0,False,False,3,1
272,0.1458,"[1667.2, 510.0, 1694.2, 576.8]",,,0.0,False,False,3,1
272,0.1336,"[26.7, 49.8, 496.5, 672.3]",,,0.0,False,False,3,1
274,0.5592,"[425.2, 660.5, 506.3, 865.4]",,,0.0,False,False,5,0
274,0.1721,"[689.9, 548.8, 731.7, 656.8]",,,0.0,False,False,5,0
274,0.1576,"[16.4, -199.8, 488.0, 882.2]",,,0.0,False,False,5,0
274,0.1422,"[-48.2, 543.4, 31.4, 779.6]",,,0.0,False,False,5,0
274,0.1162,"[666.2, 503.9, 710.8, 629.4]",,,0.0,False,False,5,0
275,0.1096,"[724.3, 520.8, 758.0, 615.3]",,,0.0,False,False,1,0
276,0.3448,"[741.2, 518.7, 772.2, 604.5]",,,0.0,False,False,3,0
276,0.2354,"[1742.9, 512.3, 1767.2, 572.4]",,,0.0,False,False,3,0
276,0.1478,"[829.6, 519.1, 867.4, 629.1]",,,0.0,False,False,3,0
277,0.4837,"[784.4, 432.0, 815.4, 546.8]",,,0.0,False,False,2,1
277,0.1871,"[748.6, 544.4, 789.1, 650.4]",,,0.0,False,False,2,1
278,0.5473,"[860.6, 582.5, 903.8, 712.8]",,,0.0,False,False,5,0
278,0.2913,"[73.7, 558.2, 129.9, 695.9]",,,0.0,False,False,5,0
278,0.1866,"[805.3, 533.6, 835.0, 621.3]",,,0.0,False,False,5,0
278,0.1503,"[374.0, 421.5, 416.5, 510.0]",,,0.0,False,False,5,0
278,0.1013,"[892.4, 547.1, 949.1, 690.2]",,,0.0,False,False,5,0
279,0.4493,"[1822.5, 510.6, 1854.9, 584.9]",,,0.0,False,False,4,0
279,0.166,"[1790.1, 513.3, 1822.5, 585.6]",,,0.0,False,False,4,0
279,0.1508,"[880.9, 581.2, 924.1, 712.1]",,,0.0,False,False,4,0
279,0.1208,"[825.5, 422.9, 860.6, 551.8]",,,0.0,False,False,4,0
280,0.5603,"[911.9, 577.8, 956.5, 712.8]",,,0.0,False,False,3,2
280,0.4185,"[803.2, 547.1, 839.7, 640.9]",,,0.0,False,False,3,2
280,0.1109,"[1110.4, 491.4, 1137.4, 548.8]",,,0.0,False,False,3,2
281,0.4791,"[932.2, 570.0, 975.4, 704.7]",,,0.0,False,False,3,0
281,0.3622,"[818.8, 544.7, 856.6, 649.4]",,,0.0,False,False,3,0
281,0.2,"[1091.5, -48.6, 1138.7, 44.6]",,,0.0,False,False,3,0
282,0.549,"[902.5, 485.0, 926.8, 551.1]",,,0.0,False,False,8,1
282,0.4165,"[1193.4, 555.2, 1228.5, 643.6]",103,"[1194.2404763892612, 554.8937041814157, 1227.268800954489, 639.0791962092093]",0.89,True,False,8,1
282,0.3694,"[833.0, 515.7, 872.1, 626.4]",,,0.0,False,False,8,1
282,0.2866,"[949.7, 576.5, 995.6, 703.4]",,,0.0,False,False,8,1
282,0.1513,"[799.2, 498.2, 847.8, 633.8]",,,0.0,False,False,8,1
282,0.1463,"[943.7, 586.6, 988.2, 710.1]",,,0.0,False,False,8,1
282,0.1286,"[1115.1, -59.1, 1165.1, 41.3]",,,0.0,False,False,8,1
282,0.1151,"[959.2, 550.8, 1007.8, 682.4]",,,0.0,False,False,8,1
283,0.5759,"[945.7, 497.8, 972.7, 576.1]",,,0.0,False,False,6,0
283,0.3209,"[974.7, 511.3, 1003.1, 587.6]",,,0.0,False,False,6,0
283,0.3174,"[855.9, 544.7, 895.1, 653.4]",,,0.0,False,False,6,0
283,0.2074,"[1014.5, 557.2, 1068.5, 708.1]",,,0.0,False,False,6,0
283,0.1875,"[924.1, 498.2, 956.5, 584.6]",,,0.0,False,False,6,0
283,0.1602,"[959.2, 504.2, 987.5, 579.2]",,,0.0,False,False,6,0
284,0.3172,"[978.8, 499.5, 1012.5, 577.1]",,,0.0,False,False,2,0
284,0.1029,"[213.6, 537.3, 264.3, 652.1]",,,0.0,False,False,2,0
285,0.339,"[749.9, 695.2, 830.9, 980.1]",,,0.0,False,False,4,0
285,0.3183,"[1344.6, 473.5, 1367.6, 526.8]",,,0.0,False,False,4,0
285,0.1784,"[858.6, 512.7, 904.5, 634.8]",,,0.0,False,False,4,0
285,0.1295,"[975.4, 542.0, 1006.4, 629.8]",,,0.0,False,False,4,0
286,0.2665,"[878.2, 527.2, 925.4, 639.2]",,,0.0,False,False,1,1
287,0.3199,"[919.4, 519.8, 963.9, 639.2]",133,"[923.8631939837227, 520.1166626818459, 966.7796282819024, 638.8898070447166]",0.8395,True,False,2,1
287,0.2503,"[1038.2, 435.0, 1065.2, 518.1]",,,0.0,False,False,2,1
288,0.1683,"[1063.1, 520.4, 1099.6, 628.4]",,,0.0,False,False,2,0
288,0.1188,"[937.6, 521.8, 982.1, 637.2]",,,0.0,False,False,2,0
289,0.4971,"[1100.9, 509.3, 1134.7, 603.8]",,,0.0,False,False,2,0
289,0.1327,"[582.9, 209.6, 602.4, 273.7]",,,0.0,False,False,2,0
290,0.357,"[1310.9, 526.5, 1344.6, 609.5]",130,"[1311.4475677350727, 522.5976633063225, 1346.8158599993021, 607.3651052483649]",0.8595,True,False,2,1
290,0.1244,"[1441.8, 890.3, 1517.4, 1092.8]",,,0.0,False,False,2,1
291,0.4974,"[1216.4, 480.9, 1233.9, 530.2]",,,0.0,False,False,5,1
291,0.4349,"[363.8, 548.8, 409.1, 653.4]",,,0.0,False,False,5,1
291,0.1946,"[1204.9, 484.0, 1223.8, 529.9]",128,"[1186.2087140193544, 512.9256987793075, 1213.0947527775209, 581.6103119628799]",0.0541,False,False,5,1
291,0.1939,"[1177.2, 579.2, 1225.8, 706.1]",,,0.0083,False,False,5,1
291,0.1485,"[1316.9, 517.4, 1346.6, 592.3]",,,0.0,False,False,5,1
292,0.5026,"[1365.5, 513.3, 1395.9, 588.3]",130,"[1360.8989261079792, 527.1334634317069, 1395.2004391263958, 609.8188070761056]",0.55,True,False,5,1
292,0.4788,"[1359.5, 515.4, 1394.6, 606.5]",130,"[1360.8989261079792, 527.1334634317069, 1395.2004391263958, 609.8188070761056]",0.7937,True,False,5,1
292,0.4769,"[1225.8, 484.0, 1242.0, 529.9]",,,0.0,False,False,5,1
292,0.1837,"[1475.6, 472.8, 1499.9, 541.0]",,,0.0,False,False,5,1
292,0.1749,"[620.0, 235.4, 636.2, 277.6]",,,0.0,False,False,5,1
293,0.526,"[1242.0, 584.6, 1283.9, 708.8]",,,0.0,False,False,4,1
293,0.2001,"[631.5, 3.5, 771.5, 450.2]",,,0.0,False,False,4,1
293,0.1593,"[1311.5, 540.3, 1356.1, 653.7]",,,0.0,False,False,4,1
293,0.1152,"[638.2, -15.7, 783.0, 345.4]",,,0.0,False,False,4,1
294,0.4925,"[1329.1, 519.1, 1357.4, 598.1]",,,0.0,False,False,3,0
294,0.2511,"[1417.5, 533.9, 1458.0, 654.8]",,,0.0,False,False,3,0
294,0.1212,"[1424.2, 530.9, 1459.4, 627.4]",,,0.0,False,False,3,0
295,0.4625,"[1458.0, 529.9, 1493.1, 625.1]",,,0.0,False,False,6,0
295,0.4568,"[1297.4, 474.9, 1323.0, 528.2]",,,0.0,False,False,6,0
295,0.2082,"[1017.9, 96.7, 1297.4, 591.3]",,,0.0,False,False,6,0
295,0.1648,"[1289.9, 590.6, 1330.4, 721.6]",,,0.0,False,False,6,0
295,0.1506,"[1560.6, 470.5, 1582.2, 530.5]",,,0.0,False,False,6,0
295,0.1035,"[1533.6, 482.3, 1557.9, 540.3]",,,0.0,False,False,6,0
296,0.5322,"[1121.2, 518.1, 1164.4, 635.5]",,,0.0,False,False,4,0
296,0.3253,"[1468.8, 529.2, 1517.4, 677.0]",,,0.0,False,False,4,0
296,0.1415,"[986.9, 698.0, 1094.8, 1024.7]",,,0.0,False,False,4,0
296,0.1293,"[1563.3, 510.6, 1598.4, 598.4]",,,0.0,False,False,4,0
297,0.4963,"[1358.1, 482.6, 1389.2, 551.5]",,,0.0,False,False,2,0
297,0.2374,"[1412.1, 480.6, 1441.8, 563.6]",,,0.0,False,False,2,0
298,0.2431,"[1358.8, 598.1, 1425.6, 792.5]",,,0.0,False,False,5,1
298,0.194,"[1354.7, 576.1, 1409.4, 710.1]",,,0.0,False,False,5,1
298,0.1359,"[1390.5, 595.7, 1444.5, 744.5]",,,0.0,False,False,5,1
298,0.1135,"[1026.0, 20.6, 1459.4, 703.4]",133,"[1170.1523220533363, 516.0034416872759, 1216.8327853685385, 644.8857184689741]",0.0203,False,False,5,1
298,0.1126,"[1171.1, 520.1, 1217.0, 646.3]",133,"[1170.1523220533363, 516.0034416872759, 1216.8327853685385, 644.8857184689741]",0.9342,True,False,5,1
299,0.4842,"[1636.2, 541.0, 1679.4, 655.1]",,,0.0,False,False,10,1
299,0.4552,"[1887.3, 484.0, 1906.2, 535.3]",,,0.0,False,False,10,1
299,0.4515,"[1393.2, 599.7, 1460.7, 808.7]",,,0.0,False,False,10,1
299,0.4096,"[1472.9, 538.7, 1535.0, 656.1]",,,0.0,False,False,10,1
299,0.3122,"[1105.7, 734.4, 1220.4, 1050.3]",,,0.0,False,False,10,1
299,0.224,"[1198.8, 522.5, 1243.4, 643.3]",,,0.0,False,False,10,1
299,0.208,"[1553.9, 526.5, 1602.5, 648.0]",,,0.0,False,False,10,1
299,0.1661,"[1086.8, 133.0, 1395.9, 654.1]",111,"[1133.674924192723, 553.2303180405369, 1188.5382105729018, 691.963285475088]",0.0339,False,False,10,1
299,0.1252,"[1468.8, 552.5, 1528.2, 665.9]",,,0.0,False,False,10,1
299,0.1015,"[1273.1, 503.2, 1310.9, 602.4]",,,0.0,False,False,10,1
300,0.5776,"[1576.8, 523.5, 1614.6, 620.0]",,,0.0,False,False,9,2
300,0.4434,"[743.2, 563.3, 794.5, 716.2]",,,0.0,False,False,9,2
300,0.4064,"[1299.4, 513.0, 1330.4, 590.6]",,,0.0,False,False,9,2
300,0.3691,"[1175.9, 693.9, 1262.2, 943.7]",107,"[1164.5556168985468, 684.9325048552741, 1259.2097639608282, 966.9564111603509]",0.7583,True,False,9,2
300,0.3569,"[1429.7, 587.6, 1486.4, 728.3]",,,0.0,False,False,9,2
300,0.3514,"[-39.7, 895.7, 61.8, 1152.2]",,,0.0,False,False,9,2
300,0.2831,"[1228.5, 523.8, 1269.0, 633.8]",,,0.0,False,False,9,2
300,0.179,"[676.4, -89.8, 1067.8, 693.9]",,,0.0,False,False,9,2
300,0.1222,"[-61.3, 858.6, 58.8, 1182.6]",,,0.0,False,False,9,2
301,0.4249,"[1611.9, 494.8, 1652.4, 613.6]",,,0.0,False,False,9,0
301,0.4044,"[1326.4, 508.3, 1366.9, 602.8]",,,0.0,False,False,9,0
301,0.34,"[1468.8, 585.2, 1525.5, 735.8]",,,0.0,False,False,9,0
301,0.336,"[1460.7, 476.6, 1485.0, 529.2]",,,0.0,False,False,9,0
301,0.3326,"[1632.2, 510.3, 1678.1, 621.7]",,,0.0,False,False,9,0
301,0.2143,"[795.8, 567.7, 863.3, 727.7]",,,0.0,False,False,9,0
301,0.1827,"[1189.4, 531.2, 1238.0, 641.9]",,,0.0,False,False,9,0
301,0.1716,"[726.3, -87.4, 1112.4, 667.9]",,,0.0,False,False,9,0
301,0.126,"[1176.5, 682.1, 1318.3, 990.9]",,,0.0,False,False,9,0
302,0.4891,"[1354.7, 512.7, 1389.2, 594.3]",,,0.0,False,False,8,2
302,0.4568,"[1206.9, 693.9, 1351.4, 961.2]",,,0.0,False,False,8,2
302,0.3769,"[1512.0, 625.7, 1579.5, 816.1]",104,"[1560.073283300221, 574.9160866780995, 1623.412068262279, 739.9430441812754]",0.1052,False,False,8,2
302,0.3463,"[1497.2, 490.1, 1518.8, 538.7]",,,0.0,False,False,8,2
302,0.3058,"[889.7, 126.7, 1001.7, 357.8]",,,0.0,False,False,8,2
302,0.2909,"[1468.8, 479.3, 1490.4, 526.5]",,,0.0,False,False,8,2
302,0.1963,"[1686.2, 523.1, 1724.0, 622.4]",,,0.0,False,False,8,2
302,0.1372,"[884.2, 228.0, 897.8, 269.5]",,,0.0,False,False,8,2
303,0.5496,"[1613.2, 556.5, 1678.1, 740.5]",,,0.0,False,False,7,0
303,0.2854,"[1495.8, 478.6, 1517.4, 525.8]",,,0.0,False,False,7,0
303,0.2799,"[890.3, 563.0, 955.1, 733.7]",,,0.0,False,False,7,0
303,0.2298,"[1521.5, 489.0, 1545.8, 539.7]",,,0.0,False,False,7,0
303,0.1972,"[1887.3, 606.8, 1946.7, 781.0]",,,0.0,False,False,7,0
303,0.1327,"[1578.2, 605.1, 1637.6, 754.0]",,,0.0,False,False,7,0
303,0.1036,"[896.4, 552.2, 961.2, 704.0]",,,0.0,False,False,7,0
304,0.4275,"[1706.4, 500.9, 1757.7, 598.1]",,,0.0,False,False,6,2
304,0.2904,"[1549.8, 487.0, 1574.1, 539.0]",,,0.0,False,False,6,2
304,0.266,"[1705.1, 524.5, 1756.4, 630.5]",,,0.0,False,False,6,2
304,0.243,"[1524.2, 478.2, 1545.8, 526.8]",,,0.0,False,False,6,2
304,0.2078,"[1582.2, 491.7, 1606.5, 539.7]",,,0.0,False,False,6,2
304,0.1378,"[1337.9, 541.7, 1391.9, 676.0]",,,0.0,False,False,6,2
305,0.1957,"[1579.5, 490.7, 1603.8, 540.0]",,,0.0,False,False,4,0
305,0.1811,"[1009.8, 558.2, 1080.0, 749.9]",,,0.0,False,False,4,0
305,0.1109,"[596.0, 307.8, 691.2, 688.5]",,,0.0,False,False,4,0
305,0.1027,"[1551.2, 480.6, 1572.8, 528.5]",,,0.0,False,False,4,0
306,0.5166,"[1373.0, 556.9, 1427.0, 677.7]",,,0.0,False,False,1,0
307,0.2764,"[1618.7, 647.7, 1699.7, 878.9]",,,0.0,False,False,2,0
307,0.259,"[1406.7, 557.9, 1458.0, 671.3]",,,0.0,False,False,2,0
308,0.5565,"[1679.4, 643.3, 1760.4, 845.8]",110,"[1662.9267274692816, 642.9929779859946, 1749.0742490932187, 855.1920806077555]",0.6858,True,False,2,1
308,0.2134,"[1806.3, 607.5, 1876.5, 841.1]",,,0.0,False,False,2,1
309,0.1168,"[1667.2, 521.4, 1694.2, 594.3]",,,0.0,False,False,1,0
310,0.3342,"[1730.7, 499.2, 1752.3, 547.1]",,,0.0,False,False,4,2
310,0.3061,"[1365.5, 532.6, 1414.8, 660.2]",,,0.0,False,False,4,2
310,0.2709,"[1354.7, 830.2, 1412.1, 966.6]",,,0.0,False,False,4,2
310,0.1481,"[1629.5, 525.8, 1653.8, 600.8]",,,0.0,False,False,4,2
311,0.5314,"[1661.9, 526.2, 1691.6, 603.8]",,,0.0,False,False,3,2
311,0.3283,"[1745.6, 489.4, 1767.2, 539.3]",,,0.0,False,False,3,2
311,0.2594,"[1760.4, 493.1, 1784.7, 547.8]",,,0.0,False,False,3,2
312,0.5522,"[1594.4, 536.6, 1637.6, 640.6]",133,"[1598.162588548204, 535.8953895589989, 1633.842782545546, 629.1180381753761]",0.7307,True,False,3,1
312,0.4648,"[1695.6, 527.5, 1722.6, 603.1]",,,0.0,False,False,3,1
312,0.1356,"[1791.5, 493.4, 1815.8, 552.2]",,,0.0,False,False,3,1
313,0.2851,"[1823.9, 496.5, 1848.2, 556.5]",,,0.0,False,False,3,1
313,0.2085,"[1583.6, 572.4, 1675.4, 831.6]",,,0.0,False,False,3,1
313,0.1933,"[1618.7, 530.2, 1675.4, 672.6]",,,0.0,False,False,3,1
314,0.5118,"[1756.4, 525.8, 1796.9, 611.6]",,,0.0,False,False,2,1
314,0.4664,"[1853.6, 546.1, 1894.1, 644.6]",,,0.0,False,False,2,1
319,0.3509,"[1880.6, 529.9, 1956.2, 748.6]",,,0.0,False,False,1,0
321,0.2266,"[302.2, 582.9, 372.6, 797.9]",,,0.0,False,False,1,0
323,0.2429,"[-21.5, 538.7, 17.8, 643.3]",,,0.0,False,False,1,0
324,0.2884,"[1759.1, 413.4, 1807.7, 535.6]",,,0.0,False,False,1,0
329,0.1154,"[1358.8, 292.4, 1445.9, 607.5]",,,0.0,False,False,1,0
330,0.1739,"[748.6, -29.0, 883.6, 403.0]",,,0.0,False,False,2,2
330,0.1012,"[1071.2, 400.3, 1130.6, 521.8]",,,0.0,False,False,2,2
331,0.2153,"[1686.2, 666.2, 1848.2, 1138.7]",121,"[1698.2470679644207, 629.8407891257267, 1826.8098168012043, 935.0779120461484]",0.4256,True,False,3,1
331,0.1755,"[1759.1, 55.9, 1832.0, 250.9]",,,0.0,False,False,3,1
331,0.1187,"[258.2, 595.0, 287.2, 649.7]",,,0.0,False,False,3,1
333,0.1629,"[353.4, 595.4, 384.4, 662.9]",,,0.0,False,False,2,0
333,0.134,"[318.1, 586.6, 350.7, 656.8]",,,0.0,False,False,2,0
334,0.106,"[386.1, 595.4, 415.1, 656.1]",,,0.0,False,False,1,1
336,0.3724,"[-36.2, 530.5, 26.6, 731.0]",,,0.0,False,False,4,2
336,0.3197,"[1.2, 547.8, 50.9, 718.9]",,,0.0,False,False,4,2
336,0.2056,"[449.2, 559.6, 487.0, 654.1]",,,0.0,False,False,4,2
336,0.1063,"[465.8, 122.8, 612.9, 376.0]",,,0.0,False,False,4,2
337,0.2872,"[1303.4, 372.9, 1377.7, 548.4]",,,0.0,False,False,6,2
337,0.1954,"[1676.7, 116.4, 1757.7, 340.9]",,,0.0,False,False,6,2
337,0.1894,"[-34.6, 531.2, 24.5, 731.7]",,,0.0,False,False,6,2
337,0.1734,"[18.7, 539.0, 72.6, 725.0]",,,0.0,False,False,6,2
337,0.1432,"[1362.2, 26.2, 1478.2, 301.9]",,,0.0,False,False,6,2
337,0.1109,"[30.7, 544.0, 81.1, 722.9]",,,0.0,False,False,6,2
338,0.3932,"[21.2, 530.9, 68.8, 722.2]",,,0.0,False,False,3,0
338,0.1347,"[63.4, 545.1, 110.3, 720.9]",,,0.0,False,False,3,0
338,0.1215,"[1341.2, 370.6, 1413.5, 555.5]",,,0.0,False,False,3,0
339,0.5267,"[51.5, 535.3, 102.3, 720.9]",172,"[22.13701133245277, 539.2702697753906, 73.61901588922692, 728.1352478027343]",0.2657,False,False,5,2
339,0.4914,"[18.8, 533.6, 72.2, 727.0]",172,"[22.13701133245277, 539.2702697753906, 73.61901588922692, 728.1352478027343]",0.8831,True,False,5,2
339,0.2953,"[259.0, 569.7, 319.4, 747.9]",,,0.0,False,False,5,2
339,0.2852,"[85.1, 534.3, 136.9, 723.6]",,,0.0,False,False,5,2
339,0.2727,"[335.3, 568.4, 383.1, 708.1]",,,0.0,False,False,5,2
340,0.5563,"[54.0, 533.2, 109.5, 724.3]",,,0.0,False,False,2,0
340,0.3641,"[117.5, 533.2, 167.9, 718.2]",,,0.0,False,False,2,0
341,0.4113,"[-11.3, 535.3, 49.5, 726.3]",,,0.0,False,False,4,0
341,0.3014,"[147.7, 524.1, 197.3, 712.8]",,,0.0,False,False,4,0
341,0.1431,"[395.6, 575.8, 442.8, 710.8]",,,0.0,False,False,4,0
341,0.101,"[-27.5, 533.2, 28.1, 725.6]",,,0.0,False,False,4,0
342,0.2943,"[188.0, 536.6, 237.9, 725.0]",,,0.0,False,False,3,1
342,0.2686,"[35.6, 535.3, 89.3, 725.0]",,,0.0,False,False,3,1
342,0.141,"[122.4, 527.9, 179.4, 729.7]",,,0.0,False,False,3,1
343,0.31,"[150.4, 528.5, 200.6, 717.5]",,,0.0,False,False,5,0
343,0.3026,"[218.5, 532.6, 267.1, 713.5]",,,0.0,False,False,5,0
343,0.1887,"[411.4, 162.2, 613.2, 501.5]",,,0.0,False,False,5,0
343,0.1127,"[74.7, 529.5, 127.5, 713.5]",,,0.0,False,False,5,0
343,0.1033,"[458.3, 577.1, 509.6, 720.2]",,,0.0,False,False,5,0
344,0.4252,"[413.4, 570.0, 456.6, 688.8]",,,0.0,False,False,8,0
344,0.2708,"[-9.5, 513.0, 48.0, 644.0]",,,0.0,False,False,8,0
344,0.2509,"[249.6, 536.3, 298.2, 714.8]",,,0.0,False,False,8,0
344,0.2182,"[564.3, 109.6, 638.6, 356.7]",,,0.0,False,False,8,0
344,0.1565,"[1559.2, 361.8, 1651.1, 660.8]",,,0.0,False,False,8,0
344,0.1535,"[307.5, 553.5, 351.3, 714.8]",,,0.0,False,False,8,0
344,0.1194,"[102.1, 527.9, 159.8, 718.2]",,,0.0,False,False,8,0
344,0.1024,"[534.3, 576.8, 576.8, 685.5]",,,0.0,False,False,8,0
345,0.5798,"[271.5, 521.4, 325.2, 714.2]",,,0.0,False,False,6,0
345,0.485,"[19.6, 512.3, 74.3, 635.2]",,,0.0,False,False,6,0
345,0.3638,"[242.0, 523.5, 290.2, 709.4]",,,0.0,False,False,6,0
345,0.2982,"[281.5, 533.2, 332.8, 713.5]",,,0.0,False,False,6,0
345,0.1627,"[483.6, 576.8, 520.1, 681.4]",,,0.0,False,False,6,0
345,0.1155,"[557.5, 577.1, 606.8, 693.2]",,,0.0,False,False,6,0
346,0.5727,"[471.2, 568.7, 519.8, 687.5]",,,0.0,False,False,6,0
346,0.5544,"[47.5, 513.3, 99.6, 632.1]",,,0.0,False,False,6,0
346,0.297,"[722.9, 542.0, 768.8, 661.5]",,,0.0,False,False,6,0
346,0.1816,"[170.7, 526.5, 228.7, 717.5]",,,0.0,False,False,6,0
346,0.1719,"[802.6, 538.7, 849.8, 666.2]",,,0.0,False,False,6,0
346,0.128,"[630.5, -181.9, 955.8, 690.9]",,,0.0,False,False,6,0
347,0.5472,"[78.7, 512.3, 131.2, 631.1]",,,0.0,False,False,3,0
347,0.1623,"[-9.8, 526.5, 37.1, 670.3]",,,0.0,False,False,3,0
347,0.14,"[289.6, 529.9, 337.2, 714.8]",,,0.0,False,False,3,0
348,0.2086,"[533.6, 531.9, 565.3, 615.6]",,,0.0,False,False,3,0
348,0.1788,"[1717.2, 364.5, 1811.7, 612.9]",,,0.0,False,False,3,0
348,0.1275,"[534.6, 149.0, 698.0, 606.2]",,,0.0,False,False,3,0
349,0.3924,"[403.0, 533.6, 454.3, 725.6]",,,0.0,False,False,3,0
349,0.3477,"[33.5, 520.8, 100.4, 668.6]",,,0.0,False,False,3,0
349,0.1192,"[360.1, 525.8, 406.7, 710.1]",,,0.0,False,False,3,0
350,0.5321,"[165.0, 511.0, 215.7, 630.5]",,,0.0,False,False,5,0
350,0.4109,"[428.6, 527.9, 482.6, 727.7]",,,0.0,False,False,5,0
350,0.2698,"[107.8, 514.7, 184.6, 682.8]",,,0.0,False,False,5,0
350,0.2504,"[-36.6, 536.6, 22.7, 649.4]",,,0.0,False,False,5,0
350,0.1344,"[390.5, 525.2, 437.7, 708.8]",,,0.0,False,False,5,0
351,0.4637,"[461.4, 532.6, 508.6, 720.9]",,,0.0,False,False,2,0
351,0.4448,"[196.6, 511.7, 244.9, 631.1]",,,0.0,False,False,2,0
352,0.4645,"[227.6, 510.0, 273.9, 630.1]",,,0.0,False,False,5,0
352,0.3617,"[456.3, 523.5, 504.2, 715.5]",,,0.0,False,False,5,0
352,0.183,"[9.7, 555.5, 81.3, 637.9]",,,0.0,False,False,5,0
352,0.1399,"[748.6, 578.1, 806.6, 677.4]",,,0.0,False,False,5,0
352,0.1191,"[-32.1, 542.7, 19.7, 634.5]",,,0.0,False,False,5,0
353,0.5793,"[35.4, 559.9, 101.3, 636.2]",,,0.0,False,False,5,0
353,0.5276,"[254.5, 511.7, 302.7, 632.5]",,,0.0,False,False,5,0
353,0.4601,"[-28.0, 505.2, 18.4, 638.2]",,,0.0,False,False,5,0
353,0.1377,"[587.9, 544.4, 639.9, 721.6]",,,0.0,False,False,5,0
353,0.128,"[933.5, 592.0, 970.0, 657.5]",,,0.0,False,False,5,0
354,0.5495,"[553.2, 531.6, 609.9, 738.5]",,,0.0,False,False,5,0
354,0.4867,"[408.0, 531.2, 465.4, 728.3]",,,0.0,False,False,5,0
354,0.167,"[421.9, 529.5, 482.0, 730.4]",,,0.0,False,False,5,0
354,0.1242,"[505.6, 526.8, 558.2, 725.0]",,,0.0,False,False,5,0
354,0.1048,"[282.8, 512.7, 330.4, 630.8]",,,0.0,False,False,5,0
355,0.5558,"[88.7, 558.2, 166.3, 639.9]",,,0.0,False,False,5,0
355,0.4189,"[545.7, 523.8, 599.7, 734.4]",,,0.0,False,False,5,0
355,0.2714,"[535.3, 521.1, 589.3, 725.0]",,,0.0,False,False,5,0
355,0.2688,"[313.2, 510.0, 360.5, 630.1]",,,0.0,False,False,5,0
355,0.2003,"[438.4, 531.2, 493.8, 732.4]",,,0.0,False,False,5,0
356,0.3661,"[63.7, 512.7, 106.0, 641.6]",,,0.0,False,False,6,2
356,0.3658,"[468.8, 529.9, 528.2, 738.5]",,,0.0,False,False,6,2
356,0.3566,"[568.7, 526.8, 625.4, 732.4]",,,0.0,False,False,6,2
356,0.3332,"[625.1, 534.6, 680.4, 741.8]",,,0.0,False,False,6,2
356,0.2059,"[297.3, 521.1, 349.0, 652.1]",182,"[253.15177395166523, 519.8753662109375, 318.25093600927227, 684.9803466796875]",0.1854,False,False,6,2
356,0.1731,"[345.9, 513.7, 387.8, 632.5]",,,0.0,False,False,6,2
357,0.5434,"[145.1, 559.9, 214.0, 641.6]",,,0.0,False,False,7,0
357,0.2736,"[8.4, 508.3, 50.0, 620.3]",,,0.0,False,False,7,0
357,0.2563,"[-10.1, 506.3, 25.8, 615.6]",,,0.0,False,False,7,0
357,0.2186,"[507.9, 529.2, 564.0, 734.4]",,,0.0,False,False,7,0
357,0.1838,"[496.5, 535.6, 555.2, 736.4]",,,0.0,False,False,7,0
357,0.1429,"[586.2, 537.0, 639.6, 735.8]",,,0.0,False,False,7,0
357,0.1243,"[430.7, 136.0, 470.5, 232.2]",,,0.0,False,False,7,0
358,0.5709,"[676.4, 533.6, 729.0, 737.1]",,,0.0,False,False,8,1
358,0.3968,"[37.7, 510.6, 73.7, 622.0]",,,0.0,False,False,8,1
358,0.3056,"[640.9, 532.9, 691.9, 729.0]",,,0.0,False,False,8,1
358,0.2386,"[533.9, 527.5, 594.7, 735.8]",,,0.0,False,False,8,1
358,0.2331,"[684.8, 540.7, 735.1, 727.0]",,,0.0,False,False,8,1
358,0.2103,"[51.0, 530.2, 91.5, 629.4]",,,0.0,False,False,8,1
358,0.1933,"[-2.7, 511.0, 30.8, 620.3]",,,0.0,False,False,8,1
358,0.1118,"[441.1, 406.4, 452.6, 423.9]",,,0.0,False,False,8,1
359,0.5346,"[711.5, 536.0, 765.5, 741.2]",,,0.0,False,False,7,0
359,0.4777,"[39.9, 510.0, 81.4, 623.4]",,,0.0,False,False,7,0
359,0.4527,"[65.1, 509.3, 101.2, 621.3]",,,0.0,False,False,7,0
359,0.3708,"[559.6, 535.3, 622.4, 743.9]",,,0.0,False,False,7,0
359,0.3243,"[10.9, 511.7, 52.1, 620.3]",,,0.0,False,False,7,0
359,0.3166,"[-8.7, 504.6, 27.3, 618.0]",,,0.0,False,False,7,0
359,0.1251,"[651.7, 536.0, 702.0, 737.8]",,,0.0,False,False,7,0
360,0.5125,"[40.5, 516.4, 84.4, 622.4]",,,0.0,False,False,10,1
360,0.4759,"[8.9, 506.6, 44.7, 620.0]",,,0.0,False,False,10,1
360,0.4583,"[94.2, 511.0, 130.5, 623.7]",,,0.0,False,False,10,1
360,0.4147,"[390.8, 521.1, 480.6, 693.9]",174,"[370.88727380351725, 524.306059457923, 430.1254215089827, 691.7178663233269]",0.349,True,False,10,1
360,0.3965,"[-7.6, 510.3, 25.6, 617.6]",,,0.0,False,False,10,1
360,0.3199,"[228.5, 565.7, 299.0, 647.3]",,,0.0,False,False,10,1
360,0.2466,"[22.2, 509.3, 55.6, 619.3]",,,0.0,False,False,10,1
360,0.194,"[107.9, 529.9, 145.5, 627.8]",,,0.0,False,False,10,1
360,0.19,"[883.6, 154.5, 1028.0, 424.2]",,,0.0,False,False,10,1
360,0.1634,"[1360.8, 103.6, 1579.5, 464.7]",,,0.0,False,False,10,1
361,0.576,"[6.6, 507.6, 41.7, 617.0]",,,0.0,False,False,10,1
361,0.5144,"[1678.1, 637.2, 1832.0, 1032.8]",3,"[1657.904710916156, 637.0274089584248, 1827.9707773650941, 1029.6051594009505]",0.855,True,False,10,1
361,0.4764,"[37.7, 506.9, 74.5, 617.6]",,,0.0,False,False,10,1
361,0.466,"[94.1, 514.0, 138.8, 624.0]",,,0.0,False,False,10,1
361,0.4117,"[65.9, 514.4, 103.4, 619.7]",,,0.0,False,False,10,1
361,0.409,"[121.7, 510.3, 157.8, 622.4]",,,0.0,False,False,10,1
361,0.2856,"[440.1, 169.9, 629.1, 438.1]",,,0.0,False,False,10,1
361,0.2694,"[739.8, 532.9, 788.4, 730.4]",,,0.0,False,False,10,1
361,0.1867,"[25.7, 514.0, 52.7, 613.9]",,,0.0,False,False,10,1
361,0.1791,"[-13.6, 513.0, 16.9, 613.6]",,,0.0,False,False,10,1
362,0.5473,"[10.9, 512.3, 45.3, 617.6]",,,0.0,False,False,9,0
362,0.5425,"[281.3, 567.0, 352.7, 645.3]",,,0.0,False,False,9,0
362,0.4857,"[93.1, 516.0, 132.0, 621.3]",,,0.0,False,False,9,0
362,0.4136,"[-9.5, 509.6, 27.5, 616.3]",,,0.0,False,False,9,0
362,0.3327,"[148.2, 511.0, 181.9, 622.4]",,,0.0,False,False,9,0
362,0.2286,"[159.0, 529.9, 198.1, 628.4]",,,0.0,False,False,9,0
362,0.2244,"[51.4, 514.7, 79.6, 610.5]",,,0.0,False,False,9,0
362,0.1572,"[80.6, 509.0, 111.1, 614.9]",,,0.0,False,False,9,0
362,0.1269,"[509.0, 513.3, 552.2, 640.2]",,,0.0,False,False,9,0
363,0.5031,"[14.3, 510.0, 52.0, 611.2]",,,0.0,False,False,8,0
363,0.3659,"[175.2, 510.3, 210.9, 619.7]",,,0.0,False,False,8,0
363,0.3334,"[118.9, 512.3, 157.9, 620.3]",,,0.0,False,False,8,0
363,0.3253,"[483.0, 534.3, 537.6, 657.1]",,,0.0,False,False,8,0
363,0.2904,"[451.6, 522.1, 509.0, 698.6]",,,0.0,False,False,8,0
363,0.2481,"[1071.2, 584.6, 1115.8, 693.2]",,,0.0,False,False,8,0
363,0.2017,"[182.9, 524.5, 222.1, 625.7]",,,0.0,False,False,8,0
363,0.1556,"[538.0, 513.7, 577.8, 637.9]",,,0.0,False,False,8,0
364,0.5788,"[63.2, 507.6, 99.6, 617.0]",,,0.0,False,False,8,0
364,0.5554,"[146.6, 513.0, 183.4, 619.7]",,,0.0,False,False,8,0
364,0.361,"[1054.3, 586.6, 1097.6, 710.8]",,,0.0,False,False,8,0
364,0.3441,"[209.6, 528.9, 249.1, 626.7]",,,0.0,False,False,8,0
364,0.2701,"[199.8, 509.3, 233.9, 618.0]",,,0.0,False,False,8,0
364,0.2499,"[711.5, 538.3, 766.8, 743.9]",,,0.0,False,False,8,0
364,0.1419,"[103.0, 513.0, 131.5, 611.6]",,,0.0,False,False,8,0
364,0.1357,"[135.8, 506.9, 165.0, 614.2]",,,0.0,False,False,8,0
365,0.5064,"[87.7, 509.6, 126.6, 614.9]",,,0.0,False,False,10,1
365,0.4863,"[68.8, 508.3, 104.0, 606.8]",,,0.0,False,False,10,1
365,0.4672,"[1084.1, 587.9, 1134.0, 729.7]",,,0.0,False,False,10,1
365,0.467,"[201.2, 508.3, 242.3, 621.7]",,,0.0,False,False,10,1
365,0.4485,"[172.5, 513.0, 211.6, 619.0]",,,0.0,False,False,10,1
365,0.2859,"[12.1, 511.7, 42.2, 591.3]",,,0.0,False,False,10,1
365,0.2676,"[131.7, 517.7, 160.9, 614.9]",,,0.0,False,False,10,1
365,0.255,"[227.8, 512.7, 270.7, 623.4]",,,0.0,False,False,10,1
365,0.1906,"[-7.9, 507.9, 18.9, 584.2]",,,0.0,False,False,10,1
365,0.1883,"[29.6, 507.9, 58.8, 595.0]",,,0.0,False,False,10,1
366,0.5698,"[195.1, 510.3, 229.5, 617.6]",,,0.0,False,False,15,0
366,0.5362,"[96.4, 506.6, 132.0, 610.5]",,,0.0,False,False,15,0
366,0.4927,"[115.7, 508.3, 150.1, 613.6]",,,0.0,False,False,15,0
366,0.4863,"[914.6, 532.9, 972.7, 747.9]",,,0.0,False,False,15,0
366,0.4352,"[263.1, 527.5, 300.9, 624.0]",,,0.0,False,False,15,0
366,0.3599,"[766.8, 540.3, 827.6, 754.0]",,,0.0,False,False,15,0
366,0.3117,"[152.2, 509.3, 185.0, 612.6]",,,0.0,False,False,15,0
366,0.2196,"[17.9, 502.9, 47.3, 583.2]",,,0.0,False,False,15,0
366,0.1783,"[338.3, 500.9, 366.5, 577.8]",,,0.0,False,False,15,0
366,0.1778,"[555.2, 527.9, 619.3, 665.6]",,,0.0,False,False,15,0
366,0.1721,"[251.1, 508.6, 282.2, 617.3]",,,0.0,False,False,15,0
366,0.1679,"[1112.4, 585.9, 1163.7, 687.8]",,,0.0,False,False,15,0
366,0.1344,"[216.7, 505.9, 247.7, 616.6]",,,0.0,False,False,15,0
366,0.1289,"[38.3, 508.6, 69.7, 591.6]",,,0.0,False,False,15,0
366,0.1036,"[2.9, 500.9, 29.8, 579.8]",,,0.0,False,False,15,0
367,0.5742,"[220.6, 507.6, 255.7, 614.9]",,,0.0,False,False,15,0
367,0.5346,"[121.2, 502.5, 158.3, 606.5]",,,0.0,False,False,15,0
367,0.4842,"[1049.6, 548.1, 1113.1, 741.2]",,,0.0,False,False,15,0
367,0.3848,"[287.9, 517.0, 326.0, 622.4]",,,0.0,False,False,15,0
367,0.3177,"[40.6, 500.2, 72.1, 580.5]",,,0.0,False,False,15,0
367,0.2436,"[-3.8, 496.1, 21.8, 569.7]",,,0.0,False,False,15,0
367,0.2359,"[181.1, 515.0, 208.4, 606.2]",,,0.0,False,False,15,0
367,0.2207,"[213.0, 503.6, 244.4, 613.6]",,,0.0,False,False,15,0
367,0.2192,"[63.4, 502.2, 99.3, 589.3]",,,0.0,False,False,15,0
367,0.1906,"[587.6, 532.6, 644.3, 664.9]",,,0.0,False,False,15,0
367,0.1848,"[275.1, 506.9, 305.8, 616.3]",,,0.0,False,False,15,0
367,0.137,"[24.4, 501.9, 51.2, 576.8]",,,0.0,False,False,15,0
367,0.1361,"[243.2, 503.9, 274.2, 612.6]",,,0.0,False,False,15,0
367,0.1281,"[798.5, 536.0, 863.3, 758.0]",,,0.0,False,False,15,0
367,0.1061,"[83.9, 503.9, 114.4, 591.6]",,,0.0,False,False,15,0
368,0.5736,"[145.9, 503.9, 181.7, 605.1]",,,0.0,False,False,15,0
368,0.3812,"[299.7, 503.9, 331.8, 616.6]",,,0.0,False,False,15,0
368,0.3023,"[314.2, 526.2, 351.3, 622.0]",,,0.0,False,False,15,0
368,0.2716,"[68.6, 500.9, 95.3, 578.5]",,,0.0,False,False,15,0
368,0.2662,"[19.1, 495.5, 47.6, 567.7]",,,0.0,False,False,15,0
368,0.2634,"[-5.1, 482.0, 24.4, 569.0]",,,0.0,False,False,15,0
368,0.2556,"[200.5, 502.2, 231.5, 604.8]",,,0.0,False,False,15,0
368,0.2107,"[51.0, 501.2, 76.9, 575.4]",,,0.0,False,False,15,0
368,0.1571,"[822.2, 538.0, 880.2, 756.7]",,,0.0,False,False,15,0
368,0.1533,"[88.2, 503.2, 118.4, 583.5]",,,0.0,False,False,15,0
368,0.1494,"[265.6, 504.2, 296.7, 611.6]",,,0.0,False,False,15,0
368,0.1414,"[615.9, 533.6, 667.2, 661.2]",,,0.0,False,False,15,0
368,0.1406,"[1164.4, 585.2, 1229.2, 683.1]",,,0.0,False,False,15,0
368,0.1356,"[385.1, 498.8, 415.5, 583.9]",,,0.0,False,False,15,0
368,0.1148,"[1165.7, 583.9, 1221.1, 645.3]",,,0.0,False,False,15,0
369,0.4415,"[15.2, 490.4, 47.9, 563.3]",,,0.0,False,False,11,0
369,0.4222,"[860.0, 543.4, 919.4, 758.7]",,,0.0,False,False,11,0
369,0.4203,"[1121.9, 547.8, 1175.9, 744.5]",,,0.0,False,False,11,0
369,0.3778,"[43.4, 494.1, 71.8, 567.0]",,,0.0,False,False,11,0
369,0.3776,"[324.3, 502.9, 355.1, 613.6]",,,0.0,False,False,11,0
369,0.3125,"[227.0, 497.5, 257.0, 606.2]",,,0.0,False,False,11,0
369,0.2754,"[93.3, 500.9, 122.0, 577.1]",,,0.0,False,False,11,0
369,0.2063,"[643.3, 533.2, 695.9, 660.2]",,,0.0,False,False,11,0
369,0.1632,"[172.2, 504.2, 200.3, 598.7]",,,0.0,False,False,11,0
369,0.1587,"[288.2, 501.2, 318.3, 611.2]",,,0.0,False,False,11,0
369,0.1358,"[114.3, 501.9, 145.0, 584.9]",,,0.0,False,False,11,0
370,0.5071,"[1266.3, 572.4, 1308.2, 685.1]",,,0.0,False,False,13,0
370,0.4808,"[348.3, 500.5, 379.4, 613.9]",,,0.0,False,False,13,0
370,0.4606,"[251.9, 496.5, 284.3, 603.1]",,,0.0,False,False,13,0
370,0.4582,"[195.8, 497.8, 230.2, 597.0]",,,0.0,False,False,13,0
370,0.4562,"[884.9, 534.9, 944.3, 758.0]",,,0.0,False,False,13,0
370,0.237,"[44.9, 487.7, 72.4, 557.2]",,,0.0,False,False,13,0
370,0.2033,"[118.5, 497.5, 146.3, 573.8]",,,0.0,False,False,13,0
370,0.1865,"[316.6, 500.2, 345.9, 608.2]",,,0.0,False,False,13,0
370,0.1707,"[657.8, 535.6, 700.0, 662.5]",,,0.0,False,False,13,0
370,0.1637,"[282.8, 499.5, 312.5, 604.8]",,,0.0,False,False,13,0
370,0.1553,"[1047.6, 527.9, 1103.0, 749.2]",,,0.0,False,False,13,0
370,0.1318,"[434.7, 494.1, 462.4, 578.5]",,,0.0,False,False,13,0
370,0.1293,"[69.4, 491.7, 94.6, 560.6]",,,0.0,False,False,13,0
371,0.4468,"[371.9, 498.5, 403.0, 612.6]",,,0.0,False,False,12,0
371,0.4277,"[220.7, 494.4, 255.2, 594.3]",,,0.0,False,False,12,0
371,0.4267,"[319.8, 500.9, 352.4, 606.2]",,,0.0,False,False,12,0
371,0.3529,"[1080.0, 522.8, 1142.1, 753.3]",,,0.0,False,False,12,0
371,0.3409,"[69.5, 491.7, 94.8, 553.8]",,,0.0,False,False,12,0
371,0.2896,"[92.2, 487.7, 119.4, 557.2]",,,0.0,False,False,12,0
371,0.2722,"[279.8, 508.3, 308.1, 601.4]",,,0.0,False,False,12,0
371,0.2181,"[338.0, 495.1, 368.6, 606.5]",,,0.0,False,False,12,0
371,0.1991,"[140.7, 493.1, 169.8, 570.7]",,,0.0,False,False,12,0
371,0.1604,"[-10.5, 509.3, 16.5, 578.1]",,,0.0,False,False,12,0
371,0.1443,"[162.4, 496.8, 193.6, 579.2]",,,0.0,False,False,12,0
371,0.1066,"[184.4, 498.8, 210.8, 582.5]",,,0.0,False,False,12,0
372,0.4989,"[945.7, 535.6, 1010.5, 756.0]",,,0.0,False,False,15,1
372,0.4338,"[246.4, 495.5, 276.1, 590.0]",,,0.0,False,False,15,1
372,0.4271,"[97.5, 501.2, 118.2, 549.8]",,,0.0,False,False,15,1
372,0.38,"[397.2, 497.8, 428.3, 611.2]",,,0.0,False,False,15,1
372,0.3722,"[31.0, 510.0, 55.0, 568.0]",,,0.0,False,False,15,1
372,0.3313,"[186.0, 500.9, 210.9, 571.1]",,,0.0,False,False,15,1
372,0.2193,"[484.0, 489.4, 510.3, 565.7]",,,0.0,False,False,15,1
372,0.2162,"[532.6, 555.9, 598.1, 634.8]",90,"[529.8578149433371, 554.3807635807465, 602.123874509788, 634.5074200130035]",0.886,True,False,15,1
372,0.1892,"[1044.9, 536.3, 1107.0, 772.9]",,,0.0,False,False,15,1
372,0.1707,"[358.8, 497.8, 387.1, 603.8]",,,0.0,False,False,15,1
372,0.1415,"[87.4, 493.8, 106.3, 536.3]",,,0.0,False,False,15,1
372,0.1391,"[203.3, 496.1, 230.3, 577.1]",,,0.0,False,False,15,1
372,0.1316,"[42.9, 509.0, 68.3, 565.0]",,,0.0,False,False,15,1
372,0.1142,"[241.5, 496.5, 267.5, 586.2]",,,0.0,False,False,15,1
372,0.1059,"[335.8, 497.5, 364.2, 602.1]",,,0.0,False,False,15,1
373,0.5798,"[53.9, 505.2, 79.7, 568.0]",,,0.0,False,False,12,1
373,0.5481,"[728.3, 528.2, 797.2, 674.0]",68,"[720.1883337093557, 524.3670288085938, 789.8271692203318, 677.4570678710938]",0.7643,True,False,12,1
373,0.3323,"[1238.6, 546.8, 1298.0, 762.8]",,,0.0,False,False,12,1
373,0.3147,"[417.8, 496.5, 452.9, 611.9]",,,0.0,False,False,12,1
373,0.297,"[555.2, 554.2, 622.7, 635.2]",,,0.0,False,False,12,1
373,0.2828,"[506.9, 488.7, 533.2, 564.3]",,,0.0,False,False,12,1
373,0.2366,"[434.7, 514.4, 472.5, 616.3]",,,0.0,False,False,12,1
373,0.236,"[117.6, 496.8, 140.9, 550.8]",,,0.0,False,False,12,1
373,0.163,"[262.2, 496.8, 288.9, 586.6]",,,0.0,False,False,12,1
373,0.1541,"[269.2, 495.5, 297.2, 587.9]",,,0.0,False,False,12,1
373,0.1388,"[209.2, 501.9, 233.9, 569.4]",,,0.0,False,False,12,1
373,0.1342,"[112.0, 492.4, 133.1, 545.1]",,,0.0,False,False,12,1
374,0.4739,"[457.7, 509.6, 495.5, 610.2]",,,0.0,False,False,12,0
374,0.4705,"[750.6, 524.5, 824.9, 675.7]",,,0.0,False,False,12,0
374,0.458,"[1008.5, 527.9, 1082.7, 772.9]",,,0.0,False,False,12,0
374,0.4449,"[287.6, 487.7, 320.6, 585.6]",,,0.0,False,False,12,0
374,0.3504,"[441.8, 492.1, 476.2, 606.2]",,,0.0,False,False,12,0
374,0.2628,"[582.2, 550.5, 645.6, 632.1]",,,0.0,False,False,12,0
374,0.2593,"[528.5, 485.0, 556.9, 568.7]",,,0.0,False,False,12,0
374,0.1806,"[137.7, 484.7, 164.7, 544.7]",,,0.0,False,False,12,0
374,0.1768,"[213.0, 480.6, 242.0, 561.6]",,,0.0,False,False,12,0
374,0.1196,"[165.5, 479.3, 190.5, 544.7]",,,0.0,False,False,12,0
374,0.103,"[134.3, 485.0, 158.0, 541.7]",,,0.0,False,False,12,0
374,0.1023,"[233.2, 490.4, 261.6, 566.7]",,,0.0,False,False,12,0
375,0.5127,"[312.9, 487.4, 342.9, 586.6]",,,0.0,False,False,15,0
375,0.4814,"[102.0, 497.1, 130.5, 561.9]",,,0.0,False,False,15,0
375,0.4351,"[-8.4, 500.5, 13.9, 563.3]",,,0.0,False,False,15,0
375,0.4209,"[86.1, 508.3, 110.4, 562.3]",,,0.0,False,False,15,0
375,0.3562,"[479.6, 514.7, 515.4, 611.2]",,,0.0,False,False,15,0
375,0.3012,"[466.4, 491.7, 496.8, 605.1]",,,0.0,False,False,15,0
375,0.2758,"[604.5, 552.2, 670.6, 631.8]",,,0.0,False,False,15,0
375,0.2478,"[552.2, 484.3, 579.8, 570.0]",,,0.0,False,False,15,0
375,0.2205,"[429.3, 490.4, 460.4, 600.4]",,,0.0,False,False,15,0
375,0.1859,"[235.2, 484.3, 262.6, 561.3]",,,0.0,False,False,15,0
375,0.1713,"[1047.6, 534.6, 1112.4, 769.5]",,,0.0,False,False,15,0
375,0.1483,"[156.3, 484.0, 179.6, 543.4]",,,0.0,False,False,15,0
375,0.1462,"[256.5, 491.4, 281.8, 565.7]",,,0.0,False,False,15,0
375,0.1389,"[1449.9, 599.7, 1517.4, 801.9]",,,0.0,False,False,15,0
375,0.1036,"[369.6, 493.4, 397.9, 593.3]",,,0.0,False,False,15,0
376,0.5715,"[125.6, 493.1, 152.7, 558.6]",,,0.0,False,False,17,0
376,0.5511,"[489.4, 490.1, 521.8, 604.8]",,,0.0,False,False,17,0
376,0.5374,"[1073.2, 540.0, 1142.1, 774.9]",,,0.0,False,False,17,0
376,0.5057,"[109.4, 501.5, 134.7, 558.9]",,,0.0,False,False,17,0
376,0.4616,"[627.4, 552.8, 695.2, 633.2]",,,0.0,False,False,17,0
376,0.4505,"[336.3, 486.0, 366.2, 579.2]",,,0.0,False,False,17,0
376,0.4223,"[393.2, 490.7, 422.2, 590.6]",,,0.0,False,False,17,0
376,0.3488,"[7.0, 491.4, 35.9, 554.9]",,,0.0,False,False,17,0
376,0.3143,"[575.4, 482.6, 601.8, 561.6]",,,0.0,False,False,17,0
376,0.2362,"[257.5, 479.3, 287.2, 558.9]",,,0.0,False,False,17,0
376,0.1983,"[454.6, 491.4, 484.3, 599.4]",,,0.0,False,False,17,0
376,0.1932,"[279.1, 486.0, 307.5, 565.7]",,,0.0,False,False,17,0
376,0.1914,"[-10.4, 487.7, 17.7, 553.2]",,,0.0,False,False,17,0
376,0.1523,"[212.0, 476.2, 236.9, 543.7]",,,0.0,False,False,17,0
376,0.1248,"[189.0, 478.9, 212.6, 541.7]",,,0.0,False,False,17,0
376,0.1227,"[332.3, 487.0, 360.1, 578.8]",,,0.0,False,False,17,0
376,0.1068,"[1490.4, 578.5, 1595.7, 874.1]",,,0.0,False,False,17,0
377,0.5766,"[359.4, 486.0, 389.8, 583.9]",,,0.0,False,False,18,0
377,0.5661,"[519.8, 512.0, 560.9, 611.2]",,,0.0,False,False,18,0
377,0.4936,"[457.7, 493.1, 490.1, 599.7]",,,0.0,False,False,18,0
377,0.4681,"[301.6, 491.1, 328.2, 566.7]",,,0.0,False,False,18,0
377,0.374,"[213.1, 487.0, 235.1, 543.0]",,,0.0,False,False,18,0
377,0.3444,"[474.5, 490.1, 504.9, 600.8]",,,0.0,False,False,18,0
377,0.3265,"[511.3, 490.4, 542.4, 603.8]",,,0.0,False,False,18,0
377,0.28,"[203.0, 484.3, 222.2, 529.5]",,,0.0,False,False,18,0
377,0.2396,"[597.7, 483.6, 626.1, 570.0]",,,0.0,False,False,18,0
377,0.2325,"[1105.7, 540.3, 1165.1, 780.3]",,,0.0,False,False,18,0
377,0.1891,"[417.8, 499.2, 443.5, 591.6]",,,0.0,False,False,18,0
377,0.1842,"[40.0, 497.5, 62.3, 558.9]",,,0.0,False,False,18,0
377,0.1649,"[32.6, 494.4, 58.0, 557.2]",,,0.0,False,False,18,0
377,0.1393,"[29.9, 494.8, 52.9, 553.5]",,,0.0,False,False,18,0
377,0.1331,"[311.5, 491.1, 337.2, 570.0]",,,0.0,False,False,18,0
377,0.1231,"[1413.5, 566.3, 1464.8, 755.3]",,,0.0,False,False,18,0
377,0.1177,"[280.8, 482.3, 309.5, 558.6]",,,0.0,False,False,18,0
377,0.1104,"[233.4, 477.6, 258.4, 544.4]",,,0.0,False,False,18,0
378,0.5353,"[477.9, 495.5, 512.3, 602.1]",,,0.0,False,False,15,0
378,0.4927,"[531.6, 492.1, 566.7, 611.6]",,,0.0,False,False,15,0
378,0.4692,"[380.0, 487.7, 411.8, 584.9]",,,0.0,False,False,15,0
378,0.4455,"[80.5, 501.9, 104.8, 556.5]",,,0.0,False,False,15,0
378,0.4349,"[444.5, 502.2, 470.1, 596.7]",,,0.0,False,False,15,0
378,0.357,"[326.0, 496.5, 353.7, 570.0]",,,0.0,False,False,15,0
378,0.3194,"[236.6, 489.4, 258.2, 544.0]",,,0.0,False,False,15,0
378,0.2585,"[878.2, 516.7, 922.7, 660.5]",,,0.0,False,False,15,0
378,0.2466,"[1470.2, 42.4, 1532.2, 294.0]",,,0.0,False,False,15,0
378,0.2068,"[302.2, 483.3, 329.9, 560.9]",,,0.0,False,False,15,0
378,0.1491,"[257.2, 480.3, 282.5, 544.4]",,,0.0,False,False,15,0
378,0.1212,"[227.1, 484.3, 248.4, 536.3]",,,0.0,False,False,15,0
378,0.1169,"[1448.6, 572.7, 1502.6, 757.4]",,,0.0,False,False,15,0
378,0.1091,"[474.2, 478.6, 507.9, 598.1]",,,0.0,False,False,15,0
378,0.1039,"[496.8, 498.5, 527.9, 603.1]",,,0.0,False,False,15,0
379,0.5005,"[407.7, 484.0, 436.7, 583.2]",,,0.0,False,False,19,0
379,0.4882,"[845.1, 514.7, 916.7, 684.8]",,,0.0,False,False,19,0
379,0.4482,"[505.2, 492.8, 538.3, 600.8]",,,0.0,False,False,19,0
379,0.4258,"[556.2, 489.0, 592.0, 608.5]",,,0.0,False,False,19,0
379,0.405,"[347.3, 487.7, 373.6, 564.6]",,,0.0,False,False,19,0
379,0.4014,"[397.2, 488.4, 425.6, 582.2]",,,0.0,False,False,19,0
379,0.364,"[326.5, 477.9, 355.7, 558.2]",,,0.0,False,False,19,0
379,0.3174,"[517.7, 488.7, 551.5, 600.8]",,,0.0,False,False,19,0
379,0.2641,"[361.8, 481.3, 388.8, 570.4]",,,0.0,False,False,19,0
379,0.262,"[904.5, 516.7, 946.4, 660.5]",,,0.0,False,False,19,0
379,0.2596,"[80.6, 490.7, 105.0, 554.9]",,,0.0,False,False,19,0
379,0.2205,"[574.8, 513.0, 612.6, 612.2]",,,0.0,False,False,19,0
379,0.2034,"[890.3, 514.4, 949.7, 672.3]",,,0.0,False,False,19,0
379,0.1823,"[258.0, 488.0, 280.0, 542.0]",,,0.0,False,False,19,0
379,0.1728,"[50.3, 499.5, 70.2, 546.8]",,,0.0,False,False,19,0
379,0.1335,"[646.3, 482.3, 672.0, 554.5]",,,0.0,False,False,19,0
379,0.1333,"[39.5, 503.6, 58.5, 551.5]",,,0.0,False,False,19,0
379,0.1247,"[1466.1, 555.2, 1525.5, 764.1]",,,0.0,False,False,19,0
379,0.1035,"[249.2, 481.6, 269.5, 532.2]",,,0.0,False,False,19,0
380,0.5439,"[431.0, 490.4, 460.7, 588.9]",,,0.0,False,False,21,0
380,0.4517,"[369.9, 499.8, 392.9, 568.7]",,,0.0,False,False,21,0
380,0.442,"[581.5, 494.1, 615.3, 612.9]",,,0.0,False,False,21,0
380,0.4209,"[101.5, 500.2, 124.3, 562.3]",,,0.0,False,False,21,0
380,0.4166,"[129.0, 506.3, 152.0, 560.9]",,,0.0,False,False,21,0
380,0.3952,"[599.4, 514.4, 638.6, 618.3]",,,0.0,False,False,21,0
380,0.3847,"[1194.8, 536.0, 1263.6, 796.5]",,,0.0,False,False,21,0
380,0.3766,"[63.4, 511.0, 84.9, 559.6]",,,0.0,False,False,21,0
380,0.3639,"[114.1, 502.5, 136.4, 565.3]",,,0.0,False,False,21,0
380,0.3325,"[383.1, 491.7, 410.1, 576.1]",,,0.0,False,False,21,0
380,0.3267,"[485.3, 508.3, 515.0, 602.8]",,,0.0,False,False,21,0
380,0.3156,"[668.9, 488.4, 692.6, 557.9]",,,0.0,False,False,21,0
380,0.2914,"[419.2, 496.5, 443.5, 586.9]",,,0.0,False,False,21,0
380,0.2732,"[543.4, 499.2, 573.8, 605.1]",,,0.0,False,False,21,0
380,0.2332,"[280.5, 493.8, 301.4, 547.8]",,,0.0,False,False,21,0
380,0.1983,"[270.2, 488.0, 291.8, 543.4]",,,0.0,False,False,21,0
380,0.1971,"[347.0, 488.0, 373.3, 563.6]",,,0.0,False,False,21,0
380,0.1516,"[76.2, 505.2, 98.5, 561.3]",,,0.0,False,False,21,0
380,0.1429,"[1181.2, 157.1, 1243.4, 363.8]",,,0.0,False,False,21,0
380,0.1394,"[907.2, 521.1, 974.7, 687.8]",,,0.0,False,False,21,0
380,0.1212,"[310.2, 499.2, 331.4, 553.2]",,,0.0,False,False,21,0
381,0.3983,"[125.9, 490.1, 153.2, 557.5]",,,0.0,False,False,15,0
381,0.3874,"[607.5, 492.4, 638.6, 605.8]",,,0.0,False,False,15,0
381,0.3512,"[1238.6, 537.0, 1310.2, 800.6]",,,0.0,False,False,15,0
381,0.3374,"[370.6, 481.3, 398.2, 558.9]",,,0.0,False,False,15,0
381,0.3137,"[942.3, 514.7, 995.0, 689.5]",,,0.0,False,False,15,0
381,0.2944,"[406.0, 485.0, 433.7, 571.4]",,,0.0,False,False,15,0
381,0.2444,"[617.3, 512.0, 658.5, 615.9]",,,0.0,False,False,15,0
381,0.2359,"[391.5, 490.1, 417.8, 564.3]",,,0.0,False,False,15,0
381,0.2309,"[949.7, 517.7, 998.3, 667.6]",,,0.0,False,False,15,0
381,0.2274,"[1579.5, 26.3, 1741.5, 455.0]",,,0.0,False,False,15,0
381,0.2236,"[439.8, 489.4, 467.4, 583.9]",,,0.0,False,False,15,0
381,0.2143,"[301.4, 483.6, 325.4, 542.4]",,,0.0,False,False,15,0
381,0.1368,"[324.2, 476.2, 349.0, 543.7]",,,0.0,False,False,15,0
381,0.1364,"[137.8, 499.8, 160.9, 557.2]",,,0.0,False,False,15,0
381,0.1359,"[567.7, 501.2, 596.0, 601.8]",,,0.0,False,False,15,0
382,0.5767,"[147.0, 501.5, 168.9, 563.0]",,,0.0,False,False,22,1
382,0.5653,"[472.2, 490.7, 501.2, 590.0]",,,0.0,False,False,22,1
382,0.5425,"[625.7, 495.8, 659.5, 610.5]",,,0.0,False,False,22,1
382,0.5166,"[922.7, 517.0, 998.3, 695.2]",174,"[924.5460384531661, 516.0014914307383, 991.9687320546464, 690.6275368895743]",0.8642,True,False,22,1
382,0.4898,"[109.3, 513.0, 129.0, 560.2]",,,0.0,False,False,22,1
382,0.4666,"[571.4, 497.8, 603.8, 607.8]",,,0.0,False,False,22,1
382,0.4502,"[392.2, 487.4, 418.5, 563.6]",,,0.0,False,False,22,1
382,0.427,"[414.1, 498.8, 437.7, 569.7]",,,0.0,False,False,22,1
382,0.4088,"[353.0, 499.8, 374.6, 555.9]",,,0.0,False,False,22,1
382,0.3889,"[324.8, 493.8, 345.1, 547.1]",,,0.0,False,False,22,1
382,0.3392,"[1259.6, 539.3, 1339.2, 808.0]",,,0.0,False,False,22,1
382,0.2992,"[158.8, 505.2, 179.7, 566.0]",,,0.0,False,False,22,1
382,0.2637,"[314.0, 492.4, 334.3, 543.7]",,,0.0,False,False,22,1
382,0.2608,"[-11.1, 473.5, 24.2, 559.9]",,,0.0,False,False,22,1
382,0.231,"[461.4, 498.2, 486.3, 588.6]",,,0.0,False,False,22,1
382,0.2273,"[586.2, 497.8, 618.0, 607.8]",,,0.0,False,False,22,1
382,0.1876,"[-9.2, 496.1, 22.8, 562.3]",,,0.0,False,False,22,1
382,0.1814,"[134.3, 499.2, 151.9, 545.1]",,,0.0,False,False,22,1
382,0.1631,"[437.7, 492.8, 462.0, 579.2]",,,0.0,False,False,22,1
382,0.1279,"[-4.3, 508.6, 23.4, 561.3]",,,0.0,False,False,22,1
382,0.1169,"[649.0, 512.3, 688.2, 620.3]",,,0.0,False,False,22,1
382,0.1128,"[637.2, 519.1, 680.4, 621.0]",,,0.0,False,False,22,1
383,0.5772,"[949.1, 516.4, 1023.3, 694.6]",,,0.0,False,False,22,1
383,0.5686,"[495.1, 485.0, 524.8, 586.2]",,,0.0,False,False,22,1
383,0.5533,"[450.2, 487.4, 477.2, 573.8]",104,"[446.27443331110237, 485.85143127441404, 479.92295438421013, 574.9514251708985]",0.7781,True,False,22,1
383,0.5431,"[995.6, 515.0, 1056.4, 691.9]",,,0.0,False,False,22,1
383,0.5156,"[594.0, 495.5, 628.4, 604.1]",,,0.0,False,False,22,1
383,0.504,"[484.0, 490.7, 511.7, 583.2]",,,0.0,False,False,22,1
383,0.4797,"[1005.8, 516.7, 1051.7, 675.3]",,,0.0,False,False,22,1
383,0.4786,"[146.9, 504.2, 167.7, 556.2]",,,0.0,False,False,22,1
383,0.4606,"[436.4, 492.1, 462.7, 565.7]",104,"[446.27443331110237, 485.85143127441404, 479.92295438421013, 574.9514251708985]",0.3246,True,False,22,1
383,0.4352,"[649.0, 492.4, 682.8, 610.5]",,,0.0,False,False,22,1
383,0.36,"[414.1, 482.6, 441.1, 559.6]",,,0.0,False,False,22,1
383,0.3577,"[199.1, 500.9, 221.4, 556.2]",,,0.0,False,False,22,1
383,0.3191,"[132.1, 506.6, 149.7, 554.5]",,,0.0,False,False,22,1
383,0.298,"[665.9, 513.0, 707.4, 617.6]",,,0.0,False,False,22,1
383,0.2872,"[347.3, 488.7, 368.9, 544.0]",,,0.0,False,False,22,1
383,0.2398,"[182.8, 501.2, 204.4, 559.2]",,,0.0,False,False,22,1
383,0.2196,"[610.2, 499.8, 639.2, 601.8]",,,0.0,False,False,22,1
383,0.2193,"[1302.8, 543.4, 1382.4, 809.3]",,,0.0,False,False,22,1
383,0.1911,"[170.4, 497.5, 193.9, 556.9]",,,0.0,False,False,22,1
383,0.1883,"[798.5, 558.6, 866.0, 641.6]",,,0.0,False,False,22,1
383,0.181,"[662.2, 522.8, 700.7, 617.3]",,,0.0,False,False,22,1
383,0.1606,"[399.9, 487.4, 425.6, 558.9]",,,0.0,False,False,22,1
384,0.5592,"[670.3, 493.4, 704.7, 612.9]",,,0.0,False,False,21,0
384,0.5371,"[515.4, 492.4, 545.1, 591.6]",,,0.0,False,False,21,0
384,0.5233,"[611.6, 496.8, 644.0, 608.2]",,,0.0,False,False,21,0
384,0.522,"[152.5, 510.6, 172.0, 561.9]",,,0.0,False,False,21,0
384,0.5012,"[1337.9, 538.3, 1416.2, 806.0]",,,0.0,False,False,21,0
384,0.4935,"[189.3, 502.9, 213.6, 563.6]",,,0.0,False,False,21,0
384,0.4474,"[457.3, 501.2, 482.3, 570.7]",,,0.0,False,False,21,0
384,0.3829,"[366.9, 494.4, 388.5, 549.8]",,,0.0,False,False,21,0
384,0.3206,"[752.0, 495.5, 801.9, 642.6]",,,0.0,False,False,21,0
384,0.3024,"[630.8, 499.5, 663.2, 608.9]",,,0.0,False,False,21,0
384,0.2961,"[440.4, 484.0, 466.1, 565.0]",,,0.0,False,False,21,0
384,0.285,"[472.2, 493.4, 499.2, 577.1]",,,0.0,False,False,21,0
384,0.2345,"[357.1, 491.1, 377.3, 545.7]",,,0.0,False,False,21,0
384,0.2137,"[203.3, 511.0, 222.9, 565.7]",,,0.0,False,False,21,0
384,0.2097,"[428.6, 484.0, 454.3, 563.6]",,,0.0,False,False,21,0
384,0.2037,"[686.8, 514.0, 731.7, 621.3]",,,0.0,False,False,21,0
384,0.1955,"[821.5, 559.6, 890.3, 643.3]",,,0.0,False,False,21,0
384,0.1669,"[1572.8, 110.4, 1680.8, 360.5]",,,0.0,False,False,21,0
384,0.1426,"[397.2, 499.5, 418.2, 556.2]",,,0.0,False,False,21,0
384,0.1386,"[508.3, 496.1, 534.6, 590.0]",,,0.0,False,False,21,0
384,0.1236,"[681.1, 522.8, 724.3, 620.7]",,,0.0,False,False,21,0
385,0.5416,"[493.4, 490.7, 523.8, 576.5]",,,0.0,False,False,19,0
385,0.5367,"[528.2, 496.1, 555.9, 590.6]",,,0.0,False,False,19,0
385,0.4879,"[479.6, 492.8, 505.2, 569.7]",,,0.0,False,False,19,0
385,0.471,"[1057.7, 515.0, 1102.3, 681.1]",,,0.0,False,False,19,0
385,0.4371,"[652.4, 498.2, 684.8, 608.9]",,,0.0,False,False,19,0
385,0.4223,"[389.1, 490.1, 410.7, 546.8]",,,0.0,False,False,19,0
385,0.3887,"[694.6, 493.4, 728.3, 612.9]",,,0.0,False,False,19,0
385,0.3639,"[1373.6, 543.4, 1454.0, 816.1]",,,0.0,False,False,19,0
385,0.3265,"[378.3, 486.3, 399.9, 545.1]",,,0.0,False,False,19,0
385,0.2962,"[846.5, 560.2, 915.3, 646.0]",,,0.0,False,False,19,0
385,0.2669,"[458.3, 482.6, 485.3, 563.0]",,,0.0,False,False,19,0
385,0.2235,"[450.9, 483.6, 477.9, 562.6]",,,0.0,False,False,19,0
385,0.2125,"[1042.9, 513.3, 1103.6, 687.5]",,,0.0,False,False,19,0
385,0.2101,"[214.3, 499.2, 237.9, 562.6]",,,0.0,False,False,19,0
385,0.1329,"[419.2, 485.3, 442.1, 551.5]",,,0.0,False,False,19,0
385,0.1318,"[704.0, 506.3, 744.5, 618.3]",,,0.0,False,False,19,0
385,0.1313,"[709.4, 512.7, 752.6, 622.0]",,,0.0,False,False,19,0
385,0.1146,"[419.5, 503.6, 441.8, 560.2]",,,0.0,False,False,19,0
385,0.1029,"[226.8, 506.6, 246.7, 561.3]",,,0.0,False,False,19,0
386,0.5437,"[1066.5, 509.6, 1130.0, 706.7]",,,0.0,False,False,23,0
386,0.5382,"[410.4, 494.1, 430.0, 548.1]",,,0.0,False,False,23,0
386,0.4983,"[558.9, 491.7, 588.6, 592.3]",,,0.0,False,False,23,0
386,0.4903,"[400.6, 492.4, 418.8, 541.0]",,,0.0,False,False,23,0
386,0.4699,"[1404.0, 534.3, 1487.7, 820.1]",,,0.0,False,False,23,0
386,0.4429,"[673.0, 497.1, 706.1, 609.9]",,,0.0,False,False,23,0
386,0.4291,"[500.2, 500.2, 525.8, 571.7]",,,0.0,False,False,23,0
386,0.406,"[514.4, 492.4, 540.7, 578.8]",,,0.0,False,False,23,0
386,0.4058,"[236.4, 502.9, 258.0, 563.6]",,,0.0,False,False,23,0
386,0.2968,"[732.4, 514.4, 775.6, 623.0]",,,0.0,False,False,23,0
386,0.2468,"[481.6, 488.4, 506.6, 565.3]",,,0.0,False,False,23,0
386,0.2194,"[440.1, 494.4, 462.4, 555.2]",,,0.0,False,False,23,0
386,0.1822,"[209.9, 506.9, 233.9, 565.7]",,,0.0,False,False,23,0
386,0.1764,"[552.2, 495.5, 579.2, 590.6]",,,0.0,False,False,23,0
386,0.1698,"[1081.3, 511.7, 1128.6, 683.8]",,,0.0,False,False,23,0
386,0.1691,"[196.3, 512.3, 214.5, 563.6]",,,0.0,False,False,23,0
386,0.1644,"[525.8, 494.4, 552.8, 580.2]",,,0.0,False,False,23,0
386,0.1403,"[430.0, 486.3, 452.2, 551.1]",,,0.0,False,False,23,0
386,0.1403,"[1352.7, 142.4, 1433.7, 390.5]",,,0.0,False,False,23,0
386,0.1318,"[872.1, 561.3, 939.6, 647.7]",,,0.0,False,False,23,0
386,0.1277,"[1375.7, 153.5, 1443.2, 375.0]",,,0.0,False,False,23,0
386,0.1211,"[548.1, 497.8, 573.8, 588.3]",,,0.0,False,False,23,0
386,0.1199,"[1368.9, 547.8, 1425.6, 754.7]",,,0.0,False,False,23,0
387,0.5155,"[116.1, 495.1, 139.9, 556.5]",,,0.0,False,False,22,0
387,0.5064,"[737.1, 491.1, 776.2, 617.3]",,,0.0,False,False,22,0
387,0.4766,"[497.5, 478.9, 527.9, 561.9]",,,0.0,False,False,22,0
387,0.4724,"[462.0, 485.3, 487.0, 554.2]",,,0.0,False,False,22,0
387,0.4044,"[23.5, 501.9, 56.1, 559.2]",,,0.0,False,False,22,0
387,0.3926,"[580.5, 487.7, 611.6, 589.6]",,,0.0,False,False,22,0
387,0.3449,"[239.8, 504.6, 259.4, 559.2]",,,0.0,False,False,22,0
387,0.3384,"[1448.6, 539.0, 1524.2, 828.9]",,,0.0,False,False,22,0
387,0.3289,"[42.0, 492.1, 76.2, 559.6]",,,0.0,False,False,22,0
387,0.3267,"[430.7, 487.4, 452.9, 544.7]",,,0.0,False,False,22,0
387,0.2916,"[536.0, 489.4, 567.0, 576.5]",,,0.0,False,False,22,0
387,0.2495,"[218.7, 503.6, 236.9, 556.9]",,,0.0,False,False,22,0
387,0.2311,"[257.2, 496.5, 279.8, 560.6]",,,0.0,False,False,22,0
387,0.2114,"[747.9, 521.8, 791.1, 620.3]",,,0.0,False,False,22,0
387,0.2001,"[758.0, 517.4, 795.8, 619.3]",,,0.0,False,False,22,0
387,0.1974,"[1371.6, 125.3, 1455.3, 363.8]",,,0.0,False,False,22,0
387,0.1916,"[571.1, 492.8, 599.4, 587.9]",,,0.0,False,False,22,0
387,0.1717,"[893.0, 558.9, 963.2, 646.0]",,,0.0,False,False,22,0
387,0.138,"[521.8, 487.4, 548.8, 568.4]",,,0.0,False,False,22,0
387,0.1309,"[449.9, 481.6, 473.5, 546.4]",,,0.0,False,False,22,0
387,0.1204,"[422.9, 484.3, 443.8, 537.0]",,,0.0,False,False,22,0
387,0.1203,"[544.7, 490.1, 574.4, 579.2]",,,0.0,False,False,22,0
388,0.5182,"[451.6, 494.4, 471.8, 549.1]",,,0.0,False,False,24,1
388,0.5009,"[540.3, 496.5, 567.3, 574.8]",,,0.0,False,False,24,1
388,0.468,"[697.3, 494.1, 732.4, 610.2]",,,0.0,False,False,24,1
388,0.4593,"[782.3, 516.7, 821.5, 624.0]",,,0.0,False,False,24,1
388,0.3909,"[853.9, 523.1, 902.5, 639.9]",,,0.0,False,False,24,1
388,0.3891,"[1127.9, 525.5, 1180.6, 702.7]",,,0.0,False,False,24,1
388,0.3866,"[1498.5, 550.1, 1574.1, 824.9]",,,0.0,False,False,24,1
388,0.337,"[716.2, 496.1, 749.9, 610.9]",,,0.0,False,False,24,1
388,0.3262,"[600.8, 493.4, 630.5, 592.7]",,,0.0,False,False,24,1
388,0.2652,"[916.0, 555.9, 988.9, 648.3]",,,0.0,False,False,24,1
388,0.2177,"[517.4, 488.7, 543.7, 566.3]",,,0.0,False,False,24,1
388,0.2117,"[277.9, 501.9, 299.9, 562.6]",,,0.0,False,False,24,1
388,0.2045,"[260.2, 507.9, 282.5, 564.6]",,,0.0,False,False,24,1
388,0.1677,"[446.2, 493.1, 467.8, 546.4]",,,0.0,False,False,24,1
388,0.1617,"[238.1, 510.0, 257.7, 565.3]",,,0.0,False,False,24,1
388,0.1519,"[281.0, 502.2, 304.6, 565.0]",,,0.0,False,False,24,1
388,0.1511,"[558.6, 493.8, 586.9, 580.8]",,,0.0,False,False,24,1
388,0.1295,"[441.5, 492.1, 459.7, 536.6]",,,0.0,False,False,24,1
388,0.121,"[482.6, 494.1, 506.9, 560.9]",,,0.0,False,False,24,1
388,0.1208,"[565.7, 494.1, 592.0, 579.8]",,,0.0,False,False,24,1
388,0.119,"[1134.7, 511.3, 1176.5, 673.3]",,,0.0,False,False,24,1
388,0.1137,"[596.0, 495.8, 623.0, 592.3]",,,0.0,False,False,24,1
388,0.1047,"[468.8, 489.7, 489.7, 549.1]",,,0.0,False,False,24,1
388,0.1025,"[482.6, 507.9, 506.9, 570.7]",,,0.0,False,False,24,1
389,0.495,"[1872.5, 552.8, 1980.5, 924.1]",170,"[1851.3739487690684, 547.3354899666759, 1985.9807875590566, 920.114461205199]",0.7838,True,False,23,2
389,0.4909,"[280.8, 504.9, 301.7, 562.3]",,,0.0,False,False,23,2
389,0.4762,"[1148.9, 515.4, 1205.6, 703.4]",174,"[1103.9975799588676, 513.5276996869844, 1178.4870391817574, 698.8584087114531]",0.2858,False,False,23,2
389,0.4656,"[1108.3, 509.0, 1182.6, 700.7]",174,"[1103.9975799588676, 513.5276996869844, 1178.4870391817574, 698.8584087114531]",0.8642,True,False,23,2
389,0.4514,"[879.5, 523.5, 925.4, 638.9]",,,0.0,False,False,23,2
389,0.3383,"[302.4, 503.6, 322.7, 559.6]",,,0.0,False,False,23,2
389,0.3014,"[739.8, 496.5, 772.2, 609.2]",,,0.0,False,False,23,2
389,0.2952,"[618.3, 492.1, 647.3, 591.3]",,,0.0,False,False,23,2
389,0.2651,"[501.2, 488.0, 526.8, 555.5]",,,0.0,False,False,23,2
389,0.2637,"[461.7, 488.4, 482.0, 542.4]",,,0.0,False,False,23,2
389,0.2475,"[559.9, 488.4, 585.6, 571.4]",,,0.0,False,False,23,2
389,0.2405,"[1587.6, 104.4, 1722.6, 448.9]",,,0.0,False,False,23,2
389,0.2205,"[574.4, 490.7, 603.5, 577.1]",,,0.0,False,False,23,2
389,0.2197,"[787.1, 522.1, 830.2, 619.3]",,,0.0,False,False,23,2
389,0.2094,"[798.5, 514.0, 841.7, 622.0]",,,0.0,False,False,23,2
389,0.1853,"[779.0, 487.7, 818.1, 613.2]",,,0.0,False,False,23,2
389,0.1827,"[538.0, 483.0, 564.3, 563.3]",,,0.0,False,False,23,2
389,0.1761,"[1759.1, 136.4, 1807.7, 307.8]",,,0.0,False,False,23,2
389,0.1693,"[259.2, 506.9, 279.1, 559.6]",,,0.0,False,False,23,2
389,0.1419,"[1159.0, 511.0, 1203.5, 680.4]",174,"[1103.9975799588676, 513.5276996869844, 1178.4870391817574, 698.8584087114531]",0.1799,False,False,23,2
389,0.1361,"[472.2, 489.0, 493.1, 547.1]",,,0.0,False,False,23,2
389,0.133,"[300.2, 503.2, 318.8, 557.2]",,,0.0,False,False,23,2
389,0.1141,"[1543.1, 547.8, 1616.0, 830.9]",,,0.0,False,False,23,2
390,0.5384,"[903.2, 524.5, 950.4, 636.5]",,,0.0,False,False,19,0
390,0.5214,"[325.2, 502.2, 347.3, 564.3]",,,0.0,False,False,19,0
390,0.5027,"[801.9, 482.0, 841.1, 615.6]",,,0.0,False,False,19,0
390,0.4954,"[492.4, 490.7, 513.3, 544.0]",,,0.0,False,False,19,0
390,0.3859,"[745.2, 493.1, 780.3, 607.2]",,,0.0,False,False,19,0
390,0.3751,"[109.5, 496.8, 145.0, 563.6]",,,0.0,False,False,19,0
390,0.3476,"[1165.7, 511.0, 1235.9, 704.7]",,,0.0,False,False,19,0
390,0.3106,"[642.3, 491.1, 673.3, 592.3]",,,0.0,False,False,19,0
390,0.2794,"[816.1, 511.7, 864.7, 621.7]",,,0.0,False,False,19,0
390,0.2193,"[559.2, 482.0, 587.6, 563.0]",,,0.0,False,False,19,0
390,0.206,"[1587.6, 554.9, 1657.8, 838.4]",,,0.0,False,False,19,0
390,0.2017,"[760.1, 495.8, 792.5, 607.2]",,,0.0,False,False,19,0
390,0.1953,"[884.2, 482.6, 912.6, 562.3]",,,0.0,False,False,19,0
390,0.1935,"[1184.6, 506.3, 1231.9, 685.8]",,,0.0,False,False,19,0
390,0.1833,"[808.7, 500.2, 853.2, 619.7]",,,0.0,False,False,19,0
390,0.1632,"[482.0, 487.0, 502.2, 541.0]",,,0.0,False,False,19,0
390,0.148,"[521.1, 486.0, 546.8, 552.2]",,,0.0,False,False,19,0
390,0.1441,"[486.7, 489.7, 508.3, 543.0]",,,0.0,False,False,19,0
390,0.1249,"[581.2, 489.4, 608.9, 571.7]",,,0.0,False,False,19,0
391,0.5096,"[664.2, 491.1, 695.9, 597.0]",,,0.0,False,False,17,1
391,0.4694,"[541.7, 491.4, 566.7, 556.2]",,,0.0,False,False,17,1
391,0.4512,"[1198.8, 507.6, 1258.2, 695.2]",,,0.0,False,False,17,1
391,0.4468,"[820.8, 489.7, 860.0, 615.9]",,,0.0,False,False,17,1
391,0.4169,"[506.9, 489.7, 528.5, 547.8]",,,0.0,False,False,17,1
391,0.3457,"[128.2, 500.2, 164.7, 569.0]",,,0.0,False,False,17,1
391,0.3103,"[614.9, 492.1, 641.9, 577.8]",,,0.0,False,False,17,1
391,0.2241,"[621.7, 492.1, 648.7, 577.8]",,,0.0,False,False,17,1
391,0.2161,"[600.4, 496.8, 626.1, 572.4]",,,0.0,False,False,17,1
391,0.208,"[835.7, 515.0, 880.2, 622.4]",,,0.0,False,False,17,1
391,0.1818,"[524.8, 496.8, 547.1, 550.8]",,,0.0,False,False,17,1
391,0.1564,"[578.8, 486.0, 604.5, 565.0]",,,0.0,False,False,17,1
391,0.1308,"[905.9, 483.6, 932.9, 557.2]",,,0.0,False,False,17,1
391,0.1271,"[498.2, 491.7, 517.7, 544.4]",,,0.0,False,False,17,1
391,0.1151,"[604.8, 493.4, 631.8, 575.8]",,,0.0,False,False,17,1
391,0.106,"[526.5, 485.7, 550.1, 550.5]",,,0.0,False,False,17,1
391,0.1013,"[305.9, 506.6, 324.5, 559.2]",,,0.0,False,False,17,1
392,0.5035,"[788.4, 490.7, 827.6, 605.5]",,,0.0,False,False,14,1
392,0.4873,"[549.5, 476.9, 572.4, 545.1]",,,0.0,False,False,14,1
392,0.4257,"[562.3, 482.0, 587.9, 550.1]",,,0.0,False,False,14,1
392,0.4113,"[839.0, 478.6, 879.5, 614.2]",,,0.0,False,False,14,1
392,0.351,"[1632.2, 527.5, 1732.1, 849.8]",,,0.0,False,False,14,1
392,0.334,"[151.4, 495.1, 185.5, 559.2]",,,0.0,False,False,14,1
392,0.2793,"[1664.6, 555.9, 1742.9, 844.4]",,,0.0,False,False,14,1
392,0.2484,"[599.1, 479.6, 626.1, 559.9]",,,0.0,False,False,14,1
392,0.2332,"[520.8, 483.6, 539.7, 537.6]",,,0.0,False,False,14,1
392,0.2138,"[861.3, 508.6, 905.9, 619.3]",,,0.0,False,False,14,1
392,0.208,"[1883.3, 554.9, 1958.9, 896.4]",169,"[1867.9204636120692, 530.0543831292625, 1985.2213820910556, 896.5159293707375]",0.6007,True,False,14,1
392,0.2033,"[621.0, 485.3, 650.0, 569.7]",,,0.0,False,False,14,1
392,0.1957,"[638.6, 485.3, 667.6, 575.1]",,,0.0,False,False,14,1
392,0.1112,"[672.0, 491.4, 701.3, 585.9]",,,0.0,False,False,14,1
393,0.5619,"[579.5, 485.0, 605.1, 554.5]",,,0.0,False,False,17,1
393,0.5407,"[652.1, 487.7, 681.1, 574.8]",,,0.0,False,False,17,1
393,0.4915,"[878.2, 503.6, 920.0, 619.0]",,,0.0,False,False,17,1
393,0.4209,"[863.3, 488.7, 901.1, 613.6]",,,0.0,False,False,17,1
393,0.4097,"[173.3, 507.6, 205.0, 566.3]",,,0.0,False,False,17,1
393,0.4009,"[640.6, 486.3, 667.6, 569.4]",,,0.0,False,False,17,1
393,0.4007,"[569.4, 479.9, 590.3, 546.8]",,,0.0,False,False,17,1
393,0.3848,"[815.4, 488.0, 850.5, 607.5]",,,0.0,False,False,17,1
393,0.3835,"[664.5, 490.4, 692.6, 576.8]",,,0.0,False,False,17,1
393,0.377,"[537.3, 487.4, 556.2, 540.7]",,,0.0,False,False,17,1
393,0.3531,"[1710.5, 546.1, 1786.1, 844.4]",,,0.0,False,False,17,1
393,0.3274,"[620.3, 481.6, 644.6, 561.9]",,,0.0,False,False,17,1
393,0.3111,"[335.5, 508.3, 353.7, 561.6]",259,"[334.93785402571876, 507.52540893554686, 356.37678220475004, 564.0904357910156]",0.8014,True,False,17,1
393,0.2697,"[343.9, 507.6, 360.1, 553.5]",259,"[334.93785402571876, 507.52540893554686, 356.37678220475004, 564.0904357910156]",0.4133,True,False,17,1
393,0.1843,"[797.2, 496.8, 835.0, 606.2]",,,0.0,False,False,17,1
393,0.1072,"[155.8, 512.0, 182.4, 566.7]",,,0.0,False,False,17,1
393,0.1068,"[482.0, 506.3, 502.2, 559.6]",,,0.0,False,False,17,1
394,0.5224,"[820.8, 486.0, 862.7, 605.5]",,,0.0,False,False,20,1
394,0.5029,"[901.1, 498.5, 943.0, 616.6]",,,0.0,False,False,20,1
394,0.4639,"[567.7, 478.6, 589.3, 541.4]",,,0.0,False,False,20,1
394,0.4586,"[1272.4, 514.7, 1356.1, 718.2]",,,0.0,False,False,20,1
394,0.4494,"[381.0, 499.8, 401.3, 553.8]",,,0.0,False,False,20,1
394,0.4484,"[884.9, 483.6, 921.4, 608.5]",,,0.0,False,False,20,1
394,0.4169,"[599.7, 476.9, 624.7, 548.4]",,,0.0,False,False,20,1
394,0.3389,"[988.2, 517.7, 1035.5, 642.6]",,,0.0,False,False,20,1
394,0.3381,"[589.3, 474.2, 612.2, 543.0]",,,0.0,False,False,20,1
394,0.3012,"[372.6, 499.5, 392.9, 553.5]",,,0.0,False,False,20,1
394,0.2743,"[668.9, 477.6, 700.7, 570.0]",,,0.0,False,False,20,1
394,0.2279,"[197.3, 492.1, 225.6, 554.9]",,,0.0,False,False,20,1
394,0.2201,"[835.0, 486.3, 871.4, 603.8]",,,0.0,False,False,20,1
394,0.2097,"[179.7, 494.1, 210.1, 555.5]",,,0.0,False,False,20,1
394,0.1886,"[557.2, 480.9, 577.5, 537.6]",,,0.0,False,False,20,1
394,0.1483,"[640.2, 476.2, 665.2, 557.9]",,,0.0,False,False,20,1
394,0.1377,"[1759.1, 556.2, 1840.1, 862.7]",,,0.0,False,False,20,1
394,0.1355,"[1293.3, 524.5, 1350.0, 704.7]",,,0.0,False,False,20,1
394,0.1274,"[366.2, 499.2, 383.1, 550.5]",,,0.0,False,False,20,1
394,0.1075,"[521.4, 497.8, 541.0, 550.5]",,,0.0,False,False,20,1
395,0.5654,"[1856.2, 519.8, 1953.5, 911.2]",4,"[1836.2292563525843, 521.8401996329538, 1982.9643471630409, 912.4860943123585]",0.658,True,False,19,2
395,0.5044,"[581.9, 483.6, 605.5, 546.4]",,,0.0,False,False,19,2
395,0.4827,"[614.9, 483.6, 641.2, 554.5]",,,0.0,False,False,19,2
395,0.4684,"[911.9, 502.9, 960.5, 620.3]",,,0.0,False,False,19,2
395,0.3954,"[842.4, 490.4, 881.6, 607.8]",,,0.0,False,False,19,2
395,0.3814,"[1009.8, 521.1, 1054.3, 646.0]",,,0.0,False,False,19,2
395,0.3194,"[657.1, 480.9, 683.4, 562.6]",,,0.0,False,False,19,2
395,0.3002,"[391.5, 503.6, 413.1, 560.2]",,,0.0,False,False,19,2
395,0.2476,"[605.1, 479.6, 627.4, 545.7]",,,0.0,False,False,19,2
395,0.2293,"[691.9, 486.7, 722.9, 576.5]",,,0.0,False,False,19,2
395,0.2053,"[395.2, 502.9, 418.2, 560.9]",,,0.0,False,False,19,2
395,0.1876,"[677.4, 484.7, 704.7, 568.4]",,,0.0,False,False,19,2
395,0.1572,"[903.2, 487.7, 942.3, 614.6]",,,0.0,False,False,19,2
395,0.1496,"[371.2, 506.3, 390.8, 560.2]",259,"[370.88526657392055, 505.47433753906336, 390.74418899248576, 558.0716829687492]",0.9257,True,False,19,2
395,0.1314,"[573.4, 486.3, 592.3, 534.9]",,,0.0,False,False,19,2
395,0.1199,"[855.2, 491.7, 889.0, 606.5]",,,0.0,False,False,19,2
395,0.1119,"[535.3, 503.6, 555.5, 554.2]",,,0.0,False,False,19,2
395,0.1101,"[388.1, 504.6, 409.1, 559.9]",259,"[370.88526657392055, 505.47433753906336, 390.74418899248576, 558.0716829687492]",0.0667,False,False,19,2
395,0.1019,"[1796.9, 550.8, 1886.0, 861.3]",4,"[1836.2292563525843, 521.8401996329538, 1982.9643471630409, 912.4860943123585]",0.222,False,False,19,2
396,0.5732,"[758.7, 480.6, 795.2, 594.0]",,,0.0,False,False,17,0
396,0.5675,"[864.0, 487.4, 900.5, 606.8]",,,0.0,False,False,17,0
396,0.4716,"[600.1, 477.6, 625.7, 543.0]",,,0.0,False,False,17,0
396,0.4161,"[925.4, 485.0, 964.6, 614.6]",,,0.0,False,False,17,0
396,0.3411,"[222.6, 496.5, 245.2, 555.2]",,,0.0,False,False,17,0
396,0.3046,"[942.3, 506.9, 985.5, 622.4]",,,0.0,False,False,17,0
396,0.2358,"[389.8, 498.2, 408.0, 554.9]",,,0.0,False,False,17,0
396,0.2357,"[695.2, 479.6, 725.0, 567.3]",,,0.0,False,False,17,0
396,0.2271,"[1033.4, 522.5, 1078.0, 649.4]",,,0.0,False,False,17,0
396,0.2204,"[408.4, 498.5, 430.7, 553.8]",,,0.0,False,False,17,0
396,0.2162,"[876.8, 490.1, 910.6, 605.5]",,,0.0,False,False,17,0
396,0.2118,"[710.1, 480.9, 739.8, 574.8]",,,0.0,False,False,17,0
396,0.1516,"[552.8, 497.8, 574.4, 552.5]",,,0.0,False,False,17,0
396,0.1348,"[623.7, 474.5, 648.0, 545.4]",,,0.0,False,False,17,0
396,0.118,"[1321.0, 505.6, 1401.3, 720.9]",,,0.0,False,False,17,0
396,0.1177,"[648.3, 475.9, 674.7, 552.8]",,,0.0,False,False,17,0
396,0.1029,"[636.5, 478.9, 662.9, 551.8]",,,0.0,False,False,17,0
397,0.562,"[429.0, 501.2, 450.6, 555.9]",,,0.0,False,False,17,0
397,0.4764,"[620.3, 487.0, 641.2, 544.4]",,,0.0,False,False,17,0
397,0.4303,"[955.8, 496.1, 1001.7, 623.0]",,,0.0,False,False,17,0
397,0.4227,"[406.7, 501.2, 425.6, 557.2]",,,0.0,False,False,17,0
397,0.3663,"[944.3, 490.7, 982.1, 616.3]",,,0.0,False,False,17,0
397,0.2838,"[903.2, 487.4, 935.6, 610.9]",,,0.0,False,False,17,0
397,0.2802,"[968.0, 502.2, 1012.5, 625.1]",,,0.0,False,False,17,0
397,0.2793,"[610.5, 484.3, 630.1, 539.0]",,,0.0,False,False,17,0
397,0.2783,"[893.0, 489.4, 928.1, 608.2]",,,0.0,False,False,17,0
397,0.2321,"[652.4, 483.3, 678.7, 552.8]",,,0.0,False,False,17,0
397,0.1746,"[908.6, 485.7, 942.3, 611.9]",,,0.0,False,False,17,0
397,0.1623,"[241.1, 499.5, 265.8, 557.5]",,,0.0,False,False,17,0
397,0.1417,"[773.6, 486.0, 801.9, 588.6]",,,0.0,False,False,17,0
397,0.125,"[933.5, 477.2, 970.0, 613.6]",,,0.0,False,False,17,0
397,0.1176,"[714.2, 483.0, 743.9, 569.4]",,,0.0,False,False,17,0
397,0.111,"[727.7, 483.0, 758.7, 576.1]",,,0.0,False,False,17,0
397,0.1086,"[259.4, 500.9, 281.3, 558.9]",,,0.0,False,False,17,0
398,0.5697,"[801.2, 482.0, 833.6, 591.3]",,,0.0,False,False,18,1
398,0.5427,"[968.6, 489.7, 1009.1, 620.7]",,,0.0,False,False,18,1
398,0.4559,"[424.6, 500.9, 441.5, 554.2]",,,0.0,False,False,18,1
398,0.4296,"[448.9, 498.2, 470.5, 554.2]",,,0.0,False,False,18,1
398,0.4013,"[195.8, 485.0, 217.4, 532.9]",,,0.0,False,False,18,1
398,0.3531,"[205.4, 504.9, 230.3, 555.5]",,,0.0,False,False,18,1
398,0.3371,"[634.5, 483.3, 656.8, 542.0]",,,0.0,False,False,18,1
398,0.2831,"[974.7, 492.8, 1026.0, 627.1]",,,0.0,False,False,18,1
398,0.2347,"[78.7, 550.8, 134.1, 636.5]",,,0.0,False,False,18,1
398,0.2309,"[923.4, 483.3, 957.2, 608.2]",,,0.0,False,False,18,1
398,0.1749,"[788.4, 490.1, 815.4, 583.2]",,,0.0,False,False,18,1
398,0.1665,"[1860.3, 562.3, 1984.5, 909.2]",173,"[1855.6624268074982, 535.1793184874329, 1989.7435790518768, 930.7633084656921]",0.8124,True,False,18,1
398,0.1394,"[732.4, 487.4, 760.7, 570.4]",,,0.0,False,False,18,1
398,0.1287,"[629.4, 483.0, 649.7, 539.7]",,,0.0,False,False,18,1
398,0.1273,"[688.2, 479.9, 713.5, 554.9]",,,0.0,False,False,18,1
398,0.122,"[438.8, 497.1, 456.3, 545.7]",,,0.0,False,False,18,1
398,0.1086,"[743.9, 481.3, 774.9, 575.8]",,,0.0,False,False,18,1
398,0.1007,"[1090.8, 517.0, 1127.2, 597.4]",,,0.0,False,False,18,1
399,0.5401,"[653.1, 483.3, 674.0, 545.4]",,,0.0,False,False,10,0
399,0.4058,"[439.1, 497.5, 458.0, 556.9]",,,0.0,False,False,10,0
399,0.2745,"[295.8, 498.8, 318.4, 558.2]",,,0.0,False,False,10,0
399,0.2186,"[644.6, 484.0, 664.9, 541.4]",,,0.0,False,False,10,0
399,0.2129,"[466.8, 497.8, 491.1, 557.2]",,,0.0,False,False,10,0
399,0.2103,"[1394.6, 508.3, 1470.2, 708.8]",,,0.0,False,False,10,0
399,0.1857,"[213.0, 486.0, 235.2, 533.9]",,,0.0,False,False,10,0
399,0.1452,"[457.7, 496.8, 476.6, 548.8]",,,0.0,False,False,10,0
399,0.134,"[603.1, 499.5, 622.7, 550.8]",,,0.0,False,False,10,0
399,0.127,"[1413.5, 507.6, 1467.5, 667.6]",,,0.0,False,False,10,0
400,0.5695,"[483.6, 493.4, 508.6, 557.5]",,,0.0,False,False,15,0
400,0.5668,"[457.0, 498.2, 475.9, 556.2]",,,0.0,False,False,15,0
400,0.5214,"[618.3, 495.5, 637.9, 550.1]",,,0.0,False,False,15,0
400,0.5205,"[1086.8, 483.6, 1117.8, 587.6]",,,0.0,False,False,15,0
400,0.3653,"[691.9, 477.2, 714.8, 548.8]",,,0.0,False,False,15,0
400,0.3298,"[473.2, 494.8, 492.1, 545.4]",,,0.0,False,False,15,0
400,0.297,"[706.1, 483.0, 731.7, 555.2]",,,0.0,False,False,15,0
400,0.2233,"[722.2, 481.3, 747.9, 557.5]",,,0.0,False,False,15,0
400,0.1725,"[783.7, 486.0, 822.8, 580.5]",,,0.0,False,False,15,0
400,0.1624,"[774.2, 482.3, 806.6, 574.1]",,,0.0,False,False,15,0
400,0.1461,"[961.2, 494.1, 996.3, 611.6]",,,0.0,False,False,15,0
400,0.1332,"[768.2, 486.7, 795.2, 571.1]",,,0.0,False,False,15,0
400,0.1253,"[780.3, 485.0, 811.4, 578.8]",,,0.0,False,False,15,0
400,0.113,"[966.6, 490.7, 1007.1, 617.0]",,,0.0,False,False,15,0
400,0.1018,"[794.5, 489.0, 824.2, 581.5]",,,0.0,False,False,15,0
401,0.522,"[500.2, 491.4, 524.5, 556.9]",,,0.0,False,False,12,0
401,0.421,"[636.5, 497.5, 655.4, 549.5]",,,0.0,False,False,12,0
401,0.3066,"[709.4, 477.9, 732.4, 548.1]",,,0.0,False,False,12,0
401,0.2389,"[253.0, 501.5, 279.6, 558.2]",,,0.0,False,False,12,0
401,0.2356,"[739.1, 481.6, 764.8, 557.2]",,,0.0,False,False,12,0
401,0.2102,"[722.9, 484.7, 747.2, 555.5]",,,0.0,False,False,12,0
401,0.1825,"[489.7, 493.8, 507.3, 547.8]",,,0.0,False,False,12,0
401,0.1729,"[678.0, 485.0, 695.2, 530.9]",,,0.0,False,False,12,0
401,0.1593,"[795.8, 481.3, 829.6, 579.2]",,,0.0,False,False,12,0
401,0.1469,"[783.0, 481.6, 811.4, 570.7]",,,0.0,False,False,12,0
401,0.112,"[246.2, 486.3, 266.5, 531.6]",,,0.0,False,False,12,0
401,0.1062,"[812.0, 489.0, 841.7, 582.2]",,,0.0,False,False,12,0
402,0.5296,"[652.4, 497.5, 671.3, 546.8]",,,0.0,False,False,13,1
402,0.4854,"[488.4, 500.2, 505.9, 554.9]",259,"[486.48239064389503, 495.6965069099439, 509.1460883600113, 556.4726825431811]",0.6966,True,False,13,1
402,0.3702,"[799.9, 485.7, 828.2, 574.1]",,,0.0,False,False,13,1
402,0.331,"[516.4, 495.1, 540.0, 557.2]",,,0.0,False,False,13,1
402,0.3192,"[738.5, 482.0, 764.1, 556.2]",,,0.0,False,False,13,1
402,0.2714,"[813.4, 484.0, 843.1, 579.2]",,,0.0,False,False,13,1
402,0.2644,"[268.3, 502.2, 294.6, 558.2]",,,0.0,False,False,13,1
402,0.263,"[724.3, 479.3, 747.2, 550.1]",,,0.0,False,False,13,1
402,0.2604,"[757.4, 482.0, 783.0, 560.9]",,,0.0,False,False,13,1
402,0.2226,"[829.6, 490.4, 860.6, 585.6]",,,0.0,False,False,13,1
402,0.1945,"[504.6, 495.8, 522.8, 546.4]",259,"[486.48239064389503, 495.6965069099439, 509.1460883600113, 556.4726825431811]",0.1122,False,False,13,1
402,0.1876,"[816.8, 486.0, 853.2, 583.2]",,,0.0,False,False,13,1
402,0.1071,"[260.9, 488.4, 281.1, 532.9]",,,0.0,False,False,13,1
403,0.5736,"[345.9, 502.5, 372.3, 555.9]",,,0.0,False,False,15,0
403,0.5173,"[532.2, 496.5, 555.9, 557.2]",,,0.0,False,False,15,0
403,0.4948,"[719.6, 488.0, 738.5, 547.4]",,,0.0,False,False,15,0
403,0.4511,"[502.9, 497.5, 521.1, 556.9]",,,0.0,False,False,15,0
403,0.4343,"[666.2, 497.5, 685.1, 551.5]",,,0.0,False,False,15,0
403,0.3161,"[816.8, 491.4, 842.4, 574.4]",,,0.0,False,False,15,0
403,0.3031,"[277.8, 491.4, 295.3, 531.2]",,,0.0,False,False,15,0
403,0.2999,"[741.2, 481.3, 764.1, 549.5]",,,0.0,False,False,15,0
403,0.275,"[772.2, 484.0, 800.6, 563.0]",,,0.0,False,False,15,0
403,0.2326,"[517.4, 495.8, 534.9, 545.7]",,,0.0,False,False,15,0
403,0.2233,"[828.9, 484.7, 861.3, 581.9]",,,0.0,False,False,15,0
403,0.2115,"[754.7, 484.7, 779.0, 556.9]",,,0.0,False,False,15,0
403,0.1853,"[845.1, 491.4, 876.2, 581.9]",,,0.0,False,False,15,0
403,0.174,"[709.4, 485.7, 728.3, 538.3]",,,0.0,False,False,15,0
403,0.1109,"[520.4, 494.8, 539.3, 546.8]",,,0.0,False,False,15,0
404,0.5656,"[730.4, 483.6, 753.3, 547.8]",,,0.0,False,False,15,0
404,0.5552,"[681.8, 499.2, 700.7, 551.1]",,,0.0,False,False,15,0
404,0.5279,"[361.5, 500.5, 387.8, 554.5]",,,0.0,False,False,15,0
404,0.4128,"[788.4, 482.3, 816.8, 565.3]",,,0.0,False,False,15,0
404,0.3675,"[768.8, 484.3, 795.8, 559.9]",,,0.0,False,False,15,0
404,0.3597,"[842.4, 485.3, 872.1, 582.5]",,,0.0,False,False,15,0
404,0.3191,"[517.0, 498.2, 536.0, 556.2]",,,0.0,False,False,15,0
404,0.3011,"[754.7, 479.3, 779.0, 551.5]",,,0.0,False,False,15,0
404,0.2917,"[862.0, 493.1, 893.0, 586.2]",,,0.0,False,False,15,0
404,0.2326,"[368.6, 498.2, 402.3, 556.9]",,,0.0,False,False,15,0
404,0.1983,"[1034.8, 488.7, 1069.9, 621.0]",,,0.0,False,False,15,0
404,0.1923,"[166.1, 545.7, 226.1, 640.2]",,,0.0,False,False,15,0
404,0.189,"[290.9, 484.7, 311.2, 531.9]",,,0.0,False,False,15,0
404,0.1276,"[891.7, 492.8, 918.7, 596.0]",,,0.0,False,False,15,0
404,0.1211,"[534.6, 495.5, 553.5, 548.8]",,,0.0,False,False,15,0
405,0.5701,"[747.2, 488.7, 768.8, 548.1]",,,0.0,False,False,14,0
405,0.5544,"[695.2, 497.8, 715.5, 553.2]",,,0.0,False,False,14,0
405,0.4772,"[859.3, 485.0, 890.3, 586.2]",,,0.0,False,False,14,0
405,0.4729,"[784.4, 485.3, 810.0, 560.2]",,,0.0,False,False,14,0
405,0.4639,"[186.3, 549.1, 239.0, 626.7]",,,0.0,False,False,14,0
405,0.4613,"[561.9, 498.5, 585.6, 559.9]",,,0.0,False,False,14,0
405,0.4341,"[803.2, 483.6, 828.9, 563.3]",,,0.0,False,False,14,0
405,0.4168,"[771.5, 479.6, 794.5, 551.8]",,,0.0,False,False,14,0
405,0.3737,"[876.8, 493.1, 909.2, 586.9]",,,0.0,False,False,14,0
405,0.3651,"[741.2, 484.3, 764.1, 545.7]",,,0.0,False,False,14,0
405,0.1547,"[545.7, 497.8, 563.3, 544.4]",,,0.0,False,False,14,0
405,0.1529,"[100.2, 543.7, 191.4, 651.0]",,,0.0,False,False,14,0
405,0.116,"[907.2, 493.4, 934.2, 597.4]",,,0.0,False,False,14,0
405,0.1052,"[-15.6, 454.3, 27.4, 590.6]",,,0.0,False,False,14,0
406,0.5479,"[578.1, 495.8, 601.8, 557.9]",,,0.0,False,False,16,1
406,0.5429,"[801.2, 485.3, 825.5, 558.9]",,,0.0,False,False,16,1
406,0.4814,"[818.1, 483.6, 843.8, 563.3]",,,0.0,False,False,16,1
406,0.453,"[320.8, 486.0, 338.7, 529.2]",,,0.0,False,False,16,1
406,0.422,"[754.0, 484.7, 772.9, 544.7]",,,0.0,False,False,16,1
406,0.3959,"[875.5, 484.7, 905.2, 585.2]",,,0.0,False,False,16,1
406,0.3402,"[838.4, 484.3, 862.7, 566.7]",,,0.0,False,False,16,1
406,0.2966,"[558.9, 494.1, 577.8, 544.0]",259,"[545.4340307128654, 499.7577598198041, 565.7017114746346, 555.2747108833208]",0.1704,False,False,16,1
406,0.2754,"[890.3, 490.7, 921.4, 586.6]",,,0.0,False,False,16,1
406,0.2649,"[923.4, 493.1, 951.8, 596.4]",,,0.0,False,False,16,1
406,0.2029,"[756.0, 483.3, 779.0, 543.4]",,,0.0,False,False,16,1
406,0.1911,"[1108.3, 497.5, 1147.5, 631.8]",,,0.0,False,False,16,1
406,0.1457,"[710.8, 497.1, 728.3, 546.4]",,,0.0,False,False,16,1
406,0.1399,"[546.1, 497.5, 564.3, 555.5]",259,"[545.4340307128654, 499.7577598198041, 565.7017114746346, 555.2747108833208]",0.8638,True,False,16,1
406,0.1292,"[189.0, 545.4, 254.8, 642.6]",,,0.0,False,False,16,1
406,0.1126,"[1589.0, 527.2, 1632.2, 656.1]",,,0.0,False,False,16,1
407,0.5214,"[892.4, 485.0, 922.1, 586.2]",,,0.0,False,False,18,0
407,0.4904,"[725.6, 500.2, 744.5, 550.8]",,,0.0,False,False,18,0
407,0.4866,"[835.7, 487.7, 860.0, 566.0]",,,0.0,False,False,18,0
407,0.486,"[428.0, 495.5, 454.3, 554.2]",,,0.0,False,False,18,0
407,0.451,"[853.2, 485.3, 878.9, 567.7]",,,0.0,False,False,18,0
407,0.449,"[769.5, 485.0, 791.1, 543.7]",,,0.0,False,False,18,0
407,0.4065,"[800.6, 479.9, 823.5, 551.5]",,,0.0,False,False,18,0
407,0.3988,"[816.1, 486.0, 840.4, 560.9]",,,0.0,False,False,18,0
407,0.3308,"[937.6, 495.5, 967.3, 600.8]",,,0.0,False,False,18,0
407,0.2721,"[334.6, 484.3, 354.0, 530.9]",,,0.0,False,False,18,0
407,0.2562,"[911.2, 491.1, 941.0, 588.9]",,,0.0,False,False,18,0
407,0.2141,"[1610.6, 529.9, 1664.6, 672.3]",,,0.0,False,False,18,0
407,0.1842,"[571.7, 495.1, 590.6, 545.1]",,,0.0,False,False,18,0
407,0.1732,"[578.1, 495.8, 599.7, 547.1]",,,0.0,False,False,18,0
407,0.164,"[209.6, 546.1, 267.0, 636.5]",,,0.0,False,False,18,0
407,0.1493,"[93.7, 544.7, 166.3, 654.8]",,,0.0,False,False,18,0
407,0.1386,"[1331.8, 586.9, 1428.3, 674.7]",,,0.0,False,False,18,0
407,0.1257,"[582.2, 497.1, 602.4, 547.8]",,,0.0,False,False,18,0
408,0.5797,"[604.1, 494.4, 629.1, 557.9]",,,0.0,False,False,16,0
408,0.5361,"[789.8, 484.7, 812.7, 548.1]",,,0.0,False,False,16,0
408,0.4768,"[815.4, 479.6, 838.4, 553.2]",,,0.0,False,False,16,0
408,0.4193,"[783.0, 483.6, 806.0, 545.1]",,,0.0,False,False,16,0
408,0.4047,"[830.9, 484.0, 855.2, 560.2]",,,0.0,False,False,16,0
408,0.3745,"[848.5, 484.0, 874.1, 564.3]",,,0.0,False,False,16,0
408,0.3645,"[908.6, 482.6, 938.3, 585.9]",,,0.0,False,False,16,0
408,0.3637,"[737.1, 492.8, 757.4, 547.4]",,,0.0,False,False,16,0
408,0.3504,"[348.3, 484.3, 367.2, 530.2]",,,0.0,False,False,16,0
408,0.2609,"[955.8, 493.1, 984.2, 592.3]",,,0.0,False,False,16,0
408,0.2578,"[924.1, 491.7, 953.8, 587.6]",,,0.0,False,False,16,0
408,0.2463,"[868.1, 480.9, 895.1, 567.3]",,,0.0,False,False,16,0
408,0.2441,"[586.6, 492.8, 604.8, 542.7]",,,0.0,False,False,16,0
408,0.189,"[356.7, 500.9, 380.4, 554.2]",,,0.0,False,False,16,0
408,0.1474,"[574.4, 501.9, 592.0, 555.2]",,,0.0,False,False,16,0
408,0.1089,"[1633.5, 526.5, 1679.4, 667.6]",,,0.0,False,False,16,0
409,0.4761,"[844.4, 483.3, 871.4, 560.2]",,,0.0,False,False,13,0
409,0.469,"[863.3, 483.3, 889.0, 565.0]",,,0.0,False,False,13,0
409,0.4655,"[883.6, 482.6, 911.9, 569.0]",,,0.0,False,False,13,0
409,0.4503,"[830.2, 479.3, 853.2, 552.2]",,,0.0,False,False,13,0
409,0.4033,"[941.0, 493.8, 972.0, 590.3]",,,0.0,False,False,13,0
409,0.3271,"[364.5, 483.6, 382.1, 525.5]",,,0.0,False,False,13,0
409,0.302,"[924.1, 482.6, 953.8, 587.2]",,,0.0,False,False,13,0
409,0.2659,"[752.6, 498.8, 771.5, 550.8]",,,0.0,False,False,13,0
409,0.2107,"[588.3, 497.5, 605.1, 554.9]",,,0.0,False,False,13,0
409,0.182,"[649.4, 500.2, 667.6, 553.5]",,,0.0,False,False,13,0
409,0.1467,"[970.7, 494.1, 1000.4, 598.7]",,,0.0,False,False,13,0
409,0.1443,"[601.8, 493.8, 618.6, 541.7]",,,0.0,False,False,13,0
409,0.1228,"[614.6, 499.8, 632.8, 547.1]",,,0.0,False,False,13,0
410,0.5604,"[820.8, 488.7, 841.1, 550.1]",,,0.0,False,False,17,1
410,0.5553,"[879.5, 489.7, 903.8, 567.3]",,,0.0,False,False,17,1
410,0.4814,"[810.7, 486.3, 832.3, 545.7]",,,0.0,False,False,17,1
410,0.4484,"[476.6, 495.5, 496.1, 554.2]",,,0.0,False,False,17,1
410,0.3591,"[860.0, 487.0, 885.6, 563.3]",,,0.0,False,False,17,1
410,0.3547,"[897.8, 485.0, 923.4, 568.7]",,,0.0,False,False,17,1
410,0.2807,"[844.4, 482.3, 866.0, 554.5]",,,0.0,False,False,17,1
410,0.2442,"[351.3, 471.5, 373.6, 529.5]",,,0.0,False,False,17,1
410,0.2235,"[248.2, 546.4, 302.2, 635.5]",,,0.0,False,False,17,1
410,0.205,"[1686.2, 512.3, 1732.1, 630.5]",,,0.0,False,False,17,1
410,0.1937,"[953.8, 494.8, 983.5, 590.0]",,,0.0,False,False,17,1
410,0.1824,"[376.0, 484.7, 393.5, 529.2]",,,0.0,False,False,17,1
410,0.1699,"[63.2, 505.6, 124.0, 675.0]",,,0.0,False,False,17,1
410,0.1665,"[766.1, 502.5, 785.0, 553.8]",,,0.0,False,False,17,1
410,0.1515,"[610.5, 496.8, 628.1, 543.4]",,,0.0,False,False,17,1
410,0.1312,"[626.7, 499.8, 645.6, 549.1]",,,0.0,False,False,17,1
410,0.1177,"[986.2, 494.8, 1014.5, 600.8]",,,0.0,False,False,17,1
411,0.5707,"[486.0, 491.4, 510.3, 551.5]",,,0.0,False,False,24,0
411,0.5366,"[825.5, 486.0, 845.8, 543.4]",,,0.0,False,False,24,0
411,0.4194,"[892.4, 486.7, 918.0, 564.3]",,,0.0,False,False,24,0
411,0.4056,"[617.6, 496.8, 635.2, 550.8]",,,0.0,False,False,24,0
411,0.3538,"[780.3, 500.9, 797.9, 550.1]",,,0.0,False,False,24,0
411,0.3531,"[669.3, 498.2, 690.9, 557.5]",,,0.0,False,False,24,0
411,0.3267,"[859.3, 484.0, 880.9, 551.5]",,,0.0,False,False,24,0
411,0.3264,"[388.8, 481.3, 407.0, 525.8]",,,0.0,False,False,24,0
411,0.3137,"[968.6, 492.8, 999.7, 589.3]",,,0.0,False,False,24,0
411,0.3008,"[873.5, 486.3, 897.8, 559.9]",,,0.0,False,False,24,0
411,0.2987,"[910.6, 483.3, 936.2, 567.0]",,,0.0,False,False,24,0
411,0.295,"[263.1, 542.4, 313.7, 630.8]",,,0.0,False,False,24,0
411,0.2934,"[1724.0, 535.6, 1778.0, 672.6]",,,0.0,False,False,24,0
411,0.2761,"[1003.1, 495.1, 1031.4, 595.7]",,,0.0,False,False,24,0
411,0.2443,"[626.4, 493.1, 642.6, 537.0]",,,0.0,False,False,24,0
411,0.2034,"[639.9, 497.5, 657.5, 544.0]",,,0.0,False,False,24,0
411,0.1869,"[364.5, 469.1, 387.5, 527.9]",,,0.0,False,False,24,0
411,0.1696,"[1710.5, 511.3, 1756.4, 633.5]",,,0.0,False,False,24,0
411,0.1595,"[395.2, 499.5, 422.2, 552.2]",,,0.0,False,False,24,0
411,0.1467,"[880.2, 498.2, 900.5, 562.3]",,,0.0,False,False,24,0
411,0.1313,"[926.1, 471.2, 977.4, 612.2]",,,0.0,False,False,24,0
411,0.1093,"[1153.6, 492.8, 1190.0, 628.4]",,,0.0,False,False,24,0
411,0.1076,"[47.2, 612.9, 72.4, 675.0]",,,0.0,False,False,24,0
411,0.1002,"[366.2, 496.1, 388.5, 554.2]",,,0.0,False,False,24,0
412,0.5517,"[848.5, 488.4, 868.7, 548.4]",,,0.0,False,False,20,2
412,0.5287,"[792.5, 500.9, 811.4, 550.1]",,,0.0,False,False,20,2
412,0.5007,"[499.5, 493.8, 522.5, 552.5]",314,"[483.17263381731686, 495.3436027310959, 513.1644023154956, 551.5716804720291]",0.3391,True,False,20,2
412,0.4876,"[924.8, 483.3, 950.4, 569.0]",,,0.0,False,False,20,2
412,0.4874,"[486.0, 492.8, 507.6, 550.8]",314,"[483.17263381731686, 495.3436027310959, 513.1644023154956, 551.5716804720291]",0.6875,True,False,20,2
412,0.4674,"[1863.0, 567.7, 1933.2, 801.9]",230,"[1800.602278286586, 570.5985060209316, 1943.3042158540388, 814.1103562837559]",0.4645,True,False,20,2
412,0.4634,"[905.9, 484.3, 931.5, 566.7]",,,0.0,False,False,20,2
412,0.443,"[681.4, 500.5, 702.7, 563.3]",,,0.0,False,False,20,2
412,0.4089,"[661.8, 501.2, 681.4, 555.2]",,,0.0,False,False,20,2
412,0.3345,"[401.6, 487.0, 418.5, 526.2]",,,0.0,False,False,20,2
412,0.3337,"[886.3, 485.0, 911.9, 559.9]",,,0.0,False,False,20,2
412,0.3333,"[984.2, 492.8, 1015.2, 590.6]",,,0.0,False,False,20,2
412,0.3273,"[871.4, 481.3, 894.4, 551.5]",,,0.0,False,False,20,2
412,0.3007,"[271.2, 543.7, 324.5, 632.1]",,,0.0,False,False,20,2
412,0.2721,"[1752.3, 534.9, 1800.9, 663.9]",,,0.0007,False,False,20,2
412,0.2002,"[939.6, 485.0, 969.3, 568.7]",,,0.0,False,False,20,2
412,0.1897,"[490.7, 494.8, 518.4, 554.2]",314,"[483.17263381731686, 495.3436027310959, 513.1644023154956, 551.5716804720291]",0.61,True,False,20,2
412,0.1509,"[377.7, 492.4, 399.3, 552.5]",,,0.0,False,False,20,2
412,0.1251,"[192.4, 542.0, 258.5, 652.1]",,,0.0,False,False,20,2
412,0.1117,"[1017.2, 493.4, 1045.6, 602.1]",,,0.0,False,False,20,2
413,0.5539,"[920.0, 484.7, 947.0, 569.0]",,,0.0,False,False,19,1
413,0.5426,"[499.2, 496.5, 521.4, 553.2]",,,0.0,False,False,19,1
413,0.4966,"[939.6, 482.0, 965.3, 571.1]",,,0.0,False,False,19,1
413,0.4709,"[884.9, 479.3, 907.9, 553.5]",,,0.0,False,False,19,1
413,0.4598,"[897.8, 483.6, 924.8, 561.9]",,,0.0,False,False,19,1
413,0.4445,"[640.2, 500.2, 659.1, 554.9]",259,"[640.2113920715183, 500.9651102718127, 660.1023286316067, 555.6149678531873]",0.9242,True,False,19,1
413,0.4204,"[515.7, 495.1, 536.0, 553.2]",,,0.0,False,False,19,1
413,0.3952,"[955.1, 485.0, 983.5, 572.7]",,,0.0,False,False,19,1
413,0.3748,"[998.3, 493.4, 1028.0, 588.6]",,,0.0,False,False,19,1
413,0.3746,"[412.8, 485.0, 431.0, 527.5]",,,0.0,False,False,19,1
413,0.27,"[1065.8, 495.1, 1100.9, 619.3]",,,0.0,False,False,19,1
413,0.2578,"[282.0, 544.7, 336.7, 631.8]",,,0.0,False,False,19,1
413,0.2475,"[1748.2, 529.9, 1829.2, 738.5]",,,0.0,False,False,19,1
413,0.2413,"[648.3, 493.4, 666.6, 542.0]",259,"[640.2113920715183, 500.9651102718127, 660.1023286316067, 555.6149678531873]",0.3243,True,False,19,1
413,0.2151,"[389.1, 471.5, 411.4, 526.8]",,,0.0,False,False,19,1
413,0.1987,"[721.6, 501.2, 740.5, 552.5]",,,0.0,False,False,19,1
413,0.1781,"[421.2, 498.8, 444.8, 553.5]",,,0.0,False,False,19,1
413,0.1284,"[665.9, 493.1, 683.4, 543.7]",,,0.0,False,False,19,1
413,0.1271,"[202.8, 541.4, 270.3, 665.6]",,,0.0,False,False,19,1
414,0.5059,"[512.0, 494.8, 534.3, 550.8]",,,0.0,False,False,16,1
414,0.4878,"[952.4, 482.6, 978.1, 570.4]",,,0.0,False,False,16,1
414,0.3951,"[867.4, 486.7, 889.0, 546.1]",,,0.0,False,False,16,1
414,0.3708,"[863.3, 486.0, 883.6, 542.0]",,,0.0,False,False,16,1
414,0.3675,"[968.0, 486.3, 993.6, 572.7]",,,0.0,False,False,16,1
414,0.3607,"[918.0, 489.4, 941.0, 562.3]",,,0.0,False,False,16,1
414,0.2963,"[294.3, 544.7, 345.9, 635.9]",,,0.0,False,False,16,1
414,0.2485,"[528.9, 494.8, 550.5, 551.5]",,,0.0,False,False,16,1
414,0.2473,"[898.4, 479.9, 920.0, 551.5]",,,0.0,False,False,16,1
414,0.2252,"[424.6, 485.0, 443.5, 528.2]",,,0.0,False,False,16,1
414,0.204,"[983.5, 496.5, 1029.4, 609.9]",,,0.0,False,False,16,1
414,0.2019,"[909.2, 485.7, 932.2, 557.2]",,,0.0,False,False,16,1
414,0.1544,"[911.9, 489.7, 937.6, 561.9]",,,0.0,False,False,16,1
414,0.1255,"[735.1, 500.5, 754.0, 553.8]",,,0.0,False,False,16,1
414,0.1037,"[678.7, 497.1, 697.3, 546.4]",,,0.0,False,False,16,1
414,0.102,"[1015.2, 495.1, 1044.9, 592.3]",,,0.0,False,False,16,1
415,0.5671,"[964.6, 480.9, 992.9, 571.4]",,,0.0,False,False,22,5
415,0.551,"[701.3, 500.5, 720.2, 555.2]",352,"[701.4352041766097, 501.0743438720703, 719.9867928937028, 556.6943328857421]",0.9459,True,False,22,5
415,0.5334,"[944.3, 487.4, 971.3, 566.3]",,,0.0,False,False,22,5
415,0.5255,"[722.2, 498.2, 745.2, 558.9]",103,"[722.8361061466084, 498.58468784131026, 744.4530784237041, 558.4381393071272]",0.928,True,False,22,5
415,0.3915,"[909.9, 482.6, 932.9, 553.5]",,,0.0,False,False,22,5
415,0.3897,"[667.9, 498.8, 686.1, 546.8]",,,0.0,False,False,22,5
415,0.3012,"[306.5, 547.4, 356.7, 631.8]",,,0.0,False,False,22,5
415,0.2862,"[718.9, 499.2, 741.8, 564.0]",103,"[722.8361061466084, 498.58468784131026, 744.4530784237041, 558.4381393071272]",0.6799,True,False,22,5
415,0.2838,"[434.4, 486.0, 453.9, 531.2]",,,0.0,False,False,22,5
415,0.2716,"[980.8, 483.3, 1009.1, 573.1]",,,0.0,False,False,22,5
415,0.2374,"[1827.9, 522.1, 1973.7, 827.6]",174,"[1830.894133601157, 557.0945129584062, 1975.267487492593, 825.9015807915938]",0.8539,True,False,22,5
415,0.2295,"[992.3, 491.7, 1022.0, 576.1]",,,0.0,False,False,22,5
415,0.2178,"[931.5, 494.8, 953.1, 563.0]",,,0.0,False,False,22,5
415,0.2093,"[1031.4, 492.1, 1061.1, 594.0]",,,0.0,False,False,22,5
415,0.1824,"[926.8, 485.0, 951.1, 559.2]",,,0.0,False,False,22,5
415,0.181,"[1063.8, 492.8, 1092.2, 602.8]",,,0.0,False,False,22,5
415,0.1539,"[691.9, 501.2, 709.4, 547.8]",352,"[701.4352041766097, 501.0743438720703, 719.9867928937028, 556.6943328857421]",0.2519,False,False,22,5
415,0.1322,"[125.2, 515.7, 151.5, 586.6]",,,0.0,False,False,22,5
415,0.13,"[747.9, 501.9, 765.5, 553.2]",,,0.0,False,False,22,5
415,0.1298,"[670.3, 499.8, 689.2, 543.7]",,,0.0,False,False,22,5
415,0.128,"[442.5, 499.5, 466.8, 553.5]",,,0.0,False,False,22,5
415,0.1238,"[1265.0, 501.2, 1304.1, 644.3]",,,0.0,False,False,22,5
416,0.5515,"[736.4, 501.2, 756.7, 557.9]",,,0.0,False,False,17,2
416,0.5308,"[729.7, 503.2, 751.3, 564.0]",,,0.0,False,False,17,2
416,0.5229,"[702.7, 502.2, 720.2, 549.5]",,,0.0,False,False,17,2
416,0.5174,"[1008.5, 496.1, 1036.8, 582.5]",,,0.0,False,False,17,2
416,0.4544,"[943.0, 491.1, 965.9, 564.6]",,,0.0,False,False,17,2
416,0.4162,"[673.3, 505.9, 690.2, 556.5]",259,"[675.2835380379153, 500.9251370961045, 694.4366768058347, 553.7792086070206]",0.6186,True,False,17,2
416,0.3151,"[921.4, 482.3, 944.3, 555.9]",,,0.0,False,False,17,2
416,0.2852,"[533.2, 498.2, 562.3, 552.2]",314,"[533.6301664511514, 496.88887286421436, 562.8610444863486, 552.2284367060981]",0.9442,True,False,17,2
416,0.2679,"[680.7, 498.5, 698.6, 543.0]",259,"[675.2835380379153, 500.9251370961045, 694.4366768058347, 553.7792086070206]",0.4681,True,False,17,2
416,0.2608,"[1276.4, 509.0, 1316.9, 647.3]",,,0.0,False,False,17,2
416,0.1958,"[1076.0, 495.5, 1105.7, 611.6]",,,0.0,False,False,17,2
416,0.1732,"[1084.7, 491.4, 1119.8, 617.0]",,,0.0,False,False,17,2
416,0.1709,"[314.4, 547.1, 366.2, 632.1]",,,0.0,False,False,17,2
416,0.1482,"[1184.0, 498.8, 1213.7, 635.2]",,,0.0,False,False,17,2
416,0.134,"[446.9, 489.4, 464.4, 529.9]",,,0.0,False,False,17,2
416,0.1278,"[934.2, 486.0, 957.2, 558.2]",,,0.0,False,False,17,2
416,0.1101,"[841.1, 503.9, 858.6, 555.9]",,,0.0,False,False,17,2
417,0.5508,"[1005.8, 482.6, 1032.8, 574.4]",,,0.0,False,False,16,0
417,0.549,"[954.5, 487.7, 978.8, 565.3]",,,0.0,False,False,16,0
417,0.5215,"[1021.3, 492.4, 1049.6, 582.9]",,,0.0,False,False,16,0
417,0.4498,"[934.9, 483.6, 957.8, 555.2]",,,0.0,False,False,16,0
417,0.4486,"[690.2, 497.8, 708.1, 544.4]",,,0.0,False,False,16,0
417,0.3059,"[1198.1, 494.4, 1235.9, 634.2]",,,0.0,False,False,16,0
417,0.2951,"[1090.8, 494.8, 1119.2, 610.2]",,,0.0,False,False,16,0
417,0.2482,"[947.7, 486.3, 972.0, 561.3]",,,0.0,False,False,16,0
417,0.2437,"[438.1, 496.1, 457.7, 545.4]",,,0.0,False,False,16,0
417,0.2403,"[712.1, 495.5, 731.0, 548.1]",,,0.0,False,False,16,0
417,0.237,"[464.1, 498.8, 487.7, 554.9]",,,0.0,False,False,16,0
417,0.2114,"[1295.3, 504.2, 1337.2, 648.0]",,,0.0,False,False,16,0
417,0.1648,"[853.2, 503.6, 870.8, 554.9]",,,0.0,False,False,16,0
417,0.1364,"[770.9, 502.9, 789.8, 556.2]",,,0.0,False,False,16,0
417,0.1212,"[1552.5, 870.8, 1652.4, 1051.7]",,,0.0,False,False,16,0
417,0.1038,"[328.4, 548.4, 375.6, 636.2]",,,0.0,False,False,16,0
418,0.5657,"[982.1, 485.3, 1007.8, 569.7]",,,0.0,False,False,15,1
418,0.4984,"[947.0, 482.3, 970.0, 555.9]",,,0.0,False,False,15,1
418,0.4937,"[1102.3, 495.1, 1133.3, 610.5]",,,0.0,False,False,15,1
418,0.4676,"[962.6, 485.3, 988.2, 563.6]",,,0.0,False,False,15,1
418,0.427,"[468.1, 487.0, 485.7, 530.9]",,,0.0,False,False,15,1
418,0.2676,"[566.7, 498.5, 588.3, 553.2]",,,0.0,False,False,15,1
418,0.2607,"[1308.8, 502.9, 1349.3, 648.0]",,,0.0,False,False,15,1
418,0.2506,"[1211.6, 492.1, 1252.1, 634.5]",,,0.0,False,False,15,1
418,0.2331,"[447.2, 495.1, 467.4, 545.7]",,,0.0,False,False,15,1
418,0.2115,"[722.9, 495.1, 741.8, 547.1]",,,0.0,False,False,15,1
418,0.2086,"[475.2, 498.8, 498.8, 554.2]",,,0.0,False,False,15,1
418,0.202,"[697.3, 500.5, 714.8, 550.5]",,,0.0,False,False,15,1
418,0.16,"[865.4, 502.9, 884.2, 556.2]",,,0.0,False,False,15,1
418,0.129,"[953.8, 485.7, 974.0, 555.9]",,,0.0,False,False,15,1
418,0.1011,"[1562.0, 896.4, 1634.9, 1035.5]",,,0.0,False,False,15,1
419,0.5662,"[995.6, 488.4, 1019.9, 570.7]",,,0.0,False,False,18,0
419,0.5396,"[1042.9, 490.7, 1071.2, 585.2]",,,0.0,False,False,18,0
419,0.5311,"[973.4, 495.8, 1000.4, 566.7]",,,0.0,False,False,18,0
419,0.5169,"[1013.9, 485.0, 1038.2, 573.4]",,,0.0,False,False,18,0
419,0.4765,"[576.5, 501.5, 600.8, 556.2]",,,0.0,False,False,18,0
419,0.4653,"[1030.7, 486.7, 1057.7, 576.5]",,,0.0,False,False,18,0
419,0.4374,"[1329.1, 505.9, 1368.2, 651.7]",,,0.0,False,False,18,0
419,0.3779,"[1112.4, 495.5, 1143.5, 612.9]",,,0.0,False,False,18,0
419,0.3131,"[478.2, 490.1, 496.5, 534.6]",,,0.0,False,False,18,0
419,0.312,"[1055.0, 497.8, 1082.0, 590.3]",,,0.0,False,False,18,0
419,0.3089,"[130.6, 114.4, 268.6, 402.0]",,,0.0,False,False,18,0
419,0.2415,"[454.3, 501.5, 477.2, 552.2]",,,0.0,False,False,18,0
419,0.2114,"[968.6, 490.7, 991.6, 563.0]",,,0.0,False,False,18,0
419,0.209,"[873.5, 503.2, 892.4, 556.5]",,,0.0,False,False,18,0
419,0.1743,"[1589.0, 630.1, 1637.6, 700.7]",,,0.0,False,False,18,0
419,0.1548,"[731.7, 495.1, 750.6, 545.7]",,,0.0,False,False,18,0
419,0.1448,"[159.1, 508.3, 189.2, 592.7]",,,0.0,False,False,18,0
419,0.1057,"[1228.5, 497.5, 1263.6, 635.2]",,,0.0,False,False,18,0
420,0.5221,"[720.2, 500.2, 737.8, 546.1]",259,"[720.1349710553579, 498.8158820525555, 737.7506490618294, 547.122228299007]",0.9441,True,False,18,2
420,0.4853,"[1007.1, 489.4, 1031.4, 572.4]",,,0.0,False,False,18,2
420,0.4728,"[1057.1, 498.2, 1086.8, 587.9]",,,0.0,False,False,18,2
420,0.403,"[986.9, 500.9, 1011.2, 567.7]",,,0.0,False,False,18,2
420,0.3957,"[1041.5, 487.0, 1068.5, 578.1]",,,0.0,False,False,18,2
420,0.3718,"[1067.8, 496.8, 1097.6, 593.3]",,,0.0,False,False,18,2
420,0.3362,"[1025.3, 487.4, 1051.0, 575.8]",,,0.0,False,False,18,2
420,0.3113,"[745.2, 498.8, 764.1, 550.1]",,,0.0,False,False,18,2
420,0.2461,"[982.8, 492.4, 1008.5, 565.3]",,,0.0,False,False,18,2
420,0.1859,"[742.5, 496.1, 760.1, 544.0]",,,0.0,False,False,18,2
420,0.1782,"[980.8, 496.5, 1002.4, 564.0]",,,0.0,False,False,18,2
420,0.1755,"[272.7, 516.4, 350.3, 653.4]",,,0.0,False,False,18,2
420,0.1464,"[489.4, 489.0, 506.3, 533.6]",,,0.0,False,False,18,2
420,0.1331,"[805.3, 503.6, 824.2, 556.9]",,,0.0,False,False,18,2
420,0.1282,"[465.8, 495.5, 487.4, 551.5]",,,0.0,False,False,18,2
420,0.1223,"[164.6, 512.0, 186.5, 573.4]",,,0.0,False,False,18,2
420,0.1152,"[1237.3, 502.2, 1275.1, 640.6]",,,0.0,False,False,18,2
420,0.1091,"[344.9, 549.1, 401.6, 634.8]",,,0.0,False,False,18,2
421,0.5715,"[1065.8, 497.8, 1096.9, 587.6]",,,0.0,False,False,15,0
421,0.5511,"[996.3, 499.2, 1022.0, 567.3]",,,0.0,False,False,15,0
421,0.5127,"[1053.7, 487.7, 1080.7, 578.8]",,,0.0,False,False,15,0
421,0.4307,"[1083.4, 497.8, 1113.1, 595.0]",,,0.0,False,False,15,0
421,0.4272,"[1035.5, 485.7, 1061.1, 573.4]",,,0.0,False,False,15,0
421,0.4221,"[991.6, 489.7, 1017.2, 563.3]",,,0.0,False,False,15,0
421,0.3956,"[1254.2, 498.5, 1292.0, 641.6]",,,0.0,False,False,15,0
421,0.376,"[892.4, 504.9, 911.2, 556.9]",,,0.0,False,False,15,0
421,0.3563,"[1361.5, 504.2, 1400.0, 648.7]",,,0.0,False,False,15,0
421,0.2992,"[496.8, 490.4, 515.0, 537.0]",,,0.0,False,False,15,0
421,0.2659,"[750.6, 500.9, 766.8, 546.8]",,,0.0,False,False,15,0
421,0.2421,"[896.4, 506.3, 912.6, 550.8]",,,0.0,False,False,15,0
421,0.2078,"[472.5, 495.5, 495.5, 555.5]",,,0.0,False,False,15,0
421,0.1067,"[284.0, 540.7, 353.0, 662.9]",,,0.0,False,False,15,0
421,0.1027,"[1140.1, 494.8, 1172.5, 612.2]",,,0.0,False,False,15,0
422,0.5053,"[736.4, 503.2, 754.0, 549.1]",259,"[737.639086598825, 499.57930256667606, 755.1422854714874, 547.5504581755114]",0.7865,True,False,19,2
422,0.499,"[609.5, 499.5, 632.5, 557.5]",314,"[606.0494752285523, 503.6249360018961, 632.8207640292603, 555.8727446621664]",0.7827,True,False,19,2
422,0.4553,"[1028.0, 492.1, 1052.3, 575.1]",,,0.0,False,False,19,2
422,0.4515,"[1005.8, 499.5, 1032.8, 569.7]",,,0.0,False,False,19,2
422,0.4218,"[1064.5, 487.4, 1092.8, 581.2]",,,0.0,False,False,19,2
422,0.4107,"[1089.5, 499.8, 1120.5, 595.7]",,,0.0,False,False,19,2
422,0.3805,"[1079.3, 501.5, 1109.0, 590.0]",,,0.0,False,False,19,2
422,0.3473,"[1002.4, 491.7, 1026.7, 566.0]",,,0.0,False,False,19,2
422,0.2804,"[1047.6, 487.7, 1073.2, 576.8]",,,0.0,False,False,19,2
422,0.2802,"[759.4, 496.5, 776.9, 546.4]",,,0.0,False,False,19,2
422,0.2396,"[904.5, 506.6, 922.1, 558.6]",,,0.0,False,False,19,2
422,0.2186,"[1024.0, 491.1, 1046.9, 569.4]",,,0.0,False,False,19,2
422,0.2158,"[484.7, 494.4, 504.9, 551.8]",,,0.0,False,False,19,2
422,0.2098,"[506.3, 490.1, 523.1, 533.9]",,,0.0,False,False,19,2
422,0.1402,"[1265.6, 503.9, 1303.4, 642.3]",,,0.0,False,False,19,2
422,0.1209,"[1100.2, 503.9, 1128.6, 597.7]",,,0.0,False,False,19,2
422,0.1165,"[826.9, 503.6, 847.1, 560.2]",,,0.0,False,False,19,2
422,0.114,"[454.6, 470.5, 485.7, 570.4]",,,0.0,False,False,19,2
422,0.1072,"[188.2, 512.3, 212.8, 591.3]",,,0.0,False,False,19,2
423,0.5179,"[1111.7, 496.1, 1149.5, 600.8]",,,0.0,False,False,17,0
423,0.4894,"[1089.5, 497.5, 1116.5, 589.3]",,,0.0,False,False,17,0
423,0.459,"[1017.9, 503.2, 1043.6, 568.7]",,,0.0,False,False,17,0
423,0.4479,"[1036.8, 491.1, 1062.5, 573.4]",,,0.0,False,False,17,0
423,0.4107,"[1098.2, 496.5, 1129.3, 593.0]",,,0.0,False,False,17,0
423,0.3732,"[745.2, 503.9, 762.8, 550.5]",,,0.0,False,False,17,0
423,0.3349,"[1076.0, 487.4, 1104.3, 581.2]",,,0.0,False,False,17,0
423,0.2916,"[1057.7, 488.4, 1083.4, 578.1]",,,0.0,False,False,17,0
423,0.2849,"[1013.9, 492.8, 1039.5, 567.0]",,,0.0,False,False,17,0
423,0.2778,"[1386.5, 507.6, 1427.0, 655.4]",,,0.0,False,False,17,0
423,0.2606,"[912.6, 505.9, 931.5, 559.2]",,,0.0,False,False,17,0
423,0.2349,"[514.4, 490.7, 531.9, 536.6]",,,0.0,False,False,17,0
423,0.1902,"[766.1, 496.1, 783.7, 546.8]",,,0.0,False,False,17,0
423,0.1864,"[190.9, 512.7, 218.5, 595.7]",,,0.0,False,False,17,0
423,0.1709,"[1276.4, 504.2, 1315.6, 643.3]",,,0.0,False,False,17,0
423,0.1638,"[1011.8, 490.7, 1034.8, 562.3]",,,0.0,False,False,17,0
423,0.1169,"[489.0, 494.8, 512.7, 554.9]",,,0.0,False,False,17,0
424,0.5405,"[1048.3, 492.1, 1073.9, 576.5]",,,0.0,False,False,18,2
424,0.5321,"[1121.9, 498.8, 1158.3, 601.4]",,,0.0,False,False,18,2
424,0.5158,"[1027.3, 503.6, 1051.7, 570.4]",,,0.0,False,False,18,2
424,0.5062,"[1101.6, 500.9, 1130.0, 591.3]",,,0.0,False,False,18,2
424,0.4757,"[1110.4, 496.5, 1141.4, 596.4]",,,0.0,False,False,18,2
424,0.4696,"[923.4, 505.9, 942.3, 561.9]",,,0.0,False,False,18,2
424,0.4476,"[1084.7, 488.7, 1113.1, 581.2]",,,0.0,False,False,18,2
424,0.4366,"[523.1, 491.1, 540.7, 535.6]",,,0.0,False,False,18,2
424,0.4364,"[1845.5, 583.9, 1985.9, 801.2]",180,"[1828.0375731876902, 552.7334205421812, 1999.5412842341848, 797.5557640281314]",0.7058,True,False,18,2
424,0.3103,"[1068.5, 488.7, 1094.2, 578.5]",,,0.0,False,False,18,2
424,0.2949,"[1293.3, 500.9, 1332.5, 650.0]",,,0.0,False,False,18,2
424,0.2535,"[775.6, 496.8, 793.1, 546.1]",,,0.0,False,False,18,2
424,0.2425,"[497.5, 499.5, 520.4, 555.5]",,,0.0,False,False,18,2
424,0.1988,"[1023.3, 493.1, 1047.6, 568.0]",,,0.0,False,False,18,2
424,0.1844,"[1401.3, 509.3, 1441.8, 661.8]",,,0.0,False,False,18,2
424,0.1576,"[197.1, 510.0, 224.4, 593.0]",,,0.0,False,False,18,2
424,0.1242,"[834.3, 504.6, 853.2, 559.9]",,,0.0,False,False,18,2
424,0.1114,"[805.3, 506.6, 825.5, 570.7]",,,0.0,False,False,18,2
425,0.4755,"[1111.7, 498.8, 1141.4, 589.3]",,,0.0,False,False,18,3
425,0.4699,"[761.4, 498.5, 780.3, 547.1]",259,"[760.8214772174437, 499.00421429400603, 780.8923899700563, 554.6001558231815]",0.8074,True,False,18,3
425,0.4458,"[652.1, 511.3, 672.3, 559.2]",364,"[646.1088777515603, 504.78295123094705, 674.0345548656272, 559.5786210346779]",0.6342,True,False,18,3
425,0.436,"[1036.8, 501.2, 1062.5, 570.0]",,,0.0,False,False,18,3
425,0.4263,"[781.7, 493.4, 799.2, 545.4]",,,0.0,False,False,18,3
425,0.425,"[1055.7, 492.1, 1082.7, 574.4]",,,0.0,False,False,18,3
425,0.4034,"[1094.2, 489.4, 1121.2, 579.8]",,,0.0,False,False,18,3
425,0.3205,"[1131.3, 497.8, 1163.7, 597.7]",,,0.0,False,False,18,3
425,0.3086,"[932.2, 505.2, 951.1, 559.9]",,,0.0,False,False,18,3
425,0.3067,"[1125.9, 497.5, 1155.6, 593.3]",,,0.0,False,False,18,3
425,0.2901,"[1077.3, 486.7, 1103.0, 577.8]",,,0.0,False,False,18,3
425,0.2853,"[1031.4, 489.7, 1055.7, 566.7]",,,0.0,False,False,18,3
425,0.2693,"[1119.8, 496.8, 1150.9, 592.0]",,,0.0,False,False,18,3
425,0.1854,"[801.2, 502.2, 821.5, 562.3]",,,0.0,False,False,18,3
425,0.1693,"[203.9, 511.0, 231.5, 594.7]",,,0.0,False,False,18,3
425,0.1131,"[530.5, 490.4, 548.1, 536.3]",,,0.0,False,False,18,3
425,0.1073,"[1865.7, 566.3, 2022.3, 804.6]",,,0.0,False,False,18,3
425,0.1052,"[503.2, 498.5, 526.8, 553.8]",,,0.0,False,False,18,3
426,0.5641,"[1064.5, 490.4, 1092.8, 574.8]",,,0.0,False,False,17,0
426,0.5473,"[658.8, 493.8, 682.4, 558.6]",,,0.0,False,False,17,0
426,0.5021,"[1132.7, 505.6, 1159.7, 597.4]",,,0.0,False,False,17,0
426,0.4914,"[789.8, 492.4, 808.7, 546.4]",,,0.0,False,False,17,0
426,0.454,"[808.0, 502.5, 829.6, 563.3]",,,0.0,False,False,17,0
426,0.4302,"[1103.6, 488.0, 1132.0, 579.8]",,,0.0,False,False,17,0
426,0.3935,"[1085.4, 488.0, 1112.4, 577.8]",,,0.0,False,False,17,0
426,0.304,"[210.9, 511.0, 235.6, 592.7]",,,0.0,False,False,17,0
426,0.2927,"[940.3, 505.6, 960.5, 563.6]",,,0.0,False,False,17,0
426,0.2877,"[1383.8, 512.3, 1421.6, 650.0]",,,0.0,False,False,17,0
426,0.2732,"[1428.3, 506.9, 1468.8, 658.1]",,,0.0,False,False,17,0
426,0.2651,"[1144.1, 498.2, 1173.8, 596.7]",,,0.0,False,False,17,0
426,0.1988,"[537.3, 490.7, 554.9, 535.3]",,,0.0,False,False,17,0
426,0.1974,"[1040.2, 489.0, 1067.2, 566.7]",,,0.0,False,False,17,0
426,0.1335,"[198.5, 507.3, 221.1, 575.4]",,,0.0,False,False,17,0
426,0.1335,"[102.0, 290.9, 125.1, 342.6]",,,0.0,False,False,17,0
426,0.1042,"[793.8, 495.5, 812.7, 548.1]",,,0.0,False,False,17,0
427,0.5549,"[1128.6, 500.9, 1161.0, 592.0]",,,0.0,False,False,19,1
427,0.513,"[1169.8, 497.8, 1202.2, 606.5]",,,0.0,False,False,19,1
427,0.5108,"[812.7, 504.2, 834.3, 563.6]",352,"[812.4752746637616, 505.4380834068245, 832.8270935003007, 563.071560147863]",0.8951,True,False,19,1
427,0.4989,"[1050.3, 493.1, 1080.0, 571.4]",,,0.0,False,False,19,1
427,0.4608,"[1094.2, 485.7, 1122.5, 580.8]",,,0.0,False,False,19,1
427,0.4577,"[946.4, 507.3, 965.3, 561.9]",,,0.0,False,False,19,1
427,0.4355,"[827.6, 504.9, 849.2, 567.0]",352,"[812.4752746637616, 505.4380834068245, 832.8270935003007, 563.071560147863]",0.1376,False,False,19,1
427,0.4276,"[1395.9, 506.9, 1439.1, 651.4]",,,0.0,False,False,19,1
427,0.3779,"[1140.1, 502.9, 1171.1, 596.7]",,,0.0,False,False,19,1
427,0.3516,"[1113.8, 489.4, 1142.1, 583.2]",,,0.0,False,False,19,1
427,0.2957,"[21.3, 187.0, 160.1, 587.2]",,,0.0,False,False,19,1
427,0.2888,"[1443.2, 510.3, 1483.7, 649.4]",,,0.0,False,False,19,1
427,0.2558,"[544.4, 490.1, 562.6, 537.3]",,,0.0,False,False,19,1
427,0.2543,"[1145.5, 499.8, 1176.5, 599.1]",,,0.0,False,False,19,1
427,0.193,"[217.0, 473.5, 252.8, 593.0]",,,0.0,False,False,19,1
427,0.1814,"[872.8, 508.6, 891.7, 561.9]",,,0.0,False,False,19,1
427,0.1606,"[215.2, 512.0, 242.5, 593.7]",,,0.0,False,False,19,1
427,0.1366,"[105.2, 26.5, 335.5, 661.5]",,,0.0,False,False,19,1
427,0.1143,"[652.4, 461.4, 674.0, 512.7]",,,0.0,False,False,19,1
428,0.5395,"[803.2, 494.1, 822.2, 546.8]",,,0.0,False,False,15,1
428,0.5233,"[1104.3, 487.4, 1131.3, 581.2]",,,0.0,False,False,15,1
428,0.4887,"[673.3, 493.4, 699.3, 557.5]",364,"[670.0103855791765, 492.2666482201581, 703.8472804364486, 560.3158713110919]",0.7237,True,False,15,1
428,0.4373,"[1448.6, 497.1, 1491.8, 644.3]",,,0.0,False,False,15,1
428,0.4171,"[1154.2, 499.5, 1185.3, 598.1]",,,0.0,False,False,15,1
428,0.333,"[956.5, 506.6, 974.0, 556.5]",,,0.0,False,False,15,1
428,0.3048,"[1163.0, 498.8, 1194.1, 598.7]",,,0.0,False,False,15,1
428,0.214,"[1123.2, 493.8, 1148.9, 583.5]",,,0.0,False,False,15,1
428,0.1979,"[825.5, 504.9, 845.8, 561.6]",,,0.0,False,False,15,1
428,0.188,"[219.4, 512.0, 246.0, 594.3]",,,0.0,False,False,15,1
428,0.1862,"[829.6, 503.6, 852.5, 567.0]",,,0.0,False,False,15,1
428,0.1713,"[1455.3, 510.0, 1495.8, 659.8]",,,0.0,False,False,15,1
428,0.1697,"[818.8, 504.6, 837.7, 554.5]",,,0.0,False,False,15,1
428,0.1424,"[787.7, 500.9, 806.6, 551.5]",,,0.0,False,False,15,1
428,0.1417,"[551.5, 490.1, 570.4, 538.7]",,,0.0,False,False,15,1
429,0.5709,"[1807.7, 627.1, 1950.8, 760.7]",,,0.0,False,False,22,1
429,0.5663,"[1211.0, 501.2, 1243.4, 609.2]",,,0.0,False,False,22,1
429,0.5534,"[1458.0, 498.8, 1506.6, 653.4]",,,0.0,False,False,22,1
429,0.5286,"[1089.5, 487.7, 1119.2, 578.1]",,,0.0,False,False,22,1
429,0.5228,"[1048.3, 482.3, 1072.6, 560.6]",368,"[1048.9578848653598, 481.1835373782589, 1073.2159432596402, 560.9168044186162]",0.9304,True,False,22,1
429,0.4246,"[557.9, 489.4, 576.1, 536.0]",,,0.0,False,False,22,1
429,0.4178,"[1160.3, 498.8, 1192.7, 598.1]",,,0.0,False,False,22,1
429,0.3965,"[961.9, 504.9, 980.8, 560.9]",,,0.0,False,False,22,1
429,0.3797,"[1150.9, 498.8, 1181.9, 594.7]",,,0.0,False,False,22,1
429,0.3703,"[1113.1, 487.0, 1141.4, 582.2]",,,0.0,False,False,22,1
429,0.3651,"[1069.9, 496.8, 1098.2, 573.1]",368,"[1048.9578848653598, 481.1835373782589, 1073.2159432596402, 560.9168044186162]",0.0552,False,False,22,1
429,0.3451,"[830.2, 502.5, 850.5, 560.6]",,,0.0,False,False,22,1
429,0.2439,"[1166.4, 498.5, 1198.8, 599.1]",,,0.0,False,False,22,1
429,0.2376,"[834.3, 502.2, 855.9, 561.6]",,,0.0,False,False,22,1
429,0.2287,"[224.9, 509.3, 253.0, 591.6]",,,0.0,False,False,22,1
429,0.206,"[828.2, 504.9, 847.1, 556.9]",,,0.0,False,False,22,1
429,0.1835,"[839.0, 503.2, 860.6, 564.0]",,,0.0,False,False,22,1
429,0.1809,"[1130.6, 490.4, 1159.0, 584.9]",,,0.0,False,False,22,1
429,0.1406,"[212.1, 503.6, 235.7, 571.7]",,,0.0,False,False,22,1
429,0.1158,"[184.1, 511.7, 214.8, 594.0]",,,0.0,False,False,22,1
429,0.1129,"[1471.5, 512.7, 1514.7, 667.9]",,,0.0,False,False,22,1
429,0.1066,"[221.9, 506.6, 245.2, 578.8]",,,0.0,False,False,22,1
430,0.5795,"[1056.4, 481.3, 1080.7, 560.9]",,,0.0,False,False,22,2
430,0.5498,"[1169.8, 498.2, 1199.5, 599.4]",,,0.0,False,False,22,2
430,0.5479,"[845.1, 503.2, 868.1, 566.7]",,,0.0,False,False,22,2
430,0.4996,"[1078.7, 496.5, 1105.7, 572.7]",,,0.0,False,False,22,2
430,0.4965,"[1263.6, 494.8, 1301.4, 631.8]",345,"[1258.5929890960188, 494.9306795633795, 1299.6199015289812, 634.471786256933]",0.8252,True,False,22,2
430,0.4824,"[1157.6, 495.1, 1187.3, 593.0]",,,0.0,False,False,22,2
430,0.4344,"[1099.6, 490.1, 1127.9, 577.8]",,,0.0,False,False,22,2
430,0.4161,"[1726.7, 556.2, 1802.2, 749.2]",18,"[1732.3591399670593, 570.3521767672751, 1795.8808502673155, 753.4348105374124]",0.7647,True,False,22,2
430,0.3981,"[831.6, 500.2, 851.9, 552.2]",,,0.0,False,False,22,2
430,0.3445,"[1121.2, 485.3, 1149.5, 580.5]",,,0.0,False,False,22,2
430,0.3368,"[1139.4, 487.7, 1169.1, 584.2]",,,0.0,False,False,22,2
430,0.319,"[569.4, 504.6, 594.3, 555.9]",,,0.0,False,False,22,2
430,0.2899,"[1467.5, 507.6, 1505.2, 646.7]",,,0.0,False,False,22,2
430,0.2267,"[564.3, 490.7, 583.2, 538.0]",,,0.0,False,False,22,2
430,0.2186,"[1075.3, 490.1, 1102.3, 569.7]",,,0.0,False,False,22,2
430,0.174,"[968.6, 507.3, 987.5, 561.9]",,,0.0,False,False,22,2
430,0.1253,"[1179.9, 498.2, 1205.6, 598.7]",,,0.0,False,False,22,2
430,0.1226,"[1186.0, 498.5, 1214.3, 599.7]",,,0.0,False,False,22,2
430,0.1221,"[217.5, 508.3, 242.2, 577.1]",,,0.0,False,False,22,2
430,0.1151,"[227.6, 515.7, 249.2, 579.8]",,,0.0,False,False,22,2
430,0.1128,"[539.7, 499.2, 561.9, 555.2]",,,0.0,False,False,22,2
430,0.11,"[534.9, 475.9, 559.9, 531.2]",,,0.0,False,False,22,2
431,0.535,"[1444.5, 507.6, 1487.7, 664.2]",,,0.0,False,False,16,0
431,0.5264,"[1478.2, 513.0, 1516.1, 647.3]",,,0.0,False,False,16,0
431,0.516,"[1107.0, 489.7, 1135.4, 578.8]",,,0.0,False,False,16,0
431,0.4829,"[1129.3, 488.0, 1159.0, 583.9]",,,0.0,False,False,16,0
431,0.3964,"[1148.9, 488.4, 1179.9, 586.9]",,,0.0,False,False,16,0
431,0.3958,"[570.0, 488.4, 588.3, 537.0]",,,0.0,False,False,16,0
431,0.3807,"[1082.7, 487.0, 1112.4, 572.1]",,,0.0,False,False,16,0
431,0.3803,"[1752.3, 580.8, 1825.2, 764.8]",,,0.0,False,False,16,0
431,0.3703,"[1179.9, 502.2, 1208.2, 600.1]",,,0.0,False,False,16,0
431,0.2942,"[978.1, 506.6, 997.0, 561.9]",,,0.0,False,False,16,0
431,0.2537,"[231.5, 508.6, 254.8, 578.8]",,,0.0,False,False,16,0
431,0.2169,"[808.7, 500.5, 824.9, 545.1]",,,0.0,False,False,16,0
431,0.1565,"[1292.6, 493.4, 1333.1, 637.9]",,,0.0,False,False,16,0
431,0.1398,"[1194.8, 498.8, 1224.5, 602.1]",,,0.0,False,False,16,0
431,0.1066,"[1275.1, 495.1, 1312.9, 634.8]",,,0.0,False,False,16,0
431,0.1014,"[329.7, 548.1, 402.0, 665.6]",,,0.0,False,False,16,0
432,0.5696,"[230.2, 501.9, 256.5, 580.2]",,,0.0,False,False,22,1
432,0.5599,"[1188.0, 502.2, 1219.1, 600.1]",,,0.0,False,False,22,1
432,0.5495,"[1860.3, 665.6, 1930.5, 766.8]",,,0.0,False,False,22,1
432,0.4939,"[1138.1, 489.0, 1166.4, 584.2]",,,0.0,False,False,22,1
432,0.4514,"[1490.4, 511.0, 1528.2, 641.9]",,,0.0,False,False,22,1
432,0.4463,"[576.5, 491.1, 594.0, 538.3]",,,0.0,False,False,22,1
432,0.4224,"[1175.9, 502.5, 1205.6, 597.0]",,,0.0,False,False,22,1
432,0.3923,"[814.7, 504.6, 830.9, 552.5]",,,0.0,False,False,22,1
432,0.3885,"[845.8, 499.2, 864.7, 552.5]",352,"[843.170611115624, 502.9683841372433, 861.114300993751, 552.9165035580692]",0.6637,True,False,22,1
432,0.3367,"[1300.7, 490.7, 1339.9, 634.5]",,,0.0,False,False,22,1
432,0.3247,"[987.5, 507.9, 1005.1, 561.9]",,,0.0,False,False,22,1
432,0.3184,"[1094.2, 500.2, 1121.2, 574.4]",,,0.0,False,False,22,1
432,0.3134,"[1181.2, 503.6, 1212.3, 600.1]",,,0.0,False,False,22,1
432,0.263,"[1159.7, 491.7, 1188.0, 588.3]",,,0.0,False,False,22,1
432,0.2518,"[803.2, 500.9, 820.8, 552.8]",,,0.0,False,False,22,1
432,0.2211,"[1860.3, 663.5, 1954.8, 774.2]",,,0.0,False,False,22,1
432,0.216,"[1089.5, 491.4, 1116.5, 569.7]",,,0.0,False,False,22,1
432,0.1856,"[974.7, 505.9, 996.3, 564.6]",,,0.0,False,False,22,1
432,0.1785,"[1194.8, 500.9, 1225.8, 601.4]",,,0.0,False,False,22,1
432,0.1578,"[1860.3, 666.9, 1914.3, 758.7]",,,0.0,False,False,22,1
432,0.1516,"[1307.5, 504.2, 1348.0, 641.2]",,,0.0,False,False,22,1
432,0.1023,"[1202.2, 497.1, 1230.5, 602.4]",,,0.0,False,False,22,1
433,0.542,"[1102.3, 506.3, 1129.3, 575.1]",,,0.0,False,False,14,0
433,0.5031,"[1468.8, 509.0, 1512.0, 666.9]",,,0.0,False,False,14,0
433,0.486,"[1167.1, 489.4, 1196.8, 587.9]",,,0.0,False,False,14,0
433,0.4818,"[1184.0, 497.1, 1213.7, 598.4]",,,0.0,False,False,14,0
433,0.4121,"[1044.9, 490.7, 1066.5, 556.2]",,,0.0,False,False,14,0
433,0.3969,"[581.5, 489.4, 599.1, 535.3]",,,0.0,False,False,14,0
433,0.3492,"[234.4, 503.2, 259.7, 576.8]",,,0.0,False,False,14,0
433,0.3057,"[1092.8, 496.1, 1114.4, 565.7]",,,0.0,False,False,14,0
433,0.2925,"[992.9, 506.9, 1010.5, 559.6]",,,0.0,False,False,14,0
433,0.2357,"[1213.7, 501.9, 1243.4, 603.1]",,,0.0,False,False,14,0
433,0.2284,"[1880.6, 675.7, 1942.7, 778.3]",,,0.0,False,False,14,0
433,0.2058,"[808.0, 499.8, 826.9, 551.8]",,,0.0,False,False,14,0
433,0.1372,"[918.0, 513.3, 934.2, 560.6]",,,0.0,False,False,14,0
433,0.1208,"[1266.3, 503.9, 1298.7, 633.5]",,,0.0,False,False,14,0
434,0.5538,"[235.9, 496.8, 262.6, 579.2]",,,0.0,False,False,20,1
434,0.5428,"[1108.3, 502.2, 1135.4, 575.8]",,,0.0,False,False,20,1
434,0.5297,"[857.9, 499.2, 878.2, 552.5]",352,"[857.0602600940556, 501.82080403632784, 875.5035826793819, 553.0020719402346]",0.786,True,False,20,1
434,0.4923,"[811.4, 500.2, 830.2, 553.5]",,,0.0,False,False,20,1
434,0.4859,"[934.2, 509.3, 958.5, 561.3]",,,0.0,False,False,20,1
434,0.4527,"[998.3, 507.3, 1015.9, 562.6]",,,0.0,False,False,20,1
434,0.4443,"[1094.2, 495.5, 1117.1, 565.7]",,,0.0,False,False,20,1
434,0.4099,"[1204.9, 504.9, 1234.6, 606.2]",,,0.0,False,False,20,1
434,0.4078,"[1192.1, 498.5, 1223.1, 599.1]",,,0.0,False,False,20,1
434,0.338,"[1236.6, 498.8, 1269.0, 607.5]",,,0.0,False,False,20,1
434,0.3174,"[1211.6, 498.5, 1246.7, 607.8]",,,0.0,False,False,20,1
434,0.3143,"[822.8, 502.2, 841.7, 550.8]",,,0.0,False,False,20,1
434,0.3088,"[585.9, 486.3, 604.8, 539.0]",,,0.0,False,False,20,1
434,0.2764,"[1152.2, 489.0, 1180.6, 585.6]",,,0.0,False,False,20,1
434,0.2599,"[706.1, 475.5, 719.6, 505.9]",,,0.0,False,False,20,1
434,0.2444,"[526.5, 507.9, 544.7, 554.5]",,,0.0,False,False,20,1
434,0.2216,"[1171.8, 492.8, 1201.5, 587.2]",,,0.0,False,False,20,1
434,0.195,"[1088.1, 489.4, 1111.1, 564.3]",,,0.0,False,False,20,1
434,0.1355,"[1086.8, 476.9, 1107.0, 539.0]",,,0.0,False,False,20,1
434,0.1346,"[1327.7, 507.3, 1369.6, 650.4]",,,0.0,False,False,20,1
435,0.553,"[1605.2, 507.6, 1656.5, 685.1]",,,0.0,False,False,16,0
435,0.5416,"[1210.3, 509.0, 1241.3, 608.2]",,,0.0,False,False,16,0
435,0.5353,"[236.4, 492.8, 264.1, 579.2]",,,0.0,False,False,16,0
435,0.5145,"[826.2, 503.6, 845.1, 558.9]",,,0.0,False,False,16,0
435,0.3933,"[1158.3, 491.7, 1186.7, 586.9]",,,0.0,False,False,16,0
435,0.3893,"[1114.4, 506.6, 1141.4, 578.1]",,,0.0,False,False,16,0
435,0.3823,"[1246.1, 502.2, 1277.1, 612.9]",,,0.0,False,False,16,0
435,0.3745,"[815.4, 502.2, 833.0, 553.5]",,,0.0,False,False,16,0
435,0.3688,"[590.0, 488.4, 607.5, 538.3]",,,0.0,False,False,16,0
435,0.2948,"[1196.8, 499.5, 1229.2, 600.1]",,,0.0,False,False,16,0
435,0.2796,"[1179.9, 494.8, 1209.6, 590.0]",,,0.0,False,False,16,0
435,0.2529,"[1004.4, 508.3, 1023.3, 561.6]",,,0.0,False,False,16,0
435,0.2349,"[1100.9, 493.4, 1122.5, 569.7]",,,0.0,False,False,16,0
435,0.153,"[529.2, 506.3, 546.8, 554.9]",,,0.0,False,False,16,0
435,0.1408,"[1105.0, 495.1, 1127.9, 569.4]",,,0.0,False,False,16,0
435,0.1193,"[1108.3, 502.2, 1131.3, 573.8]",,,0.0,False,False,16,0
436,0.5174,"[871.4, 505.2, 893.0, 558.6]",352,"[868.273330096079, 502.14209127215605, 887.6923681461085, 555.2193589231564]",0.5937,True,False,11,2
436,0.4954,"[1119.2, 503.6, 1147.5, 580.5]",,,0.0,False,False,11,2
436,0.4613,"[1277.1, 508.6, 1314.9, 632.1]",,,0.0,False,False,11,2
436,0.4608,"[835.0, 504.2, 851.2, 552.2]",,,0.0,False,False,11,2
436,0.394,"[594.0, 488.7, 612.9, 539.3]",,,0.0,False,False,11,2
436,0.3908,"[1164.4, 495.1, 1195.4, 589.6]",,,0.0,False,False,11,2
436,0.3443,"[1188.0, 496.5, 1217.7, 595.0]",,,0.0,False,False,11,2
436,0.2758,"[1205.6, 499.2, 1236.6, 603.8]",,,0.0,False,False,11,2
436,0.1964,"[1294.0, 511.3, 1331.8, 642.3]",,,0.0,False,False,11,2
436,0.1795,"[869.4, 498.2, 888.3, 551.5]",352,"[868.273330096079, 502.14209127215605, 887.6923681461085, 555.2193589231564]",0.7943,True,False,11,2
436,0.1141,"[1134.7, 500.9, 1156.3, 583.2]",,,0.0,False,False,11,2
437,0.5573,"[1148.2, 490.7, 1177.9, 586.6]",372,"[1150.2865430046074, 491.1417459662206, 1178.8252734016426, 584.376442510342]",0.8763,True,False,14,1
437,0.5127,"[1124.6, 493.4, 1154.2, 579.2]",372,"[1150.2865430046074, 491.1417459662206, 1178.8252734016426, 584.376442510342]",0.0698,False,False,14,1
437,0.5117,"[1222.4, 508.6, 1257.5, 611.2]",,,0.0,False,False,14,1
437,0.3787,"[1013.2, 508.6, 1030.7, 562.6]",,,0.0,False,False,14,1
437,0.3396,"[939.6, 512.3, 958.5, 563.6]",,,0.0,False,False,14,1
437,0.2866,"[822.2, 499.8, 841.1, 552.5]",,,0.0,False,False,14,1
437,0.2847,"[1188.7, 493.4, 1222.4, 592.0]",,,0.0,False,False,14,1
437,0.2797,"[1212.3, 499.5, 1246.1, 602.1]",,,0.0,False,False,14,1
437,0.2679,"[874.8, 498.8, 893.7, 553.5]",,,0.0,False,False,14,1
437,0.2008,"[872.8, 495.1, 891.7, 546.4]",,,0.0,False,False,14,1
437,0.1976,"[1171.1, 492.8, 1202.2, 590.0]",372,"[1150.2865430046074, 491.1417459662206, 1178.8252734016426, 584.376442510342]",0.1419,False,False,14,1
437,0.1651,"[1329.1, 504.9, 1365.5, 634.5]",,,0.0,False,False,14,1
437,0.1638,"[532.9, 495.8, 553.2, 556.5]",,,0.0,False,False,14,1
437,0.1165,"[597.7, 489.4, 615.9, 538.7]",,,0.0,False,False,14,1
438,0.5573,"[1178.6, 495.1, 1208.2, 593.0]",,,0.0,False,False,14,2
438,0.5547,"[1132.0, 496.5, 1160.3, 581.5]",,,0.0,False,False,14,2
438,0.543,"[1020.6, 507.9, 1040.8, 564.6]",,,0.0,False,False,14,2
438,0.3728,"[1549.8, 518.7, 1590.3, 641.6]",374,"[1553.0418165404226, 521.1084242536052, 1590.6613084595772, 656.2946519182697]",0.8056,True,False,14,2
438,0.3248,"[943.7, 512.3, 963.9, 563.6]",,,0.0,False,False,14,2
438,0.2977,"[1124.6, 493.8, 1146.2, 570.7]",,,0.0,False,False,14,2
438,0.2907,"[1200.8, 496.1, 1233.2, 596.7]",,,0.0,False,False,14,2
438,0.2846,"[881.6, 501.5, 900.5, 554.2]",,,0.0,False,False,14,2
438,0.2806,"[1643.0, 531.9, 1699.7, 727.0]",,,0.0,False,False,14,2
438,0.2355,"[1220.4, 498.8, 1254.2, 604.1]",,,0.0,False,False,14,2
438,0.2107,"[878.2, 494.4, 895.7, 550.5]",,,0.0,False,False,14,2
438,0.2044,"[1638.9, 513.7, 1690.2, 675.0]",,,0.0,False,False,14,2
438,0.1411,"[366.5, 547.4, 419.9, 652.7]",,,0.0,False,False,14,2
438,0.1143,"[602.4, 488.4, 620.0, 536.3]",,,0.0,False,False,14,2
439,0.5682,"[1648.4, 515.4, 1702.4, 676.7]",,,0.0,False,False,18,1
439,0.5505,"[1135.4, 494.1, 1163.7, 582.5]",,,0.0,False,False,18,1
439,0.5434,"[1556.6, 519.8, 1602.5, 675.0]",,,0.0,False,False,18,1
439,0.5045,"[954.5, 514.4, 976.1, 565.0]",,,0.0,False,False,18,1
439,0.4714,"[1408.1, 522.5, 1454.0, 675.0]",237,"[1393.9650837571426, 515.0847822648569, 1451.9116252272327, 679.2384599226432]",0.6812,True,False,18,1
439,0.4076,"[1207.6, 501.2, 1235.9, 597.7]",,,0.0,False,False,18,1
439,0.3529,"[1223.8, 501.5, 1258.9, 607.5]",,,0.0,False,False,18,1
439,0.2166,"[1025.3, 509.0, 1044.2, 561.6]",,,0.0,False,False,18,1
439,0.2162,"[210.6, 504.2, 234.9, 574.4]",,,0.0,False,False,18,1
439,0.2157,"[1133.3, 495.5, 1157.6, 578.5]",,,0.0,False,False,18,1
439,0.1846,"[882.9, 501.2, 901.8, 555.2]",,,0.0,False,False,18,1
439,0.1724,"[1518.8, 524.1, 1562.0, 693.2]",,,0.0,False,False,18,1
439,0.1384,"[1129.3, 495.1, 1150.9, 571.4]",,,0.0,False,False,18,1
439,0.1328,"[604.5, 489.7, 623.4, 541.0]",,,0.0,False,False,18,1
439,0.1309,"[1301.4, 514.0, 1337.9, 632.1]",,,0.0,False,False,18,1
439,0.128,"[1671.3, 536.6, 1714.5, 692.6]",,,0.0,False,False,18,1
439,0.1264,"[887.0, 504.9, 905.9, 557.5]",,,0.0,False,False,18,1
439,0.1135,"[948.4, 513.7, 970.0, 566.3]",,,0.0,False,False,18,1
440,0.5684,"[1246.1, 509.0, 1282.5, 621.0]",,,0.0,False,False,17,2
440,0.5448,"[1142.1, 495.5, 1171.8, 585.2]",,,0.0,False,False,17,2
440,0.54,"[1233.9, 500.5, 1269.0, 609.2]",,,0.0,False,False,17,2
440,0.5339,"[1213.0, 502.9, 1244.0, 600.8]",,,0.0,False,False,17,2
440,0.5044,"[1564.7, 523.5, 1613.2, 691.9]",,,0.0,False,False,17,2
440,0.4468,"[1529.6, 526.2, 1575.5, 702.0]",,,0.0,False,False,17,2
440,0.4376,"[954.5, 513.7, 977.4, 565.7]",,,0.0,False,False,17,2
440,0.4082,"[865.4, 494.1, 885.6, 550.1]",370,"[864.7970760304933, 494.60188499922737, 885.5963565866942, 549.4206980085851]",0.9528,True,False,17,2
440,0.4069,"[835.0, 501.5, 853.9, 558.9]",,,0.0,False,False,17,2
440,0.3591,"[1137.4, 496.8, 1160.3, 578.5]",,,0.0,False,False,17,2
440,0.3161,"[1367.6, 502.2, 1405.4, 649.4]",,,0.0,False,False,17,2
440,0.2726,"[1607.9, 518.7, 1664.6, 698.0]",,,0.0,False,False,17,2
440,0.2674,"[1427.0, 525.8, 1464.8, 675.0]",,,0.0,False,False,17,2
440,0.2545,"[215.2, 506.6, 237.8, 572.7]",,,0.0,False,False,17,2
440,0.1769,"[533.9, 300.5, 548.1, 337.7]",,,0.0,False,False,17,2
440,0.1372,"[729.0, 478.9, 742.5, 508.6]",,,0.0,False,False,17,2
440,0.1087,"[958.5, 515.0, 981.5, 565.0]",,,0.0,False,False,17,2
441,0.5798,"[1576.8, 522.1, 1622.7, 680.1]",,,0.0,False,False,21,3
441,0.578,"[965.3, 512.3, 985.5, 565.0]",,,0.0,False,False,21,3
441,0.5601,"[243.5, 502.2, 269.5, 577.1]",377,"[241.57385580995611, 504.9468597412109, 267.6026578619189, 578.2518707275391]",0.822,True,False,21,3
441,0.539,"[1032.8, 509.3, 1053.0, 562.6]",,,0.0,False,False,21,3
441,0.5276,"[1144.8, 495.1, 1174.5, 581.5]",,,0.0,False,False,21,3
441,0.4996,"[214.8, 504.9, 237.8, 575.1]",,,0.0,False,False,21,3
441,0.4751,"[836.3, 498.8, 855.2, 556.2]",,,0.0,False,False,21,3
441,0.4697,"[1220.4, 496.5, 1252.8, 600.4]",,,0.0,False,False,21,3
441,0.3871,"[957.2, 511.3, 978.8, 565.3]",,,0.0,False,False,21,3
441,0.3549,"[1540.4, 526.8, 1583.6, 701.3]",,,0.0,False,False,21,3
441,0.3041,"[1224.5, 495.5, 1260.9, 605.5]",,,0.0,False,False,21,3
441,0.2794,"[1237.3, 499.5, 1272.4, 609.5]",,,0.0,False,False,21,3
441,0.2574,"[887.0, 495.8, 904.5, 550.5]",,,0.0,False,False,21,3
441,0.2076,"[1141.4, 496.1, 1164.4, 575.8]",,,0.0,False,False,21,3
441,0.1897,"[1335.8, 511.0, 1375.0, 644.0]",,,0.0,False,False,21,3
441,0.182,"[897.8, 507.9, 918.0, 566.0]",,,0.0,False,False,21,3
441,0.1378,"[530.2, 299.7, 541.7, 336.2]",,,0.0,False,False,21,3
441,0.1301,"[615.6, 483.3, 637.2, 539.3]",,,0.0,False,False,21,3
441,0.1263,"[533.9, 491.1, 550.1, 534.3]",,,0.0,False,False,21,3
441,0.1099,"[1624.1, 514.7, 1675.4, 686.1]",,,0.0,False,False,21,3
441,0.1048,"[1481.0, 94.9, 1553.9, 321.0]",,,0.0,False,False,21,3
442,0.5283,"[215.5, 502.9, 240.5, 572.4]",,,0.0,False,False,20,0
442,0.5188,"[965.3, 512.3, 986.9, 567.7]",,,0.0,False,False,20,0
442,0.4571,"[1153.6, 500.5, 1183.3, 587.6]",,,0.0,False,False,20,0
442,0.4261,"[754.0, 500.5, 781.0, 561.9]",,,0.0,False,False,20,0
442,0.4006,"[1223.8, 503.9, 1254.8, 601.8]",,,0.0,False,False,20,0
442,0.3627,"[1584.9, 526.5, 1633.5, 679.7]",,,0.0,False,False,20,0
442,0.3216,"[960.5, 512.7, 982.1, 567.3]",,,0.0,False,False,20,0
442,0.3029,"[1036.8, 510.0, 1057.1, 571.4]",,,0.0,False,False,20,0
442,0.2982,"[538.0, 489.0, 554.2, 534.3]",,,0.0,False,False,20,0
442,0.2651,"[359.1, 546.8, 420.5, 664.2]",,,0.0,False,False,20,0
442,0.2498,"[1146.2, 497.5, 1171.8, 579.8]",,,0.0,False,False,20,0
442,0.248,"[613.6, 487.4, 631.8, 539.3]",,,0.0,False,False,20,0
442,0.2416,"[1247.4, 502.9, 1278.5, 609.5]",,,0.0,False,False,20,0
442,0.2191,"[969.3, 513.7, 992.3, 566.3]",,,0.0,False,False,20,0
442,0.2105,"[549.5, 489.0, 568.4, 533.6]",,,0.0,False,False,20,0
442,0.202,"[1634.9, 522.1, 1688.9, 694.6]",,,0.0,False,False,20,0
442,0.1918,"[1340.6, 514.0, 1382.4, 654.4]",,,0.0,False,False,20,0
442,0.1855,"[1382.4, 503.9, 1420.2, 647.7]",,,0.0,False,False,20,0
442,0.157,"[1549.8, 531.2, 1595.7, 704.7]",,,0.0,False,False,20,0
442,0.1383,"[842.4, 502.9, 862.7, 557.5]",,,0.0,False,False,20,0
443,0.5637,"[244.0, 503.9, 269.3, 580.2]",377,"[242.63761136947932, 508.08309809221123, 267.6187362867707, 578.4530347202888]",0.8193,True,False,19,1
443,0.5495,"[963.9, 512.0, 988.2, 568.0]",,,0.0,False,False,19,1
443,0.5082,"[1227.8, 503.6, 1260.2, 604.1]",,,0.0,False,False,19,1
443,0.5042,"[1154.2, 496.1, 1185.3, 587.9]",,,0.0,False,False,19,1
443,0.497,"[839.7, 499.2, 860.0, 557.9]",,,0.0,False,False,19,1
443,0.4313,"[1594.4, 526.2, 1643.0, 691.2]",,,0.0,False,False,19,1
443,0.4219,"[1412.1, 527.2, 1460.7, 683.8]",,,0.0,False,False,19,1
443,0.3848,"[1041.5, 511.3, 1061.8, 571.4]",,,0.0,False,False,19,1
443,0.3685,"[1390.5, 504.6, 1428.3, 645.6]",,,0.0,False,False,19,1
443,0.3668,"[1251.5, 502.9, 1287.9, 617.6]",,,0.0,False,False,19,1
443,0.3299,"[1149.5, 495.1, 1173.8, 580.2]",,,0.0,False,False,19,1
443,0.315,"[537.6, 485.7, 555.2, 539.0]",,,0.0,False,False,19,1
443,0.2754,"[550.5, 491.1, 570.0, 539.7]",,,0.0,False,False,19,1
443,0.2113,"[733.1, 479.9, 747.9, 511.0]",,,0.0,False,False,19,1
443,0.1499,"[1042.2, 509.6, 1059.8, 558.9]",,,0.0,False,False,19,1
443,0.1386,"[723.6, 482.3, 734.4, 509.3]",,,0.0,False,False,19,1
443,0.1281,"[1244.7, 501.5, 1277.1, 611.6]",,,0.0,False,False,19,1
443,0.1277,"[1346.6, 515.7, 1387.8, 646.7]",,,0.0,False,False,19,1
443,0.1027,"[615.9, 488.0, 633.5, 542.0]",,,0.0,False,False,19,1
444,0.5518,"[974.0, 515.4, 997.0, 566.7]",,,0.0,False,False,20,2
444,0.5427,"[1265.6, 508.6, 1304.8, 623.4]",381,"[1261.2161583166007, 509.4152241909942, 1300.216458870899, 622.9448832308808]",0.7865,True,False,20,2
444,0.4427,"[1231.9, 497.5, 1267.0, 603.5]",381,"[1261.2161583166007, 509.4152241909942, 1300.216458870899, 622.9448832308808]",0.0712,False,False,20,2
444,0.4365,"[1042.9, 511.0, 1063.1, 571.1]",,,0.0,False,False,20,2
444,0.4115,"[212.3, 522.1, 237.3, 577.5]",,,0.0,False,False,20,2
444,0.3901,"[244.9, 502.9, 269.8, 577.1]",,,0.0,False,False,20,2
444,0.3681,"[737.1, 477.9, 752.0, 509.6]",,,0.0,False,False,20,2
444,0.3581,"[1165.1, 507.3, 1193.4, 589.6]",,,0.0,False,False,20,2
444,0.2997,"[1656.5, 524.5, 1713.2, 707.4]",,,0.0,False,False,20,2
444,0.2898,"[1395.9, 502.2, 1433.7, 634.5]",,,0.0,False,False,20,2
444,0.2728,"[1152.9, 499.8, 1179.9, 582.9]",,,0.0,False,False,20,2
444,0.2506,"[1568.7, 528.2, 1620.0, 714.2]",,,0.0,False,False,20,2
444,0.2266,"[1246.7, 502.5, 1291.3, 617.3]",381,"[1261.2161583166007, 509.4152241909942, 1300.216458870899, 622.9448832308808]",0.5149,True,False,20,2
444,0.2186,"[539.3, 490.4, 557.5, 536.3]",,,0.0,False,False,20,2
444,0.2052,"[222.8, 506.9, 242.0, 564.3]",,,0.0,False,False,20,2
444,0.1716,"[1490.4, 524.5, 1536.3, 689.9]",191,"[1479.8400658489118, 521.1250793885487, 1531.6801978229635, 703.1250426817637]",0.6694,True,False,20,2
444,0.1533,"[213.1, 539.7, 234.4, 579.5]",,,0.0,False,False,20,2
444,0.1513,"[727.0, 481.6, 739.1, 507.9]",,,0.0,False,False,20,2
444,0.1477,"[1256.9, 501.5, 1287.9, 610.2]",381,"[1261.2161583166007, 509.4152241909942, 1300.216458870899, 622.9448832308808]",0.526,True,False,20,2
444,0.1027,"[1355.4, 515.7, 1395.9, 649.4]",,,0.0,False,False,20,2
445,0.5495,"[978.1, 514.7, 999.7, 568.0]",,,0.0,False,False,15,1
445,0.5195,"[1609.2, 528.9, 1660.5, 704.7]",374,"[1613.0559879481773, 528.8595362762503, 1659.469646817448, 693.6413182159372]",0.8478,True,False,15,1
445,0.4797,"[739.1, 478.2, 754.0, 510.6]",,,0.0,False,False,15,1
445,0.4429,"[1166.4, 496.8, 1196.1, 588.6]",,,0.0,False,False,15,1
445,0.4208,"[1238.0, 502.9, 1270.4, 605.5]",,,0.0,False,False,15,1
445,0.3399,"[1157.6, 498.2, 1183.3, 581.9]",,,0.0,False,False,15,1
445,0.2741,"[1715.9, 521.4, 1761.8, 668.6]",,,0.0,False,False,15,1
445,0.2148,"[1404.0, 502.9, 1441.8, 635.9]",,,0.0,False,False,15,1
445,0.1854,"[965.3, 511.0, 988.2, 571.7]",,,0.0,False,False,15,1
445,0.1716,"[540.7, 489.7, 559.6, 537.6]",,,0.0,False,False,15,1
445,0.1537,"[969.3, 513.7, 990.9, 569.0]",,,0.0,False,False,15,1
445,0.1477,"[1258.9, 501.2, 1294.0, 612.6]",,,0.0,False,False,15,1
445,0.1269,"[1047.6, 514.7, 1070.6, 573.4]",,,0.0,False,False,15,1
445,0.1191,"[729.0, 482.6, 739.8, 508.3]",,,0.0,False,False,15,1
445,0.1003,"[1576.8, 529.9, 1628.1, 714.8]",374,"[1613.0559879481773, 528.8595362762503, 1659.469646817448, 693.6413182159372]",0.1679,False,False,15,1
446,0.5777,"[1620.0, 525.8, 1668.6, 700.7]",,,0.0,False,False,14,1
446,0.5436,"[1165.1, 497.5, 1196.1, 587.2]",,,0.0,False,False,14,1
446,0.5288,"[1243.4, 499.8, 1278.5, 605.8]",,,0.0,False,False,14,1
446,0.465,"[1436.4, 521.8, 1482.3, 679.7]",,,0.0,False,False,14,1
446,0.4467,"[1590.3, 532.9, 1641.6, 717.5]",,,0.0,False,False,14,1
446,0.4095,"[1725.3, 521.4, 1771.2, 682.1]",378,"[1710.1622849392013, 534.2361480651939, 1793.7559279514237, 763.3069427551187]",0.3439,True,False,14,1
446,0.4029,"[1263.6, 501.9, 1298.7, 615.3]",,,0.0,False,False,14,1
446,0.3374,"[1171.8, 500.2, 1200.2, 588.6]",,,0.0,False,False,14,1
446,0.2961,"[1051.7, 510.6, 1071.9, 563.3]",,,0.0,False,False,14,1
446,0.289,"[1161.7, 496.8, 1187.3, 579.8]",,,0.0,False,False,14,1
446,0.2444,"[1260.9, 506.6, 1290.6, 607.8]",,,0.0,False,False,14,1
446,0.1634,"[731.0, 483.0, 741.8, 508.6]",,,0.0,False,False,14,1
446,0.1343,"[537.3, 483.6, 558.2, 538.3]",,,0.0,False,False,14,1
446,0.1332,"[212.1, 521.8, 237.4, 579.8]",,,0.0,False,False,14,1
447,0.5564,"[213.0, 507.6, 241.7, 581.2]",382,"[211.08017329597487, 507.6041625976562, 239.2160913524626, 579.9641967773438]",0.8455,True,False,18,3
447,0.5254,"[1176.5, 502.9, 1206.2, 590.0]",,,0.0,False,False,18,3
447,0.5138,"[1170.5, 498.5, 1198.8, 586.9]",,,0.0,False,False,18,3
447,0.4261,"[1271.0, 502.2, 1308.8, 617.0]",,,0.0,False,False,18,3
447,0.4072,"[1443.2, 528.9, 1489.1, 678.0]",,,0.0,False,False,18,3
447,0.3537,"[864.7, 506.3, 884.9, 566.3]",259,"[863.4790755070399, 505.4611608344406, 886.419606133585, 568.6206262749344]",0.8396,True,False,18,3
447,0.3283,"[733.7, 481.6, 744.5, 508.6]",,,0.0,False,False,18,3
447,0.3135,"[1734.8, 521.8, 1783.4, 693.2]",,,0.0,False,False,18,3
447,0.2778,"[243.8, 507.6, 266.5, 570.4]",377,"[241.0359898598977, 500.96678671692274, 269.0122889486961, 580.6193949237022]",0.637,True,False,18,3
447,0.1894,"[625.4, 490.7, 642.9, 541.4]",,,0.0,False,False,18,3
447,0.1774,"[1418.9, 507.6, 1456.7, 637.2]",,,0.0,False,False,18,3
447,0.1556,"[1376.3, 514.7, 1418.9, 649.7]",,,0.0,False,False,18,3
447,0.1434,"[1053.0, 514.0, 1070.6, 559.9]",,,0.0,False,False,18,3
447,0.1135,"[1055.0, 513.0, 1078.0, 567.7]",,,0.0,False,False,18,3
447,0.1112,"[557.9, 487.7, 576.8, 537.6]",,,0.0,False,False,18,3
447,0.1096,"[216.3, 505.9, 240.6, 568.7]",382,"[211.08017329597487, 507.6041625976562, 239.2160913524626, 579.9641967773438]",0.6458,True,False,18,3
447,0.1033,"[545.1, 487.7, 564.0, 537.6]",,,0.0,False,False,18,3
447,0.1005,"[1136.0, 497.5, 1156.3, 565.0]",,,0.0,False,False,18,3
448,0.5687,"[735.8, 483.0, 747.9, 510.0]",,,0.0,False,False,21,0
448,0.5641,"[213.8, 513.3, 241.1, 582.2]",,,0.0,False,False,21,0
448,0.554,"[1452.6, 527.2, 1501.2, 675.7]",,,0.0,False,False,21,0
448,0.481,"[1253.5, 499.5, 1287.2, 606.8]",,,0.0,False,False,21,0
448,0.4248,"[1171.8, 497.1, 1197.5, 580.8]",,,0.0,False,False,21,0
448,0.3671,"[1179.2, 502.2, 1208.9, 588.6]",,,0.0,False,False,21,0
448,0.3566,"[866.7, 506.9, 885.6, 562.3]",,,0.0,False,False,21,0
448,0.3443,"[1746.9, 524.1, 1792.8, 684.8]",,,0.0,False,False,21,0
448,0.2752,"[1059.8, 514.7, 1084.1, 574.1]",,,0.0,False,False,21,0
448,0.2748,"[1141.4, 502.5, 1163.0, 568.7]",,,0.0,False,False,21,0
448,0.2423,"[1273.1, 500.2, 1308.2, 615.6]",,,0.0,False,False,21,0
448,0.2396,"[560.6, 490.4, 580.2, 544.4]",,,0.0,False,False,21,0
448,0.1882,"[1517.4, 535.3, 1574.1, 709.4]",,,0.0,False,False,21,0
448,0.1838,"[1609.2, 525.8, 1668.6, 714.8]",,,0.0,False,False,21,0
448,0.1661,"[984.2, 517.0, 1004.4, 569.7]",,,0.0,False,False,21,0
448,0.1623,"[214.0, 529.2, 238.3, 581.9]",,,0.0,False,False,21,0
448,0.1607,"[537.6, 486.0, 556.5, 538.0]",,,0.0,False,False,21,0
448,0.1472,"[627.4, 490.7, 645.6, 542.7]",,,0.0,False,False,21,0
448,0.1238,"[1494.5, 525.5, 1537.7, 681.4]",,,0.0,False,False,21,0
448,0.123,"[243.7, 507.6, 268.0, 579.8]",,,0.0,False,False,21,0
448,0.1115,"[1057.7, 513.7, 1076.6, 560.2]",,,0.0,False,False,21,0
449,0.5561,"[1259.6, 501.9, 1293.3, 608.5]",,,0.0,False,False,14,0
449,0.5514,"[1177.2, 499.8, 1202.9, 582.2]",,,0.0,False,False,14,0
449,0.4711,"[1283.9, 501.5, 1319.0, 617.6]",,,0.0,False,False,14,0
449,0.4471,"[1190.0, 507.9, 1215.7, 589.6]",,,0.0,False,False,14,0
449,0.3048,"[1759.1, 531.2, 1805.0, 697.3]",,,0.0,False,False,14,0
449,0.2837,"[630.1, 490.7, 648.3, 542.7]",,,0.0,False,False,14,0
449,0.2222,"[741.2, 478.9, 757.4, 510.6]",,,0.0,False,False,14,0
449,0.2214,"[1180.6, 503.6, 1207.6, 587.2]",,,0.0,False,False,14,0
449,0.1778,"[1171.1, 499.2, 1194.1, 578.1]",,,0.0,False,False,14,0
449,0.1596,"[1391.9, 516.4, 1435.1, 655.4]",,,0.0,False,False,14,0
449,0.1376,"[986.9, 521.8, 1005.8, 571.7]",,,0.0,False,False,14,0
449,0.1134,"[1337.9, 32.8, 1429.7, 265.6]",,,0.0,False,False,14,0
449,0.1036,"[244.2, 506.6, 265.4, 568.0]",,,0.0,False,False,14,0
449,0.1031,"[983.5, 523.8, 1002.4, 572.4]",,,0.0,False,False,14,0
450,0.5797,"[739.8, 482.3, 752.0, 512.0]",,,0.0,False,False,15,1
450,0.5457,"[1189.4, 495.8, 1219.1, 588.9]",,,0.0,False,False,15,1
450,0.4841,"[1181.2, 497.5, 1205.6, 579.8]",,,0.0,False,False,15,1
450,0.4619,"[1264.3, 496.1, 1299.4, 607.5]",,,0.0,False,False,15,1
450,0.4187,"[215.0, 526.5, 241.0, 583.9]",,,0.0,False,False,15,1
450,0.3785,"[1609.2, 514.7, 1660.5, 715.5]",,,0.0,False,False,15,1
450,0.3678,"[1287.9, 497.5, 1325.7, 617.6]",,,0.0,False,False,15,1
450,0.3568,"[936.2, 508.6, 955.1, 565.3]",,,0.0,False,False,15,1
450,0.2961,"[1150.2, 500.2, 1173.2, 567.7]",,,0.0,False,False,15,1
450,0.1933,"[1185.3, 498.8, 1212.3, 587.9]",,,0.0,False,False,15,1
450,0.1832,"[1067.2, 512.3, 1088.8, 573.1]",,,0.0,False,False,15,1
450,0.1805,"[634.2, 494.1, 651.0, 543.4]",,,0.0,False,False,15,1
450,0.1332,"[166.7, 537.3, 197.1, 639.9]",,,0.0,False,False,15,1
450,0.1234,"[743.9, 480.6, 757.4, 512.3]",,,0.0,False,False,15,1
450,0.1013,"[1424.2, 517.7, 1459.4, 651.4]",,,0.0,False,False,15,1
451,0.5722,"[1190.7, 498.8, 1220.4, 590.0]",,,0.0,False,False,19,3
451,0.5452,"[874.8, 508.6, 893.7, 565.3]",259,"[874.8428593710358, 507.7821903924646, 895.1024531289642, 564.0398310919104]",0.8963,True,False,19,3
451,0.5258,"[1154.2, 502.2, 1175.9, 571.1]",,,0.0,False,False,19,3
451,0.5149,"[742.5, 484.3, 753.3, 512.0]",,,0.0,False,False,19,3
451,0.5085,"[1302.1, 510.3, 1345.3, 626.4]",381,"[1305.901038062527, 512.5999109136656, 1346.1050654530982, 626.7348058832096]",0.8746,True,False,19,3
451,0.3797,"[755.3, 481.6, 770.2, 512.0]",384,"[754.3011459060667, 481.13803666623096, 771.0841080001834, 514.1736088415815]",0.8136,True,False,19,3
451,0.3709,"[1290.6, 502.5, 1329.8, 620.0]",381,"[1305.901038062527, 512.5999109136656, 1346.1050654530982, 626.7348058832096]",0.3865,True,False,19,3
451,0.351,"[868.7, 505.6, 890.3, 560.9]",259,"[874.8428593710358, 507.7821903924646, 895.1024531289642, 564.0398310919104]",0.544,True,False,19,3
451,0.3472,"[1782.0, 520.8, 1833.3, 704.7]",,,0.0,False,False,19,3
451,0.3199,"[636.2, 491.1, 654.4, 543.7]",,,0.0,False,False,19,3
451,0.233,"[1187.3, 499.8, 1214.3, 585.6]",,,0.0,False,False,19,3
451,0.2312,"[1312.2, 505.2, 1350.0, 627.4]",381,"[1305.901038062527, 512.5999109136656, 1346.1050654530982, 626.7348058832096]",0.7251,True,False,19,3
451,0.2222,"[1196.1, 507.3, 1223.1, 589.6]",,,0.0,False,False,19,3
451,0.1958,"[1184.0, 498.8, 1208.2, 581.2]",,,0.0,False,False,19,3
451,0.1885,"[938.9, 512.7, 956.5, 566.0]",,,0.0,False,False,19,3
451,0.1519,"[1200.8, 504.9, 1227.8, 590.0]",,,0.0,False,False,19,3
451,0.1409,"[758.7, 482.3, 772.2, 511.3]",384,"[754.3011459060667, 481.13803666623096, 771.0841080001834, 514.1736088415815]",0.6125,True,False,19,3
451,0.1296,"[1433.7, 518.4, 1468.8, 651.4]",,,0.0,False,False,19,3
451,0.1216,"[806.6, 481.6, 818.8, 508.6]",,,0.0,False,False,19,3
452,0.5422,"[1159.0, 501.2, 1179.2, 568.0]",,,0.0,False,False,19,2
452,0.5273,"[216.0, 510.6, 242.7, 584.9]",382,"[214.33563846647505, 511.06829182248885, 243.50078731477493, 586.4047306384487]",0.8911,True,False,19,2
452,0.5206,"[1274.4, 499.8, 1309.5, 608.5]",,,0.0,False,False,19,2
452,0.5064,"[1298.7, 497.8, 1337.9, 621.3]",,,0.0,False,False,19,2
452,0.4691,"[745.2, 486.3, 756.0, 512.0]",,,0.0,False,False,19,2
452,0.3974,"[1663.2, 520.4, 1717.2, 717.5]",205,"[1649.359668983733, 521.969574938037, 1711.960887656892, 734.0151662729004]",0.663,True,False,19,2
452,0.3586,"[1322.3, 506.3, 1365.5, 629.8]",,,0.0,False,False,19,2
452,0.3384,"[1316.2, 506.9, 1356.8, 627.8]",,,0.0,False,False,19,2
452,0.2925,"[638.2, 492.1, 655.8, 544.0]",,,0.0,False,False,19,2
452,0.29,"[1309.5, 501.9, 1346.0, 622.0]",,,0.0,False,False,19,2
452,0.2834,"[757.4, 483.0, 770.9, 512.0]",,,0.0,False,False,19,2
452,0.2816,"[214.8, 531.6, 239.8, 587.6]",382,"[214.33563846647505, 511.06829182248885, 243.50078731477493, 586.4047306384487]",0.6151,True,False,19,2
452,0.2761,"[1199.5, 499.8, 1229.2, 591.0]",,,0.0,False,False,19,2
452,0.2628,"[1191.4, 497.8, 1217.0, 582.9]",,,0.0,False,False,19,2
452,0.2622,"[1075.3, 511.7, 1091.5, 557.5]",,,0.0,False,False,19,2
452,0.2572,"[760.7, 483.3, 774.2, 511.7]",,,0.0,False,False,19,2
452,0.1848,"[1441.8, 517.0, 1476.9, 649.4]",,,0.0,False,False,19,2
452,0.1345,"[763.4, 483.0, 775.6, 510.6]",,,0.0,False,False,19,2
452,0.1296,"[941.6, 515.0, 959.2, 566.3]",,,0.0,False,False,19,2
453,0.5398,"[1810.4, 521.1, 1867.1, 715.5]",,,0.0,False,False,24,1
453,0.4563,"[747.2, 486.3, 758.0, 512.7]",,,0.0,False,False,24,1
453,0.4161,"[1162.4, 503.2, 1182.6, 569.4]",,,0.0,False,False,24,1
453,0.4155,"[1451.2, 517.7, 1486.4, 655.4]",,,0.0,False,False,24,1
453,0.3954,"[1303.4, 515.0, 1350.7, 626.4]",,,0.0,False,False,24,1
453,0.3951,"[215.3, 529.2, 240.6, 587.9]",,,0.0,False,False,24,1
453,0.3369,"[1208.9, 506.3, 1235.9, 592.0]",,,0.0,False,False,24,1
453,0.2623,"[1329.8, 507.6, 1363.5, 628.4]",,,0.0,False,False,24,1
453,0.2607,"[1080.7, 510.0, 1106.3, 571.4]",,,0.0,False,False,24,1
453,0.2568,"[1818.5, 521.4, 1864.4, 681.4]",,,0.0,False,False,24,1
453,0.2542,"[1199.5, 503.9, 1227.8, 590.3]",,,0.0,False,False,24,1
453,0.2415,"[185.3, 359.4, 200.5, 392.5]",,,0.0,False,False,24,1
453,0.2267,"[1117.8, 511.0, 1139.4, 567.7]",,,0.0,False,False,24,1
453,0.2209,"[1313.6, 513.3, 1356.8, 628.8]",,,0.0,False,False,24,1
453,0.2185,"[813.4, 484.0, 825.5, 510.3]",,,0.0,False,False,24,1
453,0.1957,"[640.2, 495.1, 657.8, 545.7]",,,0.0,False,False,24,1
453,0.1617,"[951.1, 511.3, 974.0, 569.4]",,,0.0,False,False,24,1
453,0.1583,"[872.1, 502.9, 891.0, 554.2]",,,0.0,False,False,24,1
453,0.1512,"[1454.0, 515.4, 1494.5, 672.6]",,,0.0,False,False,24,1
453,0.1458,"[758.7, 483.3, 772.2, 514.4]",,,0.0,False,False,24,1
453,0.1339,"[537.6, 491.4, 558.6, 542.0]",,,0.0,False,False,24,1
453,0.1268,"[761.4, 483.3, 776.2, 513.7]",,,0.0,False,False,24,1
453,0.1115,"[1406.7, 517.7, 1449.9, 668.9]",,,0.0,False,False,24,1
453,0.1101,"[1196.8, 499.8, 1221.1, 582.9]",,,0.0,False,False,24,1
454,0.561,"[1308.8, 507.6, 1352.0, 623.0]",381,"[1306.2098575471484, 494.8581010854846, 1351.1788143278516, 623.8370893442029]",0.8289,True,False,17,1
454,0.4409,"[748.6, 483.6, 759.4, 512.0]",,,0.0,False,False,17,1
454,0.3817,"[1458.0, 516.7, 1493.1, 658.5]",,,0.0,False,False,17,1
454,0.3442,"[641.6, 496.5, 659.1, 545.1]",,,0.0,False,False,17,1
454,0.3143,"[1286.6, 500.2, 1321.7, 610.9]",381,"[1306.2098575471484, 494.8581010854846, 1351.1788143278516, 623.8370893442029]",0.2143,False,False,17,1
454,0.3017,"[214.5, 517.0, 242.8, 589.3]",,,0.0,False,False,17,1
454,0.2333,"[762.1, 482.0, 778.3, 513.7]",,,0.0,False,False,17,1
454,0.2269,"[1413.5, 517.7, 1456.7, 669.6]",,,0.0,False,False,17,1
454,0.22,"[1209.6, 495.1, 1239.3, 590.3]",,,0.0,False,False,17,1
454,0.2036,"[1316.9, 509.3, 1361.5, 626.7]",381,"[1306.2098575471484, 494.8581010854846, 1351.1788143278516, 623.8370893442029]",0.552,True,False,17,1
454,0.1566,"[759.4, 484.0, 772.9, 513.7]",,,0.0,False,False,17,1
454,0.1534,"[1336.5, 511.0, 1373.0, 630.5]",381,"[1306.2098575471484, 494.8581010854846, 1351.1788143278516, 623.8370893442029]",0.1949,False,False,17,1
454,0.1451,"[1086.1, 510.3, 1109.0, 569.0]",,,0.0,False,False,17,1
454,0.1439,"[1202.9, 498.2, 1229.9, 587.2]",,,0.0,False,False,17,1
454,0.1367,"[539.0, 491.4, 559.2, 541.4]",,,0.0,False,False,17,1
454,0.1215,"[1331.1, 509.3, 1366.2, 628.1]",381,"[1306.2098575471484, 494.8581010854846, 1351.1788143278516, 623.8370893442029]",0.2999,False,False,17,1
454,0.1135,"[764.8, 482.3, 781.0, 512.7]",,,0.0,False,False,17,1
455,0.572,"[1464.8, 519.1, 1502.6, 660.8]",,,0.0,False,False,23,2
455,0.5397,"[1293.3, 502.2, 1329.8, 612.2]",,,0.0,False,False,23,2
455,0.5189,"[573.4, 496.1, 595.0, 552.8]",,,0.0,False,False,23,2
455,0.5049,"[1013.2, 519.8, 1033.4, 573.8]",390,"[1013.8379826446252, 520.2706327335272, 1035.6007380584997, 575.4623994930354]",0.8399,True,False,23,2
455,0.4525,"[1311.5, 503.2, 1357.4, 624.7]",,,0.0,False,False,23,2
455,0.4193,"[1331.8, 513.0, 1376.3, 632.5]",,,0.0,False,False,23,2
455,0.4185,"[951.8, 512.7, 970.7, 569.4]",,,0.0,False,False,23,2
455,0.3854,"[214.7, 533.2, 240.3, 592.0]",,,0.0,False,False,23,2
455,0.3807,"[762.8, 483.6, 777.6, 516.0]",,,0.0,False,False,23,2
455,0.3737,"[156.9, 525.2, 191.2, 608.9]",,,0.0,False,False,23,2
455,0.3655,"[1420.2, 519.8, 1466.1, 669.6]",,,0.0,False,False,23,2
455,0.3531,"[1169.8, 502.2, 1190.0, 571.7]",,,0.0,False,False,23,2
455,0.3402,"[1213.0, 497.5, 1245.4, 594.7]",,,0.0,False,False,23,2
455,0.3355,"[644.6, 494.8, 662.2, 546.8]",,,0.0,False,False,23,2
455,0.2931,"[751.3, 486.7, 760.7, 513.7]",,,0.0,False,False,23,2
455,0.2761,"[1087.4, 513.7, 1102.3, 558.2]",,,0.0,False,False,23,2
455,0.2444,"[1319.0, 515.7, 1360.8, 627.1]",,,0.0,False,False,23,2
455,0.1822,"[1204.9, 496.5, 1233.2, 587.6]",,,0.0,False,False,23,2
455,0.1743,"[1089.5, 512.7, 1109.7, 564.0]",,,0.0,False,False,23,2
455,0.1697,"[1478.2, 14.0, 1570.1, 323.5]",,,0.0,False,False,23,2
455,0.1501,"[818.8, 484.7, 830.9, 511.7]",,,0.0,False,False,23,2
455,0.1407,"[144.4, 537.0, 180.6, 647.0]",,,0.0,False,False,23,2
455,0.1132,"[541.4, 493.4, 560.9, 543.4]",,,0.0,False,False,23,2
456,0.5678,"[1243.4, 499.5, 1278.5, 602.8]",372,"[1243.1990912671959, 499.88805438857196, 1277.2130181078041, 602.1272044004905]",0.951,True,False,24,2
456,0.5149,"[646.0, 498.2, 662.9, 546.1]",,,0.0,False,False,24,2
456,0.5009,"[154.9, 527.2, 188.8, 608.9]",,,0.0,False,False,24,2
456,0.4851,"[1271.0, 495.5, 1306.1, 606.8]",379,"[1272.0807533461866, 495.72184849960144, 1306.3958091538134, 606.8003682972735]",0.96,True,False,24,2
456,0.4301,"[1333.8, 512.3, 1378.4, 631.1]",,,0.0,False,False,24,2
456,0.3718,"[1322.3, 499.5, 1360.1, 625.1]",,,0.0,False,False,24,2
456,0.3712,"[1427.0, 523.1, 1472.9, 670.3]",,,0.0,False,False,24,2
456,0.3696,"[1213.0, 500.2, 1244.0, 590.0]",372,"[1243.1990912671959, 499.88805438857196, 1277.2130181078041, 602.1272044004905]",0.012,False,False,24,2
456,0.3663,"[1297.4, 504.2, 1333.8, 612.9]",379,"[1272.0807533461866, 495.72184849960144, 1306.3958091538134, 606.8003682972735]",0.1356,False,False,24,2
456,0.3336,"[754.0, 483.3, 764.8, 515.0]",,,0.0,False,False,24,2
456,0.3159,"[1474.2, 516.7, 1514.7, 665.9]",,,0.0,False,False,24,2
456,0.3065,"[1345.3, 512.3, 1387.8, 632.5]",,,0.0,False,False,24,2
456,0.2569,"[1591.7, 529.2, 1637.6, 694.6]",,,0.0,False,False,24,2
456,0.2535,"[1327.1, 511.0, 1370.2, 628.4]",,,0.0,False,False,24,2
456,0.2501,"[894.4, 502.2, 909.2, 549.5]",,,0.0,False,False,24,2
456,0.2474,"[764.1, 483.3, 777.6, 515.7]",,,0.0,False,False,24,2
456,0.2373,"[214.8, 523.5, 241.8, 592.3]",,,0.0,False,False,24,2
456,0.2246,"[577.1, 497.5, 597.4, 552.2]",,,0.0,False,False,24,2
456,0.2243,"[1095.5, 510.3, 1117.1, 562.3]",,,0.0,False,False,24,2
456,0.2065,"[1223.1, 495.5, 1254.2, 595.4]",372,"[1243.1990912671959, 499.88805438857196, 1277.2130181078041, 602.1272044004905]",0.1889,False,False,24,2
456,0.1669,"[822.8, 485.3, 835.0, 513.7]",,,0.0,False,False,24,2
456,0.156,"[1088.8, 513.7, 1105.0, 558.2]",,,0.0,False,False,24,2
456,0.1389,"[545.1, 492.4, 564.6, 542.4]",,,0.0,False,False,24,2
456,0.1094,"[163.9, 515.0, 191.2, 586.6]",,,0.0,False,False,24,2
457,0.5704,"[755.3, 484.7, 766.1, 515.7]",,,0.0,False,False,23,2
457,0.5284,"[765.5, 483.6, 779.0, 516.7]",,,0.0,False,False,23,2
457,0.5198,"[1323.0, 497.1, 1370.2, 626.7]",,,0.0,False,False,23,2
457,0.4285,"[1749.6, 518.7, 1811.7, 745.2]",378,"[1797.1475412745176, 537.9477386332375, 1867.8575856786072, 731.2177887105124]",0.1129,False,False,23,2
457,0.4132,"[957.8, 513.0, 979.4, 569.7]",,,0.0,False,False,23,2
457,0.4127,"[1684.8, 522.5, 1730.7, 728.3]",,,0.0,False,False,23,2
457,0.3902,"[1339.2, 513.3, 1382.4, 630.8]",,,0.0,False,False,23,2
457,0.3825,"[647.7, 500.9, 664.5, 548.1]",,,0.0,False,False,23,2
457,0.3564,"[1302.8, 503.9, 1339.2, 613.2]",,,0.0,False,False,23,2
457,0.3292,"[1219.7, 494.4, 1254.8, 594.3]",,,0.0,False,False,23,2
457,0.326,"[893.7, 508.3, 914.0, 572.4]",,,0.0,False,False,23,2
457,0.2999,"[215.2, 534.3, 240.5, 593.7]",,,0.0,False,False,23,2
457,0.2557,"[895.1, 500.9, 914.0, 558.9]",,,0.0,False,False,23,2
457,0.204,"[1364.9, 503.6, 1408.1, 639.9]",,,0.0,False,False,23,2
457,0.1984,"[1607.9, 503.2, 1653.8, 676.7]",,,0.0,False,False,23,2
457,0.1751,"[132.7, 535.6, 166.6, 633.5]",,,0.0,False,False,23,2
457,0.1674,"[1213.0, 502.2, 1235.9, 581.9]",,,0.0,False,False,23,2
457,0.1542,"[824.2, 483.6, 837.7, 512.7]",,,0.0,False,False,23,2
457,0.1492,"[545.7, 492.8, 566.0, 543.4]",,,0.0,False,False,23,2
457,0.1436,"[1894.1, 519.8, 1972.4, 776.2]",284,"[1895.203766050516, 532.6657282704152, 1970.9246519182343, 785.9371770030223]",0.886,True,False,23,2
457,0.1418,"[1109.7, 486.3, 1130.0, 537.6]",,,0.0,False,False,23,2
457,0.1333,"[161.5, 518.1, 190.2, 592.3]",,,0.0,False,False,23,2
457,0.1043,"[1090.8, 515.7, 1107.0, 560.2]",,,0.0,False,False,23,2
458,0.5614,"[757.4, 486.3, 768.2, 513.3]",,,0.0,False,False,23,0
458,0.528,"[648.0, 498.5, 666.2, 548.4]",,,0.0,False,False,23,0
458,0.495,"[1331.8, 498.2, 1373.6, 626.4]",,,0.0,False,False,23,0
458,0.4848,"[1228.5, 494.4, 1259.6, 593.0]",,,0.0,False,False,23,0
458,0.4594,"[766.8, 486.3, 779.0, 514.0]",,,0.0,False,False,23,0
458,0.4408,"[164.4, 519.8, 192.0, 596.0]",,,0.0,False,False,23,0
458,0.4382,"[215.7, 527.5, 242.7, 593.0]",,,0.0,False,False,23,0
458,0.3725,"[1308.8, 503.6, 1343.9, 614.2]",,,0.0,False,False,23,0
458,0.3723,"[1345.3, 508.3, 1393.2, 633.2]",,,0.0,False,False,23,0
458,0.3522,"[897.8, 504.9, 920.7, 565.7]",,,0.0,False,False,23,0
458,0.3509,"[1485.0, 519.4, 1528.2, 668.6]",,,0.0,False,False,23,0
458,0.3407,"[1444.5, 522.1, 1495.8, 674.7]",,,0.0,False,False,23,0
458,0.2787,"[1019.3, 530.2, 1036.8, 573.4]",,,0.0,False,False,23,0
458,0.2254,"[897.1, 517.7, 920.0, 570.4]",,,0.0,False,False,23,0
458,0.2119,"[899.1, 502.9, 918.0, 557.5]",,,0.0,False,False,23,0
458,0.2064,"[1232.6, 501.9, 1265.0, 599.1]",,,0.0,False,False,23,0
458,0.2052,"[509.3, 513.3, 541.0, 593.0]",,,0.0,False,False,23,0
458,0.1482,"[130.2, 536.6, 162.1, 631.8]",,,0.0,False,False,23,0
458,0.1481,"[1095.5, 513.7, 1110.4, 556.9]",,,0.0,False,False,23,0
458,0.1277,"[1616.0, 505.6, 1664.6, 695.9]",,,0.0,False,False,23,0
458,0.121,"[547.1, 492.4, 567.3, 543.0]",,,0.0,False,False,23,0
458,0.1074,"[1113.1, 486.0, 1130.6, 533.9]",,,0.0,False,False,23,0
458,0.102,"[941.0, 504.6, 957.2, 558.6]",,,0.0,False,False,23,0
459,0.5743,"[899.8, 505.6, 922.7, 565.0]",,,0.0,False,False,21,2
459,0.5419,"[1452.6, 524.8, 1501.2, 676.7]",,,0.0,False,False,21,2
459,0.5066,"[1230.5, 496.8, 1264.3, 594.0]",,,0.0,False,False,21,2
459,0.496,"[1494.5, 518.1, 1537.7, 669.9]",,,0.0,False,False,21,2
459,0.4822,"[650.0, 499.8, 668.2, 550.5]",,,0.0,False,False,21,2
459,0.4797,"[1315.6, 503.2, 1350.7, 614.6]",,,0.0,False,False,21,2
459,0.4679,"[770.2, 482.6, 782.3, 514.4]",,,0.0,False,False,21,2
459,0.4323,"[583.9, 499.5, 603.5, 554.2]",392,"[582.5163891906907, 499.7073455810547, 601.7209154968093, 553.9773468017578]",0.8466,True,False,21,2
459,0.4071,"[1338.5, 498.8, 1379.0, 626.4]",,,0.0,False,False,21,2
459,0.3741,"[1240.0, 516.4, 1269.7, 598.7]",,,0.0,False,False,21,2
459,0.2439,"[832.3, 484.0, 844.4, 512.3]",,,0.0,False,False,21,2
459,0.2098,"[783.7, 485.0, 794.5, 509.3]",,,0.0,False,False,21,2
459,0.1999,"[1105.7, 513.3, 1128.6, 570.0]",,,0.0,False,False,21,2
459,0.1993,"[1506.6, 505.6, 1552.5, 666.2]",,,0.0,False,False,21,2
459,0.1635,"[1827.9, 561.3, 1887.3, 745.9]",212,"[1862.5171608806413, 519.1433690514327, 1968.6285910724837, 779.7737452063797]",0.1344,False,False,21,2
459,0.145,"[1223.1, 500.5, 1248.8, 587.6]",,,0.0,False,False,21,2
459,0.1258,"[1116.5, 487.7, 1132.7, 528.9]",,,0.0,False,False,21,2
459,0.123,"[943.0, 501.2, 961.9, 558.6]",,,0.0,False,False,21,2
459,0.1144,"[215.8, 535.3, 240.5, 596.0]",,,0.0,False,False,21,2
459,0.1065,"[547.4, 491.7, 567.7, 543.7]",,,0.0,False,False,21,2
459,0.1063,"[126.4, 545.7, 156.3, 635.5]",,,0.0,False,False,21,2
460,0.5624,"[904.5, 506.6, 926.1, 565.3]",,,0.0,False,False,19,1
460,0.5299,"[1240.0, 497.1, 1273.7, 599.1]",,,0.0,False,False,19,1
460,0.5,"[1351.4, 498.5, 1395.9, 630.1]",,,0.0,False,False,19,1
460,0.4934,"[1460.7, 528.5, 1509.3, 677.0]",,,0.0,False,False,19,1
460,0.4689,"[1320.3, 503.9, 1354.1, 614.6]",,,0.0,False,False,19,1
460,0.3819,"[1233.9, 498.2, 1266.3, 593.3]",,,0.0,False,False,19,1
460,0.3789,"[762.1, 485.0, 772.9, 513.3]",,,0.0,False,False,19,1
460,0.3286,"[835.0, 484.0, 845.8, 511.0]",,,0.0,False,False,19,1
460,0.3239,"[1753.7, 525.8, 1807.7, 724.3]",374,"[1745.3250792814335, 523.4288207154287, 1804.9783875154417, 741.9696167845713]",0.7508,True,False,19,1
460,0.3019,"[969.3, 515.4, 992.3, 570.7]",,,0.0,False,False,19,1
460,0.2648,"[1860.3, 484.0, 1957.5, 781.7]",,,0.0,False,False,19,1
460,0.2005,"[215.2, 534.3, 239.5, 594.3]",,,0.0,False,False,19,1
460,0.1982,"[1341.2, 498.8, 1376.3, 623.0]",,,0.0,False,False,19,1
460,0.1903,"[771.5, 484.0, 785.0, 515.0]",,,0.0,False,False,19,1
460,0.1519,"[156.3, 516.0, 181.1, 578.8]",,,0.0,False,False,19,1
460,0.1513,"[1117.8, 486.0, 1138.1, 534.6]",,,0.0,False,False,19,1
460,0.1355,"[1173.8, 454.6, 1200.8, 514.0]",,,0.0,False,False,19,1
460,0.1278,"[180.2, 477.9, 199.1, 528.5]",,,0.0,False,False,19,1
460,0.1136,"[1208.9, 455.0, 1234.6, 509.0]",,,0.0,False,False,19,1
461,0.5565,"[1327.7, 502.2, 1364.2, 616.3]",,,0.0,False,False,22,1
461,0.5394,"[763.4, 484.7, 774.2, 512.3]",,,0.0,False,False,22,1
461,0.3998,"[773.6, 481.6, 785.7, 513.3]",,,0.0,False,False,22,1
461,0.389,"[1876.5, 555.2, 1979.1, 783.0]",,,0.0,False,False,22,1
461,0.3624,"[1374.3, 511.0, 1417.5, 636.5]",,,0.0,False,False,22,1
461,0.3439,"[1512.0, 515.0, 1557.9, 673.0]",,,0.0,False,False,22,1
461,0.3058,"[1520.1, 502.5, 1566.0, 671.3]",,,0.0,False,False,22,1
461,0.2336,"[1644.3, 502.9, 1690.2, 674.3]",,,0.0,False,False,22,1
461,0.2325,"[1607.9, 526.5, 1667.2, 707.4]",,,0.0,False,False,22,1
461,0.2315,"[1177.9, 454.3, 1203.5, 509.0]",,,0.0,False,False,22,1
461,0.2225,"[1235.2, 505.9, 1260.9, 585.6]",,,0.0,False,False,22,1
461,0.1909,"[156.4, 515.0, 181.6, 580.5]",,,0.0,False,False,22,1
461,0.1882,"[789.8, 482.0, 801.9, 509.6]",,,0.0,False,False,22,1
461,0.1853,"[212.8, 534.3, 233.4, 594.3]",,,0.0,False,False,22,1
461,0.1776,"[1349.3, 500.5, 1383.8, 624.7]",,,0.0,False,False,22,1
461,0.1738,"[116.1, 541.7, 147.8, 638.2]",,,0.0,False,False,22,1
461,0.1707,"[1261.6, 502.5, 1288.6, 596.4]",,,0.0,False,False,22,1
461,0.1539,"[402.6, 564.0, 461.4, 663.2]",,,0.0,False,False,22,1
461,0.1527,"[971.3, 511.3, 991.6, 566.7]",,,0.0,False,False,22,1
461,0.1355,"[837.0, 483.3, 849.2, 511.7]",,,0.0,False,False,22,1
461,0.1099,"[1148.2, 506.6, 1171.1, 568.7]",,,0.0,False,False,22,1
461,0.1007,"[1107.0, 513.7, 1123.2, 558.2]",,,0.0,False,False,22,1
462,0.549,"[1358.8, 499.5, 1401.3, 629.1]",,,0.0,False,False,23,2
462,0.5425,"[912.6, 500.9, 934.2, 563.0]",259,"[911.7596558876671, 501.16871678292205, 933.6124144248329, 562.8250576311405]",0.9299,True,False,23,2
462,0.4922,"[1481.0, 525.5, 1529.6, 680.1]",,,0.0,False,False,23,2
462,0.4885,"[1242.7, 499.5, 1272.4, 594.0]",,,0.0,False,False,23,2
462,0.4277,"[1651.1, 506.6, 1699.7, 684.1]",,,0.0,False,False,23,2
462,0.4086,"[1517.4, 517.0, 1566.0, 677.7]",,,0.0,False,False,23,2
462,0.4075,"[776.2, 481.3, 788.4, 513.0]",,,0.0,False,False,23,2
462,0.3563,"[1887.3, 539.7, 1971.0, 781.7]",,,0.0,False,False,23,2
462,0.3092,"[1151.6, 506.9, 1174.5, 568.4]",,,0.0,False,False,23,2
462,0.3014,"[1115.8, 510.0, 1141.4, 575.4]",,,0.0,False,False,23,2
462,0.2896,"[765.5, 483.0, 776.2, 512.0]",,,0.0,False,False,23,2
462,0.2547,"[127.8, 503.2, 147.4, 554.5]",,,0.0,False,False,23,2
462,0.2407,"[1406.7, 489.4, 1439.1, 604.8]",,,0.0,False,False,23,2
462,0.2318,"[1528.2, 501.5, 1576.8, 670.3]",,,0.0,False,False,23,2
462,0.1849,"[152.0, 485.7, 168.7, 526.2]",,,0.0,False,False,23,2
462,0.1399,"[154.7, 486.7, 171.9, 527.9]",,,0.0,False,False,23,2
462,0.1391,"[1618.7, 530.5, 1667.2, 693.9]",,,0.0,False,False,23,2
462,0.1361,"[1179.9, 453.9, 1208.2, 512.7]",,,0.0,False,False,23,2
462,0.1284,"[1333.1, 500.5, 1365.5, 615.3]",,,0.0,False,False,23,2
462,0.1229,"[1109.7, 515.0, 1125.9, 560.2]",,,0.0,False,False,23,2
462,0.1214,"[908.6, 502.5, 928.8, 562.6]",259,"[911.7596558876671, 501.16871678292205, 933.6124144248329, 562.8250576311405]",0.6647,True,False,23,2
462,0.1187,"[1899.5, 541.0, 1985.9, 792.5]",,,0.0,False,False,23,2
462,0.1084,"[1458.0, 553.8, 1501.2, 641.6]",,,0.0,False,False,23,2
463,0.5661,"[1660.5, 507.6, 1709.1, 695.2]",,,0.0,False,False,27,4
463,0.5644,"[1485.0, 523.5, 1541.7, 682.1]",,,0.0,False,False,27,4
463,0.5572,"[1343.2, 502.5, 1382.4, 620.0]",381,"[1378.6887390161285, 512.5838101869107, 1423.0485656713715, 636.2040316099643]",0.0412,False,False,27,4
463,0.5563,"[1368.9, 499.8, 1409.4, 634.2]",381,"[1378.6887390161285, 512.5838101869107, 1423.0485656713715, 636.2040316099643]",0.5193,True,False,27,4
463,0.5304,"[1256.2, 495.5, 1288.6, 600.1]",25,"[1253.3849528287176, 494.46046142578126, 1288.4583088900324, 597.7354614257813]",0.8901,True,False,27,4
463,0.4791,"[914.6, 505.9, 933.5, 564.0]",,,0.0,False,False,27,4
463,0.424,"[1387.8, 512.3, 1433.7, 642.6]",381,"[1378.6887390161285, 512.5838101869107, 1423.0485656713715, 636.2040316099643]",0.6132,True,False,27,4
463,0.3679,"[778.3, 481.3, 791.8, 513.0]",,,0.0,False,False,27,4
463,0.3632,"[1796.9, 522.1, 1853.6, 723.6]",374,"[1791.3741020140951, 529.7278289034348, 1851.5682807984047, 748.3325959012526]",0.7591,True,False,27,4
463,0.3526,"[767.5, 485.3, 778.3, 512.3]",,,0.0,False,False,27,4
463,0.3462,"[1887.3, 557.5, 1952.1, 762.1]",378,"[1880.7639412908766, 538.7910974691787, 1957.0475821466234, 753.1861974526964]",0.7488,True,False,27,4
463,0.2805,"[1183.3, 452.6, 1210.3, 514.0]",,,0.0,False,False,27,4
463,0.2793,"[908.6, 511.3, 928.8, 568.7]",,,0.0,False,False,27,4
463,0.2764,"[517.7, 515.0, 539.3, 581.2]",,,0.0,False,False,27,4
463,0.2679,"[1536.3, 500.9, 1587.6, 676.4]",,,0.0,False,False,27,4
463,0.2627,"[1335.2, 499.2, 1368.9, 613.9]",,,0.0,False,False,27,4
463,0.2549,"[1247.4, 499.8, 1275.8, 593.0]",25,"[1253.3849528287176, 494.46046142578126, 1288.4583088900324, 597.7354614257813]",0.4984,True,False,27,4
463,0.2058,"[150.4, 486.3, 169.9, 530.2]",,,0.0,False,False,27,4
463,0.1979,"[1412.1, 491.4, 1447.2, 602.1]",381,"[1378.6887390161285, 512.5838101869107, 1423.0485656713715, 636.2040316099643]",0.1168,False,False,27,4
463,0.1954,"[555.9, 491.1, 577.5, 543.0]",,,0.0,False,False,27,4
463,0.1916,"[156.7, 513.3, 180.6, 573.4]",,,0.0,False,False,27,4
463,0.1859,"[1530.9, 511.7, 1576.8, 675.7]",,,0.0,False,False,27,4
463,0.1275,"[1634.9, 526.8, 1688.9, 698.6]",,,0.0,False,False,27,4
463,0.127,"[905.2, 509.3, 921.4, 561.3]",,,0.0,False,False,27,4
463,0.1269,"[1252.8, 493.8, 1282.5, 593.7]",25,"[1253.3849528287176, 494.46046142578126, 1288.4583088900324, 597.7354614257813]",0.7804,True,False,27,4
463,0.1106,"[1350.0, 498.2, 1387.8, 622.4]",381,"[1378.6887390161285, 512.5838101869107, 1423.0485656713715, 636.2040316099643]",0.109,False,False,27,4
463,0.1003,"[1220.4, 454.6, 1246.1, 512.0]",,,0.0,False,False,27,4
464,0.5124,"[1644.3, 528.2, 1698.3, 704.7]",,,0.0,False,False,15,1
464,0.4341,"[593.3, 497.1, 613.6, 553.8]",392,"[593.6257894288218, 495.18151588652876, 614.3098795164907, 553.4628932931587]",0.9135,True,False,15,1
464,0.4075,"[1343.2, 499.2, 1375.7, 615.3]",,,0.0,False,False,15,1
464,0.3965,"[156.4, 487.4, 174.5, 529.2]",,,0.0,False,False,15,1
464,0.3755,"[1250.8, 504.6, 1280.5, 591.6]",,,0.0,False,False,15,1
464,0.3576,"[780.3, 480.3, 793.8, 510.0]",,,0.0,False,False,15,1
464,0.3218,"[1811.7, 531.2, 1868.4, 731.0]",,,0.0,False,False,15,1
464,0.2643,"[768.8, 482.3, 781.0, 510.0]",,,0.0,False,False,15,1
464,0.2641,"[517.4, 516.4, 539.7, 581.2]",,,0.0,False,False,15,1
464,0.2196,"[1186.7, 453.9, 1215.0, 511.3]",,,0.0,False,False,15,1
464,0.1927,"[1282.5, 502.5, 1309.5, 601.8]",,,0.0,False,False,15,1
464,0.1709,"[1498.5, 545.4, 1539.0, 685.8]",,,0.0,False,False,15,1
464,0.1304,"[1420.2, 489.7, 1455.3, 605.1]",,,0.0,False,False,15,1
464,0.1255,"[523.1, 495.8, 542.7, 547.1]",,,0.0,False,False,15,1
464,0.1235,"[1256.2, 496.8, 1283.2, 591.3]",,,0.0,False,False,15,1
465,0.5771,"[1359.5, 501.5, 1400.0, 623.7]",,,0.0,False,False,22,1
465,0.5302,"[167.3, 525.5, 190.9, 588.3]",396,"[166.89151063940892, 525.0387888315478, 190.54571470238793, 586.0669240590771]",0.9295,True,False,22,1
465,0.5289,"[1822.5, 529.2, 1887.3, 746.6]",,,0.0,False,False,22,1
465,0.5118,"[1267.0, 493.8, 1299.4, 599.7]",,,0.0,False,False,22,1
465,0.4722,"[1260.2, 500.2, 1292.6, 599.4]",,,0.0,False,False,22,1
465,0.4672,"[523.5, 498.8, 542.4, 548.8]",,,0.0,False,False,22,1
465,0.366,"[781.0, 481.6, 794.5, 511.3]",,,0.0,False,False,22,1
465,0.3459,"[155.2, 512.3, 179.7, 576.5]",396,"[166.89151063940892, 525.0387888315478, 190.54571470238793, 586.0669240590771]",0.2802,False,False,22,1
465,0.3173,"[1347.3, 501.2, 1382.4, 620.7]",,,0.0,False,False,22,1
465,0.2872,"[153.1, 516.7, 182.2, 591.0]",396,"[166.89151063940892, 525.0387888315478, 190.54571470238793, 586.0669240590771]",0.3505,True,False,22,1
465,0.2818,"[1656.5, 533.6, 1707.8, 704.7]",,,0.0,False,False,22,1
465,0.2266,"[152.7, 484.7, 172.5, 530.5]",396,"[166.89151063940892, 525.0387888315478, 190.54571470238793, 586.0669240590771]",0.0132,False,False,22,1
465,0.2143,"[770.9, 484.3, 783.0, 512.7]",,,0.0,False,False,22,1
465,0.1894,"[1258.2, 504.2, 1286.6, 593.3]",,,0.0,False,False,22,1
465,0.1741,"[559.9, 493.8, 580.2, 543.7]",,,0.0,False,False,22,1
465,0.1441,"[1686.2, 531.6, 1742.9, 718.2]",,,0.0,False,False,22,1
465,0.1278,"[156.3, 509.3, 178.4, 562.6]",396,"[166.89151063940892, 525.0387888315478, 190.54571470238793, 586.0669240590771]",0.1968,False,False,22,1
465,0.1195,"[1225.1, 498.5, 1245.4, 571.4]",,,0.0,False,False,22,1
465,0.1175,"[961.2, 503.2, 978.8, 559.9]",,,0.0,False,False,22,1
465,0.1167,"[573.4, 495.5, 592.3, 543.4]",,,0.0,False,False,22,1
465,0.1166,"[1190.7, 455.0, 1217.7, 511.7]",,,0.0,False,False,22,1
465,0.1006,"[1424.2, 491.4, 1462.1, 615.6]",,,0.0,False,False,22,1
466,0.5672,"[598.4, 499.2, 618.6, 553.2]",392,"[597.9737410361254, 497.6858173560104, 617.7253556435621, 553.2190898705521]",0.9111,True,False,20,2
466,0.5653,"[1360.1, 504.9, 1393.2, 623.0]",,,0.0,False,False,20,2
466,0.5581,"[914.0, 510.6, 932.9, 564.6]",,,0.0,False,False,20,2
466,0.5319,"[165.6, 522.1, 190.5, 588.3]",,,0.0,False,False,20,2
466,0.5024,"[1405.4, 524.5, 1448.6, 644.0]",,,0.0,False,False,20,2
466,0.4183,"[1570.1, 505.9, 1621.4, 675.3]",,,0.0,False,False,20,2
466,0.37,"[525.8, 496.5, 544.7, 549.1]",,,0.0,False,False,20,2
466,0.3601,"[1374.3, 502.5, 1409.4, 626.1]",,,0.0,False,False,20,2
466,0.3249,"[784.4, 480.6, 796.5, 508.3]",,,0.0,False,False,20,2
466,0.288,"[1410.8, 518.4, 1456.7, 649.4]",,,0.0,False,False,20,2
466,0.2724,"[772.9, 483.6, 785.0, 512.0]",,,0.0,False,False,20,2
466,0.252,"[1266.3, 503.2, 1296.0, 598.4]",,,0.0,False,False,20,2
466,0.2454,"[153.3, 481.6, 173.1, 530.2]",,,0.0,False,False,20,2
466,0.1879,"[1194.1, 454.6, 1222.4, 513.3]",,,0.0,False,False,20,2
466,0.1718,"[1433.7, 495.1, 1471.5, 610.5]",,,0.0,False,False,20,2
466,0.1579,"[805.3, 483.0, 816.1, 507.3]",,,0.0,False,False,20,2
466,0.1238,"[1049.0, 530.2, 1067.8, 578.8]",,,0.0,False,False,20,2
466,0.1218,"[1491.8, 552.8, 1535.0, 648.7]",,,0.0,False,False,20,2
466,0.1146,"[989.6, 511.7, 1009.8, 563.6]",,,0.0,False,False,20,2
466,0.1005,"[1852.2, 536.0, 1906.2, 737.1]",,,0.0,False,False,20,2
467,0.5442,"[153.6, 512.0, 181.7, 586.2]",,,0.0,False,False,17,1
467,0.5314,"[525.2, 496.8, 546.1, 552.8]",,,0.0,False,False,17,1
467,0.4921,"[1366.2, 506.9, 1401.3, 623.7]",,,0.0,False,False,17,1
467,0.4439,"[1277.1, 499.2, 1312.2, 604.5]",,,0.0,False,False,17,1
467,0.3884,"[153.8, 484.0, 174.0, 532.6]",,,0.0,False,False,17,1
467,0.3669,"[1269.7, 499.5, 1300.7, 600.1]",,,0.0,False,False,17,1
467,0.3473,"[918.7, 511.7, 938.9, 576.5]",,,0.0,False,False,17,1
467,0.2697,"[1575.5, 504.2, 1632.2, 685.1]",,,0.0,False,False,17,1
467,0.2657,"[599.4, 498.8, 619.7, 553.5]",,,0.0,False,False,17,1
467,0.2273,"[1359.5, 504.6, 1390.5, 620.7]",,,0.0,False,False,17,1
467,0.1881,"[785.0, 482.3, 798.5, 510.6]",,,0.0,False,False,17,1
467,0.1429,"[563.3, 494.1, 583.5, 543.4]",,,0.0,False,False,17,1
467,0.1352,"[84.2, 539.7, 116.1, 614.6]",,,0.0,False,False,17,1
467,0.134,"[990.9, 510.3, 1008.5, 564.3]",,,0.0,False,False,17,1
467,0.1296,"[1232.6, 498.8, 1256.9, 572.4]",,,0.0,False,False,17,1
467,0.1159,"[1170.5, 507.3, 1196.1, 572.7]",,,0.0,False,False,17,1
467,0.109,"[774.2, 484.0, 786.4, 512.3]",,,0.0,False,False,17,1
468,0.5631,"[943.0, 503.2, 963.2, 563.3]",370,"[944.0820224923342, 503.2355735371875, 964.7439052420409, 561.755271189375]",0.8582,True,False,17,1
468,0.5584,"[1281.8, 501.2, 1318.3, 606.5]",,,0.0,False,False,17,1
468,0.5444,"[1535.0, 550.1, 1591.7, 699.3]",,,0.0,False,False,17,1
468,0.4591,"[1371.6, 506.3, 1406.7, 627.8]",,,0.0,False,False,17,1
468,0.3577,"[1445.9, 493.8, 1486.4, 615.3]",,,0.0,False,False,17,1
468,0.3009,"[1404.0, 505.9, 1444.5, 634.8]",,,0.0,False,False,17,1
468,0.2583,"[602.4, 497.8, 622.7, 551.8]",,,0.0,False,False,17,1
468,0.233,"[1302.8, 509.3, 1331.1, 609.2]",,,0.0,False,False,17,1
468,0.2272,"[1584.9, 511.0, 1638.9, 691.2]",,,0.0,False,False,17,1
468,0.2108,"[787.7, 481.6, 801.2, 512.0]",,,0.0,False,False,17,1
468,0.1937,"[1539.0, 527.9, 1606.5, 702.7]",,,0.0,False,False,17,1
468,0.1812,"[776.2, 483.3, 788.4, 510.3]",,,0.0,False,False,17,1
468,0.1812,"[530.2, 497.1, 549.8, 549.1]",,,0.0,False,False,17,1
468,0.1672,"[859.3, 481.6, 871.4, 512.0]",,,0.0,False,False,17,1
468,0.14,"[993.6, 512.3, 1011.2, 567.7]",,,0.0,False,False,17,1
468,0.1244,"[567.7, 490.7, 585.9, 543.4]",,,0.0,False,False,17,1
468,0.117,"[305.4, 564.3, 365.9, 683.8]",,,0.0,False,False,17,1
469,0.5366,"[1410.8, 502.9, 1448.6, 639.2]",,,0.0,False,False,14,1
469,0.4654,"[670.6, 493.1, 689.5, 547.8]",395,"[669.4825064499537, 492.77327688382155, 688.6455453078587, 547.357704561491]",0.8891,True,False,14,1
469,0.423,"[1428.3, 522.8, 1476.9, 648.3]",,,0.0,False,False,14,1
469,0.3867,"[1543.1, 566.0, 1597.1, 702.7]",,,0.0,False,False,14,1
469,0.2777,"[948.4, 506.3, 965.9, 563.6]",,,0.0,False,False,14,1
469,0.2751,"[1454.0, 492.1, 1494.5, 623.7]",,,0.0,False,False,14,1
469,0.2737,"[1377.0, 504.9, 1412.1, 625.1]",,,0.0,False,False,14,1
469,0.2571,"[778.3, 482.0, 790.4, 509.0]",,,0.0,False,False,14,1
469,0.2265,"[1560.6, 527.2, 1614.6, 708.1]",,,0.0,False,False,14,1
469,0.2232,"[1208.9, 496.5, 1235.9, 579.5]",,,0.0,False,False,14,1
469,0.2118,"[789.8, 480.6, 803.2, 510.3]",,,0.0,False,False,14,1
469,0.1845,"[1282.5, 495.8, 1317.6, 604.5]",,,0.0,False,False,14,1
469,0.1427,"[604.8, 497.1, 625.1, 551.8]",,,0.0,False,False,14,1
469,0.115,"[304.6, 560.2, 369.6, 677.7]",,,0.0,False,False,14,1
470,0.5768,"[918.7, 511.0, 938.9, 563.0]",401,"[925.87213231957, 512.5723693847656, 943.1589956101176, 564.4123718261718]",0.5093,True,False,18,2
470,0.5759,"[1286.6, 496.8, 1319.0, 601.4]",,,0.0,False,False,18,2
470,0.5214,"[925.4, 512.7, 943.0, 561.3]",401,"[925.87213231957, 512.5723693847656, 943.1589956101176, 564.4123718261718]",0.9056,True,False,18,2
470,0.4638,"[672.0, 492.4, 691.9, 547.1]",,,0.0,False,False,18,2
470,0.4487,"[1599.8, 513.3, 1656.5, 703.4]",,,0.0,False,False,18,2
470,0.4475,"[1382.4, 507.9, 1414.8, 625.4]",,,0.0,False,False,18,2
470,0.4106,"[792.5, 478.6, 804.6, 509.0]",,,0.0,False,False,18,2
470,0.2891,"[1555.2, 563.0, 1611.9, 702.7]",,,0.0,False,False,18,2
470,0.2823,"[1896.8, 538.7, 1985.9, 799.9]",205,"[1883.6889649567888, 539.3767244388741, 1968.4826659025864, 809.3489835689384]",0.68,True,False,18,2
470,0.2668,"[1892.7, 544.7, 1962.9, 783.7]",205,"[1883.6889649567888, 539.3767244388741, 1968.4826659025864, 809.3489835689384]",0.7328,True,False,18,2
470,0.1748,"[1876.5, 542.7, 1933.2, 748.6]",205,"[1883.6889649567888, 539.3767244388741, 1968.4826659025864, 809.3489835689384]",0.4182,True,False,18,2
470,0.1544,"[781.7, 482.0, 793.8, 508.3]",,,0.0,False,False,18,2
470,0.1426,"[530.5, 496.1, 550.8, 548.8]",,,0.0,False,False,18,2
470,0.1409,"[1001.7, 510.0, 1019.3, 564.6]",,,0.0,False,False,18,2
470,0.1397,"[1316.2, 507.9, 1341.9, 609.2]",,,0.0,False,False,18,2
470,0.1343,"[1297.4, 507.6, 1331.1, 610.9]",,,0.0,False,False,18,2
470,0.1072,"[496.8, 497.1, 529.2, 595.7]",,,0.0,False,False,18,2
470,0.1047,"[604.8, 495.1, 626.4, 551.1]",,,0.0,False,False,18,2
471,0.4952,"[1425.6, 504.9, 1466.1, 639.2]",,,0.0,False,False,12,1
471,0.4786,"[1290.6, 499.8, 1323.0, 603.8]",,,0.0,False,False,12,1
471,0.4208,"[1389.2, 510.3, 1421.6, 624.4]",,,0.0,False,False,12,1
471,0.3764,"[531.2, 496.5, 550.8, 548.4]",,,0.0,False,False,12,1
471,0.3738,"[1745.6, 515.4, 1791.5, 678.0]",400,"[1740.8869294342235, 517.9200999181589, 1790.6472502532768, 681.7757008630911]",0.8597,True,False,12,1
471,0.3265,"[795.2, 481.3, 806.0, 510.3]",,,0.0,False,False,12,1
471,0.3068,"[1443.2, 514.0, 1489.1, 653.1]",,,0.0,False,False,12,1
471,0.2729,"[1610.6, 509.6, 1661.9, 677.0]",,,0.0,False,False,12,1
471,0.2558,"[1584.9, 522.5, 1638.9, 700.7]",,,0.0,False,False,12,1
471,0.1649,"[541.4, 488.4, 558.2, 536.3]",,,0.0,False,False,12,1
471,0.119,"[608.2, 496.5, 628.4, 549.8]",,,0.0,False,False,12,1
471,0.1094,"[784.4, 483.0, 795.2, 509.3]",,,0.0,False,False,12,1
472,0.4633,"[1400.0, 510.3, 1432.4, 629.8]",,,0.0,False,False,17,0
472,0.4498,"[531.2, 495.1, 550.8, 551.8]",,,0.0,False,False,17,0
472,0.4021,"[797.9, 478.9, 810.0, 509.3]",,,0.0,False,False,17,0
472,0.3953,"[1601.1, 529.9, 1649.7, 709.4]",,,0.0,False,False,17,0
472,0.377,"[543.4, 485.7, 560.9, 532.2]",,,0.0,False,False,17,0
472,0.3301,"[1621.4, 511.3, 1672.7, 677.4]",,,0.0,False,False,17,0
472,0.307,"[93.7, 501.2, 114.9, 559.9]",,,0.0,False,False,17,0
472,0.2424,"[151.8, 503.6, 182.8, 583.9]",,,0.0,False,False,17,0
472,0.2423,"[105.0, 468.8, 127.9, 524.1]",,,0.0,False,False,17,0
472,0.2228,"[1756.4, 522.5, 1807.7, 688.5]",,,0.0,False,False,17,0
472,0.214,"[1887.3, 548.8, 1938.6, 760.7]",,,0.0,False,False,17,0
472,0.1728,"[511.3, 505.2, 537.6, 578.1]",,,0.0,False,False,17,0
472,0.1545,"[157.9, 473.9, 177.0, 523.8]",,,0.0,False,False,17,0
472,0.1384,"[1327.7, 504.9, 1357.4, 612.9]",,,0.0,False,False,17,0
472,0.1298,"[786.4, 480.9, 797.2, 507.3]",,,0.0,False,False,17,0
472,0.117,"[514.0, 503.6, 544.4, 578.5]",,,0.0,False,False,17,0
472,0.1091,"[534.3, 490.1, 555.2, 543.4]",,,0.0,False,False,17,0
473,0.56,"[679.4, 491.4, 699.3, 547.4]",395,"[678.2588159173862, 490.4052417499263, 698.1136206060513, 546.8487865703862]",0.8668,True,False,20,3
473,0.5054,"[799.9, 479.3, 812.0, 509.6]",,,0.0,False,False,20,3
473,0.47,"[1459.4, 535.3, 1505.2, 658.1]",,,0.0,False,False,20,3
473,0.4087,"[148.4, 503.2, 181.7, 587.6]",,,0.0,False,False,20,3
473,0.3982,"[544.0, 487.0, 562.3, 536.3]",,,0.0,False,False,20,3
473,0.2595,"[532.6, 494.1, 552.2, 549.5]",,,0.0,False,False,20,3
473,0.2549,"[1771.2, 524.5, 1822.5, 691.9]",,,0.0,False,False,20,3
473,0.2521,"[788.4, 481.6, 799.2, 507.9]",,,0.0,False,False,20,3
473,0.2402,"[93.2, 502.2, 114.2, 558.9]",,,0.0,False,False,20,3
473,0.2058,"[1429.7, 509.0, 1464.8, 633.2]",,,0.0,False,False,20,3
473,0.1966,"[574.1, 488.4, 595.7, 539.0]",,,0.0,False,False,20,3
473,0.1675,"[105.0, 469.1, 129.2, 525.2]",,,0.0,False,False,20,3
473,0.143,"[614.2, 495.5, 633.8, 548.8]",,,0.0,False,False,20,3
473,0.1192,"[1632.2, 514.4, 1683.5, 693.9]",,,0.0,False,False,20,3
473,0.1182,"[1152.9, 516.4, 1169.1, 561.6]",,,0.0,False,False,20,3
473,0.1169,"[516.7, 497.5, 549.8, 579.8]",,,0.0,False,False,20,3
473,0.1151,"[157.7, 473.9, 177.5, 524.5]",,,0.0,False,False,20,3
473,0.1115,"[1335.8, 505.6, 1365.5, 615.6]",,,0.0,False,False,20,3
473,0.1061,"[1470.2, 517.4, 1505.2, 651.0]",,,0.0,False,False,20,3
473,0.1035,"[150.9, 503.6, 178.9, 573.8]",,,0.0,False,False,20,3
474,0.5033,"[148.2, 506.9, 180.7, 592.7]",396,"[156.47231772548582, 507.8116500411491, 188.89938637607668, 592.721308943226]",0.5914,True,False,24,2
474,0.4682,"[546.1, 485.3, 564.3, 535.3]",,,0.0,False,False,24,2
474,0.4671,"[1467.5, 525.2, 1516.1, 658.1]",,,0.0,False,False,24,2
474,0.4625,"[800.6, 478.6, 814.1, 509.6]",,,0.0,False,False,24,2
474,0.4481,"[682.4, 492.4, 701.3, 545.7]",,,0.0,False,False,24,2
474,0.4272,"[159.6, 511.3, 186.0, 591.0]",396,"[156.47231772548582, 507.8116500411491, 188.89938637607668, 592.721308943226]",0.7615,True,False,24,2
474,0.4061,"[1309.5, 496.8, 1341.9, 604.1]",,,0.0,False,False,24,2
474,0.3957,"[1410.8, 508.6, 1445.9, 634.8]",,,0.0,False,False,24,2
474,0.3841,"[528.2, 500.5, 552.5, 576.8]",,,0.0,False,False,24,2
474,0.3688,"[1626.8, 514.7, 1686.2, 724.3]",,,0.0,False,False,24,2
474,0.2747,"[790.4, 479.9, 802.6, 507.6]",,,0.0,False,False,24,2
474,0.2614,"[512.3, 506.9, 537.3, 579.8]",,,0.0,False,False,24,2
474,0.261,"[578.5, 487.7, 598.7, 541.0]",,,0.0,False,False,24,2
474,0.2473,"[1308.2, 518.1, 1335.2, 601.8]",,,0.0,False,False,24,2
474,0.2245,"[1701.0, 510.0, 1757.7, 706.1]",,,0.0,False,False,24,2
474,0.1648,"[929.5, 506.3, 949.7, 562.3]",362,"[924.6672704785253, 506.6646406940787, 947.2850000292872, 566.4820878215463]",0.6616,True,False,24,2
474,0.1637,"[1174.5, 519.1, 1201.5, 583.9]",,,0.0,False,False,24,2
474,0.1519,"[534.9, 489.0, 554.5, 542.4]",,,0.0,False,False,24,2
474,0.1254,"[96.0, 502.5, 115.3, 557.2]",,,0.0,False,False,24,2
474,0.1181,"[1154.9, 516.0, 1172.5, 564.6]",,,0.0,False,False,24,2
474,0.1173,"[877.5, 480.6, 889.7, 509.6]",,,0.0,False,False,24,2
474,0.1159,"[164.8, 512.3, 188.2, 581.9]",396,"[156.47231772548582, 507.8116500411491, 188.89938637607668, 592.721308943226]",0.5902,True,False,24,2
474,0.101,"[1341.9, 506.3, 1375.7, 619.7]",,,0.0,False,False,24,2
474,0.1007,"[926.1, 504.9, 945.0, 561.6]",362,"[924.6672704785253, 506.6646406940787, 947.2850000292872, 566.4820878215463]",0.749,True,False,24,2
475,0.5478,"[1637.6, 532.6, 1691.6, 714.8]",,,0.0,False,False,21,1
475,0.5108,"[548.4, 485.0, 566.0, 531.6]",,,0.0,False,False,21,1
475,0.4905,"[930.2, 506.3, 950.4, 564.3]",,,0.0,False,False,21,1
475,0.4593,"[803.2, 476.9, 815.4, 505.2]",,,0.0,False,False,21,1
475,0.4535,"[152.9, 499.8, 183.1, 588.3]",,,0.0,False,False,21,1
475,0.4396,"[1648.4, 519.1, 1707.8, 717.5]",,,0.0,False,False,21,1
475,0.3733,"[1160.3, 516.4, 1176.5, 562.3]",,,0.0,False,False,21,1
475,0.368,"[794.5, 477.6, 805.3, 505.2]",,,0.0,False,False,21,1
475,0.3119,"[154.2, 495.8, 179.4, 565.3]",,,0.0,False,False,21,1
475,0.3012,"[511.7, 507.3, 536.0, 578.1]",,,0.0,False,False,21,1
475,0.2959,"[541.4, 486.0, 559.6, 533.2]",,,0.0,False,False,21,1
475,0.2592,"[1313.6, 515.7, 1344.6, 606.8]",,,0.0,False,False,21,1
475,0.2215,"[157.7, 506.6, 187.1, 589.6]",,,0.0,False,False,21,1
475,0.2064,"[108.7, 466.4, 132.5, 519.1]",,,0.0,False,False,21,1
475,0.1865,"[1823.9, 554.2, 1888.7, 752.6]",,,0.0,False,False,21,1
475,0.1797,"[830.9, 478.2, 843.1, 503.2]",,,0.0,False,False,21,1
475,0.1761,"[512.3, 486.7, 535.3, 550.8]",,,0.0,False,False,21,1
475,0.1646,"[513.3, 485.7, 533.6, 537.6]",,,0.0,False,False,21,1
475,0.1593,"[538.0, 486.3, 556.9, 537.6]",,,0.0,False,False,21,1
475,0.1507,"[523.8, 500.9, 550.8, 577.1]",,,0.0,False,False,21,1
475,0.1475,"[1179.9, 517.7, 1205.6, 583.2]",,,0.0,False,False,21,1
476,0.5623,"[1321.0, 503.2, 1353.4, 603.1]",,,0.0,False,False,21,2
476,0.5141,"[548.8, 484.3, 567.7, 533.6]",,,0.0,False,False,21,2
476,0.5107,"[620.0, 493.1, 639.6, 547.1]",392,"[619.4267637364977, 496.07818556918187, 638.5412538416273, 549.2955937276931]",0.8391,True,False,21,2
476,0.4616,"[685.1, 490.4, 705.4, 545.7]",395,"[685.6347671791664, 490.5510275520279, 704.8762191489586, 545.3507058464096]",0.9407,True,False,21,2
476,0.4588,"[580.2, 485.0, 602.4, 538.3]",,,0.0,False,False,21,2
476,0.4402,"[1648.4, 529.2, 1699.7, 718.2]",,,0.0,False,False,21,2
476,0.4387,"[150.4, 501.5, 181.2, 586.6]",,,0.0,False,False,21,2
476,0.3873,"[513.3, 489.4, 534.9, 540.0]",,,0.0,False,False,21,2
476,0.3714,"[804.6, 476.9, 816.8, 505.2]",,,0.0,False,False,21,2
476,0.3353,"[795.8, 478.2, 806.6, 506.6]",,,0.0,False,False,21,2
476,0.2721,"[535.6, 488.0, 555.2, 538.0]",,,0.0,False,False,21,2
476,0.2247,"[1664.6, 514.7, 1715.9, 675.3]",,,0.0,False,False,21,2
476,0.1695,"[110.5, 469.1, 133.5, 523.1]",,,0.0,False,False,21,2
476,0.1582,"[1216.4, 507.9, 1243.4, 578.1]",,,0.0,False,False,21,2
476,0.1421,"[1319.6, 517.7, 1348.0, 602.8]",,,0.0,False,False,21,2
476,0.1212,"[1163.7, 519.1, 1179.9, 563.6]",,,0.0,False,False,21,2
476,0.1206,"[1186.0, 516.4, 1210.3, 581.2]",,,0.0,False,False,21,2
476,0.1189,"[160.3, 475.2, 181.2, 528.5]",,,0.0,False,False,21,2
476,0.118,"[1448.6, 508.3, 1483.7, 635.9]",,,0.0,False,False,21,2
476,0.1157,"[883.6, 480.6, 895.7, 509.0]",,,0.0,False,False,21,2
476,0.1058,"[1840.1, 558.2, 1902.2, 748.6]",,,0.0,False,False,21,2
477,0.4797,"[1636.2, 536.6, 1709.1, 731.0]",,,0.0,False,False,16,1
477,0.4306,"[551.5, 483.0, 569.0, 531.6]",,,0.0,False,False,16,1
477,0.4185,"[808.0, 476.9, 820.1, 508.6]",,,0.0,False,False,16,1
477,0.3859,"[1670.0, 520.1, 1734.8, 718.2]",,,0.0,False,False,16,1
477,0.3351,"[539.0, 485.3, 558.6, 538.7]",,,0.0,False,False,16,1
477,0.3165,"[583.2, 484.0, 604.8, 537.3]",,,0.0,False,False,16,1
477,0.2724,"[837.0, 479.3, 847.8, 504.2]",384,"[830.5510245564444, 497.05039018185596, 847.3339852091805, 530.0859623572065]",0.0989,False,False,16,1
477,0.2403,"[798.5, 479.6, 809.3, 507.3]",,,0.0,False,False,16,1
477,0.2212,"[515.0, 485.3, 536.0, 537.3]",,,0.0,False,False,16,1
477,0.207,"[1190.7, 521.1, 1215.0, 585.2]",,,0.0,False,False,16,1
477,0.2048,"[887.0, 480.6, 899.1, 509.0]",,,0.0,False,False,16,1
477,0.2038,"[94.5, 494.4, 115.6, 554.5]",,,0.0,False,False,16,1
477,0.1637,"[526.5, 508.3, 554.2, 578.5]",,,0.0,False,False,16,1
477,0.159,"[512.0, 505.6, 537.6, 578.5]",,,0.0,False,False,16,1
477,0.1314,"[1221.1, 503.9, 1248.1, 576.8]",,,0.0,False,False,16,1
477,0.1044,"[1.1, 523.1, 43.7, 665.6]",,,0.0,False,False,16,1
478,0.5791,"[687.8, 490.7, 706.7, 544.7]",395,"[687.1752146316055, 490.5949299341863, 706.3826466965195, 545.2850749486262]",0.9375,True,False,26,4
478,0.5441,"[551.1, 483.0, 569.4, 531.6]",,,0.0,False,False,26,4
478,0.5313,"[1437.8, 513.7, 1472.9, 637.9]",,,0.0,False,False,26,4
478,0.5303,"[583.5, 484.3, 605.1, 537.6]",,,0.0,False,False,26,4
478,0.5152,"[-18.2, 518.1, 38.0, 686.8]",,,0.0,False,False,26,4
478,0.5142,"[152.7, 499.5, 179.2, 584.6]",396,"[147.82833792512054, 498.97273323093225, 179.76153634245762, 584.0176232143803]",0.8203,True,False,26,4
478,0.4993,"[514.7, 486.3, 536.3, 540.3]",,,0.0,False,False,26,4
478,0.467,"[808.0, 476.6, 821.5, 509.0]",,,0.0,False,False,26,4
478,0.4638,"[539.7, 484.7, 558.6, 536.6]",,,0.0,False,False,26,4
478,0.3926,"[945.7, 506.6, 965.9, 564.6]",401,"[947.3466106634248, 507.52390634774815, 967.3322223443877, 565.0006297850643]",0.84,True,False,26,4
478,0.3129,"[1193.4, 521.1, 1215.0, 579.8]",,,0.0,False,False,26,4
478,0.2699,"[1365.5, 504.2, 1397.2, 617.0]",,,0.0,False,False,26,4
478,0.2203,"[835.7, 478.6, 847.8, 504.2]",,,0.0,False,False,26,4
478,0.2201,"[1448.6, 515.0, 1489.1, 643.3]",,,0.0,False,False,26,4
478,0.2124,"[1168.4, 519.8, 1183.3, 564.3]",,,0.0,False,False,26,4
478,0.1617,"[499.8, 506.3, 528.2, 578.5]",,,0.0,False,False,26,4
478,0.1548,"[1745.6, 534.9, 1802.2, 730.4]",,,0.0,False,False,26,4
478,0.1413,"[156.9, 509.6, 184.1, 593.3]",396,"[147.82833792512054, 498.97273323093225, 179.76153634245762, 584.0176232143803]",0.5158,True,False,26,4
478,0.1409,"[622.4, 491.4, 641.9, 545.4]",,,0.0,False,False,26,4
478,0.1344,"[798.5, 479.6, 810.7, 508.6]",,,0.0,False,False,26,4
478,0.1267,"[888.3, 480.3, 900.5, 508.6]",,,0.0,False,False,26,4
478,0.1174,"[160.7, 510.3, 189.7, 598.1]",396,"[147.82833792512054, 498.97273323093225, 179.76153634245762, 584.0176232143803]",0.3641,True,False,26,4
478,0.1168,"[155.4, 496.5, 178.7, 568.0]",396,"[147.82833792512054, 498.97273323093225, 179.76153634245762, 584.0176232143803]",0.5795,True,False,26,4
478,0.115,"[1324.4, 499.5, 1348.7, 587.9]",,,0.0,False,False,26,4
478,0.1103,"[603.5, 487.0, 623.0, 537.6]",,,0.0,False,False,26,4
478,0.1078,"[1217.0, 506.6, 1235.9, 556.5]",,,0.0,False,False,26,4
479,0.524,"[1337.9, 505.6, 1371.6, 612.2]",408,"[1335.6964727722773, 501.8486022949219, 1368.0964959777227, 609.1736145019531]",0.7946,True,False,16,2
479,0.4083,"[586.2, 483.6, 607.8, 539.0]",,,0.0,False,False,16,2
479,0.4004,"[553.5, 484.3, 571.7, 532.9]",,,0.0,False,False,16,2
479,0.3863,"[517.0, 487.7, 538.0, 539.7]",,,0.0,False,False,16,2
479,0.3027,"[1521.5, 516.7, 1570.1, 679.4]",,,0.0,False,False,16,2
479,0.2849,"[505.2, 510.6, 529.5, 580.2]",,,0.0,False,False,16,2
479,0.277,"[1694.2, 516.7, 1753.7, 716.2]",,,0.0,False,False,16,2
479,0.2536,"[627.8, 493.1, 646.0, 543.7]",,,0.0,False,False,16,2
479,0.2402,"[541.4, 487.0, 560.2, 537.6]",,,0.0,False,False,16,2
479,0.2197,"[-80.6, 473.9, 30.9, 856.6]",,,0.0,False,False,16,2
479,0.2049,"[1768.5, 535.3, 1827.9, 733.1]",,,0.0,False,False,16,2
479,0.2019,"[690.2, 492.4, 709.4, 545.1]",,,0.0,False,False,16,2
479,0.1707,"[1208.9, 526.5, 1233.2, 585.9]",,,0.0,False,False,16,2
479,0.1511,"[1199.5, 520.1, 1222.4, 584.2]",,,0.0,False,False,16,2
479,0.1121,"[1810.4, 565.7, 1859.0, 722.9]",,,0.0,False,False,16,2
479,0.1052,"[155.6, 507.6, 184.4, 594.0]",,,0.0,False,False,16,2
480,0.5519,"[1343.9, 507.9, 1381.7, 617.3]",,,0.0,False,False,18,4
480,0.5049,"[1518.8, 511.7, 1567.4, 666.2]",407,"[1519.2669113402224, 515.0981184329331, 1567.4982253785276, 671.3744157467543]",0.9336,True,False,18,4
480,0.397,"[-33.2, 506.3, 37.0, 685.1]",,,0.0,False,False,18,4
480,0.3909,"[1705.1, 519.1, 1761.8, 715.5]",,,0.0,False,False,18,4
480,0.345,"[553.8, 485.0, 572.1, 534.9]",,,0.0,False,False,18,4
480,0.3347,"[501.5, 509.0, 527.9, 581.2]",,,0.0,False,False,18,4
480,0.3314,"[516.7, 489.7, 538.3, 544.4]",,,0.0,False,False,18,4
480,0.3128,"[586.9, 486.7, 607.8, 539.3]",,,0.0,False,False,18,4
480,0.2868,"[627.8, 494.8, 646.0, 546.1]",,,0.0,False,False,18,4
480,0.2757,"[1331.1, 504.6, 1360.8, 599.7]",,,0.0,False,False,18,4
480,0.2162,"[542.7, 488.0, 561.6, 538.7]",,,0.0,False,False,18,4
480,0.2097,"[1377.0, 506.6, 1406.7, 619.3]",,,0.0,False,False,18,4
480,0.146,"[152.3, 512.7, 184.1, 610.5]",396,"[148.52548798791162, 501.9136283896217, 180.17083159216654, 588.1353218056908]",0.5628,True,False,18,4
480,0.1337,"[1170.5, 519.4, 1188.0, 565.3]",,,0.0,False,False,18,4
480,0.131,"[358.4, 560.2, 427.3, 676.4]",,,0.0,False,False,18,4
480,0.1174,"[1640.2, 561.6, 1694.2, 679.1]",,,0.0,False,False,18,4
480,0.1157,"[1202.9, 521.8, 1232.6, 585.9]",,,0.0,False,False,18,4
480,0.1078,"[1397.2, 500.2, 1429.7, 622.4]",,,0.0,False,False,18,4
481,0.5253,"[1207.6, 516.0, 1237.3, 585.6]",,,0.0,False,False,18,1
481,0.4953,"[1348.7, 505.6, 1381.1, 613.6]",,,0.0,False,False,18,1
481,0.4187,"[1458.0, 514.7, 1495.8, 644.3]",,,0.0,False,False,18,1
481,0.4042,"[812.7, 477.6, 826.2, 507.9]",,,0.0,False,False,18,1
481,0.3314,"[120.3, 497.8, 151.5, 576.8]",,,0.0,False,False,18,1
481,0.3277,"[1626.8, 561.3, 1702.4, 682.8]",,,0.0,False,False,18,1
481,0.3226,"[629.4, 494.4, 647.7, 546.4]",,,0.0,False,False,18,1
481,0.2858,"[1826.6, 560.2, 1888.7, 760.1]",,,0.0,False,False,18,1
481,0.2751,"[587.9, 484.7, 609.5, 539.3]",,,0.0,False,False,18,1
481,0.2658,"[1782.0, 554.2, 1836.0, 735.8]",,,0.0,False,False,18,1
481,0.232,"[1334.5, 502.9, 1364.2, 598.7]",,,0.0,False,False,18,1
481,0.203,"[554.2, 483.6, 572.4, 534.3]",,,0.0,False,False,18,1
481,0.2022,"[603.8, 501.2, 632.8, 580.8]",,,0.0,False,False,18,1
481,0.1745,"[1383.8, 507.9, 1413.5, 619.3]",,,0.0,False,False,18,1
481,0.1389,"[1345.3, 513.7, 1376.3, 610.2]",,,0.0,False,False,18,1
481,0.1314,"[1174.5, 518.4, 1193.4, 567.7]",,,0.0,False,False,18,1
481,0.1022,"[500.9, 517.0, 527.2, 582.5]",,,0.0,False,False,18,1
481,0.1015,"[955.8, 504.2, 976.1, 569.0]",364,"[935.7185475094535, 502.04750506907027, 966.2594798342964, 574.7267869231173]",0.2375,False,False,18,1
482,0.5675,"[1536.3, 528.9, 1587.6, 680.7]",407,"[1541.525637164816, 532.3767116706732, 1585.524167522684, 674.6787082512019]",0.8036,True,False,24,4
482,0.536,"[1121.9, 516.0, 1143.5, 577.5]",390,"[1120.9286991532786, 517.4847597527178, 1144.0605586592214, 581.4169736457197]",0.8579,True,False,24,4
482,0.5035,"[1636.2, 561.6, 1711.8, 685.8]",,,0.0,False,False,24,4
482,0.4768,"[552.2, 484.0, 572.4, 538.0]",,,0.0,False,False,24,4
482,0.4033,"[587.9, 486.3, 609.5, 541.0]",,,0.0,False,False,24,4
482,0.3711,"[1211.0, 522.5, 1235.2, 585.2]",,,0.0,False,False,24,4
482,0.336,"[1464.8, 514.7, 1499.9, 642.9]",,,0.0,False,False,24,4
482,0.2678,"[976.1, 503.2, 997.7, 566.0]",,,0.0,False,False,24,4
482,0.2665,"[812.0, 478.9, 826.9, 509.3]",,,0.0,False,False,24,4
482,0.2637,"[502.5, 534.3, 524.1, 586.2]",,,0.0,False,False,24,4
482,0.2355,"[1512.0, 509.6, 1549.8, 650.0]",407,"[1541.525637164816, 532.3767116706732, 1585.524167522684, 674.6787082512019]",0.0919,False,False,24,4
482,0.2292,"[1387.8, 505.2, 1420.2, 623.4]",,,0.0,False,False,24,4
482,0.2156,"[1233.9, 506.3, 1258.2, 571.7]",,,0.0,False,False,24,4
482,0.1962,"[1803.6, 549.5, 1854.9, 741.2]",,,0.0,False,False,24,4
482,0.1868,"[692.6, 492.1, 712.8, 548.8]",,,0.0,False,False,24,4
482,0.1824,"[516.4, 490.1, 538.7, 547.4]",,,0.0,False,False,24,4
482,0.1454,"[113.2, 471.5, 135.3, 523.5]",,,0.0,False,False,24,4
482,0.1225,"[1333.1, 497.8, 1362.8, 599.7]",,,0.0,False,False,24,4
482,0.1203,"[1810.4, 519.1, 1856.2, 668.2]",,,0.0,False,False,24,4
482,0.1162,"[1845.5, 561.9, 1948.1, 780.3]",399,"[1892.9693781889046, 559.1544429404166, 1968.4319889985952, 779.4848392861459]",0.443,True,False,24,4
482,0.1068,"[1807.7, 522.1, 1859.0, 715.5]",,,0.0,False,False,24,4
482,0.1039,"[1256.2, 501.5, 1279.1, 574.4]",,,0.0,False,False,24,4
482,0.103,"[1541.7, 502.2, 1593.0, 659.5]",407,"[1541.525637164816, 532.3767116706732, 1585.524167522684, 674.6787082512019]",0.6359,True,False,24,4
482,0.1016,"[1655.1, 511.3, 1698.3, 639.6]",,,0.0,False,False,24,4
483,0.5706,"[1644.3, 562.6, 1719.9, 686.1]",398,"[1637.0875218726198, 581.5165964247503, 1702.2242457055054, 689.2595266221247]",0.5886,True,False,17,2
483,0.4856,"[553.5, 485.0, 573.1, 538.3]",,,0.0,False,False,17,2
483,0.4445,"[1214.3, 519.8, 1240.0, 587.2]",,,0.0,False,False,17,2
483,0.4135,"[1637.6, 582.5, 1694.2, 687.2]",398,"[1637.0875218726198, 581.5165964247503, 1702.2242457055054, 689.2595266221247]",0.8453,True,False,17,2
483,0.3422,"[1664.6, 510.6, 1707.8, 644.3]",398,"[1637.0875218726198, 581.5165964247503, 1702.2242457055054, 689.2595266221247]",0.2268,False,False,17,2
483,0.3416,"[1818.5, 547.1, 1883.3, 753.3]",,,0.0,False,False,17,2
483,0.2941,"[499.2, 525.5, 526.2, 588.3]",,,0.0,False,False,17,2
483,0.2883,"[520.8, 513.0, 549.8, 590.0]",,,0.0,False,False,17,2
483,0.2772,"[1557.9, 500.5, 1603.8, 655.1]",,,0.0,False,False,17,2
483,0.2503,"[1238.0, 504.6, 1263.6, 580.2]",,,0.0,False,False,17,2
483,0.2248,"[1521.5, 509.3, 1559.2, 653.1]",,,0.0,False,False,17,2
483,0.2245,"[1194.1, 514.7, 1222.4, 588.9]",,,0.0,False,False,17,2
483,0.1627,"[514.4, 499.5, 548.1, 589.3]",,,0.0,False,False,17,2
483,0.1618,"[1393.2, 506.9, 1422.9, 622.4]",,,0.0,False,False,17,2
483,0.1461,"[1665.9, 565.0, 1722.6, 681.8]",398,"[1637.0875218726198, 581.5165964247503, 1702.2242457055054, 689.2595266221247]",0.3642,True,False,17,2
483,0.1145,"[501.5, 511.7, 528.5, 587.9]",,,0.0,False,False,17,2
483,0.1023,"[1818.5, 520.1, 1867.1, 657.8]",,,0.0,False,False,17,2
484,0.5785,"[813.4, 479.3, 828.2, 511.7]",,,0.0,False,False,24,1
484,0.5379,"[1640.2, 585.2, 1702.4, 691.2]",,,0.0,False,False,24,1
484,0.5088,"[1476.9, 516.7, 1514.7, 645.6]",,,0.0,False,False,24,1
484,0.4844,"[553.5, 487.0, 573.1, 540.3]",,,0.0,False,False,24,1
484,0.3644,"[693.2, 493.4, 713.5, 551.5]",395,"[692.6721270822411, 494.0943613898738, 712.4470135427589, 550.8225087273137]",0.9035,True,False,24,1
484,0.3608,"[627.1, 495.5, 648.7, 553.5]",,,0.0,False,False,24,1
484,0.3238,"[1668.6, 511.0, 1717.2, 648.7]",,,0.0,False,False,24,1
484,0.2746,"[1092.2, 494.4, 1104.3, 526.2]",,,0.0,False,False,24,1
484,0.2669,"[1217.0, 489.0, 1235.9, 534.3]",,,0.0,False,False,24,1
484,0.2648,"[1400.0, 507.6, 1432.4, 627.8]",,,0.0,False,False,24,1
484,0.258,"[504.9, 502.2, 536.0, 587.9]",,,0.0,False,False,24,1
484,0.2488,"[491.4, 518.1, 519.8, 590.3]",,,0.0,False,False,24,1
484,0.1963,"[1525.5, 511.3, 1563.3, 653.1]",,,0.0,False,False,24,1
484,0.1958,"[510.0, 492.4, 539.7, 578.1]",,,0.0,False,False,24,1
484,0.1613,"[514.0, 490.7, 537.6, 550.8]",,,0.0,False,False,24,1
484,0.1511,"[1564.7, 500.9, 1605.2, 653.4]",,,0.0,False,False,24,1
484,0.1476,"[1342.6, 501.9, 1372.3, 597.7]",,,0.0,False,False,24,1
484,0.1382,"[604.5, 487.4, 625.4, 544.0]",,,0.0,False,False,24,1
484,0.1343,"[1819.8, 562.6, 1873.8, 751.3]",,,0.0,False,False,24,1
484,0.1295,"[526.5, 515.0, 554.9, 587.9]",,,0.0,False,False,24,1
484,0.1223,"[615.9, 489.4, 634.2, 545.4]",,,0.0,False,False,24,1
484,0.1216,"[845.1, 481.3, 858.6, 506.9]",,,0.0,False,False,24,1
484,0.1116,"[112.5, 475.9, 134.2, 529.9]",,,0.0,False,False,24,1
484,0.108,"[1827.9, 557.2, 1887.3, 749.2]",,,0.0,False,False,24,1
485,0.5751,"[553.8, 487.4, 573.4, 540.7]",,,0.0,False,False,19,2
485,0.5437,"[109.8, 498.5, 144.0, 582.2]",397,"[106.98400455912308, 497.86704340265914, 140.2200207094316, 578.3613501520284]",0.7819,True,False,19,2
485,0.5412,"[1842.8, 554.5, 1896.8, 752.0]",,,0.0,False,False,19,2
485,0.4621,"[1242.7, 514.7, 1268.3, 583.5]",,,0.0,False,False,19,2
485,0.3985,"[693.9, 494.8, 712.8, 550.8]",,,0.0,False,False,19,2
485,0.3624,"[1362.8, 505.6, 1395.9, 612.9]",,,0.0,False,False,19,2
485,0.3579,"[1652.4, 583.5, 1714.5, 690.2]",,,0.0,False,False,19,2
485,0.3158,"[627.1, 496.8, 647.3, 552.2]",,,0.0,False,False,19,2
485,0.3007,"[1220.4, 526.8, 1244.7, 586.9]",,,0.0,False,False,19,2
485,0.236,"[1767.2, 555.9, 1821.2, 746.6]",,,0.0,False,False,19,2
485,0.1871,"[630.5, 494.1, 650.7, 548.1]",,,0.0,False,False,19,2
485,0.1828,"[1529.6, 510.3, 1572.8, 652.1]",,,0.0,False,False,19,2
485,0.1717,"[1217.7, 490.4, 1235.2, 532.9]",,,0.0,False,False,19,2
485,0.161,"[1678.1, 509.0, 1726.7, 650.0]",,,0.0,False,False,19,2
485,0.1511,"[514.0, 492.4, 537.0, 549.8]",,,0.0,False,False,19,2
485,0.1221,"[603.8, 488.7, 624.0, 543.4]",,,0.0,False,False,19,2
485,0.112,"[1360.8, 516.7, 1390.5, 610.5]",,,0.0,False,False,19,2
485,0.1095,"[1330.4, 520.1, 1352.0, 581.5]",,,0.0,False,False,19,2
485,0.1029,"[491.7, 522.1, 521.4, 593.0]",,,0.0,False,False,19,2
486,0.5797,"[1223.1, 523.1, 1248.8, 588.6]",,,0.0,False,False,19,1
486,0.5779,"[554.5, 488.7, 573.4, 540.7]",,,0.0,False,False,19,1
486,0.5419,"[815.4, 478.9, 828.9, 511.3]",,,0.0,False,False,19,1
486,0.4968,"[1246.7, 511.7, 1271.0, 581.9]",,,0.0,False,False,19,1
486,0.4875,"[1540.4, 508.3, 1580.9, 657.5]",,,0.0,False,False,19,1
486,0.4806,"[976.1, 505.2, 1001.7, 567.3]",370,"[976.6750139269076, 504.7359094202511, 999.1915632215299, 568.1445837438114]",0.8619,True,False,19,1
486,0.4115,"[693.9, 495.5, 712.8, 551.5]",,,0.0,False,False,19,1
486,0.4029,"[1200.2, 513.7, 1228.5, 590.6]",,,0.0,False,False,19,1
486,0.3178,"[1267.7, 504.2, 1289.2, 575.1]",,,0.0,False,False,19,1
486,0.3107,"[513.3, 493.1, 535.6, 549.1]",,,0.0,False,False,19,1
486,0.2802,"[1859.0, 567.7, 1915.7, 756.7]",,,0.0,False,False,19,1
486,0.2439,"[903.8, 482.3, 916.0, 512.0]",,,0.0,False,False,19,1
486,0.2045,"[543.7, 492.8, 561.9, 543.4]",,,0.0,False,False,19,1
486,0.1826,"[617.0, 491.1, 635.2, 545.7]",,,0.0,False,False,19,1
486,0.1735,"[524.1, 520.4, 556.5, 590.0]",,,0.0,False,False,19,1
486,0.1667,"[604.8, 489.0, 624.4, 542.4]",,,0.0,False,False,19,1
486,0.1397,"[508.3, 503.2, 538.7, 588.3]",,,0.0,False,False,19,1
486,0.1251,"[1094.8, 492.1, 1108.3, 523.8]",,,0.0,False,False,19,1
486,0.1236,"[609.5, 489.4, 630.5, 544.0]",,,0.0,False,False,19,1
487,0.5674,"[1383.8, 499.2, 1424.2, 626.1]",,,0.0,False,False,24,2
487,0.5642,"[1226.5, 524.5, 1252.1, 587.2]",,,0.0,False,False,24,2
487,0.5328,"[555.9, 489.4, 574.1, 540.0]",,,0.0,False,False,24,2
487,0.4406,"[1250.1, 509.6, 1271.7, 571.7]",,,0.0,False,False,24,2
487,0.4373,"[694.6, 494.1, 714.8, 552.2]",,,0.0,False,False,24,2
487,0.4205,"[1526.9, 509.3, 1564.7, 653.1]",,,0.0,False,False,24,2
487,0.4127,"[1545.8, 506.6, 1589.0, 659.1]",,,0.0,False,False,24,2
487,0.3906,"[632.1, 495.5, 655.1, 554.2]",,,0.0,False,False,24,2
487,0.3621,"[1498.5, 512.3, 1539.0, 651.4]",,,0.0,False,False,24,2
487,0.3227,"[816.1, 478.9, 829.6, 511.3]",,,0.0,False,False,24,2
487,0.2942,"[544.0, 491.4, 563.0, 544.7]",,,0.0,False,False,24,2
487,0.2798,"[629.8, 497.8, 650.0, 553.2]",,,0.0,False,False,24,2
487,0.267,"[514.7, 493.4, 537.0, 551.5]",,,0.0,False,False,24,2
487,0.2525,"[1372.3, 505.6, 1404.0, 612.9]",,,0.0,False,False,24,2
487,0.2343,"[511.3, 493.8, 541.0, 587.6]",,,0.0,False,False,24,2
487,0.2272,"[1586.2, 496.1, 1629.5, 661.5]",,,0.0,False,False,24,2
487,0.1913,"[1675.4, 583.9, 1734.8, 691.9]",,,0.0,False,False,24,2
487,0.1425,"[613.6, 490.7, 634.5, 545.4]",,,0.0,False,False,24,2
487,0.1418,"[1784.7, 512.0, 1838.7, 678.0]",,,0.0,False,False,24,2
487,0.1298,"[104.4, 511.0, 144.5, 625.7]",393,"[104.2999848055691, 504.87970351922377, 149.62768853427463, 623.5858726526512]",0.8273,True,False,24,2
487,0.1271,"[905.9, 481.3, 918.0, 511.7]",,,0.0,False,False,24,2
487,0.1221,"[600.8, 490.7, 619.7, 542.7]",,,0.0,False,False,24,2
487,0.1087,"[1699.7, 502.2, 1745.6, 641.9]",,,0.0,False,False,24,2
487,0.1078,"[529.2, 493.8, 548.1, 545.7]",,,0.0,False,False,24,2
488,0.5777,"[1421.6, 502.9, 1456.7, 632.5]",,,0.0,False,False,25,0
488,0.5592,"[1379.0, 501.5, 1414.8, 614.2]",,,0.0,False,False,25,0
488,0.5,"[555.9, 489.0, 574.1, 540.3]",,,0.0,False,False,25,0
488,0.4626,"[1503.9, 513.3, 1541.7, 647.7]",,,0.0,False,False,25,0
488,0.4376,"[1551.2, 508.3, 1594.4, 659.5]",,,0.0,False,False,25,0
488,0.42,"[1761.8, 525.8, 1850.9, 717.5]",,,0.0,False,False,25,0
488,0.4128,"[1591.7, 497.5, 1637.6, 664.9]",,,0.0,False,False,25,0
488,0.4006,"[1532.2, 508.3, 1570.1, 652.1]",,,0.0,False,False,25,0
488,0.3257,"[1578.2, 517.4, 1624.1, 677.4]",,,0.0,False,False,25,0
488,0.3203,"[1684.8, 585.2, 1744.2, 694.6]",,,0.0,False,False,25,0
488,0.3029,"[817.4, 478.6, 830.9, 510.3]",,,0.0,False,False,25,0
488,0.2957,"[1254.2, 511.3, 1274.4, 566.7]",,,0.0,False,False,25,0
488,0.2902,"[512.7, 494.1, 543.0, 587.9]",,,0.0,False,False,25,0
488,0.2724,"[907.2, 480.3, 920.7, 511.3]",,,0.0,False,False,25,0
488,0.264,"[1228.5, 489.0, 1246.1, 532.2]",,,0.0,False,False,25,0
488,0.2159,"[546.1, 489.4, 565.0, 543.4]",,,0.0,False,False,25,0
488,0.1885,"[612.2, 489.4, 631.1, 546.8]",,,0.0,False,False,25,0
488,0.1821,"[1274.4, 503.9, 1296.0, 568.7]",,,0.0,False,False,25,0
488,0.1718,"[635.9, 495.5, 659.5, 552.8]",,,0.0,False,False,25,0
488,0.1694,"[530.9, 494.1, 551.8, 550.8]",,,0.0,False,False,25,0
488,0.1365,"[1230.5, 525.5, 1256.2, 586.2]",,,0.0,False,False,25,0
488,0.1332,"[600.8, 489.4, 619.7, 542.7]",,,0.0,False,False,25,0
488,0.1057,"[1884.6, 519.4, 1930.5, 674.0]",,,0.0,False,False,25,0
488,0.1045,"[550.5, 488.4, 568.7, 542.4]",,,0.0,False,False,25,0
488,0.103,"[514.4, 492.8, 538.0, 556.9]",,,0.0,False,False,25,0
489,0.5282,"[510.0, 494.1, 541.0, 588.6]",,,0.0,False,False,16,2
489,0.5223,"[556.5, 489.0, 574.1, 539.0]",,,0.0,False,False,16,2
489,0.3931,"[1599.8, 496.8, 1645.7, 645.3]",,,0.0,False,False,16,2
489,0.3008,"[611.9, 490.1, 630.1, 546.8]",,,0.0,False,False,16,2
489,0.2686,"[1541.7, 511.3, 1579.5, 655.1]",,,0.0,False,False,16,2
489,0.2566,"[634.2, 496.1, 657.8, 554.9]",,,0.0,False,False,16,2
489,0.2406,"[629.1, 499.2, 649.4, 554.5]",,,0.0,False,False,16,2
489,0.2151,"[1512.0, 512.7, 1549.8, 649.7]",,,0.0,False,False,16,2
489,0.2027,"[910.6, 481.3, 922.7, 511.0]",,,0.0,False,False,16,2
489,0.2021,"[1208.2, 512.3, 1235.2, 588.6]",,,0.0,False,False,16,2
489,0.1709,"[482.0, 509.3, 516.4, 593.7]",,,0.0,False,False,16,2
489,0.144,"[546.1, 489.4, 564.3, 543.4]",,,0.0,False,False,16,2
489,0.1302,"[1348.0, 495.1, 1377.7, 587.6]",,,0.0,False,False,16,2
489,0.1106,"[528.2, 494.1, 551.8, 563.6]",,,0.0,False,False,16,2
489,0.1104,"[1811.7, 513.3, 1863.0, 669.3]",,,0.0,False,False,16,2
489,0.1026,"[527.9, 497.1, 556.2, 586.9]",,,0.0,False,False,16,2
490,0.5438,"[1518.8, 512.0, 1556.6, 645.6]",,,0.0,False,False,20,1
490,0.5208,"[508.6, 494.8, 540.3, 591.3]",,,0.0,False,False,20,1
490,0.5168,"[980.8, 508.3, 1007.8, 569.7]",370,"[985.2156548829818, 503.33252350613816, 1009.1362738279557, 567.8355673141743]",0.7233,True,False,20,1
490,0.4801,"[1234.6, 521.4, 1262.9, 587.6]",,,0.0,False,False,20,1
490,0.4029,"[635.2, 495.8, 658.8, 554.5]",,,0.0,False,False,20,1
490,0.3935,"[1551.2, 508.6, 1589.0, 654.4]",,,0.0,False,False,20,1
490,0.3031,"[1703.7, 584.9, 1760.4, 696.6]",,,0.0,False,False,20,1
490,0.2995,"[610.9, 489.7, 630.5, 547.1]",,,0.0,False,False,20,1
490,0.2973,"[1606.5, 494.8, 1649.7, 654.1]",,,0.0,False,False,20,1
490,0.288,"[544.0, 489.7, 563.0, 543.7]",,,0.0,False,False,20,1
490,0.2519,"[1595.7, 516.7, 1638.9, 682.1]",,,0.0,False,False,20,1
490,0.2171,"[1571.4, 505.6, 1609.2, 661.5]",,,0.0,False,False,20,1
490,0.1979,"[1563.3, 506.3, 1598.4, 658.1]",,,0.0,False,False,20,1
490,0.1771,"[1387.8, 502.9, 1420.2, 611.6]",,,0.0,False,False,20,1
490,0.1554,"[1890.0, 510.6, 1952.1, 719.6]",,,0.0,False,False,20,1
490,0.1292,"[1352.0, 517.0, 1376.3, 581.2]",,,0.0,False,False,20,1
490,0.1203,"[477.2, 508.6, 509.0, 595.7]",,,0.0,False,False,20,1
490,0.1139,"[1350.0, 508.3, 1373.0, 588.6]",,,0.0,False,False,20,1
490,0.1115,"[910.6, 480.6, 922.7, 511.7]",,,0.0,False,False,20,1
490,0.1056,"[630.1, 498.5, 651.0, 553.8]",,,0.0,False,False,20,1
491,0.5347,"[1548.5, 508.3, 1591.7, 658.8]",,,0.0,False,False,18,0
491,0.5333,"[1576.8, 504.6, 1620.0, 659.8]",,,0.0,False,False,18,0
491,0.4748,"[556.2, 487.0, 574.4, 539.7]",,,0.0,False,False,18,0
491,0.455,"[1408.1, 503.6, 1448.6, 627.8]",,,0.0,False,False,18,0
491,0.4478,"[1524.2, 510.3, 1564.7, 654.8]",,,0.0,False,False,18,0
491,0.437,"[1607.9, 519.8, 1651.1, 687.2]",,,0.0,False,False,18,0
491,0.4037,"[978.8, 505.6, 1009.8, 578.5]",,,0.0,False,False,18,0
491,0.3869,"[1395.9, 505.9, 1425.6, 613.2]",,,0.0,False,False,18,0
491,0.3356,"[1616.0, 498.2, 1661.9, 662.2]",,,0.0,False,False,18,0
491,0.3333,"[610.9, 488.7, 630.5, 546.8]",,,0.0,False,False,18,0
491,0.3071,"[966.6, 507.6, 995.0, 580.5]",,,0.0,False,False,18,0
491,0.1674,"[639.2, 494.8, 662.2, 551.5]",,,0.0,False,False,18,0
491,0.1491,"[477.6, 505.9, 505.2, 580.8]",,,0.0,False,False,18,0
491,0.1477,"[1711.8, 584.6, 1773.9, 702.7]",,,0.0,False,False,18,0
491,0.1274,"[545.4, 487.7, 564.3, 542.4]",,,0.0,False,False,18,0
491,0.1253,"[817.4, 476.9, 832.3, 509.3]",,,0.0,False,False,18,0
491,0.1127,"[912.6, 481.6, 924.8, 510.6]",,,0.0,False,False,18,0
491,0.1055,"[507.9, 493.1, 539.0, 588.3]",,,0.0,False,False,18,0
492,0.5245,"[1613.2, 517.0, 1661.9, 687.2]",,,0.0,False,False,16,1
492,0.5203,"[1395.9, 504.6, 1428.3, 613.9]",,,0.0,False,False,16,1
492,0.4666,"[555.5, 488.0, 574.4, 541.4]",,,0.0,False,False,16,1
492,0.3357,"[613.9, 489.4, 635.5, 544.7]",,,0.0,False,False,16,1
492,0.3158,"[1622.7, 494.4, 1668.6, 648.3]",,,0.0,False,False,16,1
492,0.302,"[1721.2, 585.9, 1780.7, 706.7]",,,0.0,False,False,16,1
492,0.3008,"[1587.6, 504.9, 1628.1, 656.1]",,,0.0,False,False,16,1
492,0.2116,"[505.6, 495.8, 537.3, 591.0]",,,0.0,False,False,16,1
492,0.161,"[610.5, 489.4, 630.8, 544.0]",,,0.0,False,False,16,1
492,0.1519,"[1203.5, 520.8, 1222.4, 576.8]",,,0.0,False,False,16,1
492,0.1462,"[818.1, 476.6, 833.0, 507.6]",,,0.0,False,False,16,1
492,0.1456,"[476.2, 509.3, 507.3, 597.7]",,,0.0,False,False,16,1
492,0.1337,"[638.9, 497.5, 661.2, 550.1]",,,0.0,False,False,16,1
492,0.1291,"[1348.7, 496.5, 1362.2, 534.3]",,,0.0,False,False,16,1
492,0.1134,"[1412.1, 499.8, 1452.6, 623.4]",,,0.0,False,False,16,1
492,0.1015,"[533.9, 497.1, 554.2, 548.4]",,,0.0,False,False,16,1
493,0.556,"[556.2, 487.7, 575.1, 540.3]",,,0.0,False,False,16,3
493,0.5215,"[1568.7, 510.0, 1611.9, 661.8]",,,0.0,False,False,16,3
493,0.4828,"[981.5, 503.6, 1016.6, 581.2]",364,"[980.3619739908471, 508.08607904376316, 1011.0251109700904, 581.1032520109243]",0.7701,True,False,16,3
493,0.4757,"[969.3, 499.5, 996.3, 579.2]",314,"[956.0578350370599, 510.7062335681332, 988.2638202363777, 579.5304607678044]",0.4229,True,False,16,3
493,0.4614,"[1594.4, 506.6, 1637.6, 661.2]",,,0.0,False,False,16,3
493,0.4197,"[1633.5, 497.5, 1679.4, 659.5]",,,0.0,False,False,16,3
493,0.3836,"[613.2, 490.1, 635.5, 544.7]",,,0.0,False,False,16,3
493,0.2842,"[818.8, 477.2, 835.0, 510.3]",,,0.0,False,False,16,3
493,0.2638,"[958.5, 510.3, 984.2, 576.5]",314,"[956.0578350370599, 510.7062335681332, 988.2638202363777, 579.5304607678044]",0.7572,True,False,16,3
493,0.2462,"[610.2, 490.1, 630.5, 544.0]",,,0.0,False,False,16,3
493,0.2332,"[1206.2, 521.4, 1226.5, 586.9]",,,0.0,False,False,16,3
493,0.182,"[1246.7, 523.8, 1275.1, 588.6]",,,0.0,False,False,16,3
493,0.143,"[1196.1, 491.7, 1211.0, 528.9]",,,0.0,False,False,16,3
493,0.1323,"[1757.7, 504.9, 1814.4, 673.0]",,,0.0,False,False,16,3
493,0.1131,"[536.6, 501.2, 554.9, 547.1]",,,0.0,False,False,16,3
493,0.107,"[1868.4, 516.4, 1919.7, 700.0]",,,0.0,False,False,16,3
494,0.5231,"[614.2, 490.7, 635.2, 544.7]",,,0.0,False,False,20,0
494,0.4644,"[555.9, 487.7, 574.8, 540.3]",,,0.0,False,False,20,0
494,0.4097,"[1740.2, 590.0, 1807.7, 712.1]",,,0.0,False,False,20,0
494,0.3532,"[972.0, 510.3, 997.7, 581.2]",,,0.0,False,False,20,0
494,0.3485,"[820.1, 477.9, 836.3, 513.0]",,,0.0,False,False,20,0
494,0.3483,"[1544.4, 515.4, 1582.2, 656.4]",,,0.0,False,False,20,0
494,0.3475,"[1576.8, 511.7, 1617.3, 664.9]",,,0.0,False,False,20,0
494,0.3164,"[1429.7, 502.5, 1467.5, 628.1]",,,0.0,False,False,20,0
494,0.2997,"[609.5, 490.7, 630.5, 544.7]",,,0.0,False,False,20,0
494,0.2869,"[1602.5, 506.6, 1645.7, 667.2]",,,0.0,False,False,20,0
494,0.2746,"[507.9, 495.1, 541.7, 591.6]",,,0.0,False,False,20,0
494,0.2477,"[1769.9, 509.6, 1823.9, 659.5]",,,0.0,False,False,20,0
494,0.2418,"[1249.4, 525.5, 1277.8, 586.9]",,,0.0,False,False,20,0
494,0.2324,"[1272.4, 512.3, 1306.1, 586.6]",,,0.0,False,False,20,0
494,0.2103,"[1655.1, 526.2, 1703.7, 701.3]",,,0.0,False,False,20,0
494,0.1992,"[856.6, 477.9, 871.4, 506.3]",,,0.0,False,False,20,0
494,0.184,"[1640.2, 499.8, 1683.5, 649.7]",,,0.0,False,False,20,0
494,0.1499,"[959.2, 511.0, 986.2, 577.1]",,,0.0,False,False,20,0
494,0.1317,"[607.2, 490.4, 626.1, 543.7]",,,0.0,False,False,20,0
494,0.1242,"[1655.1, 540.7, 1733.4, 725.6]",,,0.0,False,False,20,0
495,0.5362,"[556.2, 487.0, 575.8, 539.7]",,,0.0,False,False,14,1
495,0.5297,"[1606.5, 506.9, 1652.4, 668.9]",,,0.0,False,False,14,1
495,0.4693,"[1579.5, 511.0, 1625.4, 670.3]",,,0.0,False,False,14,1
495,0.3887,"[959.9, 513.0, 984.2, 576.5]",,,0.0,False,False,14,1
495,0.3757,"[1551.2, 518.1, 1589.0, 657.1]",,,0.0,False,False,14,1
495,0.3605,"[1664.6, 522.8, 1713.2, 704.7]",,,0.0,False,False,14,1
495,0.358,"[1648.4, 501.9, 1694.2, 666.6]",,,0.0,False,False,14,1
495,0.3375,"[609.5, 490.4, 629.1, 544.4]",,,0.0,False,False,14,1
495,0.2883,"[510.3, 491.4, 543.4, 591.3]",,,0.0,False,False,14,1
495,0.2541,"[826.2, 478.6, 839.7, 509.6]",,,0.0,False,False,14,1
495,0.1907,"[1692.9, 526.2, 1752.3, 712.8]",,,0.0,False,False,14,1
495,0.1245,"[1352.0, 498.8, 1366.9, 536.6]",,,0.0,False,False,14,1
495,0.1233,"[514.7, 492.4, 553.2, 593.0]",,,0.0,False,False,14,1
495,0.121,"[472.5, 499.2, 498.8, 576.8]",,,0.0,False,False,14,1
496,0.552,"[1429.7, 504.6, 1475.6, 633.5]",,,0.0,False,False,23,3
496,0.5344,"[961.9, 511.7, 984.8, 575.8]",,,0.0,False,False,23,3
496,0.5134,"[1703.7, 528.9, 1765.8, 717.5]",,,0.0,False,False,23,3
496,0.5081,"[1670.0, 527.5, 1721.2, 701.3]",,,0.0,False,False,23,3
496,0.5005,"[1165.1, 515.0, 1189.4, 583.2]",390,"[1165.849996987285, 513.621003595055, 1190.757424887715, 584.4361253111952]",0.8811,True,False,23,3
496,0.3849,"[1260.9, 525.2, 1285.2, 587.2]",,,0.0,False,False,23,3
496,0.3819,"[1594.4, 510.3, 1637.6, 671.6]",,,0.0,False,False,23,3
496,0.3485,"[1279.8, 518.1, 1305.5, 585.6]",,,0.0,False,False,23,3
496,0.3243,"[609.2, 490.7, 628.1, 544.7]",,,0.0,False,False,23,3
496,0.3054,"[1552.5, 515.4, 1593.0, 660.5]",,,0.0,False,False,23,3
496,0.2404,"[1141.4, 512.3, 1163.0, 584.6]",,,0.0,False,False,23,3
496,0.1945,"[1656.5, 501.2, 1702.4, 661.2]",,,0.0,False,False,23,3
496,0.1812,"[1690.2, 544.0, 1746.9, 718.2]",,,0.0,False,False,23,3
496,0.1727,"[513.0, 493.1, 537.3, 553.8]",,,0.0,False,False,23,3
496,0.1586,"[544.0, 489.4, 563.0, 543.4]",,,0.0,False,False,23,3
496,0.1585,"[862.7, 480.9, 874.8, 504.6]",,,0.0,False,False,23,3
496,0.1539,"[920.0, 482.3, 932.2, 510.0]",,,0.0,False,False,23,3
496,0.1481,"[828.2, 479.9, 840.4, 511.0]",,,0.0,False,False,23,3
496,0.1433,"[471.8, 496.5, 498.2, 574.1]",,,0.0,False,False,23,3
496,0.1385,"[473.2, 493.4, 497.5, 554.9]",,,0.0,False,False,23,3
496,0.1317,"[1541.7, 514.7, 1579.5, 656.4]",,,0.0,False,False,23,3
496,0.1274,"[1898.1, 582.9, 1992.6, 809.3]",404,"[1890.1195181611395, 611.6642985926433, 1963.4295541044855, 810.0360187901691]",0.5607,True,False,23,3
496,0.113,"[534.9, 499.8, 554.5, 547.8]",,,0.0,False,False,23,3
497,0.564,"[1625.4, 511.0, 1668.6, 671.0]",,,0.0,False,False,22,2
497,0.453,"[1568.7, 517.7, 1603.8, 661.5]",,,0.0,False,False,22,2
497,0.449,"[1418.9, 506.6, 1454.0, 619.3]",,,0.0,False,False,22,2
497,0.4231,"[515.0, 490.1, 539.3, 551.5]",,,0.0,False,False,22,2
497,0.4123,"[620.3, 490.1, 639.9, 544.0]",,,0.0,False,False,22,2
497,0.4122,"[534.6, 501.5, 553.5, 546.1]",,,0.0,False,False,22,2
497,0.3248,"[1264.3, 527.2, 1287.2, 574.4]",,,0.0,False,False,22,2
497,0.3138,"[1144.1, 511.3, 1167.1, 584.2]",,,0.0,False,False,22,2
497,0.2978,"[1880.6, 557.2, 1969.7, 753.3]",414,"[1866.635417674147, 560.447473469521, 1957.6201975602282, 749.9755001632916]",0.7264,True,False,22,2
497,0.2755,"[1607.9, 513.0, 1648.4, 669.6]",,,0.0,False,False,22,2
497,0.2467,"[1803.6, 512.7, 1857.6, 665.9]",,,0.0,False,False,22,2
497,0.199,"[1283.2, 514.0, 1312.9, 586.2]",,,0.0,False,False,22,2
497,0.1935,"[472.8, 509.0, 497.8, 578.5]",,,0.0,False,False,22,2
497,0.1806,"[539.3, 490.7, 560.9, 544.7]",,,0.0,False,False,22,2
497,0.1737,"[545.1, 489.4, 564.6, 543.4]",,,0.0,False,False,22,2
497,0.1721,"[1517.4, 520.4, 1552.5, 650.7]",,,0.0,False,False,22,2
497,0.17,"[831.6, 479.3, 843.8, 509.6]",,,0.0,False,False,22,2
497,0.1448,"[1548.5, 517.4, 1583.6, 660.5]",,,0.0,False,False,22,2
497,0.1311,"[1780.7, 599.1, 1842.8, 711.5]",,,0.0,False,False,22,2
497,0.1116,"[509.3, 492.4, 539.7, 589.6]",,,0.0,False,False,22,2
497,0.1089,"[81.2, 173.3, 120.7, 271.2]",,,0.0,False,False,22,2
497,0.103,"[525.8, 505.9, 554.9, 593.0]",,,0.0,False,False,22,2
498,0.4864,"[611.9, 490.1, 632.8, 546.8]",,,0.0,False,False,17,1
498,0.4542,"[1736.1, 530.9, 1790.1, 720.2]",,,0.0,False,False,17,1
498,0.4247,"[514.4, 491.1, 538.0, 551.1]",,,0.0,False,False,17,1
498,0.417,"[534.9, 500.5, 553.8, 545.7]",,,0.0,False,False,17,1
498,0.3599,"[1790.1, 598.7, 1854.9, 729.7]",,,0.0,False,False,17,1
498,0.322,"[1674.0, 503.9, 1719.9, 657.1]",,,0.0,False,False,17,1
498,0.2448,"[1452.6, 509.3, 1493.1, 634.8]",,,0.0,False,False,17,1
498,0.2296,"[537.6, 493.4, 558.6, 544.7]",,,0.0,False,False,17,1
498,0.2107,"[1813.1, 514.0, 1869.8, 662.5]",,,0.0,False,False,17,1
498,0.1994,"[472.2, 493.8, 496.5, 557.9]",,,0.0,False,False,17,1
498,0.1673,"[543.4, 491.1, 563.0, 544.4]",,,0.0,False,False,17,1
498,0.1401,"[1265.6, 526.8, 1292.6, 586.9]",,,0.0,False,False,17,1
498,0.1277,"[835.0, 478.2, 845.8, 506.6]",,,0.0,False,False,17,1
498,0.1263,"[472.5, 504.2, 496.8, 572.4]",,,0.0,False,False,17,1
498,0.126,"[1146.8, 511.3, 1169.8, 584.9]",,,0.0,False,False,17,1
498,0.1238,"[1891.4, 532.6, 1980.5, 756.7]",,,0.0,False,False,17,1
498,0.1092,"[1524.2, 518.1, 1562.0, 655.8]",,,0.0,False,False,17,1
499,0.4994,"[1643.0, 514.0, 1686.2, 667.9]",,,0.0,False,False,20,1
499,0.4906,"[1580.9, 519.8, 1624.1, 667.6]",,,0.0,False,False,20,1
499,0.4768,"[469.8, 496.8, 496.8, 574.4]",,,0.0,False,False,20,1
499,0.4344,"[621.0, 489.4, 641.2, 546.1]",,,0.0,False,False,20,1
499,0.3999,"[541.4, 489.7, 563.6, 546.4]",,,0.0,False,False,20,1
499,0.3861,"[992.3, 514.4, 1016.6, 591.3]",,,0.0,False,False,20,1
499,0.2933,"[1271.0, 529.2, 1296.7, 583.9]",,,0.0,False,False,20,1
499,0.2697,"[1394.6, 526.2, 1418.9, 591.0]",,,0.0,False,False,20,1
499,0.261,"[835.0, 478.9, 847.1, 507.3]",,,0.0,False,False,20,1
499,0.2468,"[1682.1, 509.3, 1730.7, 676.7]",,,0.0,False,False,20,1
499,0.2417,"[1560.6, 502.9, 1603.8, 660.2]",,,0.0,False,False,20,1
499,0.1737,"[1289.9, 517.7, 1319.6, 589.3]",,,0.0,False,False,20,1
499,0.1499,"[1803.6, 599.7, 1868.4, 721.6]",,,0.0,False,False,20,1
499,0.1472,"[1206.9, 495.1, 1221.8, 527.5]",,,0.0,False,False,20,1
499,0.1447,"[535.3, 496.5, 552.8, 545.1]",,,0.0,False,False,20,1
499,0.1394,"[1602.5, 512.0, 1643.0, 669.3]",,,0.0,False,False,20,1
499,0.1214,"[1536.3, 508.3, 1576.8, 658.8]",,,0.0,False,False,20,1
499,0.1108,"[974.0, 511.3, 995.6, 578.1]",,,0.0,False,False,20,1
499,0.1046,"[926.1, 480.6, 938.3, 509.0]",,,0.0,False,False,20,1
499,0.1037,"[1826.6, 514.0, 1883.3, 667.2]",,,0.0,False,False,20,1
500,0.5548,"[1273.7, 529.5, 1299.4, 587.6]",,,0.0,False,False,12,0
500,0.5548,"[1691.6, 505.2, 1737.5, 676.0]",,,0.0,False,False,12,0
500,0.4918,"[1545.8, 509.6, 1583.6, 656.1]",,,0.0,False,False,12,0
500,0.4837,"[1651.1, 515.0, 1697.0, 679.7]",,,0.0,False,False,12,0
500,0.4362,"[509.6, 492.8, 544.0, 596.7]",,,0.0,False,False,12,0
500,0.3269,"[611.9, 488.7, 631.5, 544.7]",,,0.0,False,False,12,0
500,0.3144,"[1207.6, 495.8, 1225.1, 532.9]",,,0.0,False,False,12,0
500,0.2547,"[542.0, 489.4, 562.3, 546.1]",,,0.0,False,False,12,0
500,0.2215,"[1767.2, 538.0, 1818.5, 720.2]",,,0.0,False,False,12,0
500,0.1697,"[469.5, 501.9, 496.5, 574.8]",,,0.0,False,False,12,0
500,0.1509,"[530.9, 493.1, 551.1, 549.1]",,,0.0,False,False,12,0
500,0.1248,"[1575.5, 496.5, 1616.0, 637.5]",,,0.0,False,False,12,0
501,0.5189,"[995.0, 512.7, 1022.0, 591.0]",,,0.0,False,False,15,1
501,0.4306,"[1275.8, 528.9, 1302.8, 578.8]",,,0.0,False,False,15,1
501,0.3822,"[1698.3, 505.6, 1749.6, 682.4]",,,0.0,False,False,15,1
501,0.3101,"[513.3, 491.7, 539.0, 557.2]",,,0.0,False,False,15,1
501,0.2946,"[612.6, 488.0, 632.8, 545.4]",,,0.0,False,False,15,1
501,0.2472,"[1044.2, 502.9, 1064.5, 570.4]",,,0.0,False,False,15,1
501,0.2396,"[541.4, 489.4, 561.6, 546.8]",,,0.0,False,False,15,1
501,0.2204,"[1551.2, 512.3, 1591.7, 659.5]",,,0.0,False,False,15,1
501,0.2195,"[1276.4, 530.5, 1304.8, 593.3]",,,0.0,False,False,15,1
501,0.189,"[494.4, 487.4, 516.7, 547.4]",,,0.0,False,False,15,1
501,0.1841,"[469.8, 504.2, 496.1, 571.1]",,,0.0,False,False,15,1
501,0.1487,"[1210.3, 495.1, 1227.8, 529.5]",,,0.0,False,False,15,1
501,0.1387,"[531.2, 492.4, 551.5, 547.8]",,,0.0,False,False,15,1
501,0.1293,"[1327.7, 525.8, 1352.0, 595.4]",,,0.0,False,False,15,1
501,0.1256,"[839.7, 478.2, 851.9, 505.2]",,,0.0,False,False,15,1
502,0.5651,"[991.6, 506.3, 1022.6, 590.0]",,,0.0,False,False,22,1
502,0.5291,"[1641.6, 521.1, 1695.6, 687.2]",,,0.0,False,False,22,1
502,0.4794,"[513.7, 492.4, 538.0, 557.9]",,,0.0,False,False,22,1
502,0.4564,"[1279.8, 530.2, 1306.8, 581.5]",,,0.0,False,False,22,1
502,0.4247,"[541.4, 489.0, 562.3, 547.8]",,,0.0,False,False,22,1
502,0.4057,"[493.4, 488.0, 516.4, 547.4]",,,0.0,False,False,22,1
502,0.3943,"[1462.1, 516.7, 1502.6, 640.2]",408,"[1459.345559013106, 520.8733891003287, 1497.3956519243943, 640.3136226184213]",0.7918,True,False,22,1
502,0.3503,"[1703.7, 509.0, 1760.4, 681.8]",,,0.0,False,False,22,1
502,0.3461,"[611.6, 486.7, 633.8, 546.1]",,,0.0,False,False,22,1
502,0.324,"[1711.8, 515.7, 1765.8, 698.0]",,,0.0,False,False,22,1
502,0.274,"[529.9, 494.1, 550.1, 549.5]",,,0.0,False,False,22,1
502,0.2099,"[1046.2, 501.5, 1066.5, 571.7]",,,0.0,False,False,22,1
502,0.1995,"[1213.0, 497.8, 1229.2, 528.2]",,,0.0,False,False,22,1
502,0.1969,"[988.2, 511.0, 1012.5, 581.9]",,,0.0,False,False,22,1
502,0.179,"[1557.9, 509.3, 1598.4, 659.1]",,,0.0,False,False,22,1
502,0.172,"[468.1, 499.8, 493.8, 566.7]",,,0.0,False,False,22,1
502,0.1438,"[840.4, 478.6, 853.9, 506.3]",,,0.0,False,False,22,1
502,0.1338,"[1208.9, 521.8, 1227.8, 571.7]",,,0.0,False,False,22,1
502,0.1281,"[867.4, 476.6, 883.6, 505.6]",,,0.0,False,False,22,1
502,0.1144,"[1302.1, 517.0, 1326.4, 570.4]",,,0.0,False,False,22,1
502,0.1137,"[1859.0, 518.1, 1910.3, 706.1]",,,0.0,False,False,22,1
502,0.1094,"[928.8, 480.6, 943.7, 513.0]",,,0.0,False,False,22,1
503,0.5626,"[1468.8, 515.4, 1509.3, 645.6]",,,0.0,False,False,20,2
503,0.4855,"[1566.0, 512.7, 1609.2, 669.9]",,,0.0,False,False,20,2
503,0.4453,"[1814.4, 545.4, 1892.7, 757.4]",380,"[1820.2690004183924, 544.8834409427286, 1889.2707945034826, 747.276593236959]",0.8376,True,False,20,2
503,0.4357,"[541.4, 490.4, 563.0, 549.8]",,,0.0,False,False,20,2
503,0.4267,"[1725.3, 528.2, 1773.9, 722.2]",,,0.0,False,False,20,2
503,0.421,"[468.1, 507.3, 492.4, 571.4]",,,0.0,False,False,20,2
503,0.402,"[841.7, 480.6, 856.6, 507.6]",,,0.0,False,False,20,2
503,0.3452,"[1214.3, 497.8, 1230.5, 533.6]",,,0.0,False,False,20,2
503,0.3452,"[1865.7, 587.6, 1935.9, 752.0]",398,"[1854.3513095595933, 587.3980369171148, 1954.9104091904064, 749.1703224578852]",0.689,True,False,20,2
503,0.3395,"[493.1, 489.4, 515.4, 550.1]",,,0.0,False,False,20,2
503,0.2956,"[512.3, 491.1, 537.3, 555.2]",,,0.0,False,False,20,2
503,0.2765,"[614.2, 491.1, 635.2, 548.4]",,,0.0,False,False,20,2
503,0.2678,"[1489.1, 514.0, 1526.9, 642.3]",,,0.0,False,False,20,2
503,0.2412,"[532.2, 494.1, 550.5, 548.1]",,,0.0,False,False,20,2
503,0.2061,"[1308.8, 529.2, 1335.8, 596.7]",,,0.0,False,False,20,2
503,0.1867,"[1051.0, 506.3, 1069.9, 571.1]",,,0.0,False,False,20,2
503,0.1532,"[824.9, 478.6, 839.7, 511.7]",,,0.0,False,False,20,2
503,0.1447,"[1127.9, 495.1, 1142.8, 527.5]",,,0.0,False,False,20,2
503,0.1434,"[930.2, 483.3, 943.7, 514.4]",,,0.0,False,False,20,2
503,0.1079,"[508.3, 498.2, 544.0, 602.8]",,,0.0,False,False,20,2
504,0.5057,"[511.3, 492.8, 537.6, 558.2]",,,0.0,False,False,23,0
504,0.4926,"[1215.0, 495.8, 1232.6, 534.3]",,,0.0,False,False,23,0
504,0.421,"[842.4, 481.3, 855.9, 506.9]",,,0.0,False,False,23,0
504,0.3948,"[623.4, 490.7, 642.9, 548.1]",,,0.0,False,False,23,0
504,0.3488,"[1574.1, 514.0, 1617.3, 672.6]",,,0.0,False,False,23,0
504,0.3456,"[614.6, 490.7, 634.8, 547.4]",,,0.0,False,False,23,0
504,0.3432,"[1050.3, 502.9, 1069.2, 569.0]",,,0.0,False,False,23,0
504,0.3257,"[541.0, 490.7, 560.6, 548.8]",,,0.0,False,False,23,0
504,0.2774,"[1736.1, 530.5, 1787.4, 722.9]",,,0.0,False,False,23,0
504,0.2748,"[1887.3, 619.3, 1935.9, 764.8]",,,0.0,False,False,23,0
504,0.2692,"[1730.7, 512.0, 1782.0, 674.7]",,,0.0,False,False,23,0
504,0.268,"[464.7, 501.9, 491.1, 576.1]",,,0.0,False,False,23,0
504,0.2669,"[1644.3, 527.2, 1692.9, 694.6]",,,0.0,False,False,23,0
504,0.238,"[492.8, 488.4, 514.4, 551.1]",,,0.0,False,False,23,0
504,0.2123,"[1837.4, 545.7, 1907.6, 758.7]",,,0.0,False,False,23,0
504,0.1987,"[534.6, 494.1, 552.2, 546.8]",,,0.0,False,False,23,0
504,0.1658,"[1495.8, 514.4, 1536.3, 642.6]",,,0.0,False,False,23,0
504,0.1529,"[509.0, 497.5, 545.4, 598.1]",,,0.0,False,False,23,0
504,0.1502,"[1881.9, 509.0, 1935.9, 730.4]",,,0.0,False,False,23,0
504,0.1492,"[463.1, 497.1, 486.0, 557.2]",,,0.0,False,False,23,0
504,0.1438,"[1307.5, 517.0, 1333.1, 575.8]",,,0.0,False,False,23,0
504,0.1164,"[1129.3, 494.1, 1142.8, 525.8]",,,0.0,False,False,23,0
504,0.1016,"[1179.9, 520.1, 1211.0, 594.3]",,,0.0,False,False,23,0
505,0.5203,"[1580.9, 514.4, 1624.1, 675.7]",,,0.0,False,False,18,1
505,0.4836,"[1043.6, 504.9, 1066.5, 571.7]",259,"[1035.8250100715136, 506.201698236547, 1062.8053610222364, 578.322227544703]",0.5689,True,False,18,1
505,0.4457,"[1216.4, 496.8, 1232.6, 533.2]",,,0.0,False,False,18,1
505,0.4015,"[463.1, 502.2, 491.4, 580.5]",,,0.0,False,False,18,1
505,0.3426,"[614.2, 490.4, 634.5, 547.8]",,,0.0,False,False,18,1
505,0.3311,"[1734.8, 508.3, 1786.1, 689.2]",,,0.0,False,False,18,1
505,0.3024,"[539.7, 490.4, 559.9, 549.1]",,,0.0,False,False,18,1
505,0.2549,"[1501.2, 515.0, 1541.7, 653.4]",,,0.0,False,False,18,1
505,0.219,"[624.0, 489.7, 644.3, 547.8]",,,0.0,False,False,18,1
505,0.204,"[845.8, 480.9, 857.9, 507.3]",,,0.0,False,False,18,1
505,0.1976,"[508.3, 493.4, 538.0, 571.1]",,,0.0,False,False,18,1
505,0.1959,"[1744.2, 526.5, 1798.2, 724.3]",,,0.0,False,False,18,1
505,0.1887,"[998.3, 510.6, 1018.6, 579.5]",,,0.0,False,False,18,1
505,0.1872,"[507.9, 492.4, 543.7, 595.0]",,,0.0,False,False,18,1
505,0.1673,"[491.7, 484.3, 514.7, 549.1]",,,0.0,False,False,18,1
505,0.125,"[1131.3, 494.1, 1146.2, 529.2]",,,0.0,False,False,18,1
505,0.1202,"[1472.9, 529.9, 1508.0, 642.6]",,,0.0,False,False,18,1
505,0.1172,"[1048.3, 503.9, 1069.9, 569.4]",259,"[1035.8250100715136, 506.201698236547, 1062.8053610222364, 578.322227544703]",0.3758,True,False,18,1
506,0.5498,"[554.2, 490.1, 573.8, 546.8]",416,"[554.6907771597101, 489.5086735744576, 576.0580021371649, 548.2985774021049]",0.8407,True,False,20,5
506,0.5377,"[1584.9, 512.7, 1628.1, 677.4]",,,0.0,False,False,20,5
506,0.5064,"[1294.0, 534.9, 1319.6, 599.1]",419,"[1293.4443934626204, 534.3444833314426, 1319.4813877873794, 596.6072988951198]",0.9291,True,False,20,5
506,0.4786,"[489.7, 484.0, 515.4, 552.8]",,,0.0,False,False,20,5
506,0.4404,"[1045.6, 508.3, 1067.2, 576.5]",,,0.0,False,False,20,5
506,0.4297,"[1493.1, 512.3, 1530.9, 652.1]",,,0.0,False,False,20,5
506,0.414,"[999.7, 511.3, 1021.3, 584.9]",,,0.0,False,False,20,5
506,0.3251,"[1499.9, 511.7, 1540.4, 654.8]",,,0.0,False,False,20,5
506,0.3067,"[1041.5, 512.0, 1065.8, 582.2]",,,0.0,False,False,20,5
506,0.2838,"[506.6, 493.1, 545.1, 601.1]",,,0.0,False,False,20,5
506,0.2595,"[1218.4, 497.5, 1235.9, 537.3]",,,0.0,False,False,20,5
506,0.248,"[624.0, 494.1, 643.6, 549.5]",,,0.0,False,False,20,5
506,0.2292,"[540.3, 491.4, 559.9, 550.1]",416,"[554.6907771597101, 489.5086735744576, 576.0580021371649, 548.2985774021049]",0.1409,False,False,20,5
506,0.2224,"[1428.3, 528.5, 1455.3, 602.8]",,,0.0,False,False,20,5
506,0.2012,"[847.1, 482.6, 860.6, 510.3]",,,0.0,False,False,20,5
506,0.1618,"[1132.7, 495.5, 1146.2, 526.5]",,,0.0,False,False,20,5
506,0.1498,"[1740.2, 512.0, 1796.9, 708.1]",,,0.0,False,False,20,5
506,0.133,"[1319.0, 533.6, 1347.3, 602.4]",,,0.0093,False,False,20,5
506,0.1315,"[457.0, 497.1, 488.0, 580.2]",,,0.0,False,False,20,5
506,0.1282,"[508.3, 496.5, 532.6, 554.5]",,,0.0,False,False,20,5
507,0.5288,"[1751.0, 508.6, 1807.7, 696.6]",,,0.0,False,False,19,0
507,0.4526,"[539.7, 492.1, 559.9, 551.5]",,,0.0,False,False,19,0
507,0.4412,"[1591.7, 512.3, 1634.9, 677.0]",,,0.0,False,False,19,0
507,0.4288,"[1001.7, 517.0, 1027.3, 598.1]",,,0.0,False,False,19,0
507,0.4084,"[999.7, 508.6, 1022.6, 581.5]",,,0.0,False,False,19,0
507,0.393,"[505.2, 498.2, 543.7, 606.2]",,,0.0,False,False,19,0
507,0.3292,"[623.7, 494.1, 643.3, 550.1]",,,0.0,False,False,19,0
507,0.3195,"[488.7, 487.0, 513.0, 552.5]",,,0.0,False,False,19,0
507,0.2478,"[849.8, 482.0, 863.3, 509.6]",,,0.0,False,False,19,0
507,0.246,"[614.9, 495.1, 635.2, 550.5]",,,0.0,False,False,19,0
507,0.2179,"[1134.0, 495.8, 1147.5, 527.5]",,,0.0,False,False,19,0
507,0.1833,"[1045.6, 511.7, 1068.5, 576.5]",,,0.0,False,False,19,0
507,0.1682,"[508.3, 496.8, 532.6, 555.5]",,,0.0,False,False,19,0
507,0.1625,"[1318.3, 530.5, 1348.0, 601.4]",,,0.0,False,False,19,0
507,0.1604,"[1220.4, 497.5, 1236.6, 534.6]",,,0.0,False,False,19,0
507,0.144,"[1861.7, 554.2, 1921.1, 747.9]",,,0.0,False,False,19,0
507,0.1176,"[1431.0, 501.9, 1447.2, 543.7]",,,0.0,False,False,19,0
507,0.1131,"[515.0, 496.1, 538.0, 554.2]",,,0.0,False,False,19,0
507,0.1067,"[537.3, 493.1, 554.9, 550.5]",,,0.0,False,False,19,0
508,0.5777,"[554.2, 489.7, 572.4, 545.7]",416,"[550.3561883560279, 489.87952913303576, 570.9535040267845, 546.7430294607143]",0.7467,True,False,19,5
508,0.4947,"[1300.7, 535.6, 1326.4, 595.7]",419,"[1301.2414346237033, 535.0795684956219, 1327.239522407547, 597.1556609965658]",0.9179,True,False,19,5
508,0.4672,"[625.7, 493.1, 644.0, 549.8]",,,0.0,False,False,19,5
508,0.4094,"[850.5, 481.6, 864.0, 510.0]",,,0.0,False,False,19,5
508,0.3629,"[1602.5, 513.7, 1648.4, 680.4]",,,0.0,False,False,19,5
508,0.3598,"[539.0, 492.4, 559.9, 551.1]",416,"[550.3561883560279, 489.87952913303576, 570.9535040267845, 546.7430294607143]",0.276,False,False,19,5
508,0.3378,"[1000.4, 513.3, 1024.7, 582.9]",,,0.0,False,False,19,5
508,0.3152,"[506.6, 496.8, 528.2, 556.2]",,,0.0,False,False,19,5
508,0.2712,"[1876.5, 555.5, 1938.6, 758.7]",,,0.0,False,False,19,5
508,0.2542,"[1136.0, 495.8, 1150.9, 528.2]",,,0.0,False,False,19,5
508,0.2242,"[1433.7, 500.2, 1449.9, 542.0]",,,0.0,False,False,19,5
508,0.2112,"[1680.8, 528.2, 1726.7, 698.0]",,,0.0,False,False,19,5
508,0.2001,"[1471.5, 517.7, 1498.5, 605.5]",,,0.0,False,False,19,5
508,0.1662,"[1050.3, 509.3, 1071.9, 579.5]",259,"[1048.6949476181208, 507.32715299751476, 1074.0931383193792, 576.4608108696727]",0.7967,True,False,19,5
508,0.1597,"[503.6, 498.5, 543.4, 604.5]",,,0.0,False,False,19,5
508,0.1305,"[1054.3, 508.6, 1074.6, 574.1]",259,"[1048.6949476181208, 507.32715299751476, 1074.0931383193792, 576.4608108696727]",0.7226,True,False,19,5
508,0.1149,"[1200.8, 527.5, 1229.2, 598.4]",390,"[1205.2897940410069, 520.7947715816505, 1232.3168954121184, 598.1773963870995]",0.6995,True,False,19,5
508,0.1147,"[1449.9, 497.1, 1468.8, 543.0]",,,0.0,False,False,19,5
508,0.1099,"[516.7, 496.1, 538.3, 553.5]",,,0.0,False,False,19,5
509,0.5069,"[1002.4, 511.3, 1025.3, 584.2]",,,0.0,False,False,21,1
509,0.4401,"[539.3, 493.4, 560.2, 552.2]",,,0.0,False,False,21,1
509,0.396,"[626.1, 491.7, 644.3, 549.1]",,,0.0,False,False,21,1
509,0.3669,"[1138.7, 494.4, 1153.6, 528.2]",,,0.0,False,False,21,1
509,0.351,"[852.5, 482.0, 864.7, 508.3]",,,0.0,False,False,21,1
509,0.3276,"[1435.1, 500.9, 1451.2, 542.7]",,,0.0,False,False,21,1
509,0.3224,"[1056.4, 505.6, 1078.0, 575.1]",,,0.0,False,False,21,1
509,0.2669,"[501.2, 498.5, 542.4, 604.5]",,,0.0,False,False,21,1
509,0.2395,"[1221.8, 496.1, 1239.3, 544.0]",,,0.0,False,False,21,1
509,0.2001,"[1203.5, 527.5, 1231.9, 599.7]",,,0.0,False,False,21,1
509,0.1902,"[1692.9, 523.8, 1738.8, 690.5]",,,0.0,False,False,21,1
509,0.1898,"[612.2, 494.4, 631.8, 549.8]",,,0.0,False,False,21,1
509,0.1656,"[1330.4, 539.0, 1356.1, 603.1]",,,0.0,False,False,21,1
509,0.1622,"[505.2, 497.5, 526.2, 554.2]",,,0.0,False,False,21,1
509,0.1318,"[1892.7, 569.7, 1992.6, 803.2]",369,"[1874.1693332104703, 551.1863083750178, 1978.0965359301547, 805.6335158437322]",0.6686,True,False,21,1
509,0.1267,"[1260.9, 491.7, 1278.5, 535.6]",,,0.0,False,False,21,1
509,0.1225,"[1674.0, 513.0, 1717.2, 674.3]",,,0.0,False,False,21,1
509,0.1064,"[461.7, 499.5, 482.6, 550.8]",,,0.0,False,False,21,1
509,0.1042,"[1045.6, 511.0, 1072.6, 583.9]",,,0.0,False,False,21,1
509,0.1027,"[972.0, 492.8, 982.8, 516.4]",,,0.0,False,False,21,1
509,0.1023,"[513.0, 496.1, 534.6, 554.2]",,,0.0,False,False,21,1
510,0.5029,"[627.1, 493.4, 644.6, 548.8]",,,0.0,False,False,15,0
510,0.5025,"[1702.4, 523.1, 1753.7, 698.0]",,,0.0,False,False,15,0
510,0.4508,"[539.7, 493.4, 559.9, 550.8]",,,0.0,False,False,15,0
510,0.4481,"[1505.2, 526.5, 1543.1, 651.4]",,,0.0,False,False,15,0
510,0.4128,"[501.2, 496.5, 524.1, 557.2]",,,0.0,False,False,15,0
510,0.4036,"[1139.4, 495.8, 1152.9, 530.2]",,,0.0,False,False,15,0
510,0.3891,"[853.9, 479.6, 866.0, 507.9]",,,0.0,False,False,15,0
510,0.3001,"[514.4, 495.5, 536.6, 552.8]",,,0.0,False,False,15,0
510,0.2647,"[1059.1, 509.6, 1079.3, 573.1]",,,0.0,False,False,15,0
510,0.1811,"[449.6, 492.4, 465.8, 540.3]",,,0.0,False,False,15,0
510,0.1419,"[519.8, 495.5, 541.4, 552.2]",,,0.0,False,False,15,0
510,0.1408,"[1614.6, 513.0, 1655.1, 674.3]",,,0.0,False,False,15,0
510,0.1284,"[491.7, 493.1, 510.0, 549.1]",,,0.0,False,False,15,0
510,0.125,"[1163.0, 494.8, 1179.2, 537.3]",,,0.0,False,False,15,0
510,0.1076,"[936.9, 482.6, 950.4, 514.4]",,,0.0,False,False,15,0
511,0.5732,"[1312.9, 534.9, 1338.5, 601.1]",419,"[1311.7866743497993, 534.3195249009964, 1339.3729936189509, 600.3283022474411]",0.9114,True,False,19,2
511,0.5204,"[1521.5, 513.0, 1570.1, 660.2]",,,0.0,False,False,19,2
511,0.505,"[1004.4, 513.0, 1027.3, 584.6]",,,0.0,False,False,19,2
511,0.4339,"[626.7, 491.4, 645.0, 549.5]",,,0.0,False,False,19,2
511,0.4291,"[1139.4, 495.8, 1154.2, 529.5]",,,0.0,False,False,19,2
511,0.3981,"[1713.2, 523.8, 1761.8, 698.6]",,,0.0,False,False,19,2
511,0.3577,"[1215.0, 526.8, 1240.7, 597.0]",,,0.0,False,False,19,2
511,0.3445,"[1164.4, 496.1, 1181.9, 538.7]",,,0.0,False,False,19,2
511,0.3265,"[539.7, 495.8, 559.2, 551.8]",,,0.0,False,False,19,2
511,0.2785,"[855.2, 480.6, 867.4, 509.0]",,,0.0,False,False,19,2
511,0.2246,"[512.7, 494.1, 534.3, 553.5]",,,0.0,False,False,19,2
511,0.2172,"[501.5, 496.8, 522.5, 557.5]",,,0.0,False,False,19,2
511,0.2093,"[1512.0, 520.1, 1552.5, 654.4]",,,0.0,False,False,19,2
511,0.1799,"[1327.7, 514.4, 1358.8, 587.2]",419,"[1311.7866743497993, 534.3195249009964, 1339.3729936189509, 600.3283022474411]",0.1778,False,False,19,2
511,0.1764,"[1334.5, 531.9, 1366.9, 604.1]",419,"[1311.7866743497993, 534.3195249009964, 1339.3729936189509, 600.3283022474411]",0.0842,False,False,19,2
511,0.1534,"[1628.1, 511.7, 1674.0, 682.4]",,,0.0,False,False,19,2
511,0.1418,"[490.4, 492.8, 510.6, 553.5]",,,0.0,False,False,19,2
511,0.1343,"[1366.2, 506.6, 1395.9, 595.7]",,,0.0,False,False,19,2
511,0.1029,"[1253.5, 511.3, 1275.1, 558.6]",,,0.0,False,False,19,2
512,0.5113,"[1692.9, 524.1, 1744.2, 697.3]",108,"[1687.606260404203, 516.9397630826553, 1737.1510638145467, 692.6239576204696]",0.736,True,False,20,1
512,0.4814,"[1140.8, 495.1, 1155.6, 530.9]",,,0.0,False,False,20,1
512,0.4673,"[1722.6, 522.5, 1773.9, 704.0]",108,"[1687.606260404203, 516.9397630826553, 1737.1510638145467, 692.6239576204696]",0.1593,False,False,20,1
512,0.4263,"[1518.8, 526.8, 1556.6, 655.1]",,,0.0,False,False,20,1
512,0.4096,"[1528.2, 517.0, 1574.1, 660.8]",,,0.0,False,False,20,1
512,0.3781,"[626.1, 491.4, 645.0, 549.5]",,,0.0,False,False,20,1
512,0.3741,"[526.2, 496.5, 547.1, 559.2]",,,0.0,False,False,20,1
512,0.3583,"[1637.6, 511.3, 1683.5, 685.5]",,,0.0,False,False,20,1
512,0.2903,"[856.6, 480.6, 870.1, 509.0]",,,0.0,False,False,20,1
512,0.2797,"[501.9, 496.1, 524.8, 558.9]",,,0.0,False,False,20,1
512,0.2658,"[540.3, 496.1, 558.6, 552.2]",,,0.0,False,False,20,1
512,0.2062,"[1441.8, 505.6, 1455.3, 540.7]",,,0.0,False,False,20,1
512,0.1861,"[1256.2, 508.3, 1277.8, 551.5]",,,0.0,False,False,20,1
512,0.172,"[1370.9, 511.3, 1402.7, 595.7]",,,0.0,False,False,20,1
512,0.1493,"[1331.1, 516.7, 1363.5, 590.3]",,,0.0,False,False,20,1
512,0.1467,"[1269.0, 491.4, 1287.9, 537.3]",,,0.0,False,False,20,1
512,0.145,"[1127.9, 493.1, 1141.4, 527.5]",,,0.0,False,False,20,1
512,0.1329,"[512.3, 494.4, 533.9, 555.2]",,,0.0,False,False,20,1
512,0.1241,"[490.7, 490.4, 513.7, 555.2]",,,0.0,False,False,20,1
512,0.1202,"[1335.2, 530.2, 1366.2, 605.1]",,,0.0,False,False,20,1
513,0.5643,"[1733.4, 527.2, 1782.0, 696.6]",,,0.0,False,False,16,4
513,0.5565,"[1379.0, 511.7, 1410.8, 591.3]",,,0.0,False,False,16,4
513,0.5348,"[525.8, 495.5, 547.4, 559.6]",,,0.0,False,False,16,4
513,0.5037,"[1525.5, 532.2, 1563.3, 657.8]",,,0.0,False,False,16,4
513,0.4624,"[1321.0, 534.6, 1345.3, 595.4]",419,"[1318.654321881587, 535.7246501510267, 1346.144994524663, 601.8617756302234]",0.7851,True,False,16,4
513,0.4421,"[1544.4, 520.4, 1582.2, 658.8]",,,0.0,False,False,16,4
513,0.4377,"[1337.2, 516.0, 1364.2, 582.9]",419,"[1318.654321881587, 535.7246501510267, 1346.144994524663, 601.8617756302234]",0.1321,False,False,16,4
513,0.4232,"[1641.6, 512.0, 1687.5, 686.8]",,,0.0,False,False,16,4
513,0.3875,"[491.1, 493.8, 510.0, 551.1]",,,0.0,False,False,16,4
513,0.3729,"[509.3, 493.8, 530.2, 554.5]",,,0.0,False,False,16,4
513,0.3198,"[626.4, 491.7, 645.3, 549.8]",,,0.0,False,False,16,4
513,0.2992,"[857.9, 480.3, 872.8, 509.3]",,,0.0,False,False,16,4
513,0.2922,"[1445.9, 506.9, 1459.4, 541.4]",,,0.0,False,False,16,4
513,0.2389,"[540.7, 495.1, 558.9, 551.1]",,,0.0,False,False,16,4
513,0.127,"[1891.4, 577.8, 1975.1, 776.2]",407,"[1876.7403553717104, 584.4716649916782, 1958.7012950189148, 789.2194971176968]",0.6308,True,False,16,4
513,0.118,"[1842.8, 539.3, 1896.8, 741.2]",407,"[1876.7403553717104, 584.4716649916782, 1958.7012950189148, 789.2194971176968]",0.1277,False,False,16,4
514,0.5482,"[1323.0, 533.9, 1350.0, 602.1]",,,0.0,False,False,18,0
514,0.4578,"[487.4, 491.7, 509.0, 552.5]",,,0.0,False,False,18,0
514,0.3632,"[505.6, 493.8, 527.2, 555.9]",,,0.0,False,False,18,0
514,0.2661,"[1345.3, 533.2, 1376.3, 608.9]",,,0.0,False,False,18,0
514,0.2633,"[626.4, 491.1, 645.3, 549.8]",,,0.0,False,False,18,0
514,0.2556,"[1144.8, 495.8, 1158.3, 527.5]",,,0.0,False,False,18,0
514,0.2299,"[860.0, 480.3, 876.2, 508.6]",,,0.0,False,False,18,0
514,0.2057,"[439.4, 496.1, 461.0, 556.2]",,,0.0,False,False,18,0
514,0.1945,"[1699.7, 531.9, 1751.0, 702.7]",,,0.0,False,False,18,0
514,0.1773,"[510.0, 492.8, 530.9, 554.9]",,,0.0,False,False,18,0
514,0.1731,"[1447.2, 505.6, 1460.7, 540.7]",,,0.0,False,False,18,0
514,0.1598,"[540.3, 492.8, 558.6, 550.1]",,,0.0,False,False,18,0
514,0.1459,"[1651.1, 515.7, 1694.2, 685.1]",,,0.0,False,False,18,0
514,0.1363,"[1381.1, 512.3, 1410.8, 592.0]",,,0.0,False,False,18,0
514,0.1313,"[1529.6, 523.8, 1567.4, 656.1]",,,0.0,False,False,18,0
514,0.1305,"[1549.8, 516.7, 1590.3, 665.2]",,,0.0,False,False,18,0
514,0.1147,"[1339.2, 513.3, 1367.6, 575.4]",,,0.0,False,False,18,0
514,0.1121,"[654.4, 484.7, 680.7, 557.5]",,,0.0,False,False,18,0
515,0.5736,"[1539.0, 524.5, 1579.5, 663.5]",,,0.0,False,False,23,0
515,0.5731,"[1327.7, 535.6, 1354.7, 603.1]",,,0.0,False,False,23,0
515,0.5446,"[1718.6, 518.4, 1772.6, 693.9]",,,0.0,False,False,23,0
515,0.4125,"[1711.8, 535.6, 1765.8, 707.4]",,,0.0,False,False,23,0
515,0.3888,"[1385.1, 512.7, 1420.2, 592.3]",,,0.0,False,False,23,0
515,0.3457,"[1146.2, 494.8, 1162.4, 529.2]",,,0.0,False,False,23,0
515,0.3307,"[1647.0, 514.4, 1690.2, 683.8]",,,0.0,False,False,23,0
515,0.3207,"[485.7, 491.1, 511.3, 557.2]",,,0.0,False,False,23,0
515,0.3184,"[1501.2, 517.7, 1536.3, 611.6]",,,0.0,False,False,23,0
515,0.3156,"[1262.2, 506.9, 1278.5, 544.7]",,,0.0,False,False,23,0
515,0.3144,"[527.2, 488.0, 551.5, 557.5]",,,0.0,False,False,23,0
515,0.2633,"[988.2, 515.0, 1012.5, 579.8]",,,0.0,False,False,23,0
515,0.2462,"[501.9, 493.4, 523.5, 556.9]",,,0.0,False,False,23,0
515,0.2452,"[1353.4, 537.0, 1381.7, 609.9]",,,0.0,False,False,23,0
515,0.2399,"[862.0, 480.6, 878.2, 509.6]",,,0.0,False,False,23,0
515,0.193,"[1536.3, 538.0, 1571.4, 660.2]",,,0.0,False,False,23,0
515,0.1596,"[437.7, 494.1, 460.7, 556.9]",,,0.0,False,False,23,0
515,0.1431,"[1665.9, 526.5, 1709.1, 689.2]",,,0.0,False,False,23,0
515,0.1416,"[510.6, 492.1, 532.2, 554.9]",,,0.0,False,False,23,0
515,0.1308,"[1133.3, 495.8, 1146.8, 528.9]",,,0.0,False,False,23,0
515,0.1153,"[626.1, 490.4, 645.6, 550.5]",,,0.0,False,False,23,0
515,0.1146,"[1024.7, 513.0, 1040.8, 560.9]",,,0.0,False,False,23,0
515,0.107,"[1274.4, 493.1, 1290.6, 531.6]",,,0.0,False,False,23,0
516,0.5793,"[613.2, 488.4, 634.2, 549.8]",392,"[614.4673901970426, 487.80542943360103, 636.3861254279574, 549.742666269524]",0.843,True,False,28,3
516,0.5435,"[1764.5, 527.9, 1815.8, 716.9]",,,0.0,False,False,28,3
516,0.4706,"[1390.5, 511.3, 1422.9, 591.6]",,,0.0,False,False,28,3
516,0.4294,"[1672.7, 526.2, 1715.9, 694.6]",,,0.0,False,False,28,3
516,0.4034,"[1725.3, 533.9, 1779.3, 711.5]",,,0.0,False,False,28,3
516,0.3993,"[501.5, 494.1, 523.1, 557.5]",,,0.0,False,False,28,3
516,0.3945,"[1173.8, 494.8, 1190.0, 536.0]",,,0.0,False,False,28,3
516,0.3863,"[485.3, 492.1, 509.6, 556.2]",,,0.0,False,False,28,3
516,0.3685,"[1147.5, 492.4, 1163.7, 528.2]",,,0.0,False,False,28,3
516,0.3332,"[1892.7, 531.6, 1962.9, 774.2]",415,"[1882.3031493546503, 541.9325023522464, 1965.18513189535, 780.9494556555661]",0.794,True,False,28,3
516,0.3249,"[437.4, 493.1, 458.3, 555.2]",,,0.0,False,False,28,3
516,0.3092,"[526.5, 491.1, 551.5, 557.2]",,,0.0,False,False,28,3
516,0.2968,"[862.7, 480.6, 878.9, 508.3]",,,0.0,False,False,28,3
516,0.2902,"[1057.1, 517.0, 1084.1, 579.8]",364,"[1061.066193683294, 514.5860558842993, 1091.328581707331, 591.9768103266383]",0.5562,True,False,28,3
516,0.2807,"[1605.2, 520.8, 1648.4, 676.7]",,,0.0,False,False,28,3
516,0.2691,"[1111.7, 500.2, 1127.9, 548.8]",,,0.0,False,False,28,3
516,0.2681,"[1062.5, 514.0, 1090.8, 580.2]",364,"[1061.066193683294, 514.5860558842993, 1091.328581707331, 591.9768103266383]",0.7883,True,False,28,3
516,0.2469,"[1347.3, 518.7, 1374.3, 591.6]",,,0.0,False,False,28,3
516,0.2325,"[1661.9, 519.4, 1705.1, 688.8]",,,0.0,False,False,28,3
516,0.1987,"[656.8, 486.0, 681.8, 558.2]",,,0.0,False,False,28,3
516,0.1721,"[1715.9, 536.3, 1764.5, 710.8]",,,0.0,False,False,28,3
516,0.1623,"[1653.8, 513.7, 1694.2, 664.9]",,,0.0,False,False,28,3
516,0.1573,"[1096.2, 489.4, 1107.0, 515.7]",,,0.0,False,False,28,3
516,0.1416,"[1026.0, 510.0, 1042.2, 558.6]",,,0.0,False,False,28,3
516,0.126,"[988.2, 516.7, 1011.2, 578.8]",,,0.0,False,False,28,3
516,0.1126,"[1512.0, 516.0, 1547.1, 613.2]",,,0.0,False,False,28,3
516,0.108,"[512.3, 492.4, 532.6, 553.8]",,,0.0,False,False,28,3
516,0.104,"[626.1, 491.4, 645.6, 549.5]",392,"[614.4673901970426, 487.80542943360103, 636.3861254279574, 549.742666269524]",0.3163,True,False,28,3
517,0.5784,"[656.1, 479.3, 683.1, 559.6]",,,0.0,False,False,27,1
517,0.5691,"[1736.1, 535.6, 1790.1, 713.5]",,,0.0,False,False,27,1
517,0.5374,"[1611.9, 517.7, 1657.8, 677.0]",413,"[1618.8700834220338, 519.3585498177938, 1664.2121919685912, 688.7281201040813]",0.6933,True,False,27,1
517,0.4873,"[1229.9, 522.8, 1258.2, 595.0]",,,0.0,False,False,27,1
517,0.4435,"[1148.9, 494.8, 1163.7, 528.5]",,,0.0,False,False,27,1
517,0.4192,"[1773.9, 529.9, 1827.9, 720.2]",,,0.0,False,False,27,1
517,0.4082,"[1358.1, 539.0, 1387.8, 613.2]",,,0.0,False,False,27,1
517,0.3909,"[864.0, 479.9, 881.6, 507.6]",,,0.0,False,False,27,1
517,0.3775,"[1026.0, 512.3, 1043.6, 564.3]",,,0.0,False,False,27,1
517,0.3545,"[436.1, 488.4, 459.0, 552.5]",,,0.0,False,False,27,1
517,0.3284,"[500.2, 490.7, 522.5, 554.9]",,,0.0,False,False,27,1
517,0.3175,"[1674.0, 526.2, 1719.9, 696.6]",,,0.0,False,False,27,1
517,0.3118,"[483.6, 490.1, 505.9, 551.5]",,,0.0,False,False,27,1
517,0.3007,"[1513.4, 516.0, 1551.2, 614.6]",,,0.0,False,False,27,1
517,0.2519,"[1667.2, 519.1, 1707.8, 672.3]",,,0.0,False,False,27,1
517,0.24,"[525.5, 490.7, 551.1, 555.5]",,,0.0,False,False,27,1
517,0.2323,"[988.9, 515.7, 1013.2, 579.8]",,,0.0,False,False,27,1
517,0.2273,"[494.1, 491.1, 518.4, 557.9]",,,0.0,False,False,27,1
517,0.214,"[1682.1, 527.9, 1728.0, 696.6]",,,0.0,False,False,27,1
517,0.1769,"[538.7, 491.7, 557.5, 549.8]",,,0.0,False,False,27,1
517,0.1759,"[1629.5, 524.5, 1672.7, 689.9]",413,"[1618.8700834220338, 519.3585498177938, 1664.2121919685912, 688.7281201040813]",0.6265,True,False,27,1
517,0.148,"[945.0, 482.6, 959.9, 513.7]",,,0.0,False,False,27,1
517,0.1465,"[534.6, 491.7, 555.5, 555.2]",,,0.0,False,False,27,1
517,0.1356,"[1487.7, 532.9, 1517.4, 611.9]",,,0.0,False,False,27,1
517,0.1337,"[1572.8, 521.4, 1613.2, 662.5]",,,0.0,False,False,27,1
517,0.1238,"[628.8, 494.8, 646.3, 548.8]",,,0.0,False,False,27,1
517,0.119,"[1798.2, 531.9, 1854.9, 726.3]",,,0.0,False,False,27,1
518,0.5241,"[483.0, 493.8, 504.6, 553.2]",,,0.0,False,False,26,3
518,0.4644,"[1337.9, 533.9, 1364.9, 603.5]",419,"[1336.429709942974, 531.7422647230999, 1364.651833025776, 600.0797567612751]",0.8723,True,False,26,3
518,0.447,"[1232.6, 524.1, 1258.2, 595.0]",,,0.0,False,False,26,3
518,0.4449,"[499.8, 494.4, 521.4, 555.9]",,,0.0,False,False,26,3
518,0.4402,"[613.2, 489.7, 634.2, 550.5]",392,"[614.211581280618, 489.7831466393694, 635.1112946959446, 548.9995682043806]",0.89,True,False,26,3
518,0.41,"[1177.2, 493.4, 1192.1, 529.2]",,,0.0,False,False,26,3
518,0.3999,"[1672.7, 520.4, 1715.9, 676.4]",,,0.0,False,False,26,3
518,0.3841,"[1439.1, 509.6, 1468.8, 603.5]",,,0.0,False,False,26,3
518,0.356,"[1150.9, 496.1, 1164.4, 529.2]",,,0.0,False,False,26,3
518,0.3393,"[864.7, 480.3, 884.9, 509.3]",,,0.0,False,False,26,3
518,0.3162,"[1680.8, 523.5, 1726.7, 690.2]",,,0.0,False,False,26,3
518,0.3083,"[1352.7, 519.4, 1383.8, 595.7]",419,"[1336.429709942974, 531.7422647230999, 1364.651833025776, 600.0797567612751]",0.2163,False,False,26,3
518,0.2934,"[434.4, 497.1, 456.0, 554.5]",,,0.0,False,False,26,3
518,0.2628,"[1024.0, 513.3, 1044.2, 575.4]",,,0.0,False,False,26,3
518,0.2528,"[1691.6, 525.8, 1737.5, 700.7]",,,0.0,False,False,26,3
518,0.2419,"[1624.1, 521.1, 1664.6, 672.3]",,,0.0,False,False,26,3
518,0.2314,"[1732.1, 534.9, 1788.8, 718.2]",,,0.0,False,False,26,3
518,0.2251,"[1398.6, 509.6, 1436.4, 603.5]",,,0.0,False,False,26,3
518,0.2157,"[981.5, 491.7, 992.3, 514.7]",,,0.0,False,False,26,3
518,0.1909,"[988.9, 516.4, 1014.5, 586.6]",,,0.0,False,False,26,3
518,0.1585,"[1026.7, 513.7, 1044.2, 560.9]",,,0.0,False,False,26,3
518,0.1311,"[1177.9, 493.8, 1194.1, 536.3]",,,0.0,False,False,26,3
518,0.1186,"[436.4, 490.7, 454.6, 541.4]",,,0.0,False,False,26,3
518,0.1082,"[963.2, 490.4, 975.4, 514.7]",,,0.0,False,False,26,3
518,0.1049,"[946.4, 482.6, 961.2, 513.7]",,,0.0,False,False,26,3
518,0.1002,"[514.4, 492.4, 533.9, 552.5]",,,0.0,False,False,26,3
519,0.5787,"[1884.6, 538.0, 1968.3, 783.0]",381,"[1874.9235805205637, 530.550471372982, 1972.4240757294363, 781.0729417129556]",0.8276,True,False,23,1
519,0.5708,"[522.5, 490.4, 553.5, 559.9]",,,0.0,False,False,23,1
519,0.5485,"[500.5, 496.1, 522.1, 554.9]",,,0.0,False,False,23,1
519,0.5478,"[482.3, 493.4, 504.6, 552.2]",,,0.0,False,False,23,1
519,0.4679,"[432.3, 487.0, 454.6, 551.8]",,,0.0,False,False,23,1
519,0.4642,"[1178.6, 493.1, 1196.1, 539.0]",,,0.0,False,False,23,1
519,0.4164,"[1699.7, 530.2, 1748.2, 702.0]",,,0.0,False,False,23,1
519,0.3853,"[1150.9, 493.4, 1167.1, 529.9]",,,0.0,False,False,23,1
519,0.3512,"[1366.2, 540.0, 1395.9, 613.6]",,,0.0,False,False,23,1
519,0.3378,"[1521.5, 515.4, 1559.2, 617.3]",,,0.0,False,False,23,1
519,0.3198,"[655.1, 482.3, 683.4, 563.3]",,,0.0,False,False,23,1
519,0.2645,"[866.7, 480.3, 884.2, 508.6]",,,0.0,False,False,23,1
519,0.2602,"[1138.1, 491.1, 1152.9, 528.2]",,,0.0,False,False,23,1
519,0.2403,"[1745.6, 536.0, 1802.2, 725.0]",,,0.0,False,False,23,1
519,0.2292,"[1028.0, 514.0, 1045.6, 565.3]",,,0.0,False,False,23,1
519,0.2156,"[1435.1, 520.4, 1462.1, 608.2]",,,0.0,False,False,23,1
519,0.1947,"[1357.4, 520.4, 1391.9, 608.2]",,,0.0,False,False,23,1
519,0.1916,"[1682.1, 525.2, 1722.6, 698.0]",,,0.0,False,False,23,1
519,0.1365,"[1884.6, 632.5, 1941.3, 781.0]",381,"[1874.9235805205637, 530.550471372982, 1972.4240757294363, 781.0729417129556]",0.3447,True,False,23,1
519,0.1221,"[1425.6, 515.0, 1458.0, 610.9]",,,0.0,False,False,23,1
519,0.1074,"[963.2, 490.7, 976.7, 517.0]",,,0.0,False,False,23,1
519,0.1058,"[982.8, 490.7, 993.6, 514.4]",,,0.0,False,False,23,1
519,0.1054,"[872.1, 480.9, 888.3, 507.9]",,,0.0,False,False,23,1
520,0.5472,"[498.5, 496.1, 520.8, 555.5]",,,0.0,False,False,19,0
520,0.5434,"[481.6, 493.8, 503.2, 553.8]",,,0.0,False,False,19,0
520,0.5334,"[1806.3, 534.3, 1863.0, 727.7]",,,0.0,False,False,19,0
520,0.4646,"[1406.7, 510.3, 1444.5, 613.6]",,,0.0,False,False,19,0
520,0.4375,"[1180.6, 493.4, 1196.8, 531.9]",,,0.0,False,False,19,0
520,0.4049,"[430.3, 489.7, 452.6, 554.5]",,,0.0,False,False,19,0
520,0.3692,"[870.1, 482.3, 887.6, 512.7]",,,0.0,False,False,19,0
520,0.3669,"[1152.2, 494.4, 1168.4, 530.9]",,,0.0,False,False,19,0
520,0.3102,"[1029.4, 514.0, 1046.9, 565.3]",,,0.0,False,False,19,0
520,0.2763,"[1756.4, 537.3, 1813.1, 728.3]",,,0.0,False,False,19,0
520,0.2544,"[655.8, 483.3, 682.8, 559.6]",,,0.0,False,False,19,0
520,0.2322,"[1709.1, 527.9, 1755.0, 701.3]",,,0.0,False,False,19,0
520,0.2084,"[1691.6, 522.5, 1737.5, 703.4]",,,0.0,False,False,19,0
520,0.1397,"[1240.0, 494.8, 1256.2, 534.6]",,,0.0,False,False,19,0
520,0.139,"[947.0, 482.3, 963.2, 515.4]",,,0.0,False,False,19,0
520,0.1304,"[645.3, 487.0, 666.9, 551.1]",,,0.0,False,False,19,0
520,0.1252,"[965.9, 489.0, 978.1, 518.1]",,,0.0,False,False,19,0
520,0.1183,"[888.3, 479.6, 903.2, 508.6]",,,0.0,False,False,19,0
520,0.1156,"[1904.9, 538.3, 1983.2, 779.6]",,,0.0,False,False,19,0
521,0.573,"[591.0, 491.7, 615.9, 551.8]",410,"[592.8476989431526, 490.14228864008095, 617.3737366037223, 551.651900813044]",0.851,True,False,23,2
521,0.539,"[1576.8, 527.2, 1622.7, 673.0]",,,0.0,False,False,23,2
521,0.5232,"[1818.5, 532.2, 1875.2, 729.0]",,,0.0,False,False,23,2
521,0.4849,"[497.5, 495.1, 519.8, 555.9]",,,0.0,False,False,23,2
521,0.478,"[429.3, 487.7, 450.2, 551.8]",,,0.0,False,False,23,2
521,0.4731,"[1377.0, 541.0, 1404.0, 612.6]",,,0.0,False,False,23,2
521,0.4272,"[481.6, 493.1, 502.5, 553.8]",,,0.0,False,False,23,2
521,0.4267,"[1153.6, 495.5, 1169.8, 531.9]",,,0.0,False,False,23,2
521,0.4225,"[1182.6, 491.7, 1198.8, 527.5]",,,0.0,False,False,23,2
521,0.3743,"[1025.3, 514.4, 1048.3, 586.6]",,,0.0,False,False,23,2
521,0.3414,"[1784.7, 535.3, 1841.4, 729.0]",,,0.0,False,False,23,2
521,0.2959,"[872.1, 480.6, 888.3, 511.0]",,,0.0,False,False,23,2
521,0.272,"[1242.7, 521.8, 1268.3, 596.7]",,,0.0,False,False,23,2
521,0.2605,"[1366.9, 531.9, 1394.6, 606.2]",,,0.0,False,False,23,2
521,0.1927,"[1240.7, 496.1, 1256.9, 537.3]",,,0.0,False,False,23,2
521,0.1758,"[1058.4, 511.0, 1088.1, 585.2]",,,0.0,False,False,23,2
521,0.1698,"[445.5, 496.5, 466.4, 551.1]",,,0.0,False,False,23,2
521,0.1683,"[1346.0, 492.1, 1363.5, 532.6]",,,0.0,False,False,23,2
521,0.1602,"[518.7, 493.8, 543.0, 557.2]",,,0.0,False,False,23,2
521,0.1301,"[949.7, 480.9, 964.6, 514.7]",,,0.0,False,False,23,2
521,0.109,"[889.0, 479.6, 903.8, 507.3]",,,0.0,False,False,23,2
521,0.1031,"[1763.1, 535.3, 1819.8, 725.0]",,,0.0,False,False,23,2
521,0.1011,"[644.3, 488.7, 665.9, 550.8]",,,0.0,False,False,23,2
522,0.5567,"[426.9, 487.4, 447.9, 550.8]",,,0.0,False,False,19,2
522,0.537,"[1773.9, 535.3, 1833.3, 729.0]",,,0.0,False,False,19,2
522,0.523,"[992.9, 517.7, 1015.9, 581.2]",,,0.0,False,False,19,2
522,0.4721,"[1060.4, 508.3, 1088.8, 585.9]",,,0.0,False,False,19,2
522,0.4068,"[1832.0, 531.9, 1886.0, 732.4]",418,"[1881.1192890272941, 530.9995548148779, 1947.707859410206, 747.0669735054346]",0.0399,False,False,19,2
522,0.3873,"[1873.8, 527.5, 1941.3, 745.2]",418,"[1881.1192890272941, 530.9995548148779, 1947.707859410206, 747.0669735054346]",0.7962,True,False,19,2
522,0.3504,"[874.1, 478.6, 889.0, 511.0]",,,0.0,False,False,19,2
522,0.3479,"[1370.2, 533.2, 1400.0, 611.6]",,,0.0,False,False,19,2
522,0.3416,"[478.2, 493.1, 501.2, 555.2]",,,0.0,False,False,19,2
522,0.3195,"[1156.3, 493.8, 1171.1, 528.9]",,,0.0,False,False,19,2
522,0.2502,"[1356.1, 113.1, 1380.4, 203.3]",,,0.0,False,False,19,2
522,0.1946,"[1798.2, 529.9, 1857.6, 730.4]",,,0.0,False,False,19,2
522,0.1915,"[1664.6, 524.1, 1721.2, 708.8]",,,0.0,False,False,19,2
522,0.1391,"[445.5, 497.5, 465.1, 551.5]",,,0.0,False,False,19,2
522,0.1306,"[1246.7, 521.1, 1272.4, 596.7]",,,0.0,False,False,19,2
522,0.1305,"[1036.1, 495.1, 1049.6, 528.2]",,,0.0,False,False,19,2
522,0.1163,"[1030.7, 515.7, 1049.6, 573.8]",,,0.0,False,False,19,2
522,0.1156,"[644.3, 490.7, 665.2, 550.8]",,,0.0,False,False,19,2
522,0.1035,"[1733.4, 532.6, 1782.0, 708.8]",,,0.0,False,False,19,2
523,0.5603,"[1610.6, 521.4, 1656.5, 679.4]",,,0.0,False,False,26,1
523,0.5388,"[1697.0, 529.5, 1737.5, 710.1]",,,0.0,False,False,26,1
523,0.5353,"[1375.7, 535.3, 1402.7, 604.8]",,,0.0,False,False,26,1
523,0.4494,"[1740.2, 515.0, 1794.2, 709.4]",,,0.0,False,False,26,1
523,0.4369,"[1248.8, 523.1, 1275.8, 600.1]",,,0.0,False,False,26,1
523,0.3379,"[1186.7, 491.4, 1201.5, 526.5]",,,0.0,False,False,26,1
523,0.3037,"[1036.1, 494.4, 1049.6, 527.5]",,,0.0,False,False,26,1
523,0.2768,"[1157.6, 491.7, 1172.5, 528.9]",,,0.0,False,False,26,1
523,0.267,"[1031.4, 514.0, 1050.3, 569.4]",,,0.0,False,False,26,1
523,0.2345,"[992.9, 519.4, 1015.9, 582.9]",,,0.0,False,False,26,1
523,0.2193,"[1346.6, 491.7, 1364.2, 531.6]",,,0.0,False,False,26,1
523,0.2042,"[480.3, 496.1, 500.5, 553.5]",,,0.0,False,False,26,1
523,0.1947,"[950.4, 481.6, 965.3, 514.7]",,,0.0,False,False,26,1
523,0.194,"[1737.5, 531.9, 1783.4, 708.8]",,,0.0,False,False,26,1
523,0.1875,"[1458.0, 513.7, 1493.1, 612.9]",,,0.0,False,False,26,1
523,0.187,"[1096.9, 488.0, 1107.7, 515.7]",,,0.0,False,False,26,1
523,0.1795,"[1032.8, 507.9, 1051.7, 561.9]",,,0.0,False,False,26,1
523,0.169,"[1786.1, 541.4, 1845.5, 732.4]",,,0.0,False,False,26,1
523,0.1639,"[1077.3, 510.3, 1101.6, 589.3]",,,0.0,False,False,26,1
523,0.1472,"[1144.1, 492.8, 1157.6, 528.5]",,,0.0,False,False,26,1
523,0.1451,"[876.2, 478.9, 889.7, 508.6]",,,0.0,False,False,26,1
523,0.1333,"[1452.6, 514.0, 1485.0, 608.5]",,,0.0,False,False,26,1
523,0.1272,"[1028.0, 494.8, 1040.2, 525.8]",,,0.0,False,False,26,1
523,0.1115,"[985.5, 490.1, 997.7, 514.4]",,,0.0,False,False,26,1
523,0.1031,"[465.1, 495.5, 488.0, 558.2]",,,0.0,False,False,26,1
523,0.1025,"[1876.5, 536.6, 1927.8, 748.6]",,,0.0,False,False,26,1
524,0.5699,"[610.5, 493.8, 630.8, 553.2]",392,"[611.0517128734859, 492.7141758155294, 632.1096640796392, 552.7620204735331]",0.8937,True,False,25,3
524,0.5132,"[1618.7, 517.0, 1661.9, 673.0]",,,0.0,False,False,25,3
524,0.5036,"[1030.7, 513.0, 1052.3, 581.2]",370,"[1023.1944638000125, 514.4631749306817, 1048.6903018249875, 589.7216395224433]",0.5465,True,False,25,3
524,0.4851,"[1422.9, 513.7, 1458.0, 617.6]",,,0.0,False,False,25,3
524,0.3917,"[1799.6, 542.7, 1859.0, 735.1]",,,0.0,False,False,25,3
524,0.3705,"[1023.3, 513.3, 1047.6, 587.6]",370,"[1023.1944638000125, 514.4631749306817, 1048.6903018249875, 589.7216395224433]",0.9131,True,False,25,3
524,0.3597,"[1250.8, 523.1, 1277.8, 596.0]",,,0.0,False,False,25,3
524,0.3581,"[478.9, 497.1, 499.8, 555.2]",,,0.0,False,False,25,3
524,0.3138,"[1854.9, 535.3, 1906.2, 733.7]",,,0.0,False,False,25,3
524,0.2958,"[1748.2, 514.4, 1791.5, 691.2]",,,0.0,False,False,25,3
524,0.279,"[995.0, 519.1, 1019.3, 584.6]",,,0.0,False,False,25,3
524,0.2302,"[423.6, 489.7, 443.8, 550.5]",,,0.0,False,False,25,3
524,0.2096,"[1187.3, 493.1, 1202.2, 526.2]",,,0.0,False,False,25,3
524,0.2014,"[1035.5, 494.8, 1050.3, 533.9]",370,"[1023.1944638000125, 514.4631749306817, 1048.6903018249875, 589.7216395224433]",0.1149,False,False,25,3
524,0.1977,"[1348.0, 491.7, 1364.2, 531.6]",,,0.0,False,False,25,3
524,0.1917,"[1459.4, 515.4, 1486.4, 611.9]",,,0.0,False,False,25,3
524,0.1425,"[1158.3, 492.8, 1173.2, 529.9]",,,0.0,False,False,25,3
524,0.1337,"[441.5, 497.8, 461.0, 551.8]",,,0.0,False,False,25,3
524,0.133,"[1422.9, 533.2, 1449.9, 618.3]",,,0.0,False,False,25,3
524,0.1159,"[1884.6, 536.0, 1938.6, 748.6]",,,0.0,False,False,25,3
524,0.1099,"[1390.5, 500.5, 1406.7, 541.7]",,,0.0,False,False,25,3
524,0.1098,"[878.9, 481.3, 891.0, 509.6]",,,0.0,False,False,25,3
524,0.1076,"[1529.6, 537.3, 1556.6, 615.6]",,,0.0,False,False,25,3
524,0.1041,"[515.4, 500.5, 533.6, 556.5]",,,0.0,False,False,25,3
524,0.1004,"[950.4, 482.0, 966.6, 515.7]",,,0.0,False,False,25,3
525,0.5767,"[1279.1, 536.3, 1307.5, 609.9]",232,"[1281.6931160556242, 537.7397834760405, 1307.739501131876, 609.778649141147]",0.8824,True,False,27,2
525,0.5163,"[1605.2, 538.3, 1653.8, 680.1]",,,0.0,False,False,27,2
525,0.5118,"[995.6, 519.1, 1019.9, 583.2]",,,0.0,False,False,27,2
525,0.4941,"[1381.7, 534.3, 1409.4, 607.8]",,,0.0,False,False,27,2
525,0.4772,"[419.9, 487.7, 441.5, 551.8]",,,0.0,False,False,27,2
525,0.4742,"[1809.0, 544.7, 1871.1, 741.8]",,,0.0,False,False,27,2
525,0.4584,"[1755.0, 531.2, 1803.6, 704.7]",,,0.0,False,False,27,2
525,0.4454,"[1023.3, 513.0, 1049.0, 588.6]",,,0.0,False,False,27,2
525,0.4269,"[477.2, 493.1, 496.8, 553.2]",,,0.0,False,False,27,2
525,0.3058,"[1833.3, 532.6, 1887.3, 735.1]",418,"[1872.7399971648615, 534.0366666333865, 1943.8256766632635, 760.9735872728636]",0.1213,False,False,27,2
525,0.3052,"[1460.7, 519.8, 1490.4, 609.5]",,,0.0,False,False,27,2
525,0.2572,"[879.5, 479.9, 893.0, 508.3]",,,0.0,False,False,27,2
525,0.2021,"[892.4, 480.3, 904.5, 508.6]",,,0.0,False,False,27,2
525,0.1991,"[624.0, 496.8, 643.6, 551.5]",,,0.0,False,False,27,2
525,0.1822,"[1159.7, 491.7, 1174.5, 528.2]",,,0.0,False,False,27,2
525,0.1603,"[1034.1, 498.5, 1053.0, 555.2]",,,0.0,False,False,27,2
525,0.151,"[1634.9, 522.1, 1678.1, 674.7]",,,0.0,False,False,27,2
525,0.1505,"[1347.3, 492.1, 1364.9, 532.6]",,,0.0,False,False,27,2
525,0.1481,"[439.4, 497.1, 458.3, 547.8]",,,0.0,False,False,27,2
525,0.1439,"[1518.8, 501.2, 1535.0, 546.4]",,,0.0,False,False,27,2
525,0.1384,"[1189.4, 491.7, 1204.2, 524.8]",,,0.0,False,False,27,2
525,0.1201,"[600.1, 493.8, 619.0, 550.5]",,,0.0,False,False,27,2
525,0.1168,"[1466.1, 502.2, 1493.1, 573.8]",,,0.0,False,False,27,2
525,0.1116,"[648.3, 498.2, 667.9, 551.5]",,,0.0,False,False,27,2
525,0.1024,"[1024.7, 510.0, 1046.2, 565.3]",,,0.0,False,False,27,2
525,0.1015,"[416.8, 491.7, 437.7, 552.5]",,,0.0,False,False,27,2
525,0.1003,"[1035.5, 491.7, 1050.3, 526.8]",,,0.0,False,False,27,2
526,0.5499,"[611.2, 490.4, 632.8, 553.2]",392,"[609.174775340785, 493.8752565820714, 629.7953174326524, 552.7829465429286]",0.7417,True,False,27,2
526,0.5489,"[588.6, 493.4, 615.6, 554.2]",410,"[587.3415944754145, 493.8077681630937, 611.6663400948979, 553.6856400400313]",0.8051,True,False,27,2
526,0.5291,"[1244.0, 495.1, 1262.9, 540.3]",,,0.0,False,False,27,2
526,0.5219,"[1428.3, 539.3, 1455.3, 617.6]",,,0.0,False,False,27,2
526,0.52,"[995.6, 519.1, 1019.9, 583.2]",,,0.0,False,False,27,2
526,0.4949,"[1613.2, 526.8, 1659.2, 674.7]",,,0.0,False,False,27,2
526,0.4939,"[414.1, 500.5, 438.4, 556.5]",,,0.0,False,False,27,2
526,0.4276,"[475.2, 496.1, 496.1, 555.5]",,,0.0,False,False,27,2
526,0.3513,"[1383.8, 532.6, 1410.8, 605.5]",,,0.0,False,False,27,2
526,0.2898,"[439.1, 499.2, 458.0, 555.2]",,,0.0,False,False,27,2
526,0.2822,"[1159.0, 492.4, 1175.2, 528.9]",,,0.0,False,False,27,2
526,0.2793,"[417.8, 493.1, 439.4, 551.1]",,,0.0,False,False,27,2
526,0.2389,"[457.3, 500.9, 478.2, 559.6]",,,0.0,False,False,27,2
526,0.2058,"[1189.4, 493.8, 1202.9, 527.5]",,,0.0,False,False,27,2
526,0.2026,"[1091.5, 518.1, 1118.5, 591.6]",,,0.0,False,False,27,2
526,0.1986,"[596.0, 494.4, 618.3, 553.8]",410,"[587.3415944754145, 493.8077681630937, 611.6663400948979, 553.6856400400313]",0.5001,True,False,27,2
526,0.1946,"[1470.2, 508.3, 1505.2, 608.9]",,,0.0,False,False,27,2
526,0.1819,"[586.2, 493.8, 609.2, 552.5]",410,"[587.3415944754145, 493.8077681630937, 611.6663400948979, 553.6856400400313]",0.8421,True,False,27,2
526,0.1523,"[1522.8, 502.2, 1539.0, 544.7]",,,0.0,False,False,27,2
526,0.147,"[1022.0, 512.7, 1044.9, 581.5]",,,0.0,False,False,27,2
526,0.1443,"[1024.7, 512.7, 1043.6, 561.9]",,,0.0,False,False,27,2
526,0.1372,"[420.2, 490.1, 439.8, 540.7]",,,0.0,False,False,27,2
526,0.1302,"[1675.4, 519.8, 1721.2, 673.7]",,,0.0,False,False,27,2
526,0.1269,"[1289.2, 527.5, 1317.6, 607.8]",,,0.0,False,False,27,2
526,0.1237,"[1283.2, 531.9, 1311.5, 609.5]",,,0.0,False,False,27,2
526,0.1092,"[1031.4, 492.1, 1047.6, 527.9]",,,0.0,False,False,27,2
526,0.1064,"[1146.8, 491.1, 1161.7, 527.5]",,,0.0,False,False,27,2
527,0.571,"[994.3, 519.4, 1021.3, 582.9]",,,0.0,False,False,21,1
527,0.5447,"[1637.6, 521.8, 1688.9, 695.2]",,,0.0,False,False,21,1
527,0.519,"[610.2, 490.1, 632.5, 552.8]",,,0.0,False,False,21,1
527,0.5185,"[475.5, 494.1, 495.8, 554.9]",,,0.0,False,False,21,1
527,0.3751,"[1246.7, 499.2, 1264.3, 543.0]",,,0.0,False,False,21,1
527,0.3626,"[411.4, 498.2, 438.4, 555.5]",,,0.0,False,False,21,1
527,0.2701,"[456.6, 498.5, 478.2, 559.9]",,,0.0,False,False,21,1
527,0.2589,"[1189.4, 494.4, 1204.2, 530.2]",,,0.0,False,False,21,1
527,0.2475,"[1161.0, 494.8, 1177.2, 529.9]",,,0.0,False,False,21,1
527,0.1972,"[1549.8, 827.6, 1782.0, 1098.9]",,,0.0,False,False,21,1
527,0.1919,"[436.1, 499.5, 455.0, 551.5]",,,0.0,False,False,21,1
527,0.1831,"[1148.2, 492.1, 1163.0, 529.9]",,,0.0,False,False,21,1
527,0.1815,"[1031.4, 495.5, 1047.6, 530.5]",,,0.0,False,False,21,1
527,0.1791,"[439.8, 496.8, 458.7, 553.5]",,,0.0,False,False,21,1
527,0.1733,"[1522.8, 502.9, 1541.7, 548.1]",,,0.0,False,False,21,1
527,0.1502,"[418.5, 489.7, 438.1, 535.6]",,,0.0,False,False,21,1
527,0.1439,"[1026.0, 513.0, 1044.9, 559.6]",,,0.0,False,False,21,1
527,0.1267,"[1231.2, 507.3, 1252.8, 551.8]",,,0.0,False,False,21,1
527,0.111,"[883.6, 480.9, 895.7, 508.6]",,,0.0,False,False,21,1
527,0.1087,"[649.0, 485.3, 677.4, 555.5]",,,0.0,False,False,21,1
527,0.1057,"[645.0, 494.4, 665.9, 552.5]",,,0.0,False,False,21,1
528,0.5536,"[472.8, 493.4, 495.8, 557.5]",,,0.0,False,False,22,1
528,0.5515,"[1409.4, 540.0, 1433.7, 604.1]",426,"[1408.6364774801677, 540.3052928893032, 1431.1103486917073, 604.7077686341343]",0.8552,True,False,22,1
528,0.5126,"[1248.1, 495.5, 1267.0, 541.4]",,,0.0,False,False,22,1
528,0.4969,"[995.0, 518.7, 1022.0, 585.6]",,,0.0,False,False,22,1
528,0.4875,"[1439.1, 517.7, 1474.2, 621.7]",,,0.0,False,False,22,1
528,0.4465,"[452.9, 496.5, 476.6, 561.9]",,,0.0,False,False,22,1
528,0.3974,"[1390.5, 535.3, 1420.2, 600.1]",426,"[1408.6364774801677, 540.3052928893032, 1431.1103486917073, 604.7077686341343]",0.2578,False,False,22,1
528,0.3589,"[416.8, 490.1, 435.0, 533.2]",,,0.0,False,False,22,1
528,0.3376,"[1786.1, 533.2, 1834.7, 713.5]",,,0.0,False,False,22,1
528,0.2633,"[1624.1, 517.0, 1678.1, 679.7]",,,0.0,False,False,22,1
528,0.219,"[1032.1, 530.5, 1057.7, 612.2]",,,0.0,False,False,22,1
528,0.1914,"[511.0, 501.9, 531.2, 557.9]",,,0.0,False,False,22,1
528,0.1852,"[1148.2, 489.0, 1163.0, 528.9]",,,0.0,False,False,22,1
528,0.1823,"[1549.8, 532.2, 1587.6, 630.8]",,,0.0,False,False,22,1
528,0.1739,"[1161.0, 493.1, 1177.2, 530.2]",,,0.0,False,False,22,1
528,0.1698,"[1437.8, 533.2, 1467.5, 621.0]",,,0.0,False,False,22,1
528,0.166,"[1308.8, 530.5, 1331.8, 604.1]",,,0.0,False,False,22,1
528,0.1373,"[1125.9, 528.5, 1157.0, 604.1]",,,0.0,False,False,22,1
528,0.1291,"[1031.4, 494.4, 1047.6, 529.5]",,,0.0,False,False,22,1
528,0.1282,"[1026.7, 510.6, 1045.6, 558.6]",,,0.0,False,False,22,1
528,0.1143,"[1176.5, 523.1, 1208.9, 598.7]",,,0.0,False,False,22,1
528,0.1024,"[883.6, 476.2, 902.5, 510.6]",,,0.0,False,False,22,1
529,0.5797,"[471.8, 492.8, 494.1, 556.2]",,,0.0,False,False,25,2
529,0.5615,"[1410.8, 540.7, 1437.8, 604.8]",,,0.0,False,False,25,2
529,0.5556,"[449.2, 494.4, 475.5, 562.6]",,,0.0,False,False,25,2
529,0.513,"[1796.9, 533.2, 1848.2, 727.7]",,,0.0,False,False,25,2
529,0.5087,"[1441.8, 532.6, 1474.2, 624.4]",,,0.0,False,False,25,2
529,0.4992,"[1849.5, 524.1, 1906.2, 739.8]",,,0.0,False,False,25,2
529,0.4645,"[406.4, 497.1, 434.0, 555.2]",,,0.0,False,False,25,2
529,0.4374,"[1183.3, 523.5, 1213.0, 598.4]",,,0.0,False,False,25,2
529,0.4255,"[508.6, 500.9, 530.9, 556.9]",,,0.0,False,False,25,2
529,0.4054,"[416.5, 488.7, 432.7, 530.5]",,,0.0,False,False,25,2
529,0.3875,"[404.7, 498.8, 426.3, 553.5]",,,0.0,False,False,25,2
529,0.3854,"[1634.9, 523.1, 1691.6, 687.2]",,,0.0,False,False,25,2
529,0.3338,"[1394.6, 536.0, 1424.2, 602.8]",,,0.0,False,False,25,2
529,0.3213,"[1032.8, 533.9, 1058.4, 614.2]",,,0.0,False,False,25,2
529,0.3057,"[996.3, 518.1, 1023.3, 583.5]",,,0.0,False,False,25,2
529,0.3008,"[1163.0, 492.8, 1180.6, 534.6]",,,0.0,False,False,25,2
529,0.2905,"[1250.8, 496.5, 1268.3, 542.4]",,,0.0,False,False,25,2
529,0.2649,"[645.3, 498.2, 665.6, 552.2]",,,0.0,False,False,25,2
529,0.2035,"[884.9, 474.5, 906.5, 511.0]",,,0.0,False,False,25,2
529,0.1931,"[1131.3, 530.9, 1162.4, 606.5]",,,0.0,False,False,25,2
529,0.1712,"[612.6, 488.0, 634.2, 552.2]",,,0.0,False,False,25,2
529,0.1658,"[430.3, 498.5, 449.2, 549.8]",,,0.0,False,False,25,2
529,0.1071,"[1192.1, 493.8, 1206.9, 530.9]",,,0.0,False,False,25,2
529,0.1069,"[1111.1, 483.0, 1124.6, 513.3]",,,0.0,False,False,25,2
529,0.1002,"[1481.0, 517.4, 1510.7, 613.9]",,,0.0,False,False,25,2
530,0.5175,"[469.8, 491.7, 492.1, 556.5]",,,0.0,False,False,19,1
530,0.5103,"[506.3, 501.5, 529.9, 558.2]",,,0.0,False,False,19,1
530,0.5047,"[1032.8, 521.8, 1059.8, 612.2]",,,0.0,False,False,19,1
530,0.4712,"[1861.7, 521.8, 1918.4, 722.9]",422,"[1884.407134979876, 541.5818910436415, 1948.0281677544992, 760.1517515344835]",0.3213,True,False,19,1
530,0.4612,"[1444.5, 531.2, 1479.6, 622.4]",,,0.0,False,False,19,1
530,0.459,"[587.2, 496.1, 611.6, 553.5]",,,0.0,False,False,19,1
530,0.4343,"[405.3, 494.8, 435.7, 558.2]",,,0.0,False,False,19,1
530,0.4199,"[1397.2, 534.6, 1427.0, 596.7]",,,0.0,False,False,19,1
530,0.3617,"[1886.0, 537.6, 1950.8, 760.1]",422,"[1884.407134979876, 541.5818910436415, 1948.0281677544992, 760.1517515344835]",0.9191,True,False,19,1
530,0.359,"[1251.5, 494.4, 1270.4, 541.7]",,,0.0,False,False,19,1
530,0.3506,"[399.9, 499.5, 421.5, 555.5]",,,0.0,False,False,19,1
530,0.3365,"[411.8, 490.1, 432.0, 540.7]",,,0.0,False,False,19,1
530,0.3153,"[885.6, 473.5, 907.2, 511.3]",,,0.0,False,False,19,1
530,0.2921,"[642.9, 499.5, 663.2, 554.9]",,,0.0,False,False,19,1
530,0.2873,"[1474.2, 78.1, 1576.8, 341.7]",,,0.0,False,False,19,1
530,0.2043,"[1164.4, 491.1, 1180.6, 528.2]",,,0.0,False,False,19,1
530,0.1654,"[1031.4, 510.3, 1049.0, 559.6]",,,0.0,False,False,19,1
530,0.1421,"[619.0, 497.8, 638.6, 554.5]",,,0.0,False,False,19,1
530,0.1085,"[428.6, 498.2, 448.9, 556.2]",,,0.0,False,False,19,1
531,0.5256,"[1252.8, 494.1, 1271.7, 543.4]",,,0.0,False,False,22,0
531,0.524,"[1401.3, 538.7, 1433.7, 610.9]",,,0.0,False,False,22,0
531,0.4926,"[505.9, 501.5, 527.5, 556.2]",,,0.0,False,False,22,0
531,0.4301,"[1815.8, 536.0, 1867.1, 729.0]",,,0.0,False,False,22,0
531,0.4096,"[589.3, 491.4, 612.2, 551.5]",,,0.0,False,False,22,0
531,0.4018,"[407.4, 491.1, 435.0, 555.2]",,,0.0,False,False,22,0
531,0.3776,"[1455.3, 516.4, 1493.1, 625.7]",,,0.0,False,False,22,0
531,0.3754,"[1887.3, 541.4, 1960.2, 768.8]",,,0.0,False,False,22,0
531,0.3568,"[1872.5, 522.5, 1931.9, 720.2]",,,0.0,False,False,22,0
531,0.3253,"[1165.7, 491.1, 1181.9, 530.9]",,,0.0,False,False,22,0
531,0.2856,"[1242.7, 507.9, 1260.2, 549.1]",,,0.0,False,False,22,0
531,0.2432,"[1195.4, 495.8, 1210.3, 532.2]",,,0.0,False,False,22,0
531,0.2212,"[644.0, 496.8, 666.2, 556.2]",,,0.0,False,False,22,0
531,0.2165,"[399.9, 499.5, 419.5, 553.5]",,,0.0,False,False,22,0
531,0.196,"[1499.9, 501.9, 1516.1, 541.7]",,,0.0,False,False,22,0
531,0.1743,"[648.7, 497.1, 673.7, 559.2]",,,0.0,False,False,22,0
531,0.1477,"[1111.7, 483.6, 1125.2, 512.7]",,,0.0,False,False,22,0
531,0.1266,"[1401.3, 524.8, 1422.9, 577.5]",,,0.0,False,False,22,0
531,0.1054,"[1876.5, 523.8, 1925.1, 687.8]",,,0.0,False,False,22,0
531,0.104,"[1151.6, 489.4, 1167.8, 528.5]",,,0.0,False,False,22,0
531,0.1026,"[1493.1, 530.9, 1517.4, 613.2]",,,0.0,False,False,22,0
531,0.1012,"[411.1, 488.7, 429.3, 540.7]",,,0.0,False,False,22,0
532,0.5589,"[1454.0, 532.6, 1483.7, 623.0]",,,0.0,False,False,23,2
532,0.5501,"[1254.2, 493.4, 1271.7, 540.0]",,,0.0,False,False,23,2
532,0.5363,"[997.7, 517.4, 1024.7, 585.6]",,,0.0,False,False,23,2
532,0.5304,"[1425.6, 542.0, 1452.6, 601.4]",426,"[1425.7134814776591, 541.9309040947549, 1449.9129833660907, 609.6804240302451]",0.796,True,False,23,2
532,0.444,"[470.5, 493.1, 496.1, 556.5]",,,0.0,False,False,23,2
532,0.4362,"[1034.8, 510.6, 1052.3, 564.0]",,,0.0,False,False,23,2
532,0.4053,"[1089.5, 515.0, 1113.8, 589.3]",,,0.0,False,False,23,2
532,0.3848,"[588.9, 488.0, 611.9, 552.2]",,,0.0,False,False,23,2
532,0.3682,"[502.5, 503.9, 525.5, 557.2]",,,0.0,False,False,23,2
532,0.3562,"[468.1, 492.8, 489.7, 554.2]",429,"[445.3345489501953, 494.32301330566406, 470.30955505371094, 562.4980316162109]",0.0454,False,False,23,2
532,0.3338,"[1166.4, 490.7, 1182.6, 529.9]",,,0.0,False,False,23,2
532,0.2753,"[405.7, 490.7, 428.6, 554.9]",,,0.0,False,False,23,2
532,0.2436,"[1196.1, 494.4, 1211.0, 531.6]",,,0.0,False,False,23,2
532,0.2326,"[444.8, 495.8, 469.1, 561.3]",429,"[445.3345489501953, 494.32301330566406, 470.30955505371094, 562.4980316162109]",0.8973,True,False,23,2
532,0.216,"[1111.1, 481.6, 1124.6, 512.0]",,,0.0,False,False,23,2
532,0.2108,"[617.0, 491.4, 639.2, 552.8]",,,0.0,False,False,23,2
532,0.1869,"[1127.9, 529.9, 1159.0, 605.5]",,,0.0,False,False,23,2
532,0.1714,"[1502.6, 498.8, 1516.1, 531.9]",,,0.0,False,False,23,2
532,0.1703,"[1154.9, 487.7, 1169.8, 526.2]",,,0.0,False,False,23,2
532,0.1621,"[1404.0, 524.5, 1428.3, 579.8]",426,"[1425.7134814776591, 541.9309040947549, 1449.9129833660907, 609.6804240302451]",0.034,False,False,23,2
532,0.113,"[642.3, 498.5, 664.5, 553.8]",,,0.0,False,False,23,2
532,0.1052,"[1298.0, 532.6, 1331.8, 617.0]",,,0.0,False,False,23,2
532,0.1017,"[1055.0, 492.8, 1071.2, 525.8]",,,0.0,False,False,23,2
533,0.5765,"[474.5, 491.7, 502.9, 557.2]",427,"[475.8604413337615, 492.1635115293808, 501.658967845926, 557.1566789003067]",0.9033,True,False,25,2
533,0.5631,"[1458.0, 534.9, 1485.0, 628.8]",,,0.0,False,False,25,2
533,0.538,"[999.0, 518.4, 1026.0, 585.9]",,,0.0,False,False,25,2
533,0.5354,"[1428.3, 545.1, 1455.3, 620.0]",,,0.0,False,False,25,2
533,0.5194,"[1668.6, 550.8, 1719.9, 700.0]",,,0.0,False,False,25,2
533,0.4671,"[536.0, 489.7, 555.5, 548.4]",416,"[535.0371546221996, 488.26574440942284, 555.764969401238, 548.3203151608897]",0.9199,True,False,25,2
533,0.3849,"[1580.9, 545.7, 1618.7, 635.5]",,,0.0,False,False,25,2
533,0.3527,"[407.7, 487.4, 427.3, 540.7]",,,0.0,False,False,25,2
533,0.3469,"[890.3, 472.8, 910.6, 511.3]",,,0.0,False,False,25,2
533,0.3217,"[1255.5, 495.5, 1274.4, 538.0]",,,0.0,False,False,25,2
533,0.3076,"[1036.1, 512.0, 1053.7, 557.9]",,,0.0,False,False,25,2
533,0.2688,"[641.2, 499.2, 663.5, 554.5]",,,0.0,False,False,25,2
533,0.2644,"[405.0, 488.4, 428.6, 553.8]",,,0.0,False,False,25,2
533,0.2564,"[500.9, 500.9, 525.2, 556.9]",427,"[475.8604413337615, 492.1635115293808, 501.658967845926, 557.1566789003067]",0.0151,False,False,25,2
533,0.2516,"[466.4, 491.1, 490.1, 554.5]",427,"[475.8604413337615, 492.1635115293808, 501.658967845926, 557.1566789003067]",0.3862,True,False,25,2
533,0.2499,"[1196.8, 494.4, 1211.6, 532.2]",,,0.0,False,False,25,2
533,0.2411,"[1837.4, 538.0, 1891.4, 737.8]",,,0.0,False,False,25,2
533,0.2221,"[442.5, 494.4, 468.1, 561.9]",,,0.0,False,False,25,2
533,0.2101,"[1167.8, 492.1, 1184.0, 530.5]",,,0.0,False,False,25,2
533,0.1659,"[393.5, 496.8, 414.5, 555.5]",,,0.0,False,False,25,2
533,0.1497,"[1414.8, 540.0, 1449.9, 631.8]",,,0.0,False,False,25,2
533,0.1389,"[1209.6, 487.4, 1223.1, 517.0]",,,0.0,False,False,25,2
533,0.1294,"[294.6, 52.2, 493.8, 377.7]",,,0.0,False,False,25,2
533,0.128,"[1034.8, 512.3, 1055.0, 575.8]",,,0.0,False,False,25,2
533,0.1203,"[1509.3, 532.9, 1536.3, 623.4]",,,0.0,False,False,25,2
534,0.5506,"[1462.1, 536.0, 1489.1, 626.4]",,,0.0,False,False,26,2
534,0.4902,"[470.1, 490.4, 500.5, 558.6]",,,0.0,False,False,26,2
534,0.4687,"[1196.8, 494.8, 1213.0, 537.3]",,,0.0,False,False,26,2
534,0.4233,"[1798.2, 525.8, 1844.1, 690.5]",,,0.0,False,False,26,2
534,0.4177,"[1676.7, 528.2, 1741.5, 704.0]",,,0.0,False,False,26,2
534,0.3684,"[534.9, 488.7, 553.8, 548.1]",,,0.0,False,False,26,2
534,0.34,"[586.9, 488.0, 609.9, 552.8]",,,0.0,False,False,26,2
534,0.3166,"[404.7, 488.0, 424.9, 548.1]",,,0.0,False,False,26,2
534,0.309,"[501.2, 503.6, 524.1, 558.9]",,,0.0,False,False,26,2
534,0.3055,"[1258.2, 497.1, 1275.8, 539.7]",,,0.0,False,False,26,2
534,0.2577,"[1039.5, 534.3, 1066.5, 615.9]",430,"[1037.5366328672287, 507.904139326861, 1069.7211796327713, 612.137852860639]",0.6082,True,False,26,2
534,0.2412,"[989.6, 480.3, 1004.4, 512.7]",,,0.0,False,False,26,2
534,0.2277,"[1670.0, 530.5, 1715.9, 677.7]",,,0.0,False,False,26,2
534,0.2192,"[1009.1, 481.6, 1024.0, 514.7]",,,0.0,False,False,26,2
534,0.2116,"[1849.5, 534.6, 1900.8, 742.5]",,,0.0,False,False,26,2
534,0.1984,"[1212.3, 488.7, 1224.5, 518.4]",,,0.0,False,False,26,2
534,0.1864,"[897.1, 476.9, 911.9, 507.9]",,,0.0,False,False,26,2
534,0.1848,"[1123.2, 518.4, 1158.3, 605.5]",259,"[1112.49327679599, 492.2694747748585, 1137.8905122665103, 561.4031326470165]",0.1511,False,False,26,2
534,0.1804,"[1169.1, 489.0, 1185.3, 530.2]",,,0.0,False,False,26,2
534,0.1646,"[893.7, 476.2, 909.9, 509.3]",,,0.0,False,False,26,2
534,0.1561,"[433.7, 491.1, 461.4, 563.3]",,,0.0,False,False,26,2
534,0.1375,"[1591.7, 533.9, 1629.5, 639.2]",,,0.0,False,False,26,2
534,0.1359,"[633.8, 492.4, 657.5, 553.2]",,,0.0,False,False,26,2
534,0.1199,"[439.4, 493.4, 465.1, 562.3]",,,0.0,False,False,26,2
534,0.1115,"[1653.8, 529.9, 1691.6, 669.6]",,,0.0,False,False,26,2
534,0.106,"[1502.6, 499.8, 1518.8, 537.6]",,,0.0,False,False,26,2
535,0.5136,"[1259.6, 495.5, 1277.1, 540.7]",,,0.0,False,False,27,2
535,0.5071,"[1198.8, 494.1, 1215.0, 533.9]",,,0.0,False,False,27,2
535,0.4371,"[991.6, 478.9, 1006.4, 512.0]",,,0.0,False,False,27,2
535,0.4118,"[1888.7, 542.0, 1958.9, 779.6]",379,"[1877.678895012954, 539.0379708204513, 1965.887022955796, 778.1452567186112]",0.7821,True,False,27,2
535,0.3603,"[434.0, 493.1, 460.4, 563.3]",,,0.0,False,False,27,2
535,0.333,"[898.4, 475.9, 911.9, 506.9]",,,0.0,False,False,27,2
535,0.3274,"[893.0, 473.9, 907.9, 507.6]",,,0.0,False,False,27,2
535,0.3178,"[403.7, 487.7, 422.6, 542.4]",,,0.0,False,False,27,2
535,0.3104,"[499.5, 502.9, 522.5, 557.5]",,,0.0,False,False,27,2
535,0.285,"[1171.1, 493.4, 1186.0, 529.9]",,,0.0,False,False,27,2
535,0.2639,"[1009.1, 482.3, 1024.0, 514.7]",,,0.0,False,False,27,2
535,0.2355,"[615.6, 490.1, 639.2, 554.9]",,,0.0,False,False,27,2
535,0.2321,"[1686.2, 545.4, 1740.2, 706.1]",,,0.0,False,False,27,2
535,0.2098,"[534.3, 487.4, 553.2, 550.1]",,,0.0,False,False,27,2
535,0.194,"[1503.9, 499.2, 1520.1, 541.0]",,,0.0,False,False,27,2
535,0.1925,"[1522.8, 527.9, 1555.2, 635.9]",,,0.0,False,False,27,2
535,0.1654,"[387.1, 491.7, 410.7, 555.9]",,,0.0,False,False,27,2
535,0.163,"[1679.4, 534.6, 1722.6, 668.2]",,,0.0,False,False,27,2
535,0.1575,"[632.1, 486.0, 655.8, 552.2]",,,0.0,False,False,27,2
535,0.1531,"[1418.9, 539.7, 1454.0, 636.9]",,,0.0,False,False,27,2
535,0.151,"[350.3, 532.6, 397.6, 637.2]",,,0.0,False,False,27,2
535,0.1441,"[1746.9, 519.8, 1787.4, 673.0]",,,0.0,False,False,27,2
535,0.1412,"[1724.0, 516.7, 1767.2, 670.6]",,,0.0,False,False,27,2
535,0.1389,"[464.4, 490.7, 487.4, 554.9]",,,0.0,False,False,27,2
535,0.1263,"[1597.1, 525.2, 1640.2, 640.6]",,,0.0,False,False,27,2
535,0.1209,"[1737.5, 515.4, 1778.0, 672.6]",,,0.0,False,False,27,2
535,0.1143,"[1682.1, 502.9, 1701.0, 556.9]",,,0.0,False,False,27,2
536,0.5721,"[1421.6, 537.6, 1456.7, 634.2]",431,"[1413.021080272888, 534.1320068359375, 1452.394691211487, 634.7069824218751]",0.6812,True,False,32,1
536,0.5336,"[534.3, 486.7, 553.8, 550.1]",,,0.0,False,False,32,1
536,0.5101,"[401.0, 486.7, 421.2, 548.1]",,,0.0,False,False,32,1
536,0.4948,"[1000.4, 521.1, 1026.0, 587.2]",,,0.0,False,False,32,1
536,0.4058,"[992.9, 478.9, 1006.4, 512.0]",,,0.0,False,False,32,1
536,0.4047,"[1873.8, 542.7, 1933.2, 759.4]",,,0.0,False,False,32,1
536,0.3952,"[1200.2, 495.1, 1216.4, 539.0]",,,0.0,False,False,32,1
536,0.342,"[1171.1, 492.8, 1186.0, 531.2]",,,0.0,False,False,32,1
536,0.3368,"[464.1, 492.4, 487.7, 555.2]",,,0.0,False,False,32,1
536,0.3321,"[498.5, 498.8, 524.1, 557.5]",,,0.0,False,False,32,1
536,0.3148,"[1697.0, 527.2, 1748.2, 687.2]",,,0.0,False,False,32,1
536,0.3057,"[1753.7, 519.4, 1796.9, 678.7]",,,0.0,False,False,32,1
536,0.2741,"[631.5, 487.4, 655.8, 556.9]",,,0.0,False,False,32,1
536,0.2714,"[441.5, 494.4, 465.8, 555.2]",,,0.0,False,False,32,1
536,0.239,"[433.0, 495.8, 456.0, 559.9]",,,0.0,False,False,32,1
536,0.2,"[1377.7, 500.5, 1400.0, 544.4]",,,0.0,False,False,32,1
536,0.1966,"[344.8, 522.5, 391.5, 639.2]",,,0.0,False,False,32,1
536,0.1802,"[897.8, 476.6, 914.0, 507.6]",,,0.0,False,False,32,1
536,0.1762,"[1687.5, 538.3, 1730.7, 680.7]",,,0.0,False,False,32,1
536,0.1759,"[1010.5, 482.0, 1025.3, 514.4]",,,0.0,False,False,32,1
536,0.1745,"[385.1, 492.8, 406.7, 555.5]",,,0.0,False,False,32,1
536,0.1666,"[1057.1, 494.1, 1071.9, 526.5]",,,0.0,False,False,32,1
536,0.16,"[507.3, 481.6, 532.2, 555.9]",,,0.0,False,False,32,1
536,0.155,"[1684.8, 502.5, 1703.7, 555.9]",,,0.0,False,False,32,1
536,0.154,"[893.7, 474.5, 908.6, 506.9]",,,0.0,False,False,32,1
536,0.143,"[393.5, 495.1, 415.1, 555.2]",,,0.0,False,False,32,1
536,0.1323,"[1420.2, 533.2, 1444.5, 608.9]",431,"[1413.021080272888, 534.1320068359375, 1452.394691211487, 634.7069824218751]",0.456,True,False,32,1
536,0.1274,"[354.0, 526.2, 389.8, 616.6]",,,0.0,False,False,32,1
536,0.1223,"[1452.6, 500.5, 1466.1, 534.3]",,,0.0,False,False,32,1
536,0.1209,"[1287.9, 489.0, 1308.2, 531.6]",,,0.0,False,False,32,1
536,0.1113,"[586.6, 489.7, 609.5, 552.5]",,,0.0,False,False,32,1
536,0.1054,"[1215.7, 488.0, 1227.8, 515.0]",,,0.0,False,False,32,1
537,0.5208,"[397.9, 485.3, 420.9, 554.9]",,,0.0,False,False,30,0
537,0.4771,"[1172.5, 494.8, 1187.3, 529.9]",,,0.0,False,False,30,0
537,0.4741,"[528.9, 484.7, 552.5, 554.2]",,,0.0,False,False,30,0
537,0.4058,"[1761.8, 518.4, 1805.0, 677.7]",,,0.0,False,False,30,0
537,0.3919,"[1262.9, 497.8, 1280.5, 539.7]",,,0.0,False,False,30,0
537,0.3691,"[1741.5, 518.4, 1787.4, 677.0]",,,0.0,False,False,30,0
537,0.3572,"[1379.7, 500.5, 1401.3, 545.1]",,,0.0,False,False,30,0
537,0.3431,"[1702.4, 536.3, 1761.8, 711.5]",,,0.0,False,False,30,0
537,0.2972,"[495.8, 494.4, 524.1, 557.2]",,,0.0,False,False,30,0
537,0.2848,"[994.3, 479.3, 1007.8, 513.0]",,,0.0,False,False,30,0
537,0.2822,"[1217.0, 487.7, 1229.2, 516.0]",,,0.0,False,False,30,0
537,0.2787,"[503.6, 489.0, 529.2, 557.9]",,,0.0,False,False,30,0
537,0.2598,"[1056.4, 494.8, 1072.6, 527.9]",,,0.0,False,False,30,0
537,0.216,"[1535.0, 516.4, 1572.8, 633.2]",,,0.0,False,False,30,0
537,0.2009,"[1011.2, 481.3, 1026.0, 513.7]",,,0.0,False,False,30,0
537,0.1986,"[1697.0, 542.4, 1737.5, 678.7]",,,0.0,False,False,30,0
537,0.1974,"[631.5, 488.0, 655.1, 559.6]",,,0.0,False,False,30,0
537,0.1972,"[1454.0, 500.2, 1467.5, 533.9]",,,0.0,False,False,30,0
537,0.1933,"[440.4, 494.1, 466.1, 552.2]",,,0.0,False,False,30,0
537,0.1898,"[1053.7, 492.8, 1069.9, 527.9]",,,0.0,False,False,30,0
537,0.1833,"[461.7, 488.0, 485.3, 556.2]",,,0.0,False,False,30,0
537,0.1723,"[378.3, 489.0, 400.6, 555.9]",,,0.0,False,False,30,0
537,0.1718,"[1487.7, 498.5, 1506.6, 543.0]",,,0.0,False,False,30,0
537,0.1683,"[510.6, 476.2, 534.9, 550.5]",,,0.0,False,False,30,0
537,0.1542,"[1752.3, 518.4, 1798.2, 686.5]",,,0.0,False,False,30,0
537,0.1502,"[1709.1, 525.8, 1757.7, 691.9]",,,0.0,False,False,30,0
537,0.1253,"[1613.2, 501.5, 1634.9, 554.9]",,,0.0,False,False,30,0
537,0.122,"[1288.6, 489.7, 1307.5, 528.2]",,,0.0,False,False,30,0
537,0.11,"[580.5, 479.6, 600.8, 532.2]",,,0.0,False,False,30,0
537,0.101,"[1533.6, 532.2, 1566.0, 634.8]",,,0.0,False,False,30,0
538,0.5473,"[1173.8, 494.1, 1188.7, 531.9]",,,0.0,False,False,36,6
538,0.5267,"[1476.9, 545.4, 1506.6, 635.2]",432,"[1476.049003570515, 539.4461486816406, 1503.68952182011, 635.4311706542968]",0.8252,True,False,36,6
538,0.5188,"[467.8, 491.7, 496.1, 560.6]",427,"[466.54816602361745, 490.3385533300756, 494.7436430584138, 560.4535609277368]",0.8928,True,False,36,6
538,0.5143,"[1486.4, 504.6, 1505.2, 547.1]",432,"[1476.049003570515, 539.4461486816406, 1503.68952182011, 635.4311706542968]",0.0399,False,False,36,6
538,0.5064,"[1425.6, 537.0, 1455.3, 601.8]",431,"[1426.3130662095073, 538.4247011954765, 1463.988203321743, 634.8783993904609]",0.4932,True,False,36,6
538,0.5,"[1350.7, 533.6, 1386.5, 615.9]",103,"[1349.192442308537, 534.5290746823168, 1388.1613174570882, 629.1878442629957]",0.7824,True,False,36,6
538,0.4631,"[1833.3, 533.9, 1890.0, 708.8]",433,"[1825.49518084032, 530.6639770507812, 1880.38030744093, 701.1015258789062]",0.6906,True,False,36,6
538,0.456,"[1264.3, 498.5, 1283.2, 541.7]",,,0.0,False,False,36,6
538,0.444,"[1057.1, 495.8, 1074.6, 532.9]",,,0.0,False,False,36,6
538,0.4176,"[1422.9, 537.0, 1458.0, 615.9]",431,"[1426.3130662095073, 538.4247011954765, 1463.988203321743, 634.8783993904609]",0.6218,True,False,36,6
538,0.4146,"[1011.8, 483.6, 1025.3, 515.4]",,,0.0,False,False,36,6
538,0.4063,"[995.0, 481.3, 1008.5, 514.4]",,,0.0,False,False,36,6
538,0.3947,"[1003.1, 522.5, 1030.1, 590.6]",,,0.0,False,False,36,6
538,0.374,"[1412.1, 543.4, 1441.8, 608.2]",419,"[1408.1551224381913, 545.2632165808561, 1440.5646041243087, 625.4591955285189]",0.6553,True,False,36,6
538,0.3616,"[377.3, 491.4, 400.3, 557.5]",,,0.0,False,False,36,6
538,0.3552,"[1721.2, 523.8, 1772.6, 698.6]",,,0.0,False,False,36,6
538,0.3335,"[1706.4, 545.1, 1749.6, 682.8]",,,0.0,False,False,36,6
538,0.3154,"[1760.4, 525.8, 1809.0, 706.7]",,,0.0,False,False,36,6
538,0.3146,"[1544.4, 504.2, 1568.7, 576.5]",,,0.0,False,False,36,6
538,0.3104,"[1382.4, 502.9, 1398.6, 545.4]",103,"[1349.192442308537, 534.5290746823168, 1388.1613174570882, 629.1878442629957]",0.0145,False,False,36,6
538,0.2826,"[459.7, 490.4, 483.3, 558.6]",427,"[466.54816602361745, 490.3385533300756, 494.7436430584138, 560.4535609277368]",0.467,True,False,36,6
538,0.2685,"[586.2, 492.4, 607.8, 555.2]",,,0.0,False,False,36,6
538,0.2454,"[505.2, 499.2, 527.5, 559.2]",,,0.0,False,False,36,6
538,0.231,"[1424.2, 539.7, 1462.1, 642.3]",431,"[1426.3130662095073, 538.4247011954765, 1463.988203321743, 634.8783993904609]",0.828,True,False,36,6
538,0.1981,"[1202.9, 496.1, 1220.4, 541.4]",,,0.0,False,False,36,6
538,0.1884,"[895.1, 474.5, 911.2, 509.0]",,,0.0,False,False,36,6
538,0.1852,"[1624.1, 520.4, 1667.2, 643.3]",,,0.0,False,False,36,6
538,0.1805,"[1051.0, 489.4, 1065.8, 526.5]",,,0.0,False,False,36,6
538,0.1754,"[1539.0, 522.8, 1574.1, 635.5]",,,0.0,False,False,36,6
538,0.1713,"[578.8, 482.6, 601.8, 546.8]",,,0.0,False,False,36,6
538,0.168,"[493.1, 502.9, 518.7, 559.6]",427,"[466.54816602361745, 490.3385533300756, 494.7436430584138, 560.4535609277368]",0.0281,False,False,36,6
538,0.1676,"[531.9, 486.0, 552.8, 549.5]",,,0.0,False,False,36,6
538,0.1672,"[1219.7, 491.1, 1231.9, 518.1]",,,0.0,False,False,36,6
538,0.1216,"[431.0, 495.8, 453.3, 555.2]",,,0.0,False,False,36,6
538,0.1191,"[631.5, 491.4, 655.1, 561.6]",,,0.0,False,False,36,6
538,0.1149,"[905.9, 479.9, 919.4, 509.6]",,,0.0,False,False,36,6
539,0.5736,"[1427.0, 539.7, 1462.1, 645.6]",,,0.0,False,False,31,1
539,0.5596,"[468.1, 491.4, 495.1, 560.9]",,,0.0,False,False,31,1
539,0.5292,"[1544.4, 520.8, 1582.2, 637.5]",,,0.0,False,False,31,1
539,0.5128,"[1844.1, 533.9, 1903.5, 720.2]",,,0.0,False,False,31,1
539,0.4853,"[1005.1, 523.5, 1030.7, 593.0]",,,0.0,False,False,31,1
539,0.4832,"[1268.3, 498.5, 1284.5, 537.0]",,,0.0,False,False,31,1
539,0.4807,"[1482.3, 543.4, 1514.7, 637.2]",,,0.0,False,False,31,1
539,0.4802,"[1203.5, 496.8, 1221.1, 543.4]",,,0.0,False,False,31,1
539,0.4791,"[1011.8, 483.0, 1025.3, 515.4]",,,0.0,False,False,31,1
539,0.4402,"[458.0, 487.0, 485.0, 559.9]",,,0.0,False,False,31,1
539,0.4198,"[1294.0, 492.4, 1311.5, 528.2]",,,0.0,False,False,31,1
539,0.415,"[375.3, 492.4, 398.9, 557.2]",,,0.0,False,False,31,1
539,0.3951,"[1441.8, 543.7, 1479.6, 648.3]",,,0.0,False,False,31,1
539,0.3834,"[1412.1, 543.7, 1441.8, 624.0]",,,0.0,False,False,31,1
539,0.3741,"[1356.1, 538.0, 1389.2, 623.7]",,,0.0,False,False,31,1
539,0.3696,"[997.0, 480.6, 1009.1, 513.7]",,,0.0,False,False,31,1
539,0.363,"[491.4, 501.9, 516.4, 559.2]",,,0.0,False,False,31,1
539,0.3434,"[1714.5, 541.4, 1755.0, 681.1]",,,0.0,False,False,31,1
539,0.3316,"[1778.0, 529.2, 1821.2, 704.7]",,,0.0,False,False,31,1
539,0.33,"[504.6, 496.1, 526.8, 558.9]",,,0.0,False,False,31,1
539,0.3101,"[579.2, 480.6, 600.1, 536.0]",,,0.0,False,False,31,1
539,0.2893,"[429.0, 495.8, 451.9, 551.8]",,,0.0,False,False,31,1
539,0.2885,"[1491.8, 504.2, 1508.0, 547.4]",,,0.0,False,False,31,1
539,0.2124,"[1058.4, 495.8, 1076.0, 532.2]",,,0.0,False,False,31,1
539,0.1937,"[1148.2, 525.5, 1181.9, 583.5]",,,0.0,False,False,31,1
539,0.1811,"[1509.3, 500.9, 1525.5, 540.7]",,,0.0,False,False,31,1
539,0.1786,"[961.2, 479.6, 976.1, 514.0]",,,0.0,False,False,31,1
539,0.1615,"[630.5, 495.8, 654.1, 561.9]",,,0.0,False,False,31,1
539,0.1486,"[1547.1, 504.9, 1571.4, 573.1]",,,0.0,False,False,31,1
539,0.1095,"[342.1, 501.2, 378.0, 607.2]",,,0.0,False,False,31,1
539,0.1086,"[1051.0, 488.0, 1067.2, 527.2]",,,0.0,False,False,31,1
540,0.5704,"[502.9, 492.8, 525.8, 559.6]",,,0.0,False,False,22,1
540,0.5487,"[1486.4, 544.4, 1518.8, 640.9]",,,0.0,False,False,22,1
540,0.5099,"[1012.5, 483.6, 1024.7, 512.7]",,,0.0,False,False,22,1
540,0.4163,"[1363.5, 542.0, 1393.2, 620.3]",,,0.0,False,False,22,1
540,0.3975,"[577.5, 481.3, 600.4, 541.4]",,,0.0,False,False,22,1
540,0.375,"[999.0, 481.3, 1011.2, 513.0]",,,0.0,False,False,22,1
540,0.3638,"[1722.6, 540.7, 1765.8, 682.4]",,,0.0,False,False,22,1
540,0.3113,"[456.6, 485.3, 483.0, 557.5]",,,0.0,False,False,22,1
540,0.2904,"[492.4, 504.9, 513.3, 558.2]",,,0.0,False,False,22,1
540,0.2408,"[1270.4, 496.8, 1286.6, 533.9]",,,0.0,False,False,22,1
540,0.2153,"[1491.8, 506.3, 1508.0, 549.5]",,,0.0,False,False,22,1
540,0.1966,"[372.9, 491.1, 395.9, 556.5]",,,0.0,False,False,22,1
540,0.1916,"[427.6, 495.8, 449.9, 551.8]",,,0.0,False,False,22,1
540,0.1801,"[1206.2, 496.1, 1222.4, 539.3]",,,0.0,False,False,22,1
540,0.172,"[961.9, 480.6, 976.7, 514.4]",,,0.0,False,False,22,1
540,0.1705,"[1786.1, 525.2, 1832.0, 693.9]",,,0.0,False,False,22,1
540,0.1473,"[1294.0, 491.7, 1311.5, 528.9]",,,0.0,False,False,22,1
540,0.1468,"[1742.9, 525.5, 1786.1, 684.1]",,,0.0,False,False,22,1
540,0.1462,"[316.1, 496.5, 365.5, 640.9]",,,0.0,False,False,22,1
540,0.137,"[585.2, 491.7, 606.8, 554.5]",,,0.0,False,False,22,1
540,0.1196,"[527.2, 478.9, 549.5, 548.4]",,,0.0,False,False,22,1
540,0.1054,"[1422.9, 551.1, 1447.2, 615.9]",,,0.0,False,False,22,1
541,0.462,"[1178.6, 494.1, 1193.4, 533.9]",,,0.0,False,False,26,0
541,0.4194,"[1206.9, 495.1, 1224.5, 541.7]",,,0.0,False,False,26,0
541,0.4188,"[1792.8, 526.8, 1841.4, 716.2]",,,0.0,False,False,26,0
541,0.4137,"[1425.6, 550.1, 1452.6, 626.4]",,,0.0,False,False,26,0
541,0.3848,"[489.4, 505.6, 510.3, 561.6]",,,0.0,False,False,26,0
541,0.3567,"[1625.4, 503.6, 1647.0, 557.5]",,,0.0,False,False,26,0
541,0.3338,"[1746.9, 525.8, 1798.2, 701.3]",,,0.0,False,False,26,0
541,0.2948,"[425.2, 498.5, 448.2, 553.8]",,,0.0,False,False,26,0
541,0.267,"[1271.0, 496.8, 1287.2, 536.6]",,,0.0,False,False,26,0
541,0.2563,"[1364.9, 544.0, 1394.6, 623.7]",,,0.0,False,False,26,0
541,0.2508,"[1730.7, 543.7, 1773.9, 688.8]",,,0.0,False,False,26,0
541,0.2287,"[455.0, 490.1, 479.3, 559.6]",,,0.0,False,False,26,0
541,0.226,"[1493.1, 508.6, 1509.3, 548.4]",,,0.0,False,False,26,0
541,0.2032,"[1013.2, 484.7, 1025.3, 515.0]",,,0.0,False,False,26,0
541,0.1998,"[369.2, 498.5, 392.2, 560.6]",,,0.0,False,False,26,0
541,0.1969,"[439.1, 493.8, 460.7, 553.2]",,,0.0,False,False,26,0
541,0.1944,"[640.6, 479.3, 670.3, 565.7]",,,0.0,False,False,26,0
541,0.1873,"[999.7, 485.3, 1011.8, 517.7]",,,0.0,False,False,26,0
541,0.1496,"[626.7, 485.7, 651.7, 561.3]",,,0.0,False,False,26,0
541,0.1447,"[1063.1, 496.5, 1078.0, 532.2]",,,0.0,False,False,26,0
541,0.1409,"[331.8, 514.0, 368.9, 610.5]",,,0.0,False,False,26,0
541,0.1396,"[347.0, 507.3, 378.0, 585.6]",,,0.0,False,False,26,0
541,0.1261,"[1174.5, 501.5, 1189.4, 540.0]",,,0.0,False,False,26,0
541,0.1254,"[1223.1, 492.1, 1238.0, 523.8]",,,0.0,False,False,26,0
541,0.1184,"[338.5, 509.0, 372.9, 602.1]",,,0.0,False,False,26,0
541,0.1135,"[1171.1, 502.2, 1187.3, 543.4]",,,0.0,False,False,26,0
542,0.5454,"[1179.2, 497.1, 1194.1, 532.2]",,,0.0,False,False,28,2
542,0.4939,"[1883.3, 547.1, 1961.6, 785.0]",413,"[1879.1985388681614, 564.0586626689784, 1947.3913048818388, 784.8261029560216]",0.7252,True,False,28,2
542,0.4932,"[1208.2, 497.8, 1225.8, 544.4]",,,0.0,False,False,28,2
542,0.4873,"[497.8, 494.8, 523.5, 563.6]",,,0.0,False,False,28,2
542,0.4675,"[1494.5, 509.3, 1510.7, 550.5]",,,0.0,False,False,28,2
542,0.4022,"[1737.5, 536.0, 1783.4, 683.8]",,,0.0,False,False,28,2
542,0.3382,"[1760.4, 536.0, 1806.3, 701.3]",,,0.0,False,False,28,2
542,0.3189,"[1570.1, 525.5, 1607.9, 652.4]",,,0.0,False,False,28,2
542,0.3149,"[367.9, 494.1, 391.5, 560.9]",,,0.0,False,False,28,2
542,0.2753,"[1427.0, 552.8, 1454.0, 627.8]",,,0.0,False,False,28,2
542,0.2426,"[423.2, 498.8, 445.5, 557.5]",,,0.0,False,False,28,2
542,0.2178,"[1298.7, 491.4, 1317.6, 532.6]",,,0.0,False,False,28,2
542,0.2026,"[488.4, 502.9, 512.0, 563.0]",,,0.0,False,False,28,2
542,0.1945,"[1000.4, 484.3, 1012.5, 515.4]",,,0.0,False,False,28,2
542,0.1798,"[1273.7, 501.5, 1288.6, 538.7]",,,0.0,False,False,28,2
542,0.1684,"[1065.2, 497.5, 1078.7, 531.9]",,,0.0,False,False,28,2
542,0.1615,"[574.8, 483.3, 597.7, 540.0]",,,0.0,False,False,28,2
542,0.154,"[1013.2, 486.0, 1025.3, 515.0]",,,0.0,False,False,28,2
542,0.1378,"[341.9, 503.9, 376.3, 591.0]",,,0.0,False,False,28,2
542,0.1359,"[452.9, 491.4, 477.9, 560.9]",,,0.0,False,False,28,2
542,0.1287,"[624.7, 490.4, 650.4, 561.9]",,,0.0,False,False,28,2
542,0.1218,"[899.1, 481.3, 916.7, 511.0]",,,0.0,False,False,28,2
542,0.117,"[1271.0, 500.2, 1287.2, 542.0]",,,0.0,False,False,28,2
542,0.1166,"[1580.9, 504.9, 1599.8, 549.5]",,,0.0,False,False,28,2
542,0.1165,"[436.7, 503.2, 459.0, 555.9]",,,0.0,False,False,28,2
542,0.1084,"[1725.3, 541.0, 1765.8, 686.1]",,,0.0,False,False,28,2
542,0.1069,"[342.9, 491.4, 368.6, 557.5]",,,0.0,False,False,28,2
542,0.1009,"[526.8, 484.7, 549.1, 554.2]",,,0.0,False,False,28,2
543,0.577,"[1497.2, 509.6, 1513.4, 552.8]",,,0.0,False,False,29,1
543,0.5715,"[384.4, 489.0, 408.0, 559.9]",434,"[384.18316050605875, 488.4846579871473, 410.1510680095662, 561.7105324425402]",0.8806,True,False,29,1
543,0.571,"[1890.0, 543.7, 1946.7, 738.5]",,,0.0,False,False,29,1
543,0.5572,"[1179.9, 495.5, 1194.8, 533.2]",,,0.0,False,False,29,1
543,0.4965,"[1771.2, 532.9, 1819.8, 700.7]",,,0.0,False,False,29,1
543,0.4907,"[524.5, 484.3, 550.1, 559.2]",,,0.0,False,False,29,1
543,0.4901,"[1813.1, 530.5, 1867.1, 731.0]",,,0.0,False,False,29,1
543,0.3992,"[1896.8, 532.2, 1975.1, 785.7]",,,0.0,False,False,29,1
543,0.3796,"[1064.5, 498.5, 1079.3, 533.6]",,,0.0,False,False,29,1
543,0.3727,"[1208.9, 499.5, 1226.5, 545.4]",,,0.0,False,False,29,1
543,0.3703,"[326.9, 540.0, 359.4, 613.6]",,,0.0,False,False,29,1
543,0.3017,"[421.9, 497.8, 444.2, 556.5]",,,0.0,False,False,29,1
543,0.2856,"[365.9, 494.1, 389.5, 560.9]",434,"[384.18316050605875, 488.4846579871473, 410.1510680095662, 561.7105324425402]",0.1131,False,False,29,1
543,0.2817,"[1433.7, 552.8, 1463.4, 630.5]",,,0.0,False,False,29,1
543,0.2697,"[1273.1, 495.5, 1290.6, 534.6]",,,0.0,False,False,29,1
543,0.2488,"[452.2, 490.7, 479.9, 562.3]",,,0.0,False,False,29,1
543,0.2284,"[1227.8, 492.1, 1241.3, 522.5]",,,0.0,False,False,29,1
543,0.2282,"[340.2, 489.0, 366.5, 555.2]",,,0.0,False,False,29,1
543,0.2043,"[342.9, 508.3, 371.9, 589.3]",,,0.0,False,False,29,1
543,0.199,"[1013.2, 485.0, 1025.3, 515.4]",,,0.0,False,False,29,1
543,0.1898,"[1100.2, 487.7, 1112.4, 518.1]",,,0.0,False,False,29,1
543,0.1839,"[901.8, 480.9, 918.0, 512.7]",,,0.0,False,False,29,1
543,0.1829,"[1136.0, 711.5, 1146.8, 739.8]",,,0.0,False,False,29,1
543,0.163,"[1571.4, 535.3, 1606.5, 646.7]",,,0.0,False,False,29,1
543,0.1551,"[1001.0, 484.0, 1013.2, 516.4]",,,0.0,False,False,29,1
543,0.1504,"[573.8, 483.3, 594.7, 531.2]",,,0.0,False,False,29,1
543,0.149,"[1698.3, 505.6, 1722.6, 566.3]",,,0.0,False,False,29,1
543,0.1304,"[324.0, 521.1, 360.1, 611.6]",,,0.0,False,False,29,1
543,0.1279,"[1171.8, 528.5, 1193.4, 585.9]",,,0.0,False,False,29,1
544,0.5455,"[570.4, 487.4, 589.3, 537.3]",,,0.0,False,False,22,1
544,0.5246,"[524.8, 484.3, 550.5, 557.9]",,,0.0,False,False,22,1
544,0.463,"[1782.0, 527.9, 1827.9, 680.4]",,,0.0,False,False,22,1
544,0.4143,"[364.2, 492.8, 389.1, 562.3]",,,0.0,False,False,22,1
544,0.3259,"[1066.5, 497.8, 1081.3, 532.9]",,,0.0,False,False,22,1
544,0.2956,"[1300.7, 489.0, 1321.0, 535.6]",,,0.0,False,False,22,1
544,0.2754,"[1436.4, 553.5, 1463.4, 622.4]",,,0.0,False,False,22,1
544,0.256,"[1273.7, 497.5, 1291.3, 537.3]",,,0.0,False,False,22,1
544,0.2505,"[494.8, 495.5, 521.1, 563.6]",,,0.0,False,False,22,1
544,0.24,"[1363.5, 540.3, 1394.6, 622.7]",,,0.0,False,False,22,1
544,0.2242,"[334.8, 486.7, 364.5, 563.0]",,,0.0,False,False,22,1
544,0.219,"[419.9, 497.5, 443.5, 558.2]",,,0.0,False,False,22,1
544,0.1974,"[1541.7, 500.9, 1576.8, 569.7]",,,0.0,False,False,22,1
544,0.1869,"[449.9, 490.4, 476.9, 561.9]",,,0.0,False,False,22,1
544,0.162,"[903.8, 480.3, 920.0, 513.3]",,,0.0,False,False,22,1
544,0.1398,"[1586.2, 504.9, 1605.2, 559.6]",,,0.0,False,False,22,1
544,0.1382,"[1002.4, 485.7, 1014.5, 517.4]",,,0.0,False,False,22,1
544,0.1334,"[608.5, 485.7, 626.7, 536.3]",,,0.0,False,False,22,1
544,0.1333,"[1099.6, 488.0, 1113.1, 517.0]",,,0.0,False,False,22,1
544,0.1289,"[1514.7, 505.6, 1528.2, 540.7]",,,0.0,False,False,22,1
544,0.1119,"[1229.2, 493.4, 1244.0, 523.1]",,,0.0,False,False,22,1
544,0.1065,"[1321.0, 532.9, 1343.9, 605.8]",,,0.0,False,False,22,1
545,0.5181,"[492.1, 495.5, 519.1, 563.6]",,,0.0,False,False,24,3
545,0.4903,"[1786.1, 533.6, 1840.1, 704.7]",,,0.0,False,False,24,3
545,0.4827,"[1454.0, 547.8, 1489.1, 636.9]",431,"[1450.3765856956525, 547.8451958088915, 1493.2877209449725, 658.2448920817336]",0.6591,True,False,24,3
545,0.4676,"[1181.2, 496.5, 1197.5, 533.6]",,,0.0,False,False,24,3
545,0.4014,"[331.1, 491.4, 356.7, 563.6]",,,0.0,False,False,24,3
545,0.4006,"[1366.9, 540.3, 1398.6, 622.0]",,,0.0,False,False,24,3
545,0.3845,"[1067.8, 497.1, 1082.7, 531.6]",,,0.0,False,False,24,3
545,0.3492,"[1211.6, 502.5, 1229.2, 546.4]",,,0.0,False,False,24,3
545,0.3168,"[1589.0, 527.5, 1632.2, 651.0]",,,0.0,False,False,24,3
545,0.3117,"[1440.5, 557.2, 1464.8, 620.0]",431,"[1450.3765856956525, 547.8451958088915, 1493.2877209449725, 658.2448920817336]",0.1683,False,False,24,3
545,0.2797,"[447.5, 490.7, 475.2, 562.3]",,,0.0,False,False,24,3
545,0.2523,"[525.5, 484.7, 549.8, 556.2]",,,0.0,False,False,24,3
545,0.2384,"[379.0, 489.7, 404.0, 562.6]",434,"[377.55474663229916, 488.52895049483243, 404.20385932473215, 563.7021286067301]",0.9088,True,False,24,3
545,0.2382,"[1829.2, 533.2, 1888.7, 738.5]",,,0.0,False,False,24,3
545,0.2247,"[316.9, 544.4, 352.7, 621.3]",,,0.0,False,False,24,3
545,0.2021,"[1786.1, 543.7, 1875.2, 766.8]",,,0.0,False,False,24,3
545,0.1837,"[363.5, 495.1, 386.4, 562.6]",434,"[377.55474663229916, 488.52895049483243, 404.20385932473215, 563.7021286067301]",0.2031,False,False,24,3
545,0.1773,"[1232.6, 495.5, 1244.7, 521.8]",,,0.0,False,False,24,3
545,0.1666,"[332.8, 514.7, 361.1, 593.7]",,,0.0,False,False,24,3
545,0.1356,"[417.8, 498.5, 442.8, 557.9]",,,0.0,False,False,24,3
545,0.1299,"[1100.2, 488.0, 1113.8, 515.7]",,,0.0,False,False,24,3
545,0.1243,"[607.2, 485.3, 625.4, 531.9]",,,0.0,False,False,24,3
545,0.1162,"[1275.1, 503.9, 1291.3, 538.3]",,,0.0,False,False,24,3
545,0.1041,"[1302.8, 495.5, 1320.3, 536.6]",,,0.0,False,False,24,3
546,0.5647,"[1456.7, 547.4, 1497.2, 652.1]",,,0.0,False,False,21,0
546,0.5646,"[489.0, 495.1, 516.7, 564.0]",,,0.0,False,False,21,0
546,0.4912,"[372.6, 498.2, 398.9, 567.7]",,,0.0,False,False,21,0
546,0.4184,"[1183.3, 495.8, 1198.1, 530.2]",,,0.0,False,False,21,0
546,0.3585,"[326.9, 492.4, 355.1, 559.9]",,,0.0,False,False,21,0
546,0.316,"[360.5, 495.5, 384.1, 564.3]",,,0.0,False,False,21,0
546,0.29,"[1068.5, 498.8, 1083.4, 531.9]",,,0.0,False,False,21,0
546,0.2731,"[1369.6, 538.7, 1404.0, 625.7]",,,0.0,False,False,21,0
546,0.2513,"[1444.5, 556.9, 1474.2, 627.1]",,,0.0,False,False,21,0
546,0.2513,"[312.5, 538.7, 346.6, 617.0]",,,0.0,False,False,21,0
546,0.2428,"[1274.4, 501.9, 1289.2, 537.6]",,,0.0,False,False,21,0
546,0.2419,"[1341.2, 535.3, 1365.5, 603.5]",,,0.0,False,False,21,0
546,0.2229,"[448.9, 492.1, 473.9, 560.2]",,,0.0,False,False,21,0
546,0.2167,"[527.5, 487.4, 549.8, 554.2]",,,0.0,False,False,21,0
546,0.1726,"[1233.2, 495.5, 1246.7, 523.8]",,,0.0,False,False,21,0
546,0.159,"[1307.5, 496.5, 1325.0, 536.3]",,,0.0,False,False,21,0
546,0.1432,"[477.6, 506.6, 501.9, 563.3]",,,0.0,False,False,21,0
546,0.1431,"[1303.4, 493.4, 1322.3, 536.6]",,,0.0,False,False,21,0
546,0.121,"[1479.6, 507.9, 1493.1, 541.7]",,,0.0,False,False,21,0
546,0.1153,"[325.4, 495.1, 355.7, 580.2]",,,0.0,False,False,21,0
546,0.1017,"[414.1, 501.2, 437.1, 558.6]",,,0.0,False,False,21,0
547,0.5674,"[1503.9, 508.3, 1520.1, 551.5]",436,"[1503.768711817445, 509.92946166992186, 1520.59823154193, 552.7244689941406]",0.901,True,False,22,4
547,0.5652,"[1886.0, 559.2, 1972.4, 787.1]",405,"[1880.516211590024, 553.5699461509249, 1955.1915520818511, 793.12121595845]",0.7237,True,False,22,4
547,0.5538,"[572.7, 493.8, 597.7, 559.2]",410,"[571.6125910748984, 494.54974162163387, 597.853839589164, 558.8595601361786]",0.9356,True,False,22,4
547,0.5486,"[566.3, 488.0, 587.2, 544.7]",34,"[566.3640670496601, 488.2054779052734, 586.2156448644024, 541.125454711914]",0.8855,True,False,22,4
547,0.5292,"[1184.0, 495.5, 1198.8, 530.5]",,,0.0,False,False,22,4
547,0.4988,"[371.9, 498.2, 403.7, 569.7]",,,0.0,False,False,22,4
547,0.4955,"[1806.3, 531.2, 1863.0, 708.8]",,,0.0,False,False,22,4
547,0.4278,"[1304.8, 492.8, 1325.0, 536.6]",,,0.0,False,False,22,4
547,0.4277,"[1462.1, 547.8, 1499.9, 636.2]",,,0.0,False,False,22,4
547,0.3291,"[357.4, 495.1, 383.1, 566.7]",,,0.0,False,False,22,4
547,0.3112,"[1854.9, 528.2, 1911.6, 745.2]",405,"[1880.516211590024, 553.5699461509249, 1955.1915520818511, 793.12121595845]",0.2458,False,False,22,4
547,0.2969,"[1448.6, 555.2, 1475.6, 619.3]",,,0.0,False,False,22,4
547,0.2728,"[528.9, 489.7, 550.5, 549.8]",,,0.0,False,False,22,4
547,0.2329,"[412.4, 500.5, 438.1, 559.2]",,,0.0,False,False,22,4
547,0.229,"[569.4, 490.1, 593.0, 558.2]",410,"[571.6125910748984, 494.54974162163387, 597.853839589164, 558.8595601361786]",0.7026,True,False,22,4
547,0.1979,"[1069.2, 498.8, 1084.1, 533.9]",,,0.0,False,False,22,4
547,0.1979,"[1067.2, 500.5, 1082.0, 535.6]",,,0.0,False,False,22,4
547,0.1602,"[1340.6, 534.9, 1366.2, 609.9]",,,0.0,False,False,22,4
547,0.135,"[1060.4, 498.8, 1075.3, 531.9]",,,0.0,False,False,22,4
547,0.1267,"[322.0, 494.8, 354.4, 585.2]",,,0.0,False,False,22,4
547,0.115,"[474.2, 506.9, 500.5, 565.0]",,,0.0,False,False,22,4
547,0.102,"[324.3, 488.7, 360.5, 579.8]",,,0.0,False,False,22,4
548,0.5505,"[1307.5, 497.8, 1326.4, 537.6]",,,0.0,False,False,12,0
548,0.4832,"[368.6, 497.8, 396.2, 568.7]",,,0.0,False,False,12,0
548,0.3982,"[355.4, 496.1, 381.0, 564.3]",,,0.0,False,False,12,0
548,0.3322,"[1867.1, 532.2, 1918.4, 718.9]",,,0.0,False,False,12,0
548,0.3224,"[469.1, 503.2, 496.8, 564.6]",,,0.0,False,False,12,0
548,0.2362,"[512.7, 494.4, 533.6, 552.5]",,,0.0,False,False,12,0
548,0.202,"[1863.0, 527.2, 1922.4, 759.4]",,,0.0,False,False,12,0
548,0.1944,"[409.4, 499.5, 435.7, 557.5]",,,0.0,False,False,12,0
548,0.187,"[1069.9, 498.2, 1084.7, 534.6]",,,0.0,False,False,12,0
548,0.1728,"[568.7, 493.1, 591.0, 557.2]",,,0.0,False,False,12,0
548,0.1529,"[322.0, 490.7, 348.3, 556.2]",,,0.0,False,False,12,0
548,0.105,"[526.2, 485.7, 549.1, 553.2]",,,0.0,False,False,12,0
549,0.5532,"[1217.0, 499.8, 1233.2, 544.4]",437,"[1217.0308644357478, 499.74026277081975, 1234.0081980642524, 544.1161825416802]",0.9459,True,False,24,2
549,0.5243,"[1829.2, 533.9, 1888.7, 729.0]",,,0.0,False,False,24,2
549,0.5085,"[510.3, 493.1, 535.3, 562.6]",,,0.0,False,False,24,2
549,0.4928,"[1467.5, 547.4, 1502.6, 636.5]",431,"[1468.5251091180235, 548.1346839343415, 1504.2087776007265, 640.885213526596]",0.8769,True,False,24,2
549,0.4297,"[1186.7, 494.1, 1201.5, 529.9]",,,0.0,False,False,24,2
549,0.2967,"[1070.6, 499.5, 1085.4, 533.2]",,,0.0,False,False,24,2
549,0.2886,"[366.5, 493.8, 396.2, 569.4]",,,0.0,False,False,24,2
549,0.2737,"[1873.8, 526.5, 1933.2, 752.0]",,,0.0,False,False,24,2
549,0.2667,"[1304.1, 494.8, 1324.4, 531.9]",,,0.0,False,False,24,2
549,0.2365,"[1383.8, 503.6, 1400.0, 545.4]",,,0.0,False,False,24,2
549,0.2354,"[318.1, 490.1, 354.0, 566.3]",,,0.0,False,False,24,2
549,0.2335,"[1841.4, 531.2, 1898.1, 739.1]",,,0.0,False,False,24,2
549,0.2065,"[1067.2, 499.2, 1083.4, 534.3]",,,0.0,False,False,24,2
549,0.1973,"[403.3, 500.5, 435.0, 557.9]",,,0.0,False,False,24,2
549,0.1826,"[1185.3, 498.8, 1200.2, 536.6]",,,0.0,False,False,24,2
549,0.1623,"[352.7, 490.4, 379.7, 566.7]",,,0.0,False,False,24,2
549,0.1492,"[1470.2, 545.4, 1518.8, 666.9]",431,"[1468.5251091180235, 548.1346839343415, 1504.2087776007265, 640.885213526596]",0.5217,True,False,24,2
549,0.1414,"[1346.6, 540.7, 1370.9, 613.6]",,,0.0,False,False,24,2
549,0.1292,"[466.8, 506.3, 494.4, 565.7]",,,0.0,False,False,24,2
549,0.1165,"[1470.2, 546.8, 1499.9, 615.6]",431,"[1468.5251091180235, 548.1346839343415, 1504.2087776007265, 640.885213526596]",0.598,True,False,24,2
549,0.1133,"[265.3, 454.6, 315.9, 615.9]",,,0.0,False,False,24,2
549,0.109,"[1449.9, 550.5, 1476.9, 610.5]",431,"[1468.5251091180235, 548.1346839343415, 1504.2087776007265, 640.885213526596]",0.1136,False,False,24,2
549,0.1073,"[361.5, 485.7, 391.8, 568.7]",,,0.0,False,False,24,2
549,0.1019,"[1103.0, 486.0, 1116.5, 516.4]",,,0.0,False,False,24,2
550,0.4474,"[1383.8, 505.9, 1400.0, 549.8]",,,0.0,False,False,21,0
550,0.4299,"[1306.8, 493.1, 1327.1, 535.6]",,,0.0,False,False,21,0
550,0.4275,"[351.3, 498.8, 375.0, 563.6]",,,0.0,False,False,21,0
550,0.3903,"[1456.7, 557.5, 1486.4, 642.6]",,,0.0,False,False,21,0
550,0.3417,"[1187.3, 494.4, 1202.2, 531.6]",,,0.0,False,False,21,0
550,0.3002,"[365.2, 496.5, 390.8, 568.0]",,,0.0,False,False,21,0
550,0.24,"[1552.5, 507.6, 1571.4, 554.2]",,,0.0,False,False,21,0
550,0.2233,"[450.6, 480.6, 477.6, 560.9]",,,0.0,False,False,21,0
550,0.2195,"[1452.6, 550.8, 1482.3, 627.8]",,,0.0,False,False,21,0
550,0.2148,"[403.7, 501.2, 432.0, 557.2]",,,0.0,False,False,21,0
550,0.1996,"[1617.3, 547.1, 1657.8, 659.8]",,,0.0,False,False,21,0
550,0.1987,"[464.7, 501.2, 491.1, 566.0]",,,0.0,False,False,21,0
550,0.1861,"[1242.7, 491.4, 1256.2, 520.4]",,,0.0,False,False,21,0
550,0.1844,"[303.8, 485.0, 330.4, 557.2]",,,0.0,False,False,21,0
550,0.1641,"[1103.6, 487.7, 1117.1, 517.4]",,,0.0,False,False,21,0
550,0.1528,"[1217.0, 501.9, 1234.6, 545.1]",,,0.0,False,False,21,0
550,0.1428,"[279.6, 542.7, 324.2, 619.7]",,,0.0,False,False,21,0
550,0.1375,"[1071.9, 499.5, 1086.8, 533.9]",,,0.0,False,False,21,0
550,0.1328,"[425.9, 497.8, 447.5, 557.2]",,,0.0,False,False,21,0
550,0.116,"[1833.3, 539.0, 1898.1, 723.6]",,,0.0,False,False,21,0
550,0.1071,"[916.7, 480.9, 931.5, 511.3]",,,0.0,False,False,21,0
551,0.5539,"[1479.6, 547.8, 1512.0, 649.7]",431,"[1476.8505942972354, 548.1348558873485, 1511.7905189840144, 640.6304029017139]",0.8371,True,False,19,1
551,0.5134,"[1218.4, 500.9, 1235.9, 544.7]",,,0.0,False,False,19,1
551,0.5029,"[1308.8, 497.1, 1329.1, 537.6]",,,0.0,False,False,19,1
551,0.4956,"[1382.4, 504.2, 1401.3, 550.1]",,,0.0,False,False,19,1
551,0.4538,"[347.0, 498.5, 369.9, 566.0]",,,0.0,False,False,19,1
551,0.4416,"[361.5, 497.5, 387.1, 570.4]",,,0.0,False,False,19,1
551,0.3968,"[1244.0, 493.1, 1256.2, 520.8]",,,0.0,False,False,19,1
551,0.3962,"[1293.3, 531.2, 1323.0, 614.9]",,,0.0,False,False,19,1
551,0.3357,"[1189.4, 495.1, 1202.9, 530.9]",,,0.0,False,False,19,1
551,0.3357,"[401.6, 500.9, 430.7, 558.9]",,,0.0,False,False,19,1
551,0.2623,"[1454.0, 549.8, 1486.4, 634.2]",431,"[1476.8505942972354, 548.1348558873485, 1511.7905189840144, 640.6304029017139]",0.1552,False,False,19,1
551,0.2265,"[1071.2, 500.5, 1087.4, 535.6]",,,0.0,False,False,19,1
551,0.2139,"[325.2, 491.7, 351.3, 565.3]",,,0.0,False,False,19,1
551,0.2001,"[1481.0, 545.1, 1524.2, 662.5]",431,"[1476.8505942972354, 548.1348558873485, 1511.7905189840144, 640.6304029017139]",0.5231,True,False,19,1
551,0.1792,"[1350.7, 540.7, 1373.6, 606.8]",,,0.0,False,False,19,1
551,0.1613,"[1063.1, 498.5, 1079.3, 532.9]",,,0.0,False,False,19,1
551,0.1595,"[417.8, 500.9, 444.2, 558.2]",,,0.0,False,False,19,1
551,0.1371,"[465.1, 507.6, 490.7, 567.0]",,,0.0,False,False,19,1
551,0.1187,"[1103.0, 488.0, 1116.5, 519.8]",,,0.0,False,False,19,1
552,0.5764,"[1856.2, 530.9, 1923.8, 730.4]",,,0.0,False,False,22,0
552,0.5733,"[1309.5, 495.8, 1331.1, 537.0]",,,0.0,False,False,22,0
552,0.5693,"[1382.4, 500.2, 1401.3, 546.8]",,,0.0,False,False,22,0
552,0.5228,"[1485.0, 548.8, 1517.4, 633.8]",,,0.0,False,False,22,0
552,0.4595,"[356.7, 490.4, 385.8, 570.0]",,,0.0,False,False,22,0
552,0.4158,"[1244.0, 490.4, 1257.5, 520.8]",,,0.0,False,False,22,0
552,0.392,"[449.9, 480.3, 474.9, 555.9]",,,0.0,False,False,22,0
552,0.3769,"[1632.2, 527.9, 1678.1, 660.8]",,,0.0,False,False,22,0
552,0.3427,"[344.6, 491.7, 369.6, 564.0]",,,0.0,False,False,22,0
552,0.3414,"[1189.4, 494.8, 1204.2, 531.2]",,,0.0,False,False,22,0
552,0.3036,"[1458.0, 548.8, 1490.4, 619.7]",,,0.0,False,False,22,0
552,0.2702,"[461.4, 508.6, 486.3, 565.3]",,,0.0,False,False,22,0
552,0.2438,"[1873.8, 554.5, 1952.1, 768.2]",,,0.0,False,False,22,0
552,0.2411,"[1350.7, 538.0, 1376.3, 614.2]",,,0.0,False,False,22,0
552,0.1863,"[1219.1, 501.2, 1236.6, 542.4]",,,0.0,False,False,22,0
552,0.1651,"[397.2, 501.2, 425.6, 557.2]",,,0.0,False,False,22,0
552,0.1546,"[1063.8, 497.5, 1077.3, 531.2]",,,0.0,False,False,22,0
552,0.1386,"[295.3, 485.0, 322.0, 557.2]",,,0.0,False,False,22,0
552,0.1375,"[411.1, 505.9, 440.8, 556.5]",,,0.0,False,False,22,0
552,0.1123,"[319.6, 488.4, 344.6, 560.6]",,,0.0,False,False,22,0
552,0.105,"[416.1, 501.2, 443.8, 557.2]",,,0.0,False,False,22,0
552,0.1,"[241.7, 444.2, 301.4, 621.7]",,,0.0,False,False,22,0
553,0.5453,"[567.0, 489.4, 593.3, 560.2]",410,"[565.8647336044965, 489.84612871111517, 594.240613075191, 560.7964494138848]",0.9149,True,False,17,2
553,0.5074,"[1312.9, 495.8, 1333.1, 537.6]",,,0.0,False,False,17,2
553,0.4628,"[354.4, 495.8, 381.4, 572.1]",,,0.0,False,False,17,2
553,0.4457,"[1638.9, 527.5, 1687.5, 664.5]",,,0.0,False,False,17,2
553,0.4444,"[1065.2, 498.8, 1080.0, 535.3]",,,0.0,False,False,17,2
553,0.436,"[457.3, 503.2, 483.0, 568.0]",,,0.0,False,False,17,2
553,0.3566,"[1383.8, 501.9, 1400.0, 546.4]",,,0.0,False,False,17,2
553,0.3087,"[1244.7, 490.4, 1259.6, 521.4]",,,0.0,False,False,17,2
553,0.287,"[490.1, 492.4, 510.3, 554.5]",,,0.0,False,False,17,2
553,0.2448,"[334.1, 489.7, 363.2, 571.4]",,,0.0,False,False,17,2
553,0.2192,"[317.9, 488.7, 343.9, 565.7]",,,0.0,False,False,17,2
553,0.18,"[449.6, 482.0, 475.2, 560.9]",,,0.0,False,False,17,2
553,0.1723,"[1460.7, 549.8, 1490.4, 634.8]",,,0.0,False,False,17,2
553,0.1602,"[561.6, 486.7, 585.2, 554.9]",410,"[565.8647336044965, 489.84612871111517, 594.240613075191, 560.7964494138848]",0.532,True,False,17,2
553,0.1317,"[1509.3, 571.7, 1539.0, 656.8]",,,0.0,False,False,17,2
553,0.1313,"[1476.9, 562.3, 1503.9, 637.2]",,,0.0,False,False,17,2
553,0.1175,"[1292.6, 557.2, 1321.0, 623.4]",,,0.0,False,False,17,2
554,0.57,"[1383.8, 504.9, 1400.0, 548.1]",,,0.0,False,False,23,2
554,0.5649,"[1514.7, 511.0, 1530.9, 551.5]",436,"[1514.7247721966883, 510.9589376562107, 1530.937093037687, 551.6956033594143]",0.9904,True,False,23,2
554,0.5618,"[1284.5, 501.5, 1303.4, 550.1]",439,"[1284.8095094180478, 500.9672643054482, 1307.0571898007022, 554.4603479992393]",0.7515,True,False,23,2
554,0.5073,"[349.7, 496.5, 378.7, 574.8]",,,0.0,False,False,23,2
554,0.4104,"[1312.9, 496.1, 1333.1, 538.0]",,,0.0,False,False,23,2
554,0.4031,"[1064.5, 498.8, 1079.3, 535.3]",,,0.0,False,False,23,2
554,0.31,"[1562.0, 551.1, 1597.1, 660.5]",,,0.0,False,False,23,2
554,0.2777,"[320.1, 490.7, 352.7, 571.1]",,,0.0,False,False,23,2
554,0.2761,"[1290.6, 522.1, 1312.2, 576.1]",439,"[1284.8095094180478, 500.9672643054482, 1307.0571898007022, 554.4603479992393]",0.2918,False,False,23,2
554,0.2646,"[1244.7, 491.1, 1258.2, 520.1]",,,0.0,False,False,23,2
554,0.2614,"[612.6, 503.6, 638.9, 574.4]",,,0.0,False,False,23,2
554,0.2519,"[1892.7, 542.0, 1979.1, 776.2]",,,0.0,False,False,23,2
554,0.2447,"[393.5, 500.9, 425.2, 562.3]",,,0.0,False,False,23,2
554,0.2438,"[315.9, 490.7, 342.6, 567.7]",,,0.0,False,False,23,2
554,0.234,"[1483.7, 555.9, 1510.7, 635.5]",,,0.0,False,False,23,2
554,0.2087,"[1007.1, 484.7, 1020.6, 519.1]",,,0.0,False,False,23,2
554,0.1719,"[1221.8, 500.9, 1238.0, 541.4]",,,0.0,False,False,23,2
554,0.1614,"[455.3, 504.9, 480.3, 568.4]",,,0.0,False,False,23,2
554,0.1481,"[416.5, 500.9, 440.1, 558.9]",,,0.0,False,False,23,2
554,0.1166,"[341.0, 497.1, 366.5, 570.7]",,,0.0,False,False,23,2
554,0.1131,"[918.0, 483.3, 935.6, 515.0]",,,0.0,False,False,23,2
554,0.1128,"[1556.6, 504.9, 1575.5, 552.8]",,,0.0,False,False,23,2
554,0.1019,"[1580.9, 509.6, 1599.8, 554.9]",,,0.0,False,False,23,2
555,0.5447,"[1313.6, 496.8, 1333.8, 538.7]",,,0.0,False,False,19,1
555,0.4887,"[1286.6, 502.5, 1305.5, 550.5]",,,0.0,False,False,19,1
555,0.3749,"[312.9, 488.7, 338.9, 565.0]",,,0.0,False,False,19,1
555,0.3673,"[1246.7, 491.4, 1258.9, 519.8]",,,0.0,False,False,19,1
555,0.3478,"[1005.8, 483.0, 1020.6, 520.8]",,,0.0,False,False,19,1
555,0.331,"[1065.2, 495.5, 1080.0, 531.9]",,,0.0,False,False,19,1
555,0.291,"[1098.2, 489.7, 1113.1, 524.8]",,,0.0,False,False,19,1
555,0.2896,"[1884.6, 558.9, 1965.6, 764.1]",408,"[1884.5181915478443, 537.6462413436636, 1961.8712127490305, 763.2619617813364]",0.8638,True,False,19,1
555,0.2879,"[1883.3, 561.6, 1940.0, 716.9]",408,"[1884.5181915478443, 537.6462413436636, 1961.8712127490305, 763.2619617813364]",0.4876,True,False,19,1
555,0.2716,"[918.7, 484.0, 937.6, 515.0]",,,0.0,False,False,19,1
555,0.2555,"[327.2, 488.7, 356.4, 568.4]",,,0.0,False,False,19,1
555,0.2498,"[1652.4, 556.9, 1695.6, 668.2]",,,0.0,False,False,19,1
555,0.2046,"[446.9, 480.3, 476.6, 567.3]",,,0.0,False,False,19,1
555,0.1507,"[391.8, 501.9, 419.5, 558.6]",,,0.0,False,False,19,1
555,0.1441,"[1223.1, 501.2, 1238.0, 539.0]",,,0.0,False,False,19,1
555,0.1383,"[608.2, 501.5, 638.6, 590.6]",,,0.0,False,False,19,1
555,0.1233,"[415.8, 498.5, 438.8, 557.2]",,,0.0,False,False,19,1
555,0.1153,"[1421.6, 498.5, 1437.8, 537.0]",,,0.0,False,False,19,1
555,0.1039,"[291.3, 486.7, 317.6, 561.6]",,,0.0,False,False,19,1
556,0.5677,"[1065.8, 497.5, 1080.7, 533.9]",,,0.0,False,False,21,2
556,0.555,"[339.2, 496.5, 366.9, 574.1]",434,"[340.37155525035575, 496.36257120504996, 368.44857414417544, 574.8554463730751]",0.8957,True,False,21,2
556,0.548,"[1287.2, 503.9, 1307.5, 552.5]",,,0.0,False,False,21,2
556,0.5076,"[1223.1, 499.8, 1239.3, 541.7]",,,0.0,False,False,21,2
556,0.4662,"[1383.8, 504.9, 1400.0, 545.4]",,,0.0,False,False,21,2
556,0.3843,"[1314.9, 496.8, 1336.5, 539.3]",,,0.0,False,False,21,2
556,0.373,"[606.8, 503.2, 635.2, 576.8]",,,0.0,False,False,21,2
556,0.3314,"[309.8, 492.1, 335.8, 563.6]",,,0.0,False,False,21,2
556,0.3019,"[1005.8, 483.0, 1020.6, 520.1]",,,0.0,False,False,21,2
556,0.2665,"[1098.9, 492.1, 1113.8, 525.8]",,,0.0,False,False,21,2
556,0.2542,"[1899.5, 545.7, 1980.5, 770.2]",,,0.0,False,False,21,2
556,0.2527,"[444.8, 483.0, 474.5, 567.3]",,,0.0,False,False,21,2
556,0.2491,"[411.8, 499.5, 435.4, 558.9]",,,0.0,False,False,21,2
556,0.2482,"[389.8, 500.2, 417.5, 560.9]",,,0.0,False,False,21,2
556,0.2387,"[565.3, 488.7, 589.6, 557.5]",,,0.0,False,False,21,2
556,0.1863,"[1568.7, 506.6, 1590.3, 555.9]",,,0.0,False,False,21,2
556,0.1415,"[1300.7, 562.6, 1330.4, 622.7]",,,0.0,False,False,21,2
556,0.1386,"[1246.1, 490.7, 1259.6, 520.4]",,,0.0,False,False,21,2
556,0.131,"[920.7, 484.7, 939.6, 515.0]",,,0.0,False,False,21,2
556,0.13,"[1744.2, 492.1, 1768.5, 556.9]",,,0.0,False,False,21,2
556,0.1166,"[1657.8, 555.2, 1703.7, 669.3]",,,0.0,False,False,21,2
557,0.5485,"[1383.8, 505.9, 1400.0, 547.8]",,,0.0,False,False,18,0
557,0.499,"[1287.9, 502.9, 1306.8, 552.2]",,,0.0,False,False,18,0
557,0.437,"[1223.8, 501.5, 1241.3, 542.7]",,,0.0,False,False,18,0
557,0.3226,"[484.7, 494.8, 504.9, 555.5]",,,0.0,False,False,18,0
557,0.3031,"[1745.6, 491.7, 1769.9, 557.9]",,,0.0,False,False,18,0
557,0.2773,"[1006.4, 483.3, 1019.9, 521.8]",,,0.0,False,False,18,0
557,0.2463,"[570.7, 493.4, 591.6, 561.6]",,,0.0,False,False,18,0
557,0.2102,"[387.1, 503.2, 417.5, 562.6]",,,0.0,False,False,18,0
557,0.1858,"[442.1, 484.0, 472.5, 568.4]",,,0.0,False,False,18,0
557,0.1779,"[1080.7, 499.2, 1094.2, 532.2]",,,0.0,False,False,18,0
557,0.1618,"[924.1, 487.0, 940.3, 518.1]",,,0.0,False,False,18,0
557,0.151,"[606.5, 504.6, 634.2, 572.1]",,,0.0,False,False,18,0
557,0.1376,"[1317.6, 496.8, 1337.9, 538.0]",,,0.0,False,False,18,0
557,0.1318,"[1297.4, 520.4, 1325.7, 584.6]",,,0.0,False,False,18,0
557,0.1108,"[1570.1, 507.9, 1591.7, 557.9]",,,0.0,False,False,18,0
557,0.1105,"[1020.6, 486.0, 1034.1, 519.8]",,,0.0,False,False,18,0
557,0.1047,"[1186.7, 500.2, 1206.9, 550.8]",,,0.0,False,False,18,0
557,0.1046,"[406.7, 500.9, 433.7, 562.3]",,,0.0,False,False,18,0
558,0.5532,"[302.6, 489.7, 331.3, 567.3]",,,0.0,False,False,15,3
558,0.5347,"[1068.5, 497.8, 1083.4, 533.6]",,,0.0,False,False,15,3
558,0.4422,"[1513.4, 559.2, 1545.8, 653.7]",431,"[1507.516523025835, 555.1672064993354, 1547.1116508022901, 661.5877983834771]",0.7266,True,False,15,3
558,0.3913,"[441.1, 484.3, 470.8, 569.4]",,,0.0,False,False,15,3
558,0.356,"[1383.8, 504.6, 1402.7, 548.4]",,,0.0,False,False,15,3
558,0.2513,"[1188.7, 499.5, 1208.9, 552.2]",,,0.0,False,False,15,3
558,0.235,"[1562.0, 506.3, 1580.9, 553.5]",,,0.0,False,False,15,3
558,0.2148,"[484.7, 493.1, 504.9, 553.2]",,,0.0,False,False,15,3
558,0.1584,"[926.1, 486.3, 942.3, 517.4]",,,0.0,False,False,15,3
558,0.1518,"[1080.7, 493.4, 1095.5, 529.2]",,,0.0,False,False,15,3
558,0.1329,"[1575.5, 507.6, 1594.4, 558.2]",,,0.0,False,False,15,3
558,0.1286,"[604.1, 503.9, 633.2, 575.4]",,,0.0,False,False,15,3
558,0.1232,"[443.5, 513.7, 471.2, 571.7]",,,0.0,False,False,15,3
558,0.1077,"[1107.0, 492.1, 1123.2, 528.5]",,,0.0,False,False,15,3
558,0.1076,"[388.1, 503.6, 415.8, 560.9]",429,"[405.5691375732422, 506.20655822753906, 430.5441436767578, 574.3815765380859]",0.205,False,False,15,3
559,0.4918,"[1225.8, 500.5, 1242.0, 542.4]",,,0.0,False,False,15,1
559,0.4154,"[1382.4, 505.6, 1404.0, 549.5]",,,0.0,False,False,15,1
559,0.3696,"[383.4, 504.2, 414.5, 563.0]",,,0.0,False,False,15,1
559,0.3141,"[481.3, 494.4, 502.2, 555.2]",,,0.0,False,False,15,1
559,0.258,"[406.7, 501.9, 429.0, 561.9]",,,0.0,False,False,15,1
559,0.2306,"[442.5, 494.8, 468.1, 569.7]",,,0.0,False,False,15,1
559,0.2151,"[1233.9, 532.2, 1267.7, 628.8]",,,0.0,False,False,15,1
559,0.1943,"[1746.9, 491.1, 1773.9, 561.3]",,,0.0,False,False,15,1
559,0.1598,"[601.1, 502.5, 631.5, 577.5]",,,0.0,False,False,15,1
559,0.1386,"[1894.1, 549.1, 1942.7, 717.5]",435,"[1885.6062340097756, 551.3937743411813, 1946.6564613027242, 735.4665772213187]",0.7115,True,False,15,1
559,0.1368,"[275.1, 492.1, 300.7, 560.9]",,,0.0,False,False,15,1
559,0.1316,"[926.1, 485.3, 942.3, 517.7]",,,0.0,False,False,15,1
559,0.1301,"[439.4, 484.7, 467.1, 563.0]",,,0.0,False,False,15,1
559,0.1281,"[1686.2, 532.6, 1737.5, 675.0]",,,0.0,False,False,15,1
559,0.1024,"[1566.0, 507.3, 1582.2, 551.8]",,,0.0,False,False,15,1
560,0.554,"[296.8, 491.4, 325.9, 567.0]",,,0.0,False,False,10,2
560,0.3684,"[480.3, 492.8, 501.2, 553.5]",,,0.0,False,False,10,2
560,0.3154,"[1485.0, 556.5, 1514.7, 646.3]",,,0.0,False,False,10,2
560,0.2993,"[1068.5, 497.8, 1083.4, 534.3]",,,0.0,False,False,10,2
560,0.2829,"[381.7, 502.9, 412.8, 563.0]",,,0.0,False,False,10,2
560,0.2164,"[436.4, 484.0, 464.7, 571.1]",,,0.0,False,False,10,2
560,0.1966,"[1690.2, 545.1, 1744.2, 679.4]",,,0.0,False,False,10,2
560,0.1962,"[926.8, 485.0, 944.3, 516.7]",,,0.0,False,False,10,2
560,0.1273,"[1253.5, 533.2, 1287.2, 621.7]",,,0.0,False,False,10,2
560,0.1076,"[1179.2, 495.1, 1196.8, 535.6]",,,0.0,False,False,10,2
561,0.4865,"[478.6, 492.4, 500.2, 555.2]",,,0.0,False,False,14,2
561,0.4731,"[1071.9, 500.2, 1089.5, 539.3]",,,0.0,False,False,14,2
561,0.4461,"[434.0, 484.3, 464.4, 570.7]",,,0.0,False,False,14,2
561,0.3321,"[292.1, 488.7, 322.5, 565.7]",434,"[320.5764718987241, 500.2707826034584, 349.0258840583072, 577.9583433731041]",0.0282,False,False,14,2
561,0.2975,"[1069.9, 498.8, 1086.1, 535.3]",,,0.0,False,False,14,2
561,0.2727,"[379.0, 503.9, 412.1, 564.0]",,,0.0,False,False,14,2
561,0.2227,"[1181.2, 495.8, 1197.5, 535.6]",,,0.0,False,False,14,2
561,0.2174,"[1463.4, 531.9, 1503.9, 645.3]",,,0.0,False,False,14,2
561,0.2118,"[1489.1, 557.9, 1518.8, 644.3]",,,0.0,False,False,14,2
561,0.1672,"[307.0, 489.4, 337.0, 575.1]",434,"[320.5764718987241, 500.2707826034584, 349.0258840583072, 577.9583433731041]",0.3454,True,False,14,2
561,0.1591,"[326.7, 493.8, 355.7, 576.1]",434,"[320.5764718987241, 500.2707826034584, 349.0258840583072, 577.9583433731041]",0.5824,True,False,14,2
561,0.1521,"[1323.7, 494.8, 1342.6, 536.6]",,,0.0,False,False,14,2
561,0.1027,"[596.0, 502.9, 628.4, 580.5]",,,0.0,False,False,14,2
561,0.1,"[1580.9, 509.0, 1599.8, 559.6]",,,0.0,False,False,14,2
562,0.5724,"[292.6, 490.7, 323.0, 570.4]",,,0.0,False,False,23,1
562,0.5528,"[1379.7, 508.3, 1401.3, 551.5]",,,0.0,False,False,23,1
562,0.5404,"[476.2, 493.4, 497.8, 557.5]",,,0.0,False,False,23,1
562,0.5395,"[1609.2, 558.6, 1649.7, 681.4]",432,"[1606.6284434688898, 559.1883758438757, 1643.453343640485, 678.0722442733118]",0.7711,True,False,23,1
562,0.4736,"[431.3, 484.0, 460.4, 573.1]",,,0.0,False,False,23,1
562,0.419,"[376.7, 504.9, 411.8, 565.0]",,,0.0,False,False,23,1
562,0.4053,"[1580.9, 510.3, 1602.5, 560.2]",,,0.0,False,False,23,1
562,0.4053,"[1324.4, 496.8, 1343.2, 538.7]",,,0.0,False,False,23,1
562,0.3975,"[1179.9, 495.5, 1197.5, 536.0]",,,0.0,False,False,23,1
562,0.3816,"[1071.2, 499.2, 1087.4, 537.0]",,,0.0,False,False,23,1
562,0.3291,"[1007.1, 482.0, 1020.6, 515.7]",,,0.0,False,False,23,1
562,0.2416,"[1611.9, 561.6, 1647.0, 641.2]",432,"[1606.6284434688898, 559.1883758438757, 1643.453343640485, 678.0722442733118]",0.5393,True,False,23,1
562,0.2051,"[320.6, 494.8, 349.7, 576.5]",,,0.0,False,False,23,1
562,0.1895,"[595.0, 502.2, 626.1, 575.8]",,,0.0,False,False,23,1
562,0.1695,"[1100.9, 485.7, 1115.8, 524.8]",,,0.0,False,False,23,1
562,0.1427,"[1390.5, 497.1, 1404.0, 534.3]",,,0.0,False,False,23,1
562,0.1367,"[1552.5, 570.0, 1587.6, 661.8]",,,0.0,False,False,23,1
562,0.1336,"[1432.4, 499.8, 1448.6, 540.3]",,,0.0,False,False,23,1
562,0.1307,"[567.3, 493.4, 588.3, 563.0]",,,0.0,False,False,23,1
562,0.1232,"[928.8, 484.0, 945.0, 516.4]",,,0.0,False,False,23,1
562,0.1115,"[1568.7, 511.0, 1584.9, 554.9]",,,0.0,False,False,23,1
562,0.1032,"[464.1, 493.8, 484.3, 555.2]",,,0.0,False,False,23,1
562,0.1013,"[1026.0, 484.0, 1040.8, 517.7]",,,0.0,False,False,23,1
563,0.5407,"[475.5, 492.8, 498.5, 557.5]",,,0.0,False,False,24,1
563,0.4922,"[1611.9, 557.2, 1652.4, 678.7]",,,0.0,False,False,24,1
563,0.4494,"[1013.9, 531.9, 1051.7, 627.8]",,,0.0,False,False,24,1
563,0.4313,"[1072.6, 497.5, 1087.4, 533.9]",,,0.0,False,False,24,1
563,0.4011,"[1327.1, 496.8, 1344.6, 538.0]",,,0.0,False,False,24,1
563,0.3109,"[288.9, 488.4, 319.3, 566.7]",,,0.0,False,False,24,1
563,0.2944,"[1390.5, 496.8, 1406.7, 533.2]",,,0.0,False,False,24,1
563,0.2902,"[1181.9, 495.5, 1198.1, 534.6]",,,0.0,False,False,24,1
563,0.2816,"[1530.9, 511.3, 1547.1, 553.8]",,,0.0,False,False,24,1
563,0.2709,"[1313.6, 494.1, 1329.8, 534.6]",,,0.0,False,False,24,1
563,0.2663,"[1007.1, 481.6, 1020.6, 514.0]",,,0.0,False,False,24,1
563,0.2657,"[429.0, 481.3, 458.7, 571.1]",,,0.0,False,False,24,1
563,0.2626,"[1471.5, 554.2, 1506.6, 645.3]",,,0.0,False,False,24,1
563,0.2619,"[374.3, 502.5, 408.7, 562.6]",,,0.0,False,False,24,1
563,0.2165,"[461.0, 494.1, 482.0, 554.2]",,,0.0,False,False,24,1
563,0.2001,"[1075.3, 489.4, 1090.1, 527.2]",,,0.0,False,False,24,1
563,0.1786,"[567.0, 492.4, 587.9, 564.0]",,,0.0,False,False,24,1
563,0.1774,"[452.2, 494.4, 480.6, 567.3]",,,0.0,False,False,24,1
563,0.1751,"[1406.7, 497.5, 1422.9, 539.3]",,,0.0,False,False,24,1
563,0.1627,"[316.7, 498.5, 344.8, 576.8]",,,0.0,False,False,24,1
563,0.1556,"[594.0, 500.9, 625.1, 575.8]",,,0.0,False,False,24,1
563,0.1309,"[1101.6, 486.7, 1116.5, 523.8]",,,0.0,False,False,24,1
563,0.1256,"[1525.5, 563.0, 1555.2, 644.6]",,,0.0,False,False,24,1
563,0.1161,"[929.5, 484.3, 944.3, 516.0]",,,0.0,False,False,24,1
564,0.5498,"[1328.4, 498.2, 1346.0, 540.0]",,,0.0,False,False,25,1
564,0.5246,"[1583.6, 576.5, 1613.2, 658.1]",426,"[1579.4480685312192, 566.0242902031205, 1613.212331859406, 650.8062762031295]",0.7155,True,False,25,1
564,0.4863,"[1618.7, 565.7, 1659.2, 680.4]",,,0.0,False,False,25,1
564,0.4352,"[1183.3, 496.5, 1199.5, 536.3]",,,0.0,False,False,25,1
564,0.4071,"[430.0, 481.3, 464.4, 571.1]",,,0.0,False,False,25,1
564,0.4031,"[1391.9, 497.1, 1405.4, 534.3]",,,0.0,False,False,25,1
564,0.3989,"[1073.9, 488.7, 1091.5, 529.9]",,,0.0,False,False,25,1
564,0.3879,"[287.9, 487.7, 319.3, 570.0]",,,0.0,False,False,25,1
564,0.3678,"[370.9, 501.2, 408.7, 564.6]",,,0.0,False,False,25,1
564,0.2769,"[1007.1, 483.0, 1020.6, 516.0]",,,0.0,False,False,25,1
564,0.2422,"[562.3, 494.8, 583.9, 563.6]",,,0.0,False,False,25,1
564,0.2397,"[308.3, 476.9, 340.4, 576.8]",,,0.0,False,False,25,1
564,0.2238,"[462.0, 494.4, 481.6, 555.2]",,,0.0,False,False,25,1
564,0.202,"[1729.4, 534.3, 1786.1, 687.5]",,,0.0,False,False,25,1
564,0.1769,"[1385.1, 499.5, 1401.3, 534.6]",,,0.0,False,False,25,1
564,0.1533,"[1245.4, 490.1, 1258.9, 521.1]",,,0.0,False,False,25,1
564,0.1494,"[1472.9, 561.9, 1508.0, 647.0]",,,0.0,False,False,25,1
564,0.1415,"[1389.2, 498.2, 1402.7, 533.2]",,,0.0,False,False,25,1
564,0.1357,"[566.3, 493.1, 587.2, 563.3]",,,0.0,False,False,25,1
564,0.134,"[906.5, 481.3, 922.7, 510.3]",,,0.0,False,False,25,1
564,0.1321,"[1468.8, 565.0, 1498.5, 646.7]",,,0.0,False,False,25,1
564,0.1267,"[1101.6, 487.7, 1116.5, 524.1]",,,0.0,False,False,25,1
564,0.1096,"[1312.9, 495.1, 1330.4, 533.6]",,,0.0,False,False,25,1
564,0.104,"[1381.1, 504.2, 1397.2, 543.4]",,,0.0,False,False,25,1
564,0.1009,"[930.2, 486.7, 945.0, 518.4]",,,0.0,False,False,25,1
565,0.5542,"[1006.4, 482.3, 1019.9, 514.0]",,,0.0,False,False,27,1
565,0.4993,"[368.6, 502.9, 407.0, 563.6]",,,0.0,False,False,27,1
565,0.491,"[1390.5, 496.1, 1406.7, 533.2]",,,0.0,False,False,27,1
565,0.4584,"[470.1, 492.1, 491.1, 555.5]",,,0.0,False,False,27,1
565,0.38,"[1184.0, 495.5, 1200.2, 536.0]",,,0.0,False,False,27,1
565,0.3455,"[457.0, 493.1, 477.2, 555.2]",,,0.0,False,False,27,1
565,0.3353,"[1330.4, 495.1, 1348.0, 537.0]",,,0.0,False,False,27,1
565,0.3231,"[1244.7, 489.0, 1258.2, 520.1]",,,0.0,False,False,27,1
565,0.323,"[1073.9, 497.5, 1090.1, 534.6]",,,0.0,False,False,27,1
565,0.2245,"[1409.4, 496.5, 1425.6, 538.3]",,,0.0,False,False,27,1
565,0.2219,"[284.7, 486.3, 321.5, 571.4]",,,0.0,False,False,27,1
565,0.2207,"[428.6, 482.0, 459.7, 569.7]",,,0.0,False,False,27,1
565,0.2165,"[1314.2, 492.8, 1331.8, 535.3]",,,0.0,False,False,27,1
565,0.1969,"[1670.0, 507.6, 1699.7, 573.8]",,,0.0,False,False,27,1
565,0.1724,"[283.2, 487.4, 312.2, 566.3]",,,0.0,False,False,27,1
565,0.163,"[1541.7, 554.5, 1582.2, 660.5]",431,"[1537.406520292585, 558.4390862228646, 1576.318089082415, 666.4766852615103]",0.7118,True,False,27,1
565,0.141,"[561.9, 492.8, 582.9, 563.0]",,,0.0,False,False,27,1
565,0.1379,"[1024.7, 495.1, 1036.8, 521.4]",,,0.0,False,False,27,1
565,0.1351,"[909.9, 482.0, 923.4, 509.0]",,,0.0,False,False,27,1
565,0.1316,"[1074.6, 488.0, 1090.8, 526.5]",,,0.0,False,False,27,1
565,0.1297,"[1467.5, 565.0, 1497.2, 648.0]",,,0.0,False,False,27,1
565,0.1218,"[1077.3, 498.8, 1093.5, 536.6]",,,0.0,False,False,27,1
565,0.1217,"[1031.4, 482.3, 1044.9, 514.0]",,,0.0,False,False,27,1
565,0.1207,"[930.2, 486.7, 945.0, 517.7]",,,0.0,False,False,27,1
565,0.1191,"[1083.4, 498.5, 1098.2, 532.2]",,,0.0,False,False,27,1
565,0.115,"[308.0, 487.7, 337.0, 574.8]",,,0.0,False,False,27,1
565,0.1028,"[1625.4, 564.3, 1660.5, 646.7]",,,0.0,False,False,27,1
566,0.5154,"[1409.4, 496.1, 1428.3, 539.3]",,,0.0,False,False,22,1
566,0.4772,"[1006.4, 484.3, 1019.9, 516.0]",,,0.0,False,False,22,1
566,0.4771,"[1184.6, 495.8, 1200.8, 536.3]",,,0.0,False,False,22,1
566,0.4693,"[282.7, 486.7, 313.0, 569.0]",,,0.0,False,False,22,1
566,0.4534,"[470.1, 492.1, 491.1, 559.6]",,,0.0,False,False,22,1
566,0.4417,"[1383.8, 504.9, 1397.2, 542.0]",,,0.0,False,False,22,1
566,0.3856,"[366.2, 502.5, 404.0, 563.3]",,,0.0,False,False,22,1
566,0.3163,"[1075.3, 491.7, 1091.5, 531.6]",,,0.0,False,False,22,1
566,0.2773,"[1389.2, 500.9, 1402.7, 539.3]",,,0.0,False,False,22,1
566,0.2457,"[1244.7, 489.7, 1258.2, 521.4]",,,0.0,False,False,22,1
566,0.214,"[1745.6, 536.0, 1805.0, 692.6]",,,0.0,False,False,22,1
566,0.2055,"[1395.9, 498.2, 1409.4, 533.2]",,,0.0,False,False,22,1
566,0.2036,"[1034.1, 482.6, 1047.6, 513.0]",,,0.0,False,False,22,1
566,0.1981,"[1327.1, 496.1, 1346.0, 536.0]",,,0.0,False,False,22,1
566,0.1953,"[1077.3, 496.8, 1093.5, 533.2]",,,0.0,False,False,22,1
566,0.1784,"[1634.9, 564.3, 1678.1, 689.2]",,,0.0,False,False,22,1
566,0.1505,"[286.0, 489.7, 321.8, 578.1]",,,0.0,False,False,22,1
566,0.1457,"[425.2, 482.3, 453.6, 571.4]",,,0.0,False,False,22,1
566,0.1306,"[305.6, 492.1, 333.3, 573.8]",,,0.0,False,False,22,1
566,0.1297,"[1390.5, 497.8, 1404.0, 530.9]",,,0.0,False,False,22,1
566,0.1293,"[931.5, 485.7, 945.0, 517.4]",,,0.0,False,False,22,1
566,0.1027,"[909.9, 482.3, 923.4, 508.6]",,,0.0,False,False,22,1
567,0.5625,"[1549.8, 560.9, 1603.8, 702.7]",431,"[1549.7624855417655, 560.4184633689323, 1588.6889304738595, 669.0101254982551]",0.5474,True,False,23,3
567,0.4612,"[1410.8, 497.5, 1429.7, 539.3]",,,0.0,False,False,23,3
567,0.458,"[453.3, 487.4, 476.2, 555.5]",,,0.0,False,False,23,3
567,0.4557,"[557.2, 492.8, 580.2, 564.3]",,,0.0,False,False,23,3
567,0.4471,"[1233.2, 502.5, 1252.1, 551.1]",437,"[1233.1905658241021, 501.66561767701836, 1251.1578228477729, 548.2389233386066]",0.8758,True,False,23,3
567,0.4255,"[468.5, 491.4, 489.4, 556.2]",,,0.0,False,False,23,3
567,0.4225,"[1184.6, 495.1, 1200.8, 536.3]",,,0.0,False,False,23,3
567,0.417,"[1075.3, 488.0, 1091.5, 531.9]",,,0.0,False,False,23,3
567,0.415,"[280.1, 487.0, 319.6, 579.5]",,,0.0,False,False,23,3
567,0.41,"[363.2, 502.5, 400.3, 564.0]",,,0.0,False,False,23,3
567,0.3448,"[1006.4, 483.6, 1019.9, 516.0]",,,0.0,False,False,23,3
567,0.2361,"[1381.1, 505.9, 1397.2, 547.1]",,,0.0,False,False,23,3
567,0.1921,"[1034.8, 482.3, 1048.3, 514.0]",,,0.0,False,False,23,3
567,0.1645,"[1638.9, 567.3, 1679.4, 683.4]",432,"[1640.267462484502, 566.9277728024955, 1670.2195980623728, 659.265464502192]",0.5841,True,False,23,3
567,0.1506,"[1471.5, 565.7, 1501.2, 648.0]",,,0.0,False,False,23,3
567,0.1395,"[1391.9, 496.5, 1405.4, 532.9]",,,0.0,False,False,23,3
567,0.1306,"[277.3, 487.7, 305.9, 566.7]",,,0.0,False,False,23,3
567,0.1292,"[1394.6, 497.8, 1408.1, 532.2]",,,0.0,False,False,23,3
567,0.127,"[1684.8, 512.0, 1701.0, 551.1]",,,0.0,False,False,23,3
567,0.1208,"[1638.9, 568.4, 1668.6, 635.2]",432,"[1640.267462484502, 566.9277728024955, 1670.2195980623728, 659.265464502192]",0.6627,True,False,23,3
567,0.1198,"[1113.1, 487.0, 1129.3, 525.5]",,,0.0,False,False,23,3
567,0.105,"[1323.0, 494.1, 1344.6, 534.6]",,,0.0,False,False,23,3
567,0.1037,"[1074.6, 520.1, 1098.9, 582.9]",,,0.0,False,False,23,3
568,0.5792,"[400.3, 488.0, 432.0, 578.5]",427,"[398.9286752003419, 489.7370139023681, 431.8468374949706, 579.2848366835694]",0.929,True,False,28,4
568,0.5373,"[569.4, 493.4, 593.0, 567.0]",392,"[569.1133029415763, 493.6211107803583, 593.4347927615486, 568.0998364852667]",0.9546,True,False,28,4
568,0.4997,"[452.2, 490.7, 475.2, 555.5]",,,0.0,False,False,28,4
568,0.4659,"[1076.6, 490.1, 1094.2, 534.6]",,,0.0,False,False,28,4
568,0.4519,"[466.4, 490.7, 488.7, 554.2]",,,0.0,False,False,28,4
568,0.405,"[1187.3, 495.5, 1202.2, 536.6]",,,0.0,False,False,28,4
568,0.3548,"[1578.2, 509.3, 1597.1, 554.5]",,,0.0,False,False,28,4
568,0.3333,"[1381.7, 506.6, 1397.2, 547.1]",,,0.0,False,False,28,4
568,0.309,"[554.5, 492.4, 578.1, 564.0]",392,"[569.1133029415763, 493.6211107803583, 593.4347927615486, 568.0998364852667]",0.2214,False,False,28,4
568,0.307,"[1890.0, 611.2, 1954.8, 776.2]",368,"[1888.0883500832076, 557.1634941342678, 1972.6911909324176, 779.3942451235448]",0.5688,True,False,28,4
568,0.3067,"[1474.2, 566.0, 1503.9, 647.7]",,,0.0,False,False,28,4
568,0.2904,"[361.5, 501.9, 395.9, 564.6]",,,0.0,False,False,28,4
568,0.2882,"[1374.3, 542.4, 1398.6, 610.5]",,,0.0,False,False,28,4
568,0.2719,"[559.9, 492.8, 584.9, 565.0]",392,"[569.1133029415763, 493.6211107803583, 593.4347927615486, 568.0998364852667]",0.4521,True,False,28,4
568,0.2586,"[394.2, 494.1, 421.9, 575.8]",427,"[398.9286752003419, 489.7370139023681, 431.8468374949706, 579.2848366835694]",0.5621,True,False,28,4
568,0.257,"[1556.6, 561.3, 1602.5, 674.7]",,,0.0,False,False,28,4
568,0.2117,"[1006.4, 483.3, 1019.9, 515.7]",,,0.0,False,False,28,4
568,0.1913,"[1115.1, 486.7, 1130.0, 525.2]",,,0.0,False,False,28,4
568,0.1684,"[1768.5, 537.3, 1825.2, 695.9]",,,0.0,False,False,28,4
568,0.156,"[781.7, -145.5, 1304.1, 986.8]",,,0.0,False,False,28,4
568,0.1381,"[1412.1, 496.5, 1431.0, 540.3]",,,0.0,False,False,28,4
568,0.1182,"[496.8, 644.6, 639.9, 816.1]",,,0.0,False,False,28,4
568,0.1175,"[1525.5, 560.2, 1552.5, 623.7]",,,0.0,False,False,28,4
568,0.1069,"[1096.2, 488.4, 1111.1, 524.8]",,,0.0,False,False,28,4
568,0.1053,"[1651.1, 571.1, 1691.6, 693.2]",,,0.0,False,False,28,4
568,0.1036,"[1630.8, 561.3, 1671.3, 686.1]",,,0.0,False,False,28,4
568,0.1025,"[932.2, 490.7, 944.3, 517.0]",,,0.0,False,False,28,4
568,0.1014,"[1201.5, 496.8, 1215.0, 537.3]",,,0.0,False,False,28,4
569,0.506,"[569.4, 494.1, 593.7, 569.0]",,,0.0,False,False,27,2
569,0.4993,"[359.1, 503.6, 393.5, 565.7]",,,0.0,False,False,27,2
569,0.4792,"[1562.0, 562.6, 1616.0, 710.8]",,,0.0,False,False,27,2
569,0.4762,"[1579.5, 510.0, 1598.4, 556.5]",,,0.0,False,False,27,2
569,0.4748,"[1475.6, 567.3, 1505.2, 653.1]",,,0.0,False,False,27,2
569,0.4254,"[463.4, 490.4, 486.3, 556.5]",,,0.0,False,False,27,2
569,0.4231,"[271.9, 480.9, 312.0, 578.8]",434,"[273.26527873950045, 485.3146163975915, 309.6529951862808, 583.8098953211585]",0.8272,True,False,27,2
569,0.4169,"[552.8, 494.1, 577.1, 566.3]",,,0.0,False,False,27,2
569,0.3868,"[421.5, 482.3, 452.6, 573.4]",,,0.0,False,False,27,2
569,0.3734,"[271.4, 484.0, 303.1, 570.4]",434,"[273.26527873950045, 485.3146163975915, 309.6529951862808, 583.8098953211585]",0.6691,True,False,27,2
569,0.3618,"[1236.6, 500.9, 1255.5, 547.4]",437,"[1234.6092441977987, 501.62591701751086, 1253.8143397865763, 551.1327499746767]",0.7561,True,False,27,2
569,0.3345,"[1078.7, 495.8, 1094.8, 538.3]",,,0.0,False,False,27,2
569,0.2868,"[1595.7, 571.7, 1636.2, 703.4]",,,0.0,False,False,27,2
569,0.2312,"[1374.3, 543.4, 1398.6, 604.8]",,,0.0,False,False,27,2
569,0.2254,"[408.0, 485.0, 433.0, 565.3]",,,0.0,False,False,27,2
569,0.2082,"[1113.8, 486.3, 1128.6, 525.5]",,,0.0,False,False,27,2
569,0.2065,"[1597.1, 511.0, 1616.0, 560.2]",,,0.0,False,False,27,2
569,0.1858,"[1529.6, 563.3, 1556.6, 620.7]",,,0.0,False,False,27,2
569,0.1816,"[1400.0, 495.1, 1416.2, 534.9]",,,0.0,False,False,27,2
569,0.1759,"[1649.7, 563.3, 1692.9, 696.6]",,,0.0,False,False,27,2
569,0.1438,"[1814.4, 521.4, 1836.0, 574.8]",,,0.0,False,False,27,2
569,0.1343,"[1096.2, 489.0, 1111.1, 527.5]",,,0.0,False,False,27,2
569,0.1342,"[308.0, 486.0, 341.4, 573.1]",434,"[273.26527873950045, 485.3146163975915, 309.6529951862808, 583.8098953211585]",0.0231,False,False,27,2
569,0.1294,"[1078.0, 488.7, 1094.2, 529.2]",,,0.0,False,False,27,2
569,0.1081,"[1036.8, 483.6, 1051.7, 517.4]",,,0.0,False,False,27,2
569,0.1062,"[1412.1, 496.1, 1431.0, 540.7]",,,0.0,False,False,27,2
569,0.1003,"[1089.5, 498.5, 1107.0, 543.0]",,,0.0,False,False,27,2
570,0.5644,"[1377.7, 544.4, 1398.6, 599.1]",,,0.0,False,False,28,2
570,0.5552,"[1187.3, 494.1, 1203.5, 536.6]",,,0.0,False,False,28,2
570,0.5205,"[461.7, 488.4, 484.7, 555.9]",,,0.0,False,False,28,2
570,0.5011,"[1580.9, 510.0, 1602.5, 557.2]",,,0.0,False,False,28,2
570,0.4786,"[1304.1, 502.9, 1325.7, 553.5]",439,"[1305.3555881384798, 504.0979225407502, 1324.9459255333954, 552.3914573420624]",0.8652,True,False,28,2
570,0.4716,"[570.0, 493.4, 595.0, 569.0]",,,0.0,False,False,28,2
570,0.4434,"[357.8, 502.9, 393.5, 565.7]",,,0.0,False,False,28,2
570,0.4298,"[404.3, 485.7, 430.0, 569.4]",,,0.0,False,False,28,2
570,0.3987,"[1597.1, 513.0, 1616.0, 560.2]",,,0.0,False,False,28,2
570,0.3926,"[1237.3, 501.2, 1256.2, 549.1]",,,0.0,False,False,28,2
570,0.382,"[551.8, 494.8, 576.1, 566.3]",,,0.0,False,False,28,2
570,0.3728,"[1613.2, 516.4, 1629.5, 558.9]",,,0.0,False,False,28,2
570,0.3626,"[1010.5, 535.3, 1051.0, 635.2]",,,0.0,False,False,28,2
570,0.3306,"[1788.8, 544.7, 1845.5, 705.4]",,,0.0,False,False,28,2
570,0.2775,"[1081.3, 498.8, 1098.9, 540.0]",,,0.0,False,False,28,2
570,0.2484,"[310.2, 491.4, 341.9, 571.7]",,,0.0,False,False,28,2
570,0.2271,"[1476.9, 566.7, 1509.3, 651.7]",,,0.0,False,False,28,2
570,0.2063,"[327.0, 82.4, 507.9, 372.6]",,,0.0,False,False,28,2
570,0.1925,"[1402.7, 491.1, 1418.9, 532.2]",,,0.0,False,False,28,2
570,0.1583,"[1095.5, 490.4, 1109.0, 524.8]",,,0.0,False,False,28,2
570,0.1473,"[420.2, 483.0, 447.9, 564.6]",,,0.0,False,False,28,2
570,0.1468,"[1692.9, 513.7, 1709.1, 546.8]",,,0.0,False,False,28,2
570,0.1361,"[1113.8, 485.7, 1128.6, 522.1]",,,0.0,False,False,28,2
570,0.1312,"[1377.0, 505.2, 1398.6, 557.2]",,,0.0,False,False,28,2
570,0.1306,"[1416.2, 496.1, 1432.4, 539.3]",,,0.0,False,False,28,2
570,0.1238,"[1320.3, 496.1, 1337.9, 534.6]",439,"[1305.3555881384798, 504.0979225407502, 1324.9459255333954, 552.3914573420624]",0.0958,False,False,28,2
570,0.1158,"[1103.6, 489.7, 1118.5, 525.5]",,,0.0,False,False,28,2
570,0.1108,"[1080.0, 496.1, 1096.2, 537.3]",,,0.0,False,False,28,2
571,0.5646,"[244.2, 489.7, 272.5, 565.3]",,,0.0,False,False,21,0
571,0.5585,"[445.2, 485.0, 472.8, 556.5]",,,0.0,False,False,21,0
571,0.5067,"[355.7, 501.9, 390.2, 566.0]",,,0.0,False,False,21,0
571,0.4964,"[1582.2, 511.0, 1603.8, 557.5]",,,0.0,False,False,21,0
571,0.4578,"[307.1, 491.7, 335.1, 570.7]",,,0.0,False,False,21,0
571,0.438,"[552.5, 493.4, 576.8, 565.7]",,,0.0,False,False,21,0
571,0.4155,"[1081.3, 499.8, 1098.9, 543.7]",,,0.0,False,False,21,0
571,0.3933,"[460.4, 488.7, 484.0, 556.9]",,,0.0,False,False,21,0
571,0.3451,"[1609.2, 511.3, 1630.8, 560.6]",,,0.0,False,False,21,0
571,0.3436,"[1306.1, 501.9, 1325.0, 547.1]",,,0.0,False,False,21,0
571,0.3393,"[569.0, 494.4, 592.7, 566.7]",,,0.0,False,False,21,0
571,0.319,"[1597.1, 513.7, 1616.0, 561.6]",,,0.0,False,False,21,0
571,0.3147,"[1238.0, 503.6, 1256.9, 550.1]",,,0.0,False,False,21,0
571,0.3099,"[1188.0, 495.5, 1204.2, 536.6]",,,0.0,False,False,21,0
571,0.1604,"[402.6, 487.4, 429.6, 568.4]",,,0.0,False,False,21,0
571,0.1602,"[1317.6, 490.7, 1337.9, 536.0]",,,0.0,False,False,21,0
571,0.1535,"[1079.3, 498.8, 1095.5, 540.0]",,,0.0,False,False,21,0
571,0.1265,"[385.1, 498.2, 412.1, 574.4]",,,0.0,False,False,21,0
571,0.106,"[1404.0, 492.4, 1420.2, 534.3]",,,0.0,False,False,21,0
571,0.1059,"[1382.4, 544.0, 1406.7, 617.6]",,,0.0,False,False,21,0
571,0.1007,"[1204.9, 502.2, 1218.4, 539.3]",,,0.0,False,False,21,0
572,0.5631,"[1307.5, 502.2, 1326.4, 546.1]",,,0.0,False,False,23,0
572,0.535,"[1583.6, 511.0, 1605.2, 556.9]",,,0.0,False,False,23,0
572,0.5207,"[444.2, 484.7, 467.8, 555.5]",,,0.0,False,False,23,0
572,0.496,"[1081.3, 500.9, 1100.2, 545.4]",,,0.0,False,False,23,0
572,0.4857,"[552.8, 492.8, 577.1, 567.0]",,,0.0,False,False,23,0
572,0.4287,"[1188.0, 495.1, 1204.2, 535.6]",,,0.0,False,False,23,0
572,0.4077,"[353.0, 502.5, 386.8, 566.0]",,,0.0,False,False,23,0
572,0.3296,"[1239.3, 504.6, 1258.2, 552.5]",,,0.0,False,False,23,0
572,0.3226,"[568.0, 490.1, 591.6, 567.0]",,,0.0,False,False,23,0
572,0.3104,"[459.7, 489.4, 482.0, 556.9]",,,0.0,False,False,23,0
572,0.2779,"[1404.0, 491.1, 1420.2, 532.9]",,,0.0,False,False,23,0
572,0.2588,"[1610.6, 510.3, 1632.2, 560.2]",,,0.0,False,False,23,0
572,0.2119,"[1599.8, 514.0, 1618.7, 560.6]",,,0.0,False,False,23,0
572,0.2014,"[1597.1, 574.4, 1624.1, 660.8]",,,0.0,False,False,23,0
572,0.1972,"[1204.9, 502.5, 1218.4, 538.3]",,,0.0,False,False,23,0
572,0.1925,"[1339.9, 496.8, 1356.1, 540.7]",,,0.0,False,False,23,0
572,0.1858,"[1417.5, 494.4, 1433.7, 539.7]",,,0.0,False,False,23,0
572,0.1697,"[1485.0, 569.4, 1517.4, 655.8]",,,0.0,False,False,23,0
572,0.1667,"[362.8, 500.9, 391.8, 565.7]",,,0.0,False,False,23,0
572,0.1591,"[1580.9, 563.6, 1613.2, 650.0]",,,0.0,False,False,23,0
572,0.1557,"[1321.0, 498.8, 1338.5, 535.3]",,,0.0,False,False,23,0
572,0.1471,"[1572.8, 511.3, 1594.4, 556.5]",,,0.0,False,False,23,0
572,0.1273,"[1042.2, 483.6, 1054.3, 514.0]",,,0.0,False,False,23,0
573,0.5267,"[1240.7, 502.9, 1259.6, 552.2]",,,0.0,False,False,21,1
573,0.4962,"[1084.7, 501.2, 1102.3, 545.1]",,,0.0,False,False,21,1
573,0.4808,"[1189.4, 494.8, 1205.6, 536.0]",,,0.0,False,False,21,1
573,0.4629,"[567.0, 487.4, 591.3, 568.4]",,,0.0,False,False,21,1
573,0.435,"[350.0, 500.2, 387.1, 567.0]",,,0.0,False,False,21,1
573,0.4196,"[1769.9, 493.4, 1794.2, 550.1]",,,0.0,False,False,21,1
573,0.3751,"[444.2, 486.7, 467.1, 555.5]",,,0.0,False,False,21,1
573,0.3192,"[1418.9, 496.5, 1435.1, 541.0]",,,0.0,False,False,21,1
573,0.3008,"[456.0, 487.4, 478.9, 555.5]",,,0.0,False,False,21,1
573,0.2827,"[1322.3, 499.2, 1338.5, 537.0]",,,0.0,False,False,21,1
573,0.2789,"[1584.9, 510.0, 1606.5, 557.2]",,,0.0,False,False,21,1
573,0.2648,"[1206.9, 502.9, 1220.4, 537.3]",,,0.0,False,False,21,1
573,0.223,"[1602.5, 581.2, 1632.2, 670.3]",,,0.0,False,False,21,1
573,0.1783,"[397.9, 493.4, 422.9, 571.1]",,,0.0,False,False,21,1
573,0.1621,"[624.7, 497.8, 650.4, 562.6]",,,0.0,False,False,21,1
573,0.156,"[1491.8, 505.2, 1510.7, 564.0]",,,0.0,False,False,21,1
573,0.1451,"[1614.6, 512.0, 1633.5, 559.2]",,,0.0,False,False,21,1
573,0.1322,"[376.0, -1377.0, 1121.2, 127.9]",,,0.0,False,False,21,1
573,0.1224,"[1298.7, 541.7, 1333.8, 639.6]",,,0.0,False,False,21,1
573,0.1218,"[1043.6, 483.0, 1055.7, 514.0]",,,0.0,False,False,21,1
573,0.1087,"[1404.0, 494.4, 1420.2, 534.9]",,,0.0,False,False,21,1
574,0.5416,"[441.1, 484.0, 464.7, 555.5]",,,0.0,False,False,22,2
574,0.4989,"[1494.5, 506.3, 1513.4, 565.7]",,,0.0,False,False,22,2
574,0.4985,"[235.7, 490.7, 264.1, 565.7]",446,"[235.72018276048055, 490.926171875, 266.6596390168632, 567.4711669921875]",0.8924,True,False,22,2
574,0.4938,"[1544.4, 510.0, 1563.3, 557.9]",436,"[1545.3384251147033, 507.85643827497563, 1565.6164088696717, 558.0730050843995]",0.8096,True,False,22,2
574,0.4285,"[1591.7, 568.4, 1632.2, 685.8]",,,0.0,False,False,22,2
574,0.4087,"[1190.0, 494.4, 1206.2, 535.6]",,,0.0,False,False,22,2
574,0.3987,"[1206.9, 502.5, 1220.4, 536.3]",,,0.0,False,False,22,2
574,0.3736,"[349.7, 500.9, 384.1, 565.7]",,,0.0,False,False,22,2
574,0.3546,"[288.4, 494.1, 319.1, 577.8]",,,0.0,False,False,22,2
574,0.282,"[1420.2, 497.5, 1436.4, 541.4]",,,0.0,False,False,22,2
574,0.2816,"[1607.9, 573.4, 1637.6, 655.8]",,,0.0,False,False,22,2
574,0.261,"[391.2, 492.8, 419.5, 573.8]",,,0.0,False,False,22,2
574,0.2409,"[1587.6, 508.6, 1609.2, 557.2]",,,0.0,False,False,22,2
574,0.1875,"[1044.2, 483.3, 1057.7, 518.4]",,,0.0,False,False,22,2
574,0.185,"[456.0, 487.7, 478.2, 555.2]",,,0.0,False,False,22,2
574,0.1843,"[1084.1, 498.8, 1101.6, 542.7]",,,0.0,False,False,22,2
574,0.1769,"[1243.4, 504.9, 1260.9, 551.5]",,,0.0,False,False,22,2
574,0.1633,"[566.3, 492.8, 594.0, 572.4]",,,0.0,False,False,22,2
574,0.159,"[542.4, 273.9, 556.5, 305.9]",,,0.0,False,False,22,2
574,0.1371,"[1342.6, 493.8, 1360.1, 541.0]",,,0.0,False,False,22,2
574,0.1086,"[396.9, 485.3, 421.2, 561.6]",,,0.0,False,False,22,2
574,0.1028,"[364.5, -1379.7, 1127.2, 145.8]",,,0.0,False,False,22,2
575,0.5595,"[562.3, 493.1, 586.6, 567.3]",,,0.0,False,False,22,1
575,0.5379,"[231.4, 488.7, 260.7, 567.0]",,,0.0,False,False,22,1
575,0.4515,"[1375.7, 504.2, 1394.6, 552.2]",,,0.0,False,False,22,1
575,0.4502,"[1206.9, 503.6, 1220.4, 536.6]",,,0.0,False,False,22,1
575,0.4315,"[1738.8, 574.8, 1806.3, 730.4]",,,0.0,False,False,22,1
575,0.4199,"[384.4, 493.8, 414.8, 578.1]",,,0.0,False,False,22,1
575,0.3908,"[1548.5, 509.0, 1564.7, 558.2]",,,0.0,False,False,22,1
575,0.3419,"[1707.8, 569.4, 1807.7, 781.0]",,,0.0,False,False,22,1
575,0.3151,"[1190.7, 494.4, 1208.2, 537.0]",,,0.0,False,False,22,1
575,0.2689,"[1120.5, 489.4, 1138.1, 531.9]",,,0.0,False,False,22,1
575,0.2618,"[1420.2, 499.2, 1436.4, 541.0]",,,0.0,False,False,22,1
575,0.2019,"[1589.0, 510.0, 1610.6, 558.6]",,,0.0,False,False,22,1
575,0.1922,"[1494.5, 508.3, 1513.4, 567.0]",,,0.0,False,False,22,1
575,0.1907,"[1853.6, 552.2, 1907.6, 718.9]",,,0.0,False,False,22,1
575,0.1885,"[1044.9, 483.3, 1058.4, 520.4]",,,0.0,False,False,22,1
575,0.1582,"[1606.5, 665.9, 1660.5, 750.6]",,,0.0,False,False,22,1
575,0.153,"[389.8, 488.0, 418.2, 568.4]",,,0.0,False,False,22,1
575,0.1448,"[261.2, 497.1, 289.9, 584.2]",,,0.0,False,False,22,1
575,0.1421,"[1204.2, 646.7, 1636.2, 1154.2]",,,0.0,False,False,22,1
575,0.1236,"[1803.6, 503.2, 1827.9, 564.0]",,,0.0,False,False,22,1
575,0.1219,"[394.5, 493.1, 419.5, 576.1]",,,0.0,False,False,22,1
575,0.1147,"[1096.9, 488.0, 1113.1, 529.2]",,,0.0,False,False,22,1
576,0.5632,"[1618.7, 574.8, 1651.1, 679.4]",,,0.0,False,False,22,1
576,0.5632,"[1120.5, 488.7, 1138.1, 532.6]",,,0.0,False,False,22,1
576,0.5364,"[1192.1, 494.4, 1208.2, 537.0]",,,0.0,False,False,22,1
576,0.5355,"[1208.2, 502.2, 1221.8, 537.3]",,,0.0,False,False,22,1
576,0.4345,"[343.6, 502.5, 378.7, 566.7]",,,0.0,False,False,22,1
576,0.4199,"[1744.2, 596.7, 1817.1, 770.9]",375,"[1750.3341156357756, 558.8891094379255, 1815.9039214735994, 712.5432636089495]",0.5006,True,False,22,1
576,0.3752,"[1602.5, 569.0, 1634.9, 665.6]",,,0.0,False,False,22,1
576,0.2856,"[1807.7, 493.4, 1837.4, 564.3]",,,0.0037,False,False,22,1
576,0.2712,"[1549.8, 511.0, 1566.0, 558.2]",,,0.0,False,False,22,1
576,0.2649,"[436.4, 487.0, 464.1, 557.2]",,,0.0,False,False,22,1
576,0.2588,"[1097.6, 487.4, 1113.8, 527.9]",,,0.0,False,False,22,1
576,0.221,"[1606.5, 511.3, 1625.4, 563.3]",,,0.0,False,False,22,1
576,0.2113,"[1589.0, 511.0, 1610.6, 560.2]",,,0.0,False,False,22,1
576,0.1736,"[385.4, 497.1, 413.1, 574.8]",,,0.0,False,False,22,1
576,0.1707,"[453.3, 494.1, 479.6, 561.6]",,,0.0,False,False,22,1
576,0.1663,"[561.6, 491.7, 585.2, 567.3]",,,0.0,False,False,22,1
576,0.1653,"[1045.6, 484.0, 1060.4, 521.1]",,,0.0,False,False,22,1
576,0.1284,"[1557.9, 509.0, 1571.4, 545.4]",,,0.0,False,False,22,1
576,0.1136,"[1435.1, 502.5, 1451.2, 540.3]",,,0.0,False,False,22,1
576,0.1081,"[1545.8, 509.0, 1564.7, 556.9]",,,0.0,False,False,22,1
576,0.1076,"[1085.4, 492.1, 1103.0, 536.6]",,,0.0,False,False,22,1
576,0.1056,"[1420.2, 498.2, 1439.1, 542.0]",,,0.0,False,False,22,1
577,0.5182,"[1120.5, 488.7, 1138.1, 531.9]",,,0.0,False,False,22,1
577,0.5176,"[1880.6, 550.5, 1934.6, 727.0]",,,0.0,False,False,22,1
577,0.4844,"[1748.2, 558.9, 1799.6, 711.5]",,,0.0,False,False,22,1
577,0.4788,"[339.7, 500.9, 373.3, 566.3]",,,0.0,False,False,22,1
577,0.471,"[225.1, 490.7, 253.1, 567.0]",446,"[224.20134268576479, 493.9978162020657, 253.63483895486021, 566.9796007901218]",0.9125,True,False,22,1
577,0.457,"[1206.9, 498.2, 1223.1, 537.3]",,,0.0,False,False,22,1
577,0.4168,"[608.2, 501.5, 640.6, 581.2]",,,0.0,False,False,22,1
577,0.3693,"[1192.7, 493.4, 1210.3, 537.3]",,,0.0,False,False,22,1
577,0.3119,"[433.7, 484.3, 462.0, 556.5]",,,0.0,False,False,22,1
577,0.3105,"[1616.0, 670.6, 1659.2, 772.2]",,,0.0,False,False,22,1
577,0.2732,"[1085.4, 489.0, 1101.6, 533.6]",,,0.0,False,False,22,1
577,0.269,"[1098.9, 487.0, 1113.8, 525.5]",,,0.0,False,False,22,1
577,0.2382,"[1421.6, 495.8, 1440.5, 542.4]",,,0.0,False,False,22,1
577,0.2327,"[1607.9, 511.7, 1626.8, 562.3]",,,0.0,False,False,22,1
577,0.2242,"[1590.3, 512.0, 1611.9, 560.6]",,,0.0,False,False,22,1
577,0.1648,"[1549.8, 511.7, 1566.0, 558.9]",,,0.0,False,False,22,1
577,0.1501,"[1146.2, 480.9, 1163.7, 523.5]",,,0.0,False,False,22,1
577,0.1358,"[1245.4, 502.5, 1262.9, 551.8]",,,0.0,False,False,22,1
577,0.1278,"[1436.4, 502.2, 1452.6, 540.0]",,,0.0,False,False,22,1
577,0.1267,"[1046.2, 484.7, 1061.1, 520.4]",,,0.0,False,False,22,1
577,0.1211,"[1118.5, 487.0, 1134.7, 529.5]",,,0.0,False,False,22,1
577,0.1157,"[603.5, 503.9, 637.9, 596.4]",,,0.0,False,False,22,1
578,0.5597,"[1084.7, 489.4, 1102.3, 536.6]",,,0.0,False,False,21,0
578,0.4776,"[1208.2, 497.1, 1224.5, 537.6]",,,0.0,False,False,21,0
578,0.4687,"[1097.6, 487.4, 1113.8, 529.2]",,,0.0,False,False,21,0
578,0.4623,"[1119.8, 487.7, 1138.7, 532.2]",,,0.0,False,False,21,0
578,0.4424,"[1192.7, 493.1, 1210.3, 537.6]",,,0.0,False,False,21,0
578,0.4416,"[1621.4, 670.6, 1667.2, 762.8]",,,0.0,False,False,21,0
578,0.3955,"[433.0, 483.0, 456.6, 556.5]",,,0.0,False,False,21,0
578,0.3908,"[220.7, 485.7, 249.8, 568.0]",,,0.0,False,False,21,0
578,0.3867,"[337.5, 501.9, 373.3, 570.0]",,,0.0,False,False,21,0
578,0.34,"[610.2, 500.5, 640.6, 579.5]",,,0.0,False,False,21,0
578,0.3309,"[1424.2, 494.4, 1443.2, 542.4]",,,0.0,False,False,21,0
578,0.2659,"[1590.3, 512.0, 1611.9, 559.2]",,,0.0,False,False,21,0
578,0.2442,"[1610.6, 510.0, 1629.5, 562.6]",,,0.0,False,False,21,0
578,0.2084,"[555.5, 489.0, 580.5, 568.7]",,,0.0,False,False,21,0
578,0.194,"[1389.2, 514.4, 1410.8, 564.3]",,,0.0,False,False,21,0
578,0.1603,"[447.9, 491.4, 471.5, 556.9]",,,0.0,False,False,21,0
578,0.1399,"[1895.4, 552.5, 1938.6, 722.9]",,,0.0,False,False,21,0
578,0.1285,"[1385.1, 515.7, 1409.4, 569.7]",,,0.0,False,False,21,0
578,0.1186,"[1552.5, 511.3, 1571.4, 557.9]",,,0.0,False,False,21,0
578,0.1095,"[384.4, 490.7, 410.1, 566.3]",,,0.0,False,False,21,0
578,0.1085,"[1437.8, 498.8, 1454.0, 539.3]",,,0.0,False,False,21,0
579,0.523,"[1628.1, 672.6, 1668.6, 768.2]",,,0.0,False,False,29,1
579,0.5167,"[374.3, 500.5, 402.0, 582.2]",,,0.0,False,False,29,1
579,0.5036,"[1194.1, 492.8, 1211.6, 538.7]",,,0.0,False,False,29,1
579,0.4467,"[1902.2, 605.8, 1942.7, 735.8]",346,"[1897.0585562704337, 556.4799969328913, 1968.3218148233163, 792.9644610749212]",0.3123,True,False,29,1
579,0.4368,"[1085.4, 489.4, 1103.0, 536.6]",,,0.0,False,False,29,1
579,0.3876,"[1208.2, 495.8, 1225.8, 538.3]",,,0.0,False,False,29,1
579,0.3835,"[1121.2, 489.0, 1138.7, 533.6]",,,0.0,False,False,29,1
579,0.3351,"[431.7, 483.3, 455.3, 558.2]",,,0.0,False,False,29,1
579,0.3198,"[1097.6, 489.0, 1113.8, 530.2]",,,0.0,False,False,29,1
579,0.2784,"[1591.7, 511.3, 1613.2, 560.6]",,,0.0,False,False,29,1
579,0.2588,"[1611.9, 510.0, 1630.8, 563.3]",,,0.0,False,False,29,1
579,0.2331,"[1425.6, 495.8, 1444.5, 542.4]",,,0.0,False,False,29,1
579,0.2307,"[1503.9, 506.3, 1522.8, 561.6]",,,0.0,False,False,29,1
579,0.2306,"[359.1, 502.9, 388.1, 581.9]",,,0.0,False,False,29,1
579,0.2144,"[245.9, 498.2, 280.0, 587.9]",,,0.0,False,False,29,1
579,0.2071,"[1131.3, 116.0, 1232.6, 421.2]",,,0.0,False,False,29,1
579,0.1919,"[1439.1, 500.2, 1455.3, 541.4]",,,0.0,False,False,29,1
579,0.1841,"[675.7, 513.7, 694.6, 563.6]",,,0.0,False,False,29,1
579,0.1442,"[1783.4, 523.8, 1805.0, 575.8]",,,0.0,False,False,29,1
579,0.1421,"[1089.5, 496.8, 1108.3, 542.7]",,,0.0,False,False,29,1
579,0.1414,"[528.2, 490.7, 551.1, 558.2]",,,0.0,False,False,29,1
579,0.1402,"[1389.2, 510.0, 1410.8, 561.9]",,,0.0,False,False,29,1
579,0.1318,"[352.7, -1406.7, 1123.2, 152.9]",,,0.0,False,False,29,1
579,0.1313,"[1798.2, 520.4, 1822.5, 579.8]",,,0.0,False,False,29,1
579,0.1303,"[217.2, 494.4, 244.2, 568.7]",,,0.0,False,False,29,1
579,0.1277,"[302.6, 500.2, 329.6, 575.1]",,,0.0,False,False,29,1
579,0.1198,"[1566.0, 509.0, 1582.2, 548.1]",,,0.0,False,False,29,1
579,0.107,"[552.8, 491.1, 578.5, 568.7]",,,0.0,False,False,29,1
579,0.1,"[1478.2, 501.5, 1497.2, 544.0]",,,0.0,False,False,29,1
580,0.5385,"[363.5, 500.5, 396.6, 587.6]",427,"[361.6946941301408, 501.62045552326805, 395.06818428782793, 587.9372837345445]",0.8914,True,False,25,2
580,0.4914,"[1317.6, 504.9, 1340.6, 554.9]",439,"[1316.7732498170428, 507.0562531388036, 1336.2706954954572, 553.5694792830715]",0.733,True,False,25,2
580,0.4764,"[213.1, 495.1, 241.8, 572.1]",,,0.0,False,False,25,2
580,0.3546,"[1195.4, 495.1, 1211.6, 538.3]",,,0.0,False,False,25,2
580,0.3261,"[335.8, 503.6, 370.2, 575.8]",427,"[361.6946941301408, 501.62045552326805, 395.06818428782793, 587.9372837345445]",0.1299,False,False,25,2
580,0.312,"[1439.1, 500.9, 1455.3, 542.7]",,,0.0,False,False,25,2
580,0.3056,"[1593.0, 511.7, 1614.6, 559.6]",,,0.0,False,False,25,2
580,0.299,"[1248.1, 503.2, 1267.0, 554.5]",,,0.0,False,False,25,2
580,0.2947,"[1611.9, 509.6, 1630.8, 558.9]",,,0.0,False,False,25,2
580,0.2639,"[550.5, 492.1, 574.8, 568.4]",,,0.0,False,False,25,2
580,0.2573,"[1821.2, 513.0, 1840.1, 564.3]",,,0.0,False,False,25,2
580,0.2497,"[1209.6, 497.8, 1225.8, 538.3]",,,0.0,False,False,25,2
580,0.2339,"[1098.9, 490.7, 1113.8, 528.5]",,,0.0,False,False,25,2
580,0.2263,"[1633.5, 672.3, 1736.1, 758.7]",,,0.0,False,False,25,2
580,0.2139,"[1427.0, 494.8, 1445.9, 542.7]",,,0.0,False,False,25,2
580,0.2006,"[1086.1, 489.4, 1103.6, 536.0]",,,0.0,False,False,25,2
580,0.1738,"[1802.2, 519.1, 1821.2, 563.6]",,,0.0,False,False,25,2
580,0.1576,"[1123.2, 490.7, 1139.4, 533.2]",,,0.0,False,False,25,2
580,0.1534,"[432.0, 485.3, 453.6, 554.2]",,,0.0,False,False,25,2
580,0.1522,"[445.8, 487.0, 470.1, 552.5]",,,0.0,False,False,25,2
580,0.1416,"[1451.2, 500.9, 1467.5, 542.7]",,,0.0,False,False,25,2
580,0.1343,"[1630.8, 672.0, 1736.1, 796.5]",,,0.0,False,False,25,2
580,0.1328,"[353.7, 505.2, 389.5, 586.9]",427,"[361.6946941301408, 501.62045552326805, 395.06818428782793, 587.9372837345445]",0.6421,True,False,25,2
580,0.1166,"[1088.8, 501.2, 1107.7, 547.8]",,,0.0,False,False,25,2
580,0.1101,"[1625.4, 506.9, 1644.3, 560.2]",,,0.0,False,False,25,2
581,0.5455,"[330.2, 505.6, 362.1, 572.4]",,,0.0,False,False,25,2
581,0.5118,"[1614.6, 508.6, 1633.5, 559.2]",,,0.0,False,False,25,2
581,0.486,"[1248.1, 502.2, 1267.0, 554.9]",,,0.0,False,False,25,2
581,0.4827,"[1687.5, 579.2, 1730.7, 707.4]",,,0.0,False,False,25,2
581,0.4575,"[1594.4, 512.7, 1613.2, 559.9]",,,0.0,False,False,25,2
581,0.4434,"[1195.4, 496.5, 1211.6, 538.3]",,,0.0,False,False,25,2
581,0.4212,"[1647.0, 579.2, 1684.8, 700.7]",448,"[1647.7232353995244, 579.5856383801954, 1682.1727606942259, 693.8272034166795]",0.8569,True,False,25,2
581,0.4193,"[1821.2, 519.1, 1842.8, 575.1]",,,0.0,False,False,25,2
581,0.3427,"[238.4, 496.8, 268.1, 582.5]",,,0.0,False,False,25,2
581,0.3311,"[209.6, 497.5, 234.9, 569.7]",,,0.0,False,False,25,2
581,0.3251,"[1210.3, 498.5, 1226.5, 538.3]",,,0.0,False,False,25,2
581,0.3055,"[608.5, 499.8, 637.5, 581.5]",,,0.0,False,False,25,2
581,0.2614,"[1428.3, 497.8, 1444.5, 542.4]",,,0.0,False,False,25,2
581,0.2424,"[549.1, 493.1, 573.4, 570.0]",,,0.0,False,False,25,2
581,0.2073,"[1803.6, 520.4, 1822.5, 572.4]",,,0.0,False,False,25,2
581,0.2053,"[1440.5, 503.6, 1456.7, 542.0]",,,0.0,False,False,25,2
581,0.2021,"[1086.1, 493.1, 1103.6, 539.7]",,,0.0,False,False,25,2
581,0.193,"[1089.5, 498.8, 1105.7, 542.0]",,,0.0,False,False,25,2
581,0.1652,"[1643.0, 678.0, 1691.6, 766.1]",448,"[1647.7232353995244, 579.5856383801954, 1682.1727606942259, 693.8272034166795]",0.0709,False,False,25,2
581,0.1551,"[1567.4, 509.3, 1583.6, 549.8]",,,0.0,False,False,25,2
581,0.1466,"[1123.2, 491.7, 1139.4, 532.9]",,,0.0,False,False,25,2
581,0.1266,"[1331.1, 502.9, 1348.7, 542.0]",,,0.0,False,False,25,2
581,0.1149,"[431.0, 487.0, 454.6, 559.2]",,,0.0,False,False,25,2
581,0.1107,"[1628.1, 512.3, 1647.0, 561.6]",,,0.0,False,False,25,2
581,0.1058,"[523.1, 491.1, 546.8, 561.3]",,,0.0,False,False,25,2
582,0.5526,"[607.8, 501.5, 636.9, 581.9]",,,0.0,False,False,29,0
582,0.5419,"[1594.4, 512.3, 1613.2, 562.3]",,,0.0,False,False,29,0
582,0.4617,"[324.2, 504.2, 360.8, 579.2]",,,0.0,False,False,29,0
582,0.4367,"[1249.4, 503.2, 1268.3, 555.9]",,,0.0,False,False,29,0
582,0.4178,"[1196.1, 497.8, 1212.3, 539.7]",,,0.0,False,False,29,0
582,0.4078,"[1088.8, 501.2, 1105.0, 542.4]",,,0.0,False,False,29,0
582,0.3658,"[1207.6, 498.5, 1226.5, 540.3]",,,0.0,False,False,29,0
582,0.3575,"[428.3, 486.0, 451.2, 561.6]",,,0.0,False,False,29,0
582,0.2937,"[205.5, 495.1, 233.6, 573.4]",,,0.0,False,False,29,0
582,0.2825,"[545.7, 495.8, 568.7, 568.7]",,,0.0,False,False,29,0
582,0.2626,"[1636.2, 576.1, 1674.0, 690.9]",,,0.0,False,False,29,0
582,0.2547,"[1271.7, 495.1, 1286.6, 522.8]",,,0.0,False,False,29,0
582,0.251,"[1441.8, 504.9, 1458.0, 543.4]",,,0.0,False,False,29,0
582,0.2504,"[1386.5, 518.7, 1408.1, 567.3]",,,0.0,False,False,29,0
582,0.2375,"[1656.5, 584.6, 1694.2, 698.0]",,,0.0,False,False,29,0
582,0.2254,"[365.5, 501.2, 394.5, 580.8]",,,0.0,False,False,29,0
582,0.1853,"[1805.0, 519.4, 1826.6, 571.4]",,,0.0,False,False,29,0
582,0.1772,"[1380.4, 512.3, 1401.3, 558.2]",,,0.0,False,False,29,0
582,0.164,"[1823.9, 519.1, 1845.5, 573.8]",,,0.0,False,False,29,0
582,0.1574,"[1456.7, 505.2, 1470.2, 543.7]",,,0.0,False,False,29,0
582,0.132,"[1240.0, 516.4, 1264.3, 574.4]",,,0.0,False,False,29,0
582,0.1312,"[1645.7, 681.8, 1694.2, 772.2]",,,0.0,False,False,29,0
582,0.1206,"[1329.1, 509.3, 1349.3, 562.6]",,,0.0,False,False,29,0
582,0.1181,"[293.1, 503.6, 323.5, 578.5]",,,0.0,False,False,29,0
582,0.1155,"[1244.0, 505.6, 1267.0, 567.7]",,,0.0,False,False,29,0
582,0.1115,"[1638.9, 509.3, 1663.2, 549.8]",,,0.0,False,False,29,0
582,0.111,"[1110.4, 496.8, 1126.6, 537.3]",,,0.0,False,False,29,0
582,0.1079,"[1628.1, 518.7, 1647.0, 566.0]",,,0.0,False,False,29,0
582,0.1075,"[1123.9, 493.8, 1140.1, 534.9]",,,0.0,False,False,29,0
583,0.5469,"[1616.0, 506.3, 1637.6, 562.3]",,,0.0,False,False,32,1
583,0.5453,"[350.7, 502.9, 383.7, 592.0]",427,"[350.3089149645447, 504.0652392963307, 384.527205640924, 593.3861767192943]",0.9392,True,False,32,1
583,0.516,"[202.2, 497.1, 231.2, 576.8]",,,0.0,False,False,32,1
583,0.5126,"[532.2, 498.2, 557.9, 572.4]",,,0.0,False,False,32,1
583,0.5106,"[1088.8, 502.2, 1106.3, 545.4]",,,0.0,False,False,32,1
583,0.5086,"[1594.4, 513.7, 1616.0, 563.0]",,,0.0,False,False,32,1
583,0.4424,"[1271.7, 495.8, 1285.2, 522.8]",,,0.0,False,False,32,1
583,0.4213,"[324.0, 505.9, 356.7, 573.4]",427,"[350.3089149645447, 504.0652392963307, 384.527205640924, 593.3861767192943]",0.0898,False,False,32,1
583,0.4012,"[1196.1, 497.5, 1212.3, 539.3]",,,0.0,False,False,32,1
583,0.3651,"[358.4, 503.2, 388.8, 587.6]",427,"[350.3089149645447, 504.0652392963307, 384.527205640924, 593.3861767192943]",0.6339,True,False,32,1
583,0.354,"[1213.0, 502.5, 1227.8, 541.0]",,,0.0,False,False,32,1
583,0.2603,"[1810.4, 521.4, 1829.2, 569.4]",,,0.0,False,False,32,1
583,0.2474,"[1825.2, 519.1, 1846.8, 573.8]",,,0.0,False,False,32,1
583,0.2257,"[364.2, 503.6, 393.2, 583.9]",427,"[350.3089149645447, 504.0652392963307, 384.527205640924, 593.3861767192943]",0.432,True,False,32,1
583,0.2229,"[1327.7, 507.6, 1349.3, 563.0]",,,0.0,False,False,32,1
583,0.2216,"[1121.9, 491.1, 1139.4, 534.3]",,,0.0,False,False,32,1
583,0.2072,"[1643.0, 576.5, 1675.4, 675.7]",,,0.0,False,False,32,1
583,0.2061,"[1329.1, 505.2, 1348.0, 551.1]",,,0.0,False,False,32,1
583,0.1972,"[425.9, 487.7, 447.5, 556.5]",,,0.0,False,False,32,1
583,0.1887,"[607.8, 497.8, 636.9, 578.1]",,,0.0,False,False,32,1
583,0.1835,"[1841.4, 525.2, 1865.7, 584.6]",,,0.0,False,False,32,1
583,0.1749,"[994.3, 481.6, 1011.8, 522.1]",,,0.0,False,False,32,1
583,0.1717,"[221.6, 500.5, 255.0, 587.6]",,,0.0,False,False,32,1
583,0.17,"[1644.3, 576.1, 1682.1, 698.6]",,,0.0,False,False,32,1
583,0.1698,"[1091.5, 503.2, 1109.0, 548.4]",,,0.0,False,False,32,1
583,0.1632,"[1443.2, 505.9, 1459.4, 543.0]",,,0.0,False,False,32,1
583,0.1592,"[1250.1, 504.2, 1269.0, 555.5]",,,0.0,False,False,32,1
583,0.1468,"[1087.4, 497.1, 1103.6, 541.7]",,,0.0,False,False,32,1
583,0.1428,"[1049.0, 487.4, 1065.2, 525.2]",,,0.0,False,False,32,1
583,0.1415,"[1568.7, 512.3, 1587.6, 562.3]",,,0.0,False,False,32,1
583,0.1041,"[1094.2, 505.2, 1111.7, 551.1]",,,0.0,False,False,32,1
583,0.1032,"[1529.6, 507.3, 1548.5, 546.4]",,,0.0,False,False,32,1
584,0.5044,"[350.0, 503.6, 383.7, 593.3]",,,0.0,False,False,23,0
584,0.4944,"[1215.0, 504.9, 1229.9, 542.7]",,,0.0,False,False,23,0
584,0.4939,"[322.0, 502.5, 355.7, 575.4]",,,0.0,False,False,23,0
584,0.4166,"[1617.3, 507.9, 1638.9, 564.6]",,,0.0,False,False,23,0
584,0.4105,"[1089.5, 502.9, 1105.7, 544.7]",,,0.0,False,False,23,0
584,0.3949,"[1271.0, 495.8, 1283.2, 522.1]",,,0.0,False,False,23,0
584,0.3464,"[1198.8, 498.8, 1216.4, 540.7]",,,0.0,False,False,23,0
584,0.3387,"[1121.2, 488.0, 1140.1, 533.2]",,,0.0,False,False,23,0
584,0.3367,"[221.9, 497.5, 249.9, 583.9]",,,0.0,False,False,23,0
584,0.3343,"[197.3, 495.1, 225.3, 572.7]",,,0.0,False,False,23,0
584,0.3297,"[1096.9, 508.3, 1114.4, 554.9]",,,0.0,False,False,23,0
584,0.3098,"[1659.2, 681.4, 1710.5, 773.6]",,,0.0,False,False,23,0
584,0.3025,"[529.9, 497.1, 554.9, 574.8]",,,0.0,False,False,23,0
584,0.2699,"[1829.2, 519.8, 1850.9, 570.4]",,,0.0,False,False,23,0
584,0.2405,"[1810.4, 520.8, 1832.0, 569.4]",,,0.0,False,False,23,0
584,0.2377,"[1597.1, 514.0, 1616.0, 563.3]",,,0.0,False,False,23,0
584,0.2113,"[358.4, 501.5, 386.8, 588.6]",,,0.0,False,False,23,0
584,0.1924,"[1443.2, 502.5, 1462.1, 543.7]",,,0.0,False,False,23,0
584,0.1792,"[1649.7, 577.5, 1684.8, 681.4]",,,0.0,False,False,23,0
584,0.171,"[606.5, 497.1, 636.2, 578.8]",,,0.0,False,False,23,0
584,0.1424,"[1632.2, 510.0, 1651.1, 565.3]",,,0.0,False,False,23,0
584,0.1352,"[1091.5, 534.3, 1118.5, 606.5]",,,0.0,False,False,23,0
584,0.1258,"[1845.5, 525.2, 1875.2, 588.6]",,,0.0,False,False,23,0
585,0.5486,"[525.8, 498.2, 551.5, 575.8]",,,0.0,False,False,25,1
585,0.5421,"[315.7, 504.6, 353.4, 584.9]",,,0.0,False,False,25,1
585,0.4306,"[1121.9, 488.0, 1140.8, 534.6]",,,0.0,False,False,25,1
585,0.3884,"[192.9, 497.5, 223.3, 581.2]",,,0.0,False,False,25,1
585,0.3313,"[1214.3, 504.6, 1229.2, 541.7]",,,0.0,False,False,25,1
585,0.289,"[1271.0, 494.4, 1283.2, 520.8]",,,0.0,False,False,25,1
585,0.2739,"[478.6, 485.3, 498.8, 537.3]",,,0.0,False,False,25,1
585,0.2703,"[1618.7, 509.0, 1637.6, 561.6]",,,0.0,False,False,25,1
585,0.2511,"[1089.5, 499.8, 1105.7, 543.0]",,,0.0,False,False,25,1
585,0.2169,"[1832.0, 520.1, 1853.6, 566.7]",,,0.0,False,False,25,1
585,0.2146,"[1200.8, 496.8, 1221.1, 540.0]",,,0.0,False,False,25,1
585,0.184,"[1481.0, 505.9, 1497.2, 543.7]",,,0.0,False,False,25,1
585,0.163,"[1476.9, 506.3, 1490.4, 543.4]",,,0.0,False,False,25,1
585,0.1583,"[605.8, 492.4, 634.8, 578.1]",,,0.0,False,False,25,1
585,0.158,"[1629.5, 508.6, 1651.1, 565.3]",,,0.0,False,False,25,1
585,0.1577,"[1096.2, 507.6, 1113.8, 553.5]",,,0.0,False,False,25,1
585,0.1562,"[1199.5, 498.2, 1215.7, 540.0]",,,0.0,False,False,25,1
585,0.1548,"[1092.8, 504.6, 1111.7, 550.5]",,,0.0,False,False,25,1
585,0.1341,"[1657.8, 582.2, 1711.8, 725.6]",,,0.0,False,False,25,1
585,0.1309,"[1813.1, 521.4, 1834.7, 568.7]",,,0.0,False,False,25,1
585,0.1293,"[210.9, 497.8, 239.0, 576.8]",,,0.0,False,False,25,1
585,0.1249,"[1655.1, 577.5, 1692.9, 688.2]",,,0.0,False,False,25,1
585,0.1146,"[322.0, -1452.6, 1148.2, 154.6]",,,0.0,False,False,25,1
585,0.1145,"[1597.1, 512.7, 1616.0, 562.6]",,,0.0,False,False,25,1
585,0.1047,"[1393.2, 507.9, 1412.1, 557.2]",,,0.0,False,False,25,1
586,0.5336,"[1730.7, 588.6, 1771.2, 707.4]",449,"[1712.5940395654334, 594.9224482759012, 1758.1474155126914, 714.2591923490987]",0.4312,True,False,22,2
586,0.5198,"[314.7, 504.2, 350.7, 580.5]",,,0.0,False,False,22,2
586,0.4795,"[1216.4, 504.9, 1231.2, 542.0]",,,0.0,False,False,22,2
586,0.45,"[526.2, 495.8, 551.8, 572.7]",392,"[533.1353414107074, 496.0974307008419, 559.1095316361676, 573.7725644163456]",0.5592,True,False,22,2
586,0.4287,"[1629.5, 509.6, 1651.1, 567.7]",,,0.0,False,False,22,2
586,0.3639,"[215.2, 501.9, 255.3, 590.3]",,,0.0,False,False,22,2
586,0.3289,"[1621.4, 509.6, 1640.2, 563.6]",,,0.0,False,False,22,2
586,0.2943,"[1476.9, 502.2, 1493.1, 544.7]",,,0.0,False,False,22,2
586,0.2933,"[1664.6, 577.8, 1699.7, 677.7]",,,0.0,False,False,22,2
586,0.2886,"[1202.2, 498.2, 1221.1, 540.0]",,,0.0,False,False,22,2
586,0.2484,"[606.2, 491.4, 634.5, 574.4]",,,0.0,False,False,22,2
586,0.2436,"[1674.0, 690.5, 1722.6, 789.1]",449,"[1712.5940395654334, 594.9224482759012, 1758.1474155126914, 714.2591923490987]",0.0238,False,False,22,2
586,0.2092,"[1123.9, 489.7, 1141.4, 534.9]",,,0.0,False,False,22,2
586,0.17,"[996.3, 482.6, 1012.5, 523.1]",,,0.0,False,False,22,2
586,0.1485,"[1447.2, 503.2, 1463.4, 544.4]",,,0.0,False,False,22,2
586,0.1359,"[1395.9, 506.9, 1414.8, 557.5]",,,0.0,False,False,22,2
586,0.1256,"[1432.4, 498.8, 1451.2, 543.4]",,,0.0,False,False,22,2
586,0.1219,"[1096.2, 501.2, 1115.1, 546.4]",,,0.0,False,False,22,2
586,0.1087,"[1601.1, 512.3, 1620.0, 563.0]",,,0.0,False,False,22,2
586,0.1066,"[600.4, 492.4, 628.1, 575.4]",,,0.0,False,False,22,2
586,0.1016,"[531.2, 497.1, 559.6, 574.1]",392,"[533.1353414107074, 496.0974307008419, 559.1095316361676, 573.7725644163456]",0.9013,True,False,22,2
586,0.1011,"[205.9, 495.5, 234.9, 578.5]",,,0.0,False,False,22,2
587,0.5323,"[1622.7, 506.9, 1641.6, 560.2]",,,0.0,False,False,17,1
587,0.5146,"[1630.8, 507.9, 1652.4, 566.0]",,,0.0,False,False,17,1
587,0.4116,"[1091.5, 500.9, 1110.4, 544.7]",,,0.0,False,False,17,1
587,0.3766,"[1217.0, 505.9, 1230.5, 541.7]",,,0.0,False,False,17,1
587,0.3609,"[601.8, 490.7, 632.1, 577.8]",,,0.0,False,False,17,1
587,0.3034,"[1390.5, 501.2, 1404.0, 540.3]",,,0.0,False,False,17,1
587,0.2207,"[1099.6, 499.2, 1117.1, 543.0]",,,0.0,False,False,17,1
587,0.2094,"[208.7, 506.9, 239.1, 591.3]",446,"[183.63916991217806, 497.29076151412056, 218.94127442375947, 586.044077353067]",0.165,False,False,17,1
587,0.2036,"[525.8, 497.5, 551.5, 573.8]",,,0.0,False,False,17,1
587,0.2023,"[1201.5, 496.8, 1220.4, 538.7]",,,0.0,False,False,17,1
587,0.1682,"[1670.0, 575.4, 1702.4, 668.6]",,,0.0,False,False,17,1
587,0.1461,"[1433.7, 496.1, 1449.9, 540.7]",,,0.0,False,False,17,1
587,0.1355,"[329.7, -1387.8, 1143.5, 151.9]",,,0.0,False,False,17,1
587,0.1247,"[333.3, 504.9, 363.2, 592.0]",,,0.0,False,False,17,1
587,0.1222,"[1448.6, 500.2, 1464.8, 542.0]",,,0.0,False,False,17,1
587,0.1205,"[427.6, 489.0, 452.6, 554.5]",,,0.0,False,False,17,1
587,0.1127,"[1679.4, 688.2, 1730.7, 788.4]",,,0.0,False,False,17,1
588,0.4824,"[1730.7, 600.1, 1771.2, 714.2]",,,0.0,False,False,18,0
588,0.4237,"[600.1, 502.5, 627.8, 578.8]",,,0.0,False,False,18,0
588,0.3446,"[1202.9, 497.1, 1225.8, 541.0]",,,0.0,False,False,18,0
588,0.344,"[1624.1, 511.0, 1645.7, 564.3]",,,0.0,False,False,18,0
588,0.3437,"[332.4, 503.6, 363.5, 593.3]",,,0.0,False,False,18,0
588,0.2645,"[1125.2, 490.7, 1141.4, 533.2]",,,0.0,False,False,18,0
588,0.2438,"[1091.5, 498.8, 1109.0, 543.4]",,,0.0,False,False,18,0
588,0.2336,"[1436.4, 501.2, 1452.6, 543.7]",,,0.0,False,False,18,0
588,0.2195,"[1633.5, 511.3, 1655.1, 566.7]",,,0.0,False,False,18,0
588,0.1899,"[1356.1, 555.5, 1393.2, 648.0]",,,0.0,False,False,18,0
588,0.189,"[178.0, 496.5, 208.4, 584.9]",,,0.0,False,False,18,0
588,0.1722,"[523.5, 495.5, 548.4, 573.8]",,,0.0,False,False,18,0
588,0.1462,"[336.8, -1340.6, 1122.5, 135.3]",,,0.0,False,False,18,0
588,0.1258,"[574.8, 484.0, 607.2, 573.8]",,,0.0,False,False,18,0
588,0.1247,"[1103.0, 497.8, 1120.5, 541.0]",,,0.0,False,False,18,0
588,0.1219,"[1451.2, 505.2, 1464.8, 544.4]",,,0.0,False,False,18,0
588,0.1114,"[430.0, 488.7, 455.6, 560.2]",,,0.0,False,False,18,0
588,0.1,"[997.0, 490.4, 1010.5, 522.8]",,,0.0,False,False,18,0
589,0.5506,"[1375.0, 504.2, 1393.2, 550.1]",447,"[1375.5237782268591, 505.83692585137084, 1395.168848726266, 553.3381229767542]",0.7933,True,False,17,2
589,0.5096,"[523.8, 502.5, 548.8, 576.1]",,,0.0,False,False,17,2
589,0.5084,"[1625.4, 504.6, 1647.0, 560.6]",,,0.0,False,False,17,2
589,0.3364,"[1568.7, 512.3, 1590.3, 563.0]",,,0.0,False,False,17,2
589,0.2875,"[425.9, 487.4, 450.2, 557.5]",,,0.0,False,False,17,2
589,0.2679,"[1692.9, 688.8, 1746.9, 803.2]",,,0.0,False,False,17,2
589,0.2627,"[1202.2, 496.1, 1221.1, 538.0]",,,0.0,False,False,17,2
589,0.2413,"[597.7, 497.5, 626.7, 578.5]",,,0.0,False,False,17,2
589,0.2303,"[1123.9, 487.0, 1140.1, 529.5]",,,0.0,False,False,17,2
589,0.1925,"[1636.2, 507.3, 1657.8, 562.6]",,,0.0,False,False,17,2
589,0.1813,"[1601.1, 512.0, 1620.0, 559.2]",,,0.0,False,False,17,2
589,0.1673,"[324.8, 505.2, 355.1, 588.9]",,,0.0,False,False,17,2
589,0.1611,"[1152.2, 481.3, 1165.7, 514.4]",,,0.0,False,False,17,2
589,0.1387,"[355.1, -1391.9, 1132.7, 136.0]",,,0.0,False,False,17,2
589,0.121,"[426.9, 495.1, 453.9, 576.8]",,,0.0,False,False,17,2
589,0.1083,"[413.8, 491.4, 436.7, 564.3]",,,0.0,False,False,17,2
589,0.1023,"[233.9, 483.6, 266.3, 584.9]",,,0.0,False,False,17,2
590,0.4888,"[1093.5, 502.9, 1109.7, 544.0]",,,0.0,False,False,19,0
590,0.4476,"[1602.5, 513.3, 1621.4, 561.9]",,,0.0,False,False,19,0
590,0.4356,"[1571.4, 519.4, 1590.3, 566.7]",,,0.0,False,False,19,0
590,0.3967,"[595.4, 501.2, 625.1, 580.8]",,,0.0,False,False,19,0
590,0.3607,"[523.8, 503.9, 549.5, 576.1]",,,0.0,False,False,19,0
590,0.354,"[1202.9, 497.8, 1219.1, 539.7]",,,0.0,False,False,19,0
590,0.3427,"[1637.6, 508.6, 1659.2, 564.0]",,,0.0,False,False,19,0
590,0.2521,"[322.8, 505.9, 353.4, 588.9]",,,0.0,False,False,19,0
590,0.2416,"[1701.0, 688.8, 1755.0, 797.9]",,,0.0,False,False,19,0
590,0.2122,"[1062.5, 487.0, 1076.0, 524.8]",,,0.0,False,False,19,0
590,0.2089,"[1124.6, 489.7, 1140.8, 532.2]",,,0.0,False,False,19,0
590,0.1956,"[1391.9, 500.9, 1408.1, 544.0]",,,0.0,False,False,19,0
590,0.128,"[1763.1, 591.3, 1800.9, 709.4]",,,0.0,False,False,19,0
590,0.1274,"[1691.6, 580.8, 1726.7, 682.1]",,,0.0,False,False,19,0
590,0.1251,"[1655.1, 504.9, 1679.4, 550.1]",,,0.0,False,False,19,0
590,0.1244,"[1560.6, 508.3, 1574.1, 544.7]",,,0.0,False,False,19,0
590,0.1172,"[1437.8, 501.2, 1454.0, 543.7]",,,0.0,False,False,19,0
590,0.1166,"[1389.2, 499.8, 1405.4, 546.4]",,,0.0,False,False,19,0
590,0.1099,"[1254.8, 502.9, 1271.0, 547.4]",,,0.0,False,False,19,0
591,0.5742,"[1372.3, 505.2, 1391.9, 560.6]",447,"[1373.3832517296303, 506.1890400865638, 1393.5447267859947, 555.2623759290612]",0.7768,True,False,20,2
591,0.5568,"[1629.5, 504.9, 1648.4, 559.6]",,,0.0,False,False,20,2
591,0.4935,"[1638.9, 506.9, 1660.5, 560.2]",,,0.0,False,False,20,2
591,0.4608,"[1887.3, 557.9, 1960.2, 770.9]",375,"[1881.5445820551274, 556.7187395406494, 1969.9251445073728, 773.9456891702881]",0.8086,True,False,20,2
591,0.3548,"[297.0, 508.6, 333.8, 588.3]",,,0.0,False,False,20,2
591,0.341,"[1203.5, 498.2, 1219.7, 539.3]",,,0.0,False,False,20,2
591,0.3149,"[1656.5, 503.2, 1678.1, 547.1]",,,0.0,False,False,20,2
591,0.2512,"[1603.8, 512.3, 1622.7, 558.9]",,,0.0,False,False,20,2
591,0.2481,"[1124.6, 488.7, 1142.1, 532.6]",,,0.0,False,False,20,2
591,0.2247,"[1391.9, 498.2, 1408.1, 544.7]",447,"[1373.3832517296303, 506.1890400865638, 1393.5447267859947, 555.2623759290612]",0.0389,False,False,20,2
591,0.2011,"[1256.2, 504.2, 1272.4, 547.4]",,,0.0,False,False,20,2
591,0.1899,"[482.6, 471.2, 500.2, 513.7]",,,0.0,False,False,20,2
591,0.173,"[521.1, 529.2, 545.4, 597.4]",,,0.0,False,False,20,2
591,0.1689,"[1064.5, 486.0, 1078.0, 523.8]",,,0.0,False,False,20,2
591,0.1397,"[1406.7, 502.2, 1425.6, 554.9]",,,0.0,False,False,20,2
591,0.1377,"[408.0, 493.1, 430.3, 561.9]",,,0.0,False,False,20,2
591,0.1346,"[340.2, -1374.3, 1130.0, 153.6]",,,0.0,False,False,20,2
591,0.1284,"[1088.8, 501.2, 1103.6, 541.7]",,,0.0,False,False,20,2
591,0.104,"[1868.4, 515.0, 1895.4, 566.3]",,,0.0065,False,False,20,2
591,0.1004,"[1485.0, 500.2, 1501.2, 540.7]",,,0.0,False,False,20,2
592,0.5564,"[517.0, 502.5, 542.0, 576.8]",,,0.0,False,False,21,0
592,0.4426,"[1629.5, 504.2, 1651.1, 559.6]",,,0.0,False,False,21,0
592,0.4068,"[1096.9, 500.5, 1114.4, 546.4]",,,0.0,False,False,21,0
592,0.401,"[1715.9, 687.8, 1769.9, 805.3]",,,0.0,False,False,21,0
592,0.3816,"[481.6, 465.1, 499.2, 510.3]",,,0.0,False,False,21,0
592,0.3732,"[1640.2, 507.6, 1661.9, 560.2]",,,0.0,False,False,21,0
592,0.3586,"[1206.2, 494.4, 1226.5, 539.7]",,,0.0,False,False,21,0
592,0.3238,"[293.5, 507.6, 328.6, 587.9]",,,0.0,False,False,21,0
592,0.2949,"[1706.4, 579.5, 1744.2, 694.6]",,,0.0,False,False,21,0
592,0.2796,"[1204.2, 493.1, 1221.8, 537.6]",,,0.0,False,False,21,0
592,0.2334,"[178.4, 506.9, 214.5, 596.0]",,,0.0,False,False,21,0
592,0.2068,"[1657.8, 502.5, 1679.4, 547.1]",,,0.0,False,False,21,0
592,0.2048,"[1105.7, 494.8, 1124.6, 544.7]",,,0.0,False,False,21,0
592,0.2018,"[1409.4, 501.2, 1428.3, 555.9]",,,0.0,False,False,21,0
592,0.1871,"[602.4, 492.8, 627.4, 567.0]",,,0.0,False,False,21,0
592,0.1858,"[1125.2, 487.4, 1142.8, 531.2]",,,0.0,False,False,21,0
592,0.1705,"[1609.2, 506.3, 1628.1, 558.9]",,,0.0,False,False,21,0
592,0.1533,"[1215.7, 494.8, 1233.2, 536.0]",,,0.0,False,False,21,0
592,0.1282,"[1879.2, 589.3, 1946.7, 731.7]",,,0.0,False,False,21,0
592,0.1237,"[279.5, -1382.4, 1113.8, 140.4]",,,0.0,False,False,21,0
592,0.1057,"[231.7, 508.3, 260.7, 586.6]",,,0.0,False,False,21,0
593,0.5737,"[1575.5, 512.7, 1597.1, 563.3]",436,"[1575.795596580886, 511.66418312083096, 1595.929989356614, 561.7329116057316]",0.8872,True,False,25,2
593,0.5452,"[482.6, 468.5, 498.8, 509.0]",,,0.0,False,False,25,2
593,0.461,"[1643.0, 507.6, 1664.6, 564.3]",,,0.0,False,False,25,2
593,0.4172,"[1206.2, 491.1, 1225.1, 537.6]",450,"[1220.0019290038333, 502.723390888633, 1234.480981152417, 541.075437236367]",0.1423,False,False,25,2
593,0.377,"[1219.7, 498.5, 1234.6, 539.0]",450,"[1220.0019290038333, 502.723390888633, 1234.480981152417, 541.075437236367]",0.8313,True,False,25,2
593,0.3734,"[1379.0, 553.2, 1427.0, 648.3]",,,0.0,False,False,25,2
593,0.3534,"[1611.9, 511.0, 1630.8, 560.9]",,,0.0,False,False,25,2
593,0.3181,"[1633.5, 506.3, 1652.4, 559.6]",,,0.0,False,False,25,2
593,0.3036,"[1209.6, 492.1, 1232.6, 539.3]",450,"[1220.0019290038333, 502.723390888633, 1234.480981152417, 541.075437236367]",0.3891,True,False,25,2
593,0.2707,"[1493.1, 501.9, 1509.3, 541.7]",,,0.0,False,False,25,2
593,0.2662,"[1259.6, 503.6, 1277.1, 552.8]",,,0.0,False,False,25,2
593,0.2655,"[335.5, -1267.7, 1095.5, 111.0]",,,0.0,False,False,25,2
593,0.2631,"[405.7, 493.1, 428.0, 561.3]",,,0.0,False,False,25,2
593,0.2361,"[597.0, 490.7, 624.7, 565.7]",,,0.0,False,False,25,2
593,0.2129,"[1215.0, 492.4, 1235.2, 539.7]",450,"[1220.0019290038333, 502.723390888633, 1234.480981152417, 541.075437236367]",0.5473,True,False,25,2
593,0.1983,"[1097.6, 500.2, 1115.1, 545.4]",,,0.0,False,False,25,2
593,0.1951,"[1476.9, 500.2, 1493.1, 538.7]",,,0.0,False,False,25,2
593,0.1651,"[1364.9, 545.7, 1416.2, 656.4]",,,0.0,False,False,25,2
593,0.1437,"[287.4, 507.9, 328.2, 590.3]",,,0.0,False,False,25,2
593,0.1368,"[179.4, 500.5, 222.9, 600.4]",,,0.0,False,False,25,2
593,0.1258,"[1811.7, 514.0, 1830.6, 563.3]",,,0.0,False,False,25,2
593,0.1139,"[1088.8, 490.4, 1105.0, 540.3]",,,0.0,False,False,25,2
593,0.1122,"[1495.8, 500.5, 1512.0, 541.0]",,,0.0,False,False,25,2
593,0.1102,"[1833.3, 518.4, 1852.2, 565.0]",,,0.0,False,False,25,2
593,0.1058,"[311.2, 503.9, 341.6, 593.0]",,,0.0,False,False,25,2
594,0.5669,"[1576.8, 510.3, 1595.7, 562.3]",,,0.0,False,False,19,3
594,0.5639,"[1644.3, 505.2, 1665.9, 562.6]",,,0.0,False,False,19,3
594,0.503,"[482.0, 466.8, 498.2, 507.9]",,,0.0,False,False,19,3
594,0.4606,"[1372.3, 502.5, 1393.2, 555.2]",447,"[1370.114047390313, 502.29774193257754, 1391.3764311253117, 554.9268674424225]",0.8202,True,False,19,3
594,0.4077,"[1633.5, 502.5, 1655.1, 559.9]",,,0.0,False,False,19,3
594,0.403,"[1205.6, 489.4, 1224.5, 536.6]",,,0.0,False,False,19,3
594,0.3576,"[284.3, 508.6, 324.2, 590.3]",,,0.0,False,False,19,3
594,0.3421,"[1495.8, 497.1, 1512.0, 540.3]",,,0.0,False,False,19,3
594,0.3347,"[512.3, 500.2, 539.3, 577.1]",392,"[512.904559990228, 501.45873056462847, 538.2222710644595, 577.005258693184]",0.9206,True,False,19,3
594,0.2935,"[1796.9, 590.0, 1840.1, 708.1]",,,0.0,False,False,19,3
594,0.2772,"[1260.2, 501.9, 1277.8, 554.5]",,,0.0,False,False,19,3
594,0.2601,"[1087.4, 484.7, 1106.3, 538.0]",,,0.0,False,False,19,3
594,0.2358,"[1216.4, 490.7, 1233.9, 533.9]",,,0.0,False,False,19,3
594,0.2303,"[1733.4, 692.6, 1787.4, 810.0]",,,0.0,False,False,19,3
594,0.2124,"[1614.6, 507.3, 1633.5, 559.9]",,,0.0,False,False,19,3
594,0.1629,"[1391.9, 496.1, 1410.8, 547.4]",,,0.0,False,False,19,3
594,0.1395,"[178.7, 496.8, 215.2, 595.4]",,,0.0,False,False,19,3
594,0.1298,"[1220.4, 495.8, 1235.2, 538.3]",,,0.0,False,False,19,3
594,0.11,"[257.9, 502.5, 287.9, 586.2]",,,0.0,False,False,19,3
595,0.5092,"[1262.2, 503.6, 1279.8, 555.5]",437,"[1262.995552751376, 503.68499904876086, 1282.200736311124, 553.1918320059267]",0.8069,True,False,23,1
595,0.4497,"[510.0, 502.5, 536.3, 574.8]",,,0.0,False,False,23,1
595,0.4319,"[1725.3, 583.5, 1771.2, 702.0]",,,0.0,False,False,23,1
595,0.3635,"[1634.9, 506.9, 1653.8, 558.2]",,,0.0,False,False,23,1
595,0.3263,"[1221.1, 498.5, 1237.3, 539.7]",,,0.0,False,False,23,1
595,0.3224,"[1206.9, 492.4, 1224.5, 537.6]",,,0.0,False,False,23,1
595,0.2837,"[1741.5, 689.2, 1795.5, 816.1]",,,0.0,False,False,23,1
595,0.2715,"[1838.7, 521.8, 1857.6, 565.0]",,,0.0,False,False,23,1
595,0.2629,"[1098.9, 499.8, 1116.5, 545.1]",,,0.0,False,False,23,1
595,0.2564,"[180.2, 497.1, 208.6, 580.8]",,,0.0,False,False,23,1
595,0.2373,"[275.2, 504.2, 315.1, 590.0]",,,0.0,False,False,23,1
595,0.2196,"[482.0, 466.1, 497.5, 504.6]",,,0.0,False,False,23,1
595,0.2093,"[1391.9, 498.2, 1410.8, 545.4]",,,0.0,False,False,23,1
595,0.2075,"[1217.0, 492.8, 1234.6, 536.0]",,,0.0,False,False,23,1
595,0.1689,"[1815.8, 514.4, 1832.0, 557.5]",,,0.0,False,False,23,1
595,0.1647,"[546.4, 529.5, 578.1, 618.0]",,,0.0,False,False,23,1
595,0.1543,"[1127.9, 487.4, 1144.1, 530.5]",,,0.0,False,False,23,1
595,0.1452,"[1495.8, 497.8, 1512.0, 541.0]",,,0.0,False,False,23,1
595,0.1436,"[1664.6, 505.9, 1683.5, 544.4]",,,0.0,False,False,23,1
595,0.1309,"[173.8, 498.2, 208.9, 596.0]",,,0.0,False,False,23,1
595,0.1302,"[283.2, 507.3, 318.6, 592.3]",,,0.0,False,False,23,1
595,0.1299,"[1522.8, 498.8, 1539.0, 541.4]",,,0.0,False,False,23,1
595,0.112,"[1830.6, 514.4, 1846.8, 557.5]",,,0.0,False,False,23,1
596,0.5716,"[1222.4, 500.5, 1238.6, 543.0]",,,0.0,False,False,19,0
596,0.5359,"[271.7, 504.6, 306.1, 591.0]",,,0.0,False,False,19,0
596,0.4249,"[1648.4, 505.2, 1670.0, 561.3]",,,0.0,False,False,19,0
596,0.2656,"[395.9, 497.1, 420.9, 569.4]",,,0.0,False,False,19,0
596,0.2581,"[179.0, 505.9, 206.0, 585.6]",,,0.0,False,False,19,0
596,0.2365,"[1391.9, 498.2, 1410.8, 548.8]",,,0.0,False,False,19,0
596,0.2109,"[1207.6, 492.1, 1223.8, 536.6]",,,0.0,False,False,19,0
596,0.2077,"[1127.2, 486.7, 1144.8, 530.5]",,,0.0,False,False,19,0
596,0.1714,"[1088.8, 485.0, 1106.3, 534.3]",,,0.0,False,False,19,0
596,0.1602,"[182.4, 504.2, 213.8, 590.0]",,,0.0,False,False,19,0
596,0.1585,"[608.5, 174.3, 825.5, 424.6]",,,0.0,False,False,19,0
596,0.1582,"[1671.3, 504.9, 1687.5, 542.7]",,,0.0,False,False,19,0
596,0.1569,"[1818.5, 514.4, 1834.7, 562.3]",,,0.0,False,False,19,0
596,0.1442,"[976.7, 483.3, 991.6, 518.4]",,,0.0,False,False,19,0
596,0.1359,"[1798.2, 514.0, 1819.8, 570.0]",,,0.0,False,False,19,0
596,0.1327,"[1100.2, 498.2, 1117.8, 544.0]",,,0.0,False,False,19,0
596,0.1289,"[596.4, 489.7, 624.0, 573.4]",,,0.0,False,False,19,0
596,0.1173,"[161.9, 513.0, 194.7, 598.7]",,,0.0,False,False,19,0
596,0.1008,"[506.6, 501.9, 534.9, 578.1]",,,0.0,False,False,19,0
597,0.4427,"[177.9, 497.1, 210.9, 589.6]",,,0.0,False,False,21,0
597,0.4215,"[1652.4, 505.2, 1674.0, 555.9]",,,0.0,False,False,21,0
597,0.3844,"[496.1, 494.8, 520.4, 569.7]",,,0.0,False,False,21,0
597,0.3776,"[1757.7, 686.8, 1814.4, 820.1]",,,0.0,False,False,21,0
597,0.3477,"[1671.3, 503.6, 1690.2, 540.7]",,,0.0,False,False,21,0
597,0.34,"[540.7, 527.5, 571.1, 602.4]",,,0.0,False,False,21,0
597,0.2344,"[1088.8, 484.0, 1105.0, 529.2]",,,0.0,False,False,21,0
597,0.2011,"[284.9, 514.7, 316.2, 595.0]",,,0.0,False,False,21,0
597,0.193,"[1640.2, 503.9, 1659.2, 554.5]",,,0.0,False,False,21,0
597,0.1925,"[978.1, 481.6, 994.3, 516.7]",,,0.0,False,False,21,0
597,0.1846,"[175.3, 499.2, 203.0, 582.9]",,,0.0,False,False,21,0
597,0.1758,"[497.1, 492.4, 517.4, 549.8]",,,0.0,False,False,21,0
597,0.1647,"[1207.6, 492.1, 1225.1, 535.3]",,,0.0,False,False,21,0
597,0.1541,"[1391.9, 503.9, 1413.5, 559.9]",,,0.0,False,False,21,0
597,0.151,"[1100.2, 520.1, 1125.9, 582.9]",,,0.0,False,False,21,0
597,0.1304,"[1643.0, 504.6, 1664.6, 555.9]",,,0.0,False,False,21,0
597,0.1255,"[1101.6, 496.5, 1117.8, 541.7]",,,0.0,False,False,21,0
597,0.1188,"[1220.4, 492.1, 1238.0, 536.0]",,,0.0,False,False,21,0
597,0.1174,"[1211.6, 489.4, 1234.6, 535.3]",,,0.0,False,False,21,0
597,0.1123,"[1224.5, 497.1, 1239.3, 536.3]",,,0.0,False,False,21,0
597,0.1059,"[1261.6, 498.8, 1279.1, 552.2]",,,0.0,False,False,21,0
598,0.5753,"[1225.1, 500.2, 1241.3, 543.4]",,,0.0,False,False,20,1
598,0.5738,"[1833.3, 587.9, 1884.6, 714.8]",426,"[1831.2239152320235, 587.4281395210836, 1879.9020613304767, 713.4599220023538]",0.861,True,False,20,1
598,0.549,"[1653.8, 504.2, 1675.4, 559.6]",,,0.0,False,False,20,1
598,0.4887,"[1768.5, 699.3, 1819.8, 822.2]",,,0.0,False,False,20,1
598,0.4491,"[1394.6, 500.9, 1413.5, 552.8]",,,0.0,False,False,20,1
598,0.4173,"[1394.6, 490.1, 1413.5, 544.7]",,,0.0,False,False,20,1
598,0.3858,"[1641.6, 505.9, 1660.5, 556.5]",,,0.0,False,False,20,1
598,0.3783,"[280.3, 509.3, 311.3, 595.0]",,,0.0,False,False,20,1
598,0.3638,"[261.6, 507.9, 292.6, 592.3]",,,0.0,False,False,20,1
598,0.3146,"[980.1, 481.3, 995.0, 517.0]",,,0.0,False,False,20,1
598,0.3145,"[173.0, 496.1, 209.1, 592.7]",,,0.0,False,False,20,1
598,0.2322,"[1088.8, 483.0, 1106.3, 533.6]",,,0.0,False,False,20,1
598,0.1931,"[1837.4, 509.0, 1853.6, 546.8]",,,0.0,False,False,20,1
598,0.1708,"[167.3, 504.2, 195.8, 583.9]",,,0.0,False,False,20,1
598,0.1691,"[1751.0, 582.5, 1794.2, 695.9]",,,0.0,False,False,20,1
598,0.148,"[1208.9, 492.1, 1227.8, 535.3]",,,0.0,False,False,20,1
598,0.1461,"[1844.1, 515.4, 1865.7, 564.0]",,,0.0,False,False,20,1
598,0.1103,"[1606.5, 505.6, 1628.1, 554.2]",,,0.0,False,False,20,1
598,0.1094,"[1822.5, 513.3, 1838.7, 550.5]",,,0.0,False,False,20,1
598,0.1015,"[1112.4, 491.1, 1132.7, 543.0]",,,0.0,False,False,20,1
599,0.5754,"[1368.9, 500.9, 1393.2, 551.5]",447,"[1369.6906214229498, 501.0055879538715, 1392.1641149051752, 551.6938749367534]",0.9183,True,False,28,4
599,0.5593,"[505.9, 499.5, 533.6, 577.8]",392,"[501.2897962151625, 499.12060331929126, 528.185667652025, 578.0919210947712]",0.6847,True,False,28,4
599,0.4397,"[1225.8, 498.5, 1240.7, 536.3]",,,0.0,False,False,28,4
599,0.4391,"[444.8, 490.4, 475.9, 570.7]",416,"[446.3297949633831, 492.5216039107937, 477.88553706786684, 577.5266138626438]",0.806,True,False,28,4
599,0.4212,"[1844.1, 584.6, 1892.7, 715.5]",,,0.0,False,False,28,4
599,0.3904,"[164.4, 504.2, 194.7, 587.2]",,,0.0,False,False,28,4
599,0.366,"[274.9, 515.4, 310.0, 595.7]",,,0.0,False,False,28,4
599,0.2984,"[256.8, 506.6, 287.9, 590.3]",,,0.0,False,False,28,4
599,0.2959,"[1114.4, 491.7, 1133.3, 540.3]",,,0.0,False,False,28,4
599,0.2743,"[1127.9, 483.6, 1145.5, 526.8]",,,0.0,False,False,28,4
599,0.2598,"[1443.2, 535.6, 1481.0, 624.7]",,,0.0,False,False,28,4
599,0.2577,"[1656.5, 501.2, 1678.1, 556.5]",,,0.0,False,False,28,4
599,0.254,"[1864.4, 509.0, 1880.6, 556.9]",,,0.0,False,False,28,4
599,0.2332,"[1840.1, 509.0, 1856.2, 544.0]",,,0.0,False,False,28,4
599,0.2263,"[1908.9, 586.9, 1952.1, 720.9]",432,"[1903.6747585892683, 576.303079191575, 1959.3025363326067, 728.7086395584249]",0.6827,True,False,28,4
599,0.2232,"[981.5, 480.6, 996.3, 515.7]",,,0.0,False,False,28,4
599,0.2104,"[1208.9, 490.7, 1226.5, 533.9]",,,0.0,False,False,28,4
599,0.2054,"[1610.6, 504.2, 1632.2, 551.5]",,,0.0,False,False,28,4
599,0.1877,"[1571.4, 498.2, 1587.6, 536.6]",,,0.0,False,False,28,4
599,0.1693,"[1395.9, 499.5, 1414.8, 548.8]",,,0.0,False,False,28,4
599,0.1683,"[1879.2, 506.6, 1898.1, 556.5]",,,0.0,False,False,28,4
599,0.1565,"[1155.6, 476.9, 1170.5, 508.6]",,,0.0,False,False,28,4
599,0.1561,"[1103.6, 491.7, 1119.8, 540.3]",,,0.0,False,False,28,4
599,0.1339,"[971.3, 479.3, 984.8, 511.7]",,,0.0,False,False,28,4
599,0.1313,"[1416.2, 541.4, 1445.9, 635.9]",,,0.0,False,False,28,4
599,0.1184,"[1072.6, 850.5, 1210.3, 1074.6]",,,0.0,False,False,28,4
599,0.1087,"[1088.1, 484.7, 1104.3, 526.5]",,,0.0,False,False,28,4
599,0.1056,"[1849.5, 509.0, 1868.4, 557.5]",,,0.0,False,False,28,4
600,0.579,"[1273.1, 500.2, 1290.6, 551.5]",,,0.0,False,False,29,1
600,0.548,"[504.2, 495.8, 531.2, 577.5]",410,"[490.7243916884221, 496.2072791668918, 520.0179178818904, 578.2298546221707]",0.386,True,False,29,1
600,0.4894,"[1227.2, 498.2, 1242.0, 537.3]",,,0.0,False,False,29,1
600,0.4344,"[1128.6, 484.0, 1147.5, 531.2]",,,0.0,False,False,29,1
600,0.4037,"[490.4, 493.4, 517.4, 575.8]",410,"[490.7243916884221, 496.2072791668918, 520.0179178818904, 578.2298546221707]",0.847,True,False,29,1
600,0.3995,"[1262.9, 499.2, 1280.5, 547.1]",,,0.0,False,False,29,1
600,0.3899,"[270.0, 507.9, 304.8, 590.3]",,,0.0,False,False,29,1
600,0.3759,"[161.5, 497.5, 200.0, 587.9]",,,0.0,False,False,29,1
600,0.3642,"[1771.2, 583.9, 1811.7, 704.7]",,,0.0,False,False,29,1
600,0.3514,"[1780.7, 698.0, 1837.4, 834.3]",,,0.0,False,False,29,1
600,0.3472,"[1454.0, 538.3, 1486.4, 622.0]",,,0.0,False,False,29,1
600,0.3427,"[1106.3, 488.0, 1122.5, 538.7]",,,0.0,False,False,29,1
600,0.335,"[982.1, 483.0, 995.6, 515.4]",,,0.0,False,False,29,1
600,0.2976,"[972.7, 479.9, 986.2, 513.0]",,,0.0,False,False,29,1
600,0.2868,"[1264.3, 501.5, 1277.8, 539.3]",,,0.0,False,False,29,1
600,0.2835,"[1497.2, 494.8, 1513.4, 537.3]",,,0.0,False,False,29,1
600,0.2088,"[1298.0, 127.8, 1330.4, 247.1]",,,0.0,False,False,29,1
600,0.1995,"[912.6, 476.9, 928.8, 507.9]",,,0.0,False,False,29,1
600,0.17,"[1086.8, 483.3, 1100.2, 516.4]",,,0.0,False,False,29,1
600,0.1659,"[1117.8, 489.7, 1135.4, 534.3]",,,0.0,False,False,29,1
600,0.1562,"[444.8, 490.7, 474.5, 567.7]",,,0.0,False,False,29,1
600,0.1535,"[1125.2, 481.3, 1142.8, 527.9]",,,0.0,False,False,29,1
600,0.144,"[391.5, 492.1, 415.1, 558.2]",,,0.0,False,False,29,1
600,0.139,"[1856.2, 587.9, 1902.2, 722.9]",,,0.0,False,False,29,1
600,0.1326,"[158.6, 504.9, 191.0, 584.6]",,,0.0,False,False,29,1
600,0.1266,"[1111.7, 490.4, 1134.7, 549.1]",,,0.0,False,False,29,1
600,0.1262,"[1532.2, 493.8, 1548.5, 539.0]",,,0.0,False,False,29,1
600,0.1095,"[1416.2, 544.0, 1451.2, 631.1]",,,0.0,False,False,29,1
600,0.1081,"[311.9, 500.9, 338.2, 582.5]",,,0.0,False,False,29,1
601,0.5692,"[1107.0, 488.4, 1124.6, 541.0]",,,0.0,False,False,25,1
601,0.5596,"[1210.3, 488.7, 1229.2, 533.9]",,,0.0,False,False,25,1
601,0.5396,"[1228.5, 499.2, 1242.0, 535.6]",,,0.0,False,False,25,1
601,0.5344,"[1790.1, 699.3, 1846.8, 838.4]",,,0.0,False,False,25,1
601,0.4778,"[156.7, 506.6, 187.7, 584.9]",,,0.0,False,False,25,1
601,0.4776,"[268.3, 509.3, 300.7, 593.7]",,,0.0,False,False,25,1
601,0.4335,"[1129.3, 483.0, 1148.2, 532.9]",,,0.0,False,False,25,1
601,0.4321,"[447.2, 502.2, 474.2, 579.2]",,,0.0,False,False,25,1
601,0.4231,"[971.3, 477.6, 986.2, 510.6]",,,0.0,False,False,25,1
601,0.4127,"[503.6, 496.8, 529.2, 577.8]",,,0.0,False,False,25,1
601,0.3376,"[442.1, 494.4, 471.8, 572.1]",,,0.0,False,False,25,1
601,0.3078,"[982.8, 479.3, 997.7, 514.4]",,,0.0,False,False,25,1
601,0.2798,"[1118.5, 491.1, 1136.0, 534.3]",,,0.0,False,False,25,1
601,0.2746,"[488.0, 494.8, 513.7, 575.1]",,,0.0,False,False,25,1
601,0.2528,"[392.2, 493.1, 413.8, 560.6]",,,0.0,False,False,25,1
601,0.2417,"[912.6, 476.9, 928.8, 507.9]",,,0.0,False,False,25,1
601,0.2287,"[1532.2, 495.8, 1548.5, 538.3]",,,0.0,False,False,25,1
601,0.207,"[1086.1, 483.0, 1100.9, 521.4]",,,0.0,False,False,25,1
601,0.1964,"[1868.4, 588.6, 1914.3, 721.6]",,,0.0,False,False,25,1
601,0.1752,"[1087.4, 483.0, 1099.6, 512.7]",,,0.0,False,False,25,1
601,0.159,"[1852.2, 502.9, 1876.5, 562.3]",,,0.0,False,False,25,1
601,0.1311,"[1125.2, 483.3, 1142.8, 529.9]",,,0.0,False,False,25,1
601,0.117,"[312.4, 503.6, 338.3, 589.3]",,,0.0,False,False,25,1
601,0.114,"[1085.4, 485.3, 1101.6, 531.2]",,,0.0,False,False,25,1
601,0.1086,"[146.1, 502.5, 175.0, 583.5]",,,0.0,False,False,25,1
602,0.5547,"[1107.7, 489.7, 1125.2, 542.4]",,,0.0,False,False,28,0
602,0.497,"[1459.4, 538.0, 1494.5, 643.3]",,,0.0,False,False,28,0
602,0.4829,"[487.4, 498.8, 513.0, 576.5]",,,0.0,False,False,28,0
602,0.3705,"[1212.3, 487.7, 1231.2, 534.3]",,,0.0,False,False,28,0
602,0.351,"[1123.2, 483.3, 1143.5, 533.2]",,,0.0,False,False,28,0
602,0.3291,"[1228.5, 499.2, 1243.4, 536.3]",,,0.0,False,False,28,0
602,0.3196,"[489.7, 524.1, 512.7, 584.2]",,,0.0,False,False,28,0
602,0.3105,"[914.6, 478.6, 929.5, 506.9]",,,0.0,False,False,28,0
602,0.3093,"[503.2, 499.5, 528.2, 575.8]",,,0.0,False,False,28,0
602,0.271,"[1086.1, 482.3, 1100.9, 518.7]",,,0.0,False,False,28,0
602,0.2527,"[1875.2, 593.0, 1918.4, 728.3]",,,0.0,False,False,28,0
602,0.2228,"[1082.7, 482.6, 1096.2, 515.0]",,,0.0,False,False,28,0
602,0.198,"[1533.6, 496.8, 1549.8, 539.3]",,,0.0,False,False,28,0
602,0.1815,"[1080.0, 482.6, 1092.2, 514.4]",,,0.0,False,False,28,0
602,0.1804,"[983.5, 479.3, 998.3, 515.0]",,,0.0,False,False,28,0
602,0.1763,"[1086.8, 484.3, 1103.0, 531.6]",,,0.0,False,False,28,0
602,0.1674,"[308.3, 503.6, 335.6, 588.6]",,,0.0,False,False,28,0
602,0.1575,"[1787.4, 585.2, 1830.6, 703.4]",,,0.0,False,False,28,0
602,0.1529,"[1498.5, 495.8, 1514.7, 538.3]",,,0.0,False,False,28,0
602,0.1465,"[1547.1, 498.5, 1563.3, 539.7]",,,0.0,False,False,28,0
602,0.1413,"[1120.5, 490.1, 1138.1, 536.0]",,,0.0,False,False,28,0
602,0.1367,"[391.2, 493.4, 412.8, 561.6]",,,0.0,False,False,28,0
602,0.1345,"[590.3, 491.4, 616.6, 570.4]",,,0.0,False,False,28,0
602,0.133,"[985.5, 478.2, 1000.4, 512.7]",,,0.0,False,False,28,0
602,0.1231,"[256.5, 508.6, 295.7, 593.7]",,,0.0,False,False,28,0
602,0.1189,"[976.1, 477.2, 989.6, 511.0]",,,0.0,False,False,28,0
602,0.107,"[1876.5, 505.9, 1908.9, 559.9]",,,0.0,False,False,28,0
602,0.1065,"[1656.5, 506.9, 1678.1, 560.9]",,,0.0,False,False,28,0
603,0.4934,"[500.5, 498.8, 527.5, 578.5]",,,0.0,False,False,17,0
603,0.412,"[1085.4, 482.6, 1101.6, 528.5]",,,0.0,False,False,17,0
603,0.4115,"[1230.5, 501.2, 1244.0, 535.6]",,,0.0,False,False,17,0
603,0.3847,"[1810.4, 710.8, 1869.8, 840.4]",,,0.0,False,False,17,0
603,0.3794,"[1213.0, 488.7, 1231.9, 534.6]",,,0.0,False,False,17,0
603,0.3238,"[1121.2, 489.4, 1138.7, 537.3]",,,0.0,False,False,17,0
603,0.2687,"[484.7, 499.2, 511.0, 578.1]",,,0.0,False,False,17,0
603,0.2574,"[979.4, 478.9, 994.3, 515.4]",,,0.0,False,False,17,0
603,0.2362,"[1798.2, 586.6, 1838.7, 698.0]",,,0.0,False,False,17,0
603,0.2306,"[1857.6, 509.6, 1881.9, 563.6]",,,0.0,False,False,17,0
603,0.1874,"[384.4, 494.8, 408.0, 565.7]",,,0.0,False,False,17,0
603,0.1855,"[1629.5, 504.6, 1651.1, 555.9]",,,0.0,False,False,17,0
603,0.1809,"[913.3, 477.9, 929.5, 507.6]",,,0.0,False,False,17,0
603,0.1565,"[1661.9, 504.9, 1680.8, 559.6]",,,0.0,False,False,17,0
603,0.1533,"[1084.1, 483.0, 1097.6, 522.1]",,,0.0,False,False,17,0
603,0.1458,"[305.6, 502.5, 332.3, 588.9]",,,0.0,False,False,17,0
603,0.1357,"[1498.5, 495.5, 1514.7, 537.3]",,,0.0,False,False,17,0
604,0.5672,"[1131.3, 480.6, 1150.2, 530.5]",457,"[1130.8267122053626, 481.4785949707031, 1150.4479459977622, 532.5085876464843]",0.9112,True,False,28,1
604,0.5628,"[1231.2, 499.2, 1246.1, 537.0]",,,0.0,False,False,28,1
604,0.5283,"[482.6, 502.2, 509.6, 579.8]",,,0.0,False,False,28,1
604,0.436,"[1402.7, 495.1, 1421.6, 545.7]",,,0.0,False,False,28,1
604,0.4345,"[1214.3, 489.4, 1231.9, 535.3]",,,0.0,False,False,28,1
604,0.4175,"[487.0, 501.2, 516.0, 579.5]",,,0.0,False,False,28,1
604,0.3744,"[144.8, 503.2, 177.7, 582.9]",,,0.0,False,False,28,1
604,0.3586,"[1269.7, 496.1, 1284.5, 541.4]",,,0.0,False,False,28,1
604,0.3447,"[1428.3, 513.0, 1447.2, 561.6]",,,0.0,False,False,28,1
604,0.33,"[131.7, 500.2, 169.8, 582.5]",,,0.0,False,False,28,1
604,0.2949,"[578.8, 175.5, 595.7, 208.2]",,,0.0,False,False,28,1
604,0.2684,"[1109.0, 523.5, 1137.4, 608.5]",457,"[1130.8267122053626, 481.4785949707031, 1150.4479459977622, 532.5085876464843]",0.0177,False,False,28,1
604,0.2537,"[1084.1, 481.6, 1100.2, 521.4]",,,0.0,False,False,28,1
604,0.2407,"[260.7, 509.3, 292.8, 591.0]",,,0.0,False,False,28,1
604,0.2324,"[1821.2, 710.1, 1883.3, 853.2]",,,0.0,False,False,28,1
604,0.2258,"[1279.8, 498.8, 1293.3, 542.0]",,,0.0,False,False,28,1
604,0.2238,"[1529.6, 492.4, 1548.5, 540.3]",,,0.0,False,False,28,1
604,0.2173,"[465.4, 448.2, 485.0, 494.1]",,,0.0,False,False,28,1
604,0.2064,"[915.3, 478.6, 930.2, 506.9]",,,0.0,False,False,28,1
604,0.177,"[147.0, 511.7, 181.9, 600.8]",,,0.0,False,False,28,1
604,0.1726,"[383.4, 495.5, 407.0, 567.0]",,,0.0,False,False,28,1
604,0.171,"[1668.6, 510.6, 1687.5, 561.3]",,,0.0,False,False,28,1
604,0.1664,"[1499.9, 494.8, 1516.1, 538.7]",,,0.0,False,False,28,1
604,0.1479,"[1123.2, 486.7, 1142.1, 534.6]",457,"[1130.8267122053626, 481.4785949707031, 1150.4479459977622, 532.5085876464843]",0.3716,True,False,28,1
604,0.145,"[1267.0, 489.4, 1281.8, 533.2]",,,0.0,False,False,28,1
604,0.1066,"[1219.1, 492.1, 1233.9, 536.0]",,,0.0,False,False,28,1
604,0.1053,"[1391.9, 489.0, 1405.4, 520.1]",,,0.0,False,False,28,1
604,0.1034,"[419.5, 459.7, 436.4, 500.2]",,,0.0,False,False,28,1
605,0.5703,"[1360.8, 498.8, 1385.1, 556.2]",447,"[1365.037113584367, 500.7664485561881, 1386.650874696883, 551.2013248813118]",0.6872,True,False,17,4
605,0.5653,"[1895.4, 603.1, 1944.0, 756.0]",449,"[1887.7909981851378, 597.9356024029204, 1946.5229666586122, 755.6491143939546]",0.7989,True,False,17,4
605,0.526,"[1232.6, 495.1, 1247.4, 535.6]",,,0.0,False,False,17,4
605,0.5069,"[490.7, 500.9, 519.8, 577.1]",392,"[493.391727263557, 501.65038622413965, 519.8662073067554, 578.5835004946103]",0.8798,True,False,17,4
605,0.4543,"[141.7, 505.9, 175.2, 593.0]",,,0.0,False,False,17,4
605,0.3206,"[1125.2, 487.0, 1144.1, 538.3]",,,0.0,False,False,17,4
605,0.316,"[1498.5, 550.8, 1530.9, 644.6]",,,0.0,False,False,17,4
605,0.3108,"[1084.1, 481.6, 1100.2, 520.8]",,,0.0,False,False,17,4
605,0.2523,"[255.8, 508.6, 286.9, 586.9]",,,0.0,False,False,17,4
605,0.1967,"[380.0, 493.8, 403.0, 564.6]",,,0.0,False,False,17,4
605,0.1838,"[1832.0, 714.2, 1894.1, 857.2]",449,"[1887.7909981851378, 597.9356024029204, 1946.5229666586122, 755.6491143939546]",0.0145,False,False,17,4
605,0.1811,"[915.3, 478.6, 930.2, 506.9]",,,0.0,False,False,17,4
605,0.1694,"[589.3, 489.0, 613.6, 553.8]",,,0.0,False,False,17,4
605,0.1503,"[1391.9, 488.4, 1408.1, 521.4]",,,0.0,False,False,17,4
605,0.1502,"[1533.6, 494.8, 1552.5, 539.3]",,,0.0,False,False,17,4
605,0.1348,"[1428.3, 512.3, 1449.9, 562.3]",,,0.0,False,False,17,4
605,0.1165,"[1099.6, 483.0, 1114.4, 516.7]",,,0.0,False,False,17,4
606,0.5174,"[1084.7, 482.3, 1099.6, 521.4]",,,0.0,False,False,27,1
606,0.461,"[1364.9, 500.9, 1385.1, 546.1]",,,0.0,False,False,27,1
606,0.4442,"[1270.4, 496.5, 1286.6, 541.0]",,,0.0,False,False,27,1
606,0.4197,"[139.1, 505.2, 170.6, 591.0]",,,0.0,False,False,27,1
606,0.4097,"[1432.4, 517.7, 1451.2, 565.7]",,,0.0,False,False,27,1
606,0.3809,"[1625.4, 504.9, 1647.0, 558.2]",,,0.0,False,False,27,1
606,0.3343,"[1125.9, 490.4, 1143.5, 541.0]",,,0.0,False,False,27,1
606,0.3226,"[982.1, 479.6, 997.0, 514.0]",,,0.0,False,False,27,1
606,0.3155,"[1265.6, 487.7, 1279.1, 523.5]",,,0.0,False,False,27,1
606,0.2921,"[1405.4, 492.8, 1424.2, 542.7]",,,0.0,False,False,27,1
606,0.2461,"[1838.7, 717.5, 1903.5, 868.7]",,,0.0,False,False,27,1
606,0.2365,"[378.3, 494.1, 400.6, 566.3]",,,0.0,False,False,27,1
606,0.234,"[265.1, 505.6, 296.8, 595.4]",,,0.0,False,False,27,1
606,0.212,"[915.3, 478.2, 930.2, 507.3]",,,0.0,False,False,27,1
606,0.2083,"[1131.3, 486.0, 1147.5, 533.2]",,,0.0,False,False,27,1
606,0.2049,"[1867.1, 505.6, 1888.7, 563.6]",,,0.0,False,False,27,1
606,0.1801,"[1825.2, 512.3, 1849.5, 575.1]",,,0.0,False,False,27,1
606,0.155,"[82.7, 504.9, 110.9, 582.5]",434,"[81.30606220565421, 501.8926070122009, 116.66085673965827, 593.746309003424]",0.6736,True,False,27,1
606,0.1495,"[587.2, 490.4, 613.6, 561.3]",,,0.0,False,False,27,1
606,0.1461,"[1906.2, 605.1, 1954.8, 757.4]",,,0.0,False,False,27,1
606,0.138,"[1533.6, 495.5, 1552.5, 540.0]",,,0.0,False,False,27,1
606,0.1295,"[1850.9, 506.6, 1872.5, 561.3]",,,0.0,False,False,27,1
606,0.1215,"[258.2, 506.3, 288.6, 592.0]",,,0.0,False,False,27,1
606,0.1154,"[464.1, 449.9, 481.6, 490.4]",,,0.0,False,False,27,1
606,0.1083,"[1111.7, 529.9, 1140.1, 610.2]",,,0.0,False,False,27,1
606,0.1043,"[1100.2, 483.6, 1115.1, 520.1]",,,0.0,False,False,27,1
606,0.1029,"[1102.3, 480.9, 1115.8, 516.0]",,,0.0,False,False,27,1
607,0.5446,"[1234.6, 498.5, 1249.4, 538.3]",450,"[1234.4877061514692, 497.8158713655934, 1249.295008692281, 537.0095680875316]",0.9377,True,False,15,1
607,0.4925,"[1265.6, 487.7, 1277.8, 520.1]",,,0.0,False,False,15,1
607,0.4619,"[1826.6, 514.7, 1850.9, 576.8]",,,0.0,False,False,15,1
607,0.4429,"[1628.1, 510.6, 1647.0, 558.6]",,,0.0,False,False,15,1
607,0.428,"[982.1, 480.3, 998.3, 514.7]",,,0.0,False,False,15,1
607,0.406,"[1365.5, 500.9, 1387.8, 548.8]",,,0.0,False,False,15,1
607,0.3863,"[136.6, 513.7, 167.5, 598.1]",,,0.0,False,False,15,1
607,0.3822,"[375.0, 494.8, 398.6, 569.0]",,,0.0,False,False,15,1
607,0.3185,"[1271.7, 497.5, 1287.9, 541.4]",,,0.0,False,False,15,1
607,0.2414,"[258.2, 507.3, 290.9, 596.4]",,,0.0,False,False,15,1
607,0.2257,"[1868.4, 508.6, 1892.7, 566.0]",,,0.0,False,False,15,1
607,0.2202,"[914.0, 477.9, 931.5, 506.9]",,,0.0,False,False,15,1
607,0.1811,"[1852.2, 713.5, 1914.3, 870.1]",,,0.0,False,False,15,1
607,0.1223,"[1881.9, 513.0, 1900.8, 561.6]",,,0.0,False,False,15,1
607,0.1204,"[1102.3, 484.7, 1115.8, 518.4]",,,0.0,False,False,15,1
608,0.5686,"[1236.6, 497.1, 1250.1, 537.0]",,,0.0,False,False,16,1
608,0.5627,"[372.6, 495.8, 397.6, 569.4]",,,0.0,False,False,16,1
608,0.4293,"[1137.4, 484.7, 1152.2, 525.2]",457,"[1136.387909851596, 484.2737885168944, 1151.8972463984041, 525.0061797448244]",0.9057,True,False,16,1
608,0.3899,"[132.8, 499.5, 168.6, 591.3]",,,0.0,False,False,16,1
608,0.3826,"[1436.4, 510.3, 1455.3, 559.6]",,,0.0,False,False,16,1
608,0.3183,"[983.5, 479.3, 999.7, 515.0]",,,0.0,False,False,16,1
608,0.2452,"[1873.8, 509.6, 1892.7, 561.6]",,,0.0,False,False,16,1
608,0.237,"[1829.2, 515.7, 1853.6, 575.1]",,,0.0,False,False,16,1
608,0.1861,"[914.0, 476.6, 931.5, 506.9]",,,0.0,False,False,16,1
608,0.1388,"[1655.1, 509.3, 1676.7, 557.9]",,,0.0,False,False,16,1
608,0.1354,"[1365.5, 500.5, 1386.5, 550.5]",,,0.0,False,False,16,1
608,0.1351,"[474.2, 494.8, 501.9, 574.4]",,,0.0,False,False,16,1
608,0.1126,"[263.9, 501.2, 295.3, 596.4]",,,0.0,False,False,16,1
608,0.1091,"[1881.9, 510.6, 1903.5, 561.9]",,,0.0,False,False,16,1
608,0.1014,"[1895.4, 506.3, 1919.7, 563.6]",,,0.0,False,False,16,1
608,0.1006,"[1101.6, 483.3, 1116.5, 518.4]",,,0.0,False,False,16,1
609,0.5482,"[1263.6, 489.4, 1277.1, 520.4]",,,0.0,False,False,18,2
609,0.5112,"[1236.6, 499.5, 1251.5, 540.0]",,,0.0,False,False,18,2
609,0.4862,"[1086.1, 483.0, 1100.9, 522.1]",,,0.0,False,False,18,2
609,0.473,"[1895.4, 605.1, 1944.0, 747.2]",448,"[1883.9467932453042, 605.604100301678, 1943.0676110515708, 776.6926526280093]",0.6573,True,False,18,2
609,0.3722,"[1737.5, 591.6, 1778.0, 689.5]",,,0.0,False,False,18,2
609,0.3622,"[984.8, 481.6, 999.7, 516.7]",,,0.0,False,False,18,2
609,0.3154,"[1528.2, 550.8, 1571.4, 659.5]",390,"[1527.8469592692381, 552.0109580761606, 1572.8007458088866, 657.265531181652]",0.9319,True,False,18,2
609,0.3057,"[1833.3, 516.4, 1857.6, 576.5]",,,0.0,False,False,18,2
609,0.2535,"[131.0, 498.5, 169.5, 594.3]",,,0.0,False,False,18,2
609,0.2268,"[1437.8, 514.0, 1459.4, 564.6]",,,0.0,False,False,18,2
609,0.1725,"[668.6, 248.6, 701.3, 339.7]",,,0.0,False,False,18,2
609,0.1679,"[1659.2, 505.2, 1680.8, 558.6]",,,0.0,False,False,18,2
609,0.1627,"[914.6, 478.2, 932.2, 507.3]",,,0.0,False,False,18,2
609,0.1468,"[1540.4, 495.5, 1559.2, 542.0]",,,0.0,False,False,18,2
609,0.1413,"[1559.2, 500.5, 1575.5, 543.0]",,,0.0,False,False,18,2
609,0.1402,"[1886.0, 511.7, 1904.9, 565.7]",,,0.0,False,False,18,2
609,0.1278,"[1275.8, 501.2, 1294.7, 547.8]",,,0.0,False,False,18,2
609,0.1241,"[468.8, 503.2, 491.1, 570.7]",,,0.0,False,False,18,2
610,0.56,"[572.4, 502.5, 603.5, 585.6]",453,"[571.4530030764355, 502.850164401268, 603.382324072002, 587.2783756377945]",0.9453,True,False,21,1
610,0.5134,"[1441.8, 518.7, 1460.7, 565.3]",,,0.0,False,False,21,1
610,0.4382,"[1238.0, 500.5, 1251.5, 539.7]",,,0.0,False,False,21,1
610,0.4003,"[1085.4, 483.6, 1100.2, 521.4]",,,0.0,False,False,21,1
610,0.3747,"[254.6, 500.2, 287.4, 599.4]",,,0.0,False,False,21,1
610,0.3424,"[78.5, 498.2, 118.1, 587.9]",,,0.0,False,False,21,1
610,0.3417,"[126.4, 514.0, 155.8, 595.0]",,,0.0,False,False,21,1
610,0.3404,"[1263.6, 490.1, 1277.1, 522.5]",,,0.0,False,False,21,1
610,0.2651,"[464.4, 456.6, 488.0, 521.4]",,,0.0,False,False,21,1
610,0.2051,"[1541.7, 494.1, 1560.6, 542.7]",,,0.0,False,False,21,1
610,0.1984,"[914.0, 477.2, 932.9, 507.6]",,,0.0,False,False,21,1
610,0.1815,"[1277.1, 501.2, 1294.7, 548.4]",,,0.0,False,False,21,1
610,0.1806,"[985.5, 482.3, 1000.4, 517.4]",,,0.0,False,False,21,1
610,0.1496,"[1490.4, 499.8, 1506.6, 541.7]",,,0.0,False,False,21,1
610,0.126,"[1664.6, 507.3, 1688.9, 560.6]",,,0.0,False,False,21,1
610,0.1257,"[1536.3, 549.8, 1574.1, 647.7]",,,0.0,False,False,21,1
610,0.1229,"[1140.1, 494.4, 1153.6, 527.5]",,,0.0,False,False,21,1
610,0.1217,"[291.8, 501.5, 321.1, 588.6]",,,0.0,False,False,21,1
610,0.121,"[1517.4, 498.5, 1533.6, 541.0]",,,0.0,False,False,21,1
610,0.1159,"[1132.0, 504.6, 1149.5, 557.2]",,,0.0,False,False,21,1
610,0.107,"[1699.7, 507.6, 1718.6, 560.2]",,,0.0,False,False,21,1
611,0.4994,"[250.4, 500.5, 285.2, 600.4]",,,0.0,False,False,15,0
611,0.4946,"[73.4, 493.1, 116.6, 587.6]",,,0.0,False,False,15,0
611,0.468,"[122.2, 495.8, 157.6, 590.3]",,,0.0,False,False,15,0
611,0.4172,"[1238.0, 497.8, 1252.8, 539.0]",,,0.0,False,False,15,0
611,0.3912,"[1263.6, 489.4, 1277.1, 521.8]",,,0.0,False,False,15,0
611,0.3499,"[1085.4, 483.0, 1101.6, 523.5]",,,0.0,False,False,15,0
611,0.3285,"[986.9, 482.3, 1001.7, 517.4]",,,0.0,False,False,15,0
611,0.26,"[1382.4, 494.1, 1401.3, 542.7]",,,0.0,False,False,15,0
611,0.2588,"[1545.8, 550.1, 1578.2, 625.7]",,,0.0,False,False,15,0
611,0.2566,"[462.7, 459.0, 485.0, 520.4]",,,0.0,False,False,15,0
611,0.1605,"[914.0, 476.2, 932.9, 507.9]",,,0.0,False,False,15,0
611,0.152,"[666.9, 251.8, 690.5, 329.7]",,,0.0,False,False,15,0
611,0.1413,"[1518.8, 501.5, 1537.7, 542.7]",,,0.0,False,False,15,0
611,0.1049,"[1838.7, 519.8, 1863.0, 577.1]",,,0.0,False,False,15,0
611,0.1039,"[1441.8, 513.0, 1460.7, 560.2]",,,0.0,False,False,15,0
612,0.4752,"[1084.7, 484.3, 1100.9, 523.5]",,,0.0,False,False,15,1
612,0.4751,"[239.8, 509.0, 275.2, 600.8]",,,0.0,False,False,15,1
612,0.4701,"[1520.1, 502.2, 1539.0, 542.0]",,,0.0,False,False,15,1
612,0.4138,"[1222.4, 493.1, 1240.0, 537.6]",459,"[1222.4102231785325, 492.54113956263745, 1239.5194643214672, 537.2678203983]",0.9538,True,False,15,1
612,0.403,"[1239.3, 498.8, 1254.2, 538.0]",,,0.0063,False,False,15,1
612,0.3326,"[1136.0, 495.8, 1154.9, 550.5]",,,0.0,False,False,15,1
612,0.2994,"[119.7, 497.5, 155.3, 590.6]",,,0.0,False,False,15,1
612,0.2988,"[988.2, 483.6, 1001.7, 517.4]",,,0.0,False,False,15,1
612,0.2869,"[1501.2, 499.5, 1517.4, 541.4]",,,0.0,False,False,15,1
612,0.2648,"[1890.0, 606.5, 1933.2, 741.8]",,,0.0,False,False,15,1
612,0.2384,"[916.0, 478.6, 932.2, 507.6]",,,0.0,False,False,15,1
612,0.1404,"[1413.5, 497.1, 1432.4, 548.4]",,,0.0,False,False,15,1
612,0.1283,"[1386.5, 496.8, 1402.7, 544.0]",,,0.0,False,False,15,1
612,0.1239,"[117.9, 500.5, 146.7, 587.6]",,,0.0,False,False,15,1
612,0.1103,"[1907.6, 512.3, 1923.8, 567.0]",,,0.0,False,False,15,1
613,0.5633,"[570.4, 502.2, 600.8, 581.2]",453,"[569.7963091960053, 500.4938812192328, 600.5296185383697, 581.9069976870172]",0.9452,True,False,18,4
613,0.5229,"[1552.5, 550.8, 1590.3, 650.7]",390,"[1551.835056252176, 551.5181300527602, 1590.0221214821993, 642.5192234628648]",0.89,True,False,18,4
613,0.4475,"[1240.7, 499.5, 1255.5, 539.3]",,,0.0,False,False,18,4
613,0.4344,"[115.3, 499.2, 147.0, 588.9]",,,0.0,False,False,18,4
613,0.3978,"[1085.4, 483.3, 1098.9, 519.1]",,,0.0,False,False,18,4
613,0.3903,"[1414.8, 494.4, 1433.7, 548.4]",460,"[1413.468289089298, 495.4799490366294, 1431.620089816952, 540.8716134633705]",0.7062,True,False,18,4
613,0.3206,"[1264.3, 489.7, 1276.4, 520.1]",,,0.0,False,False,18,4
613,0.3095,"[1410.8, 495.5, 1427.0, 541.4]",460,"[1413.468289089298, 495.4799490366294, 1431.620089816952, 540.8716134633705]",0.6404,True,False,18,4
613,0.2928,"[1898.1, 606.5, 1957.5, 796.5]",431,"[1894.3520252941391, 605.2101080177891, 1956.3777110339856, 792.6872308493984]",0.8995,True,False,18,4
613,0.2594,"[42.9, 496.5, 83.3, 601.8]",,,0.0,False,False,18,4
613,0.205,"[1503.9, 497.5, 1522.8, 540.7]",,,0.0,False,False,18,4
613,0.191,"[916.7, 477.6, 932.9, 506.6]",,,0.0,False,False,18,4
613,0.173,"[1583.6, 501.5, 1607.9, 562.3]",390,"[1551.835056252176, 551.5181300527602, 1590.0221214821993, 642.5192234628648]",0.0143,False,False,18,4
613,0.168,"[988.2, 482.6, 1003.1, 516.4]",,,0.0,False,False,18,4
613,0.1288,"[1137.4, 495.5, 1154.9, 549.5]",,,0.0,False,False,18,4
613,0.1209,"[1549.8, 496.8, 1568.7, 542.7]",,,0.0,False,False,18,4
613,0.1058,"[1142.1, 494.1, 1157.0, 532.6]",,,0.0,False,False,18,4
613,0.1013,"[337.3, 498.5, 363.5, 570.7]",,,0.0,False,False,18,4
614,0.5267,"[1122.5, 496.8, 1141.4, 551.5]",10,"[1123.8897845999143, 502.4725407279294, 1141.8948833688355, 553.3062678658206]",0.7888,True,False,19,2
614,0.4528,"[1556.6, 550.1, 1589.0, 648.7]",,,0.0,False,False,19,2
614,0.4237,"[43.8, 496.5, 82.4, 601.1]",,,0.0,False,False,19,2
614,0.4118,"[1586.2, 500.5, 1607.9, 568.0]",,,0.0,False,False,19,2
614,0.4091,"[1503.9, 498.2, 1522.8, 540.0]",,,0.0,False,False,19,2
614,0.3766,"[568.7, 499.8, 603.1, 584.9]",,,0.0,False,False,19,2
614,0.3703,"[1223.8, 490.1, 1242.7, 537.3]",459,"[1223.5684623297109, 491.2333625477379, 1241.5909614984141, 538.4311882335121]",0.8893,True,False,19,2
614,0.3503,"[1085.4, 483.0, 1098.9, 517.4]",,,0.0,False,False,19,2
614,0.2902,"[914.6, 475.5, 932.2, 507.3]",,,0.0,False,False,19,2
614,0.2868,"[1098.2, 484.3, 1111.7, 518.7]",,,0.0,False,False,19,2
614,0.18,"[1520.1, 499.5, 1539.0, 541.4]",,,0.0,False,False,19,2
614,0.1697,"[1138.7, 495.1, 1157.6, 550.5]",10,"[1123.8897845999143, 502.4725407279294, 1141.8948833688355, 553.3062678658206]",0.0841,False,False,19,2
614,0.1512,"[1113.8, 488.4, 1128.6, 527.5]",10,"[1123.8897845999143, 502.4725407279294, 1141.8948833688355, 553.3062678658206]",0.0855,False,False,19,2
614,0.1488,"[986.9, 483.0, 1001.7, 516.7]",,,0.0,False,False,19,2
614,0.1485,"[1414.8, 495.1, 1433.7, 541.0]",,,0.0,False,False,19,2
614,0.1355,"[1559.2, 551.1, 1599.8, 647.7]",,,0.0,False,False,19,2
614,0.1302,"[246.4, 503.9, 276.4, 603.8]",,,0.0,False,False,19,2
614,0.1167,"[1390.5, 495.5, 1406.7, 541.4]",,,0.0,False,False,19,2
614,0.1163,"[1551.2, 496.1, 1570.1, 542.7]",,,0.0,False,False,19,2
615,0.5775,"[357.8, 497.1, 383.4, 572.1]",462,"[358.1245763019973, 498.0220291180505, 382.7878992839402, 571.374821467887]",0.9414,True,False,15,2
615,0.4752,"[1522.8, 552.5, 1557.9, 660.5]",,,0.0,False,False,15,2
615,0.4651,"[41.0, 497.5, 79.8, 601.4]",,,0.0,False,False,15,2
615,0.4464,"[1412.1, 499.2, 1428.3, 539.7]",460,"[1412.362640183444, 493.24069375676766, 1430.7691957540558, 539.2060835869823]",0.7387,True,False,15,2
615,0.4106,"[1224.5, 489.7, 1243.4, 537.6]",,,0.0,False,False,15,2
615,0.3524,"[59.4, 495.5, 100.9, 590.6]",,,0.0,False,False,15,2
615,0.3111,"[1085.4, 483.0, 1098.9, 518.1]",,,0.0,False,False,15,2
615,0.2884,"[1560.6, 552.5, 1595.7, 653.1]",,,0.0,False,False,15,2
615,0.2748,"[914.0, 473.5, 934.2, 507.9]",,,0.0,False,False,15,2
615,0.1532,"[109.2, 497.8, 146.6, 598.4]",,,0.0,False,False,15,2
615,0.1403,"[1521.5, 503.2, 1537.7, 543.0]",,,0.0,False,False,15,2
615,0.1335,"[192.9, 526.8, 229.7, 600.4]",,,0.0,False,False,15,2
615,0.1313,"[988.9, 484.7, 1002.4, 516.4]",,,0.0,False,False,15,2
615,0.1199,"[1692.9, 506.6, 1717.2, 565.3]",,,0.0,False,False,15,2
615,0.1029,"[101.6, 500.9, 132.8, 591.3]",,,0.0,False,False,15,2
616,0.4782,"[1410.8, 492.8, 1429.7, 538.7]",,,0.0,False,False,15,1
616,0.4369,"[1225.8, 488.7, 1244.7, 538.7]",,,0.0,False,False,15,1
616,0.434,"[567.0, 500.5, 600.1, 584.9]",453,"[567.8238760600008, 500.52289747601696, 600.1860116353118, 585.3539335786705]",0.9665,True,False,15,1
616,0.4114,"[1395.9, 492.1, 1425.6, 540.7]",,,0.0,False,False,15,1
616,0.3686,"[1524.2, 548.8, 1562.0, 658.8]",,,0.0,False,False,15,1
616,0.3425,"[1398.6, 492.8, 1420.2, 543.4]",,,0.0,False,False,15,1
616,0.2932,"[55.9, 492.4, 96.8, 589.6]",,,0.0,False,False,15,1
616,0.2883,"[914.6, 473.2, 933.5, 507.6]",,,0.0,False,False,15,1
616,0.2406,"[1418.9, 493.1, 1437.8, 539.7]",,,0.0,False,False,15,1
616,0.2345,"[988.9, 482.3, 1002.4, 516.0]",,,0.0,False,False,15,1
616,0.2024,"[1129.3, 490.7, 1146.8, 534.6]",,,0.0,False,False,15,1
616,0.1817,"[1006.4, 483.3, 1018.6, 515.7]",,,0.0,False,False,15,1
616,0.1664,"[94.6, 499.5, 127.0, 588.6]",,,0.0,False,False,15,1
616,0.165,"[1086.1, 481.6, 1098.2, 514.7]",,,0.0,False,False,15,1
616,0.1123,"[220.9, 505.6, 259.7, 604.8]",,,0.0,False,False,15,1
617,0.4876,"[1678.1, 510.3, 1697.0, 560.2]",464,"[1679.0598521170211, 509.6147936562736, 1700.3402943673539, 559.4777356406014]",0.7818,True,False,17,4
617,0.4755,"[352.0, 495.5, 379.7, 572.4]",462,"[353.8919073225957, 496.6387588747911, 379.671752345373, 573.388584875209]",0.9063,True,False,17,4
617,0.3448,"[50.5, 495.1, 90.3, 588.9]",,,0.0,False,False,17,4
617,0.2909,"[566.3, 498.5, 600.1, 591.6]",,,0.0,False,False,17,4
617,0.2691,"[1227.8, 490.4, 1246.7, 539.7]",,,0.0,False,False,17,4
617,0.237,"[1128.6, 492.4, 1148.9, 549.8]",465,"[1127.98498290799, 497.5255523681641, 1147.6507592795103, 552.3355316162109]",0.8003,True,False,17,4
617,0.2174,"[1493.1, 500.2, 1509.3, 542.7]",,,0.0,False,False,17,4
617,0.2019,"[1130.0, 554.2, 1175.9, 675.7]",,,0.0,False,False,17,4
617,0.1985,"[1117.8, 489.7, 1134.0, 532.9]",465,"[1127.98498290799, 497.5255523681641, 1147.6507592795103, 552.3355316162109]",0.136,False,False,17,4
617,0.1967,"[88.7, 500.5, 119.7, 588.9]",,,0.0,False,False,17,4
617,0.1935,"[1572.8, 499.8, 1591.7, 542.4]",,,0.0,False,False,17,4
617,0.1631,"[1132.0, 489.0, 1149.5, 534.3]",465,"[1127.98498290799, 497.5255523681641, 1147.6507592795103, 552.3355316162109]",0.4445,True,False,17,4
617,0.1413,"[988.2, 482.6, 1001.7, 517.0]",,,0.0,False,False,17,4
617,0.1167,"[1130.0, 490.4, 1146.2, 532.9]",465,"[1127.98498290799, 497.5255523681641, 1147.6507592795103, 552.3355316162109]",0.4803,True,False,17,4
617,0.1113,"[252.1, 503.9, 286.9, 597.7]",,,0.0,False,False,17,4
617,0.1093,"[1086.1, 482.0, 1098.2, 516.4]",,,0.0,False,False,17,4
617,0.1079,"[437.4, 504.9, 460.4, 578.5]",,,0.0,False,False,17,4
618,0.5464,"[1493.1, 498.8, 1509.3, 542.7]",,,0.0,False,False,13,0
618,0.3584,"[221.2, 509.6, 255.7, 610.2]",,,0.0,False,False,13,0
618,0.353,"[1521.5, 548.1, 1556.6, 654.8]",,,0.0,False,False,13,0
618,0.3151,"[45.0, 494.8, 86.7, 591.3]",,,0.0,False,False,13,0
618,0.1994,"[988.2, 482.0, 1001.7, 517.7]",,,0.0,False,False,13,0
618,0.1859,"[1698.3, 509.3, 1719.9, 565.3]",,,0.0,False,False,13,0
618,0.1643,"[248.2, 506.6, 284.3, 604.5]",,,0.0,False,False,13,0
618,0.158,"[1572.8, 499.2, 1589.0, 543.7]",,,0.0,False,False,13,0
618,0.1514,"[88.3, 501.2, 119.0, 592.3]",,,0.0,False,False,13,0
618,0.1389,"[1227.8, 490.4, 1248.1, 540.3]",,,0.0,False,False,13,0
618,0.1266,"[1128.6, 553.8, 1178.6, 678.7]",,,0.0,False,False,13,0
618,0.1204,"[1130.6, 496.5, 1149.5, 551.8]",,,0.0,False,False,13,0
618,0.1,"[1355.4, 545.7, 1393.2, 651.7]",,,0.0,False,False,13,0
619,0.572,"[350.3, 498.5, 376.7, 574.8]",462,"[350.2806626877431, 499.18645653698195, 375.4682386794444, 574.0941831114555]",0.9364,True,False,19,2
619,0.5208,"[1132.7, 496.8, 1151.6, 549.5]",,,0.0,False,False,19,2
619,0.4626,"[1701.0, 504.9, 1722.6, 563.0]",,,0.0,False,False,19,2
619,0.4491,"[205.4, 509.3, 247.9, 608.5]",,,0.0,False,False,19,2
619,0.4442,"[987.5, 478.9, 1002.4, 516.0]",,,0.0,False,False,19,2
619,0.4137,"[1381.7, 501.5, 1408.1, 571.1]",439,"[1379.3465654820425, 504.615137330673, 1406.9197919398323, 571.418309934952]",0.8376,True,False,19,2
619,0.4052,"[1494.5, 494.4, 1513.4, 540.3]",,,0.0,False,False,19,2
619,0.3245,"[42.5, 496.5, 80.0, 593.7]",,,0.0,False,False,19,2
619,0.2834,"[849.8, 482.6, 860.6, 506.9]",,,0.0,False,False,19,2
619,0.2221,"[216.5, 511.7, 251.9, 608.9]",,,0.0,False,False,19,2
619,0.2051,"[1132.0, 551.1, 1180.6, 678.7]",,,0.0,False,False,19,2
619,0.2028,"[1009.8, 479.9, 1024.7, 517.0]",,,0.0,False,False,19,2
619,0.1964,"[78.1, 501.2, 109.7, 595.0]",,,0.0,False,False,19,2
619,0.1866,"[1229.2, 490.1, 1246.7, 537.3]",,,0.0,False,False,19,2
619,0.1599,"[1141.4, 484.3, 1157.6, 532.9]",,,0.0,False,False,19,2
619,0.1579,"[1364.9, 513.0, 1398.6, 585.2]",439,"[1379.3465654820425, 504.615137330673, 1406.9197919398323, 571.418309934952]",0.3565,True,False,19,2
619,0.1217,"[1805.0, 597.4, 1850.9, 714.2]",,,0.0,False,False,19,2
619,0.1142,"[1245.4, 490.7, 1261.6, 537.3]",,,0.0,False,False,19,2
619,0.1026,"[1717.2, 505.6, 1741.5, 563.6]",,,0.0,False,False,19,2
620,0.4495,"[1702.4, 507.3, 1724.0, 565.3]",,,0.0,False,False,19,1
620,0.4053,"[1418.9, 498.5, 1435.1, 539.0]",460,"[1416.7753389625086, 491.14263816745114, 1435.2117215843666, 537.6607065591114]",0.7219,True,False,19,1
620,0.399,"[988.2, 481.3, 1001.7, 517.7]",,,0.0,False,False,19,1
620,0.3755,"[218.7, 508.3, 255.8, 612.9]",,,0.0,False,False,19,1
620,0.3059,"[-5.9, 527.2, 39.7, 608.9]",,,0.0,False,False,19,1
620,0.2762,"[37.8, 494.8, 75.1, 595.4]",,,0.0,False,False,19,1
620,0.2719,"[1358.1, 504.6, 1378.4, 555.2]",,,0.0,False,False,19,1
620,0.2489,"[1360.1, 505.9, 1381.7, 559.9]",,,0.0,False,False,19,1
620,0.2171,"[564.3, 497.1, 598.7, 584.9]",,,0.0,False,False,19,1
620,0.1906,"[201.3, 512.0, 247.9, 610.5]",,,0.0,False,False,19,1
620,0.1627,"[1229.2, 489.7, 1248.1, 539.0]",,,0.0,False,False,19,1
620,0.1622,"[261.6, 511.3, 288.6, 593.7]",,,0.0,False,False,19,1
620,0.1571,"[1139.4, 485.7, 1157.0, 536.3]",,,0.0,False,False,19,1
620,0.1481,"[1497.2, 499.8, 1513.4, 540.3]",,,0.0,False,False,19,1
620,0.1468,"[1082.7, 482.0, 1096.2, 521.1]",,,0.0,False,False,19,1
620,0.1382,"[87.8, 499.8, 124.5, 601.1]",,,0.0,False,False,19,1
620,0.114,"[72.4, 501.5, 105.6, 596.0]",,,0.0,False,False,19,1
620,0.1085,"[142.4, 546.4, 199.1, 609.2]",,,0.0,False,False,19,1
620,0.1023,"[1264.3, 494.4, 1276.4, 522.1]",,,0.0,False,False,19,1
621,0.4029,"[1247.4, 496.5, 1263.6, 542.4]",,,0.0,False,False,14,1
621,0.3809,"[1418.9, 498.8, 1435.1, 539.3]",,,0.0,False,False,14,1
621,0.3563,"[1134.7, 499.5, 1153.6, 552.2]",465,"[1134.4041769886303, 499.87048518666967, 1153.4368874644945, 552.9467755555178]",0.9575,True,False,14,1
621,0.3482,"[82.8, 505.9, 121.4, 608.5]",,,0.0,False,False,14,1
621,0.3052,"[1595.7, 499.5, 1609.2, 538.0]",,,0.0,False,False,14,1
621,0.238,"[32.4, 498.5, 68.0, 600.4]",,,0.0,False,False,14,1
621,0.2311,"[1082.0, 482.6, 1095.5, 521.8]",,,0.0,False,False,14,1
621,0.2256,"[1358.1, 505.2, 1385.1, 572.7]",,,0.0,False,False,14,1
621,0.1987,"[1230.5, 491.7, 1248.1, 539.0]",,,0.0,False,False,14,1
621,0.1958,"[67.8, 508.3, 99.6, 602.1]",,,0.0,False,False,14,1
621,0.1474,"[1265.0, 494.8, 1277.1, 523.8]",,,0.0,False,False,14,1
621,0.1162,"[989.6, 481.6, 1003.1, 518.1]",,,0.0,False,False,14,1
621,0.1012,"[1358.8, 504.2, 1380.4, 557.5]",,,0.0,False,False,14,1
621,0.1001,"[447.9, 446.2, 472.8, 506.9]",,,0.0,False,False,14,1
622,0.55,"[1706.4, 507.3, 1730.7, 566.0]",,,0.0,False,False,22,0
622,0.5255,"[1418.9, 495.1, 1437.8, 540.3]",,,0.0,False,False,22,0
622,0.4281,"[1136.0, 494.4, 1156.3, 551.8]",,,0.0,False,False,22,0
622,0.3853,"[1083.4, 482.3, 1096.9, 520.8]",,,0.0,False,False,22,0
622,0.3045,"[1611.9, 506.9, 1630.8, 564.3]",,,0.0,False,False,22,0
622,0.2992,"[1249.4, 500.2, 1265.6, 542.0]",,,0.0,False,False,22,0
622,0.2625,"[1358.8, 501.5, 1379.0, 554.2]",,,0.0,False,False,22,0
622,0.2326,"[28.6, 495.1, 64.2, 597.7]",,,0.0,False,False,22,0
622,0.2114,"[559.9, 511.0, 590.3, 584.6]",,,0.0,False,False,22,0
622,0.2103,"[1138.1, 489.4, 1157.0, 540.7]",,,0.0,False,False,22,0
622,0.2089,"[451.2, 446.2, 475.5, 504.9]",,,0.0,False,False,22,0
622,0.1735,"[990.9, 481.6, 1007.1, 518.7]",,,0.0,False,False,22,0
622,0.1695,"[1597.1, 499.8, 1613.2, 540.3]",,,0.0,False,False,22,0
622,0.1655,"[1265.0, 492.8, 1277.1, 520.4]",,,0.0,False,False,22,0
622,0.1568,"[1231.9, 490.7, 1252.1, 540.0]",,,0.0,False,False,22,0
622,0.1449,"[1119.2, 489.0, 1134.0, 533.6]",,,0.0,False,False,22,0
622,0.1444,"[1144.8, 484.3, 1161.0, 531.6]",,,0.0,False,False,22,0
622,0.1353,"[76.4, 503.6, 117.7, 606.2]",,,0.0,False,False,22,0
622,0.1279,"[916.0, 473.2, 937.6, 511.0]",,,0.0,False,False,22,0
622,0.1257,"[326.5, 513.7, 348.3, 581.2]",,,0.0,False,False,22,0
622,0.1149,"[67.6, 505.9, 99.3, 601.1]",,,0.0,False,False,22,0
622,0.1099,"[1733.4, 507.6, 1757.7, 565.7]",,,0.0,False,False,22,0
623,0.4031,"[1250.1, 501.9, 1266.3, 542.4]",,,0.0,False,False,17,0
623,0.3452,"[1420.2, 498.5, 1436.4, 539.0]",,,0.0,False,False,17,0
623,0.3365,"[556.2, 514.0, 588.6, 593.0]",,,0.0,False,False,17,0
623,0.3215,"[1738.8, 502.2, 1765.8, 564.3]",,,0.0,False,False,17,0
623,0.2716,"[1136.7, 523.5, 1179.9, 628.1]",,,0.0,False,False,17,0
623,0.2632,"[74.6, 510.3, 112.1, 612.9]",,,0.0,False,False,17,0
623,0.2628,"[60.6, 513.0, 91.2, 607.5]",,,0.0,False,False,17,0
623,0.2598,"[166.8, 517.0, 199.8, 612.2]",,,0.0,False,False,17,0
623,0.2538,"[1082.7, 483.0, 1096.2, 523.5]",,,0.0,False,False,17,0
623,0.2498,"[1231.2, 487.4, 1252.8, 540.0]",,,0.0,False,False,17,0
623,0.1607,"[917.3, 474.5, 937.6, 513.0]",,,0.0,False,False,17,0
623,0.1591,"[412.4, 516.0, 440.1, 597.7]",,,0.0,False,False,17,0
623,0.1385,"[981.5, 482.3, 995.0, 515.4]",,,0.0,False,False,17,0
623,0.1338,"[322.3, 517.7, 345.3, 587.2]",,,0.0,False,False,17,0
623,0.1109,"[1019.3, 485.0, 1031.4, 516.7]",,,0.0,False,False,17,0
623,0.1089,"[1144.1, 484.7, 1161.7, 531.9]",,,0.0,False,False,17,0
623,0.1071,"[989.6, 483.3, 1003.1, 519.1]",,,0.0,False,False,17,0
624,0.5667,"[1421.6, 495.5, 1440.5, 540.7]",,,0.0,False,False,21,3
624,0.5622,"[1146.2, 486.7, 1163.7, 538.0]",465,"[1140.539283515635, 505.0219637169958, 1159.87990593749, 559.0500577673791]",0.3031,True,False,21,3
624,0.4061,"[1601.1, 500.5, 1617.3, 541.0]",,,0.0,False,False,21,3
624,0.3954,"[1141.4, 489.7, 1160.3, 541.0]",465,"[1140.539283515635, 505.0219637169958, 1159.87990593749, 559.0500577673791]",0.4919,True,False,21,3
624,0.3951,"[1611.9, 501.9, 1628.1, 543.7]",,,0.0,False,False,21,3
624,0.3793,"[1140.1, 499.2, 1159.0, 557.2]",465,"[1140.539283515635, 505.0219637169958, 1159.87990593749, 559.0500577673791]",0.8155,True,False,21,3
624,0.3355,"[160.8, 515.4, 193.2, 607.2]",,,0.0,False,False,21,3
624,0.3201,"[338.0, 503.9, 366.5, 583.5]",462,"[339.9280806606378, 504.2343150543392, 366.36885537451843, 582.4674671722232]",0.9106,True,False,21,3
624,0.3198,"[21.2, 500.5, 56.0, 603.8]",,,0.0,False,False,21,3
624,0.3196,"[1081.3, 484.7, 1097.6, 526.5]",,,0.0,False,False,21,3
624,0.2839,"[447.5, 448.2, 473.2, 509.0]",,,0.0,False,False,21,3
624,0.2413,"[1582.2, 499.5, 1598.4, 542.7]",,,0.0,False,False,21,3
624,0.2337,"[1251.5, 499.8, 1269.0, 543.0]",,,0.0,False,False,21,3
624,0.2322,"[237.3, 513.3, 267.0, 603.8]",,,0.0,False,False,21,3
624,0.2219,"[1022.0, 484.7, 1034.1, 517.0]",,,0.0,False,False,21,3
624,0.1556,"[1501.2, 502.5, 1517.4, 542.4]",,,0.0,False,False,21,3
624,0.1495,"[918.7, 477.6, 937.6, 510.6]",,,0.0,False,False,21,3
624,0.1441,"[1233.9, 491.7, 1254.2, 541.0]",,,0.0,False,False,21,3
624,0.1435,"[555.5, 510.0, 586.6, 590.3]",,,0.0,False,False,21,3
624,0.1188,"[411.4, 510.0, 440.4, 594.3]",,,0.0,False,False,21,3
624,0.1076,"[1570.1, 502.5, 1586.2, 542.4]",,,0.0,False,False,21,3
625,0.5771,"[1613.2, 501.9, 1629.5, 542.4]",,,0.0,False,False,21,1
625,0.5088,"[1147.5, 488.4, 1165.1, 538.3]",,,0.0,False,False,21,1
625,0.479,"[445.2, 449.9, 470.1, 514.0]",,,0.0,False,False,21,1
625,0.4716,"[1139.4, 492.8, 1158.3, 542.0]",,,0.0,False,False,21,1
625,0.4432,"[1846.8, 602.8, 1890.0, 719.6]",,,0.0,False,False,21,1
625,0.4363,"[67.7, 512.7, 103.7, 615.9]",,,0.0,False,False,21,1
625,0.4262,"[1021.3, 486.7, 1033.4, 519.1]",,,0.0,False,False,21,1
625,0.4153,"[1602.5, 500.9, 1616.0, 540.0]",,,0.0,False,False,21,1
625,0.3785,"[1079.3, 486.0, 1095.5, 527.2]",,,0.0,False,False,21,1
625,0.3687,"[1140.1, 558.2, 1188.7, 676.4]",,,0.0,False,False,21,1
625,0.3225,"[334.6, 508.6, 361.5, 586.2]",,,0.0,False,False,21,1
625,0.3133,"[1422.9, 498.2, 1439.1, 540.7]",,,0.0,False,False,21,1
625,0.2945,"[982.1, 484.3, 997.0, 517.4]",,,0.0,False,False,21,1
625,0.2484,"[98.0, 535.6, 132.6, 618.0]",,,0.0,False,False,21,1
625,0.2132,"[152.0, 521.4, 185.1, 611.9]",,,0.0,False,False,21,1
625,0.1673,"[1583.6, 500.9, 1597.1, 542.7]",,,0.0,False,False,21,1
625,0.1515,"[1570.1, 502.9, 1586.2, 542.0]",,,0.0,False,False,21,1
625,0.1375,"[1499.9, 504.2, 1516.1, 542.7]",,,0.0,False,False,21,1
625,0.1304,"[552.5, 509.3, 586.9, 591.6]",,,0.0,False,False,21,1
625,0.1038,"[1252.1, 501.2, 1268.3, 543.7]",,,0.0,False,False,21,1
625,0.1021,"[990.2, 486.0, 1003.7, 520.4]",,,0.0,False,False,21,1
626,0.4257,"[1146.2, 488.4, 1165.1, 539.0]",465,"[1141.218338265777, 498.72647602996597, 1162.5250699373482, 558.9103647903465]",0.4173,True,False,18,1
626,0.4244,"[332.4, 507.3, 360.1, 587.6]",,,0.0,False,False,18,1
626,0.291,"[1080.7, 485.0, 1096.9, 527.5]",,,0.0,False,False,18,1
626,0.2711,"[1143.5, 492.1, 1161.0, 540.0]",465,"[1141.218338265777, 498.72647602996597, 1162.5250699373482, 558.9103647903465]",0.5177,True,False,18,1
626,0.2501,"[1022.6, 485.7, 1036.1, 518.1]",,,0.0,False,False,18,1
626,0.233,"[444.5, 450.2, 470.8, 512.3]",,,0.0,False,False,18,1
626,0.2231,"[1570.1, 505.6, 1586.2, 542.7]",,,0.0,False,False,18,1
626,0.2084,"[1602.5, 501.5, 1618.7, 541.4]",,,0.0,False,False,18,1
626,0.1994,"[95.3, 532.6, 129.6, 617.6]",,,0.0,False,False,18,1
626,0.1959,"[1234.6, 490.1, 1254.8, 542.0]",,,0.0,False,False,18,1
626,0.1812,"[46.4, 517.0, 79.4, 609.5]",,,0.0,False,False,18,1
626,0.1399,"[982.8, 483.3, 997.7, 517.7]",,,0.0,False,False,18,1
626,0.1368,"[1393.2, 511.0, 1412.1, 564.3]",,,0.0,False,False,18,1
626,0.1289,"[59.6, 510.3, 99.0, 612.2]",,,0.0,False,False,18,1
626,0.1261,"[1586.2, 505.6, 1602.5, 543.4]",,,0.0,False,False,18,1
626,0.1218,"[148.7, 517.4, 181.6, 613.9]",,,0.0,False,False,18,1
626,0.1165,"[551.1, 509.0, 586.2, 591.3]",,,0.0,False,False,18,1
626,0.1033,"[1254.8, 499.5, 1271.0, 543.4]",,,0.0,False,False,18,1
627,0.5769,"[1854.9, 606.2, 1906.2, 727.7]",,,0.0,False,False,23,3
627,0.5564,"[1717.2, 509.0, 1736.1, 565.7]",470,"[1716.5394958959182, 508.0847606166934, 1740.2207580103316, 569.4032764926816]",0.738,True,False,23,3
627,0.5094,"[-19.3, 519.8, 21.7, 624.4]",434,"[-22.128032097150278, 518.1713499862973, 20.37316740446229, 627.5366578262026]",0.8665,True,False,23,3
627,0.4946,"[1559.2, 550.5, 1602.5, 665.2]",366,"[1565.2164557800038, 553.1689940983601, 1620.822606719996, 681.6043213313275]",0.5263,True,False,23,3
627,0.4434,"[1574.1, 505.9, 1590.3, 545.1]",,,0.0,False,False,23,3
627,0.4005,"[1235.9, 489.4, 1256.2, 543.4]",,,0.0,False,False,23,3
627,0.3638,"[1024.7, 485.3, 1036.8, 517.0]",,,0.0,False,False,23,3
627,0.3119,"[982.8, 483.3, 996.3, 517.7]",,,0.0,False,False,23,3
627,0.2602,"[329.9, 507.9, 359.4, 586.2]",,,0.0,False,False,23,3
627,0.2577,"[38.9, 514.7, 71.5, 608.5]",,,0.0,False,False,23,3
627,0.2242,"[549.1, 510.6, 583.5, 595.0]",,,0.0,False,False,23,3
627,0.2137,"[1080.0, 487.0, 1096.2, 527.5]",,,0.0,False,False,23,3
627,0.2116,"[140.3, 517.4, 175.2, 615.9]",,,0.0,False,False,23,3
627,0.1893,"[1603.8, 502.2, 1620.0, 541.4]",,,0.0,False,False,23,3
627,0.1841,"[1522.8, 501.2, 1539.0, 541.7]",,,0.0,False,False,23,3
627,0.157,"[1233.9, -102.6, 1525.5, 522.5]",,,0.0,False,False,23,3
627,0.147,"[54.7, 514.4, 93.3, 616.3]",,,0.0,False,False,23,3
627,0.1275,"[993.6, 485.0, 1008.5, 521.4]",,,0.0,False,False,23,3
627,0.1246,"[226.3, 517.7, 254.3, 603.5]",,,0.0,False,False,23,3
627,0.1193,"[1144.1, 495.5, 1164.4, 551.5]",,,0.0,False,False,23,3
627,0.1177,"[1742.9, 508.6, 1759.1, 545.7]",,,0.0,False,False,23,3
627,0.1097,"[115.0, 548.4, 153.5, 627.4]",,,0.0,False,False,23,3
627,0.1077,"[2.8, 507.9, 36.5, 609.2]",434,"[-22.128032097150278, 518.1713499862973, 20.37316740446229, 627.5366578262026]",0.2472,False,False,23,3
628,0.58,"[1614.6, 499.2, 1633.5, 543.7]",472,"[1617.3279913213514, 503.0461120605469, 1634.1788446161486, 544.4911193847656]",0.745,True,False,24,4
628,0.569,"[1524.2, 498.5, 1540.4, 541.7]",,,0.0,False,False,24,4
628,0.4797,"[1664.6, 509.6, 1686.2, 563.6]",461,"[1665.0450943560147, 512.3662794094907, 1685.5979720502355, 562.6649705905093]",0.8863,True,False,24,4
628,0.4702,"[1513.4, 500.9, 1529.6, 542.7]",,,0.0,False,False,24,4
628,0.4336,"[343.2, 505.6, 374.3, 589.3]",452,"[346.9572516388322, 506.7793944097752, 375.9957512908553, 590.2311036370997]",0.8147,True,False,24,4
628,0.3557,"[1026.0, 486.7, 1036.8, 517.0]",,,0.0,False,False,24,4
628,0.3376,"[982.1, 483.3, 995.6, 517.0]",,,0.0,False,False,24,4
628,0.3,"[1571.4, 500.2, 1590.3, 544.0]",,,0.0,False,False,24,4
628,0.2918,"[1738.8, 506.9, 1755.0, 545.4]",,,0.0,False,False,24,4
628,0.2558,"[1499.9, 495.1, 1516.1, 541.7]",,,0.0,False,False,24,4
628,0.255,"[1605.2, 500.2, 1621.4, 542.0]",472,"[1617.3279913213514, 503.0461120605469, 1634.1788446161486, 544.4911193847656]",0.1286,False,False,24,4
628,0.2431,"[1466.1, 494.4, 1485.0, 534.3]",,,0.0,False,False,24,4
628,0.225,"[223.6, 520.4, 250.3, 605.5]",,,0.0,False,False,24,4
628,0.2131,"[1080.0, 488.7, 1096.2, 529.2]",,,0.0,False,False,24,4
628,0.179,"[1587.6, 500.2, 1603.8, 544.7]",,,0.0,False,False,24,4
628,0.1641,"[135.3, 516.4, 172.0, 617.0]",,,0.0,False,False,24,4
628,0.1617,"[1146.8, 493.8, 1164.4, 539.0]",,,0.0,False,False,24,4
628,0.1536,"[1121.9, 494.1, 1138.1, 538.0]",,,0.0,False,False,24,4
628,0.1367,"[1460.7, 493.8, 1479.6, 534.9]",,,0.0,False,False,24,4
628,0.1303,"[1736.1, 508.6, 1752.3, 545.1]",,,0.0,False,False,24,4
628,0.1215,"[849.2, 493.4, 860.0, 516.4]",,,0.0,False,False,24,4
628,0.1176,"[1553.9, 495.5, 1572.8, 543.4]",,,0.0,False,False,24,4
628,0.1169,"[1715.9, 509.3, 1737.5, 562.6]",,,0.0,False,False,24,4
628,0.1106,"[1470.2, 494.8, 1489.1, 535.3]",,,0.0,False,False,24,4
629,0.5561,"[1618.7, 503.9, 1634.9, 545.7]",,,0.0,False,False,24,2
629,0.5197,"[1236.6, 492.4, 1256.9, 545.7]",459,"[1236.4056009940557, 492.9297792359836, 1256.3968892403195, 545.8360899046413]",0.9573,True,False,24,2
629,0.4759,"[1464.8, 497.5, 1489.1, 540.7]",,,0.0,False,False,24,2
629,0.4669,"[1080.0, 489.0, 1096.2, 531.6]",,,0.0,False,False,24,2
629,0.4202,"[438.8, 512.3, 469.8, 605.5]",392,"[437.0519509080544, 512.4327749871726, 467.8911032911644, 604.0976205206399]",0.8764,True,False,24,2
629,0.4112,"[1513.4, 504.9, 1529.6, 546.1]",,,0.0,False,False,24,2
629,0.3969,"[1606.5, 502.5, 1622.7, 543.7]",,,0.0,False,False,24,2
629,0.3862,"[1719.9, 511.7, 1744.2, 569.0]",,,0.0,False,False,24,2
629,0.3808,"[1122.5, 494.4, 1138.7, 539.0]",,,0.0,False,False,24,2
629,0.3384,"[1014.5, 491.4, 1028.0, 526.5]",,,0.0,False,False,24,2
629,0.318,"[982.1, 484.3, 995.6, 518.7]",,,0.0,False,False,24,2
629,0.3118,"[1027.3, 489.4, 1038.2, 519.1]",,,0.0,False,False,24,2
629,0.272,"[323.2, 508.6, 354.0, 590.3]",,,0.0,False,False,24,2
629,0.2641,"[342.6, 507.6, 371.6, 590.6]",,,0.0,False,False,24,2
629,0.2351,"[130.3, 517.0, 165.5, 613.6]",,,0.0,False,False,24,2
629,0.2262,"[925.4, 487.0, 938.9, 514.7]",,,0.0,False,False,24,2
629,0.2076,"[1499.9, 499.8, 1516.1, 543.7]",,,0.0,False,False,24,2
629,0.188,"[-7.6, 509.6, 27.4, 610.2]",,,0.0,False,False,24,2
629,0.1754,"[1584.9, 504.2, 1601.1, 546.8]",,,0.0,False,False,24,2
629,0.165,"[24.9, 515.7, 59.6, 612.9]",,,0.0,False,False,24,2
629,0.1435,"[1571.4, 503.6, 1590.3, 548.1]",,,0.0,False,False,24,2
629,0.1212,"[80.9, 534.9, 112.9, 618.0]",,,0.0,False,False,24,2
629,0.1126,"[1742.9, 510.6, 1759.1, 551.1]",,,0.0,False,False,24,2
629,0.1039,"[1260.9, 491.7, 1277.1, 537.0]",,,0.0,False,False,24,2
630,0.569,"[1620.0, 506.3, 1636.2, 548.1]",,,0.0,False,False,24,1
630,0.5518,"[1513.4, 504.9, 1529.6, 548.1]",,,0.0,False,False,24,1
630,0.5142,"[119.4, 520.1, 157.0, 622.7]",,,0.0,False,False,24,1
630,0.4913,"[1719.9, 512.7, 1744.2, 571.4]",,,0.0,False,False,24,1
630,0.4818,"[434.0, 508.3, 468.5, 608.2]",,,0.0,False,False,24,1
630,0.4716,"[544.4, 512.3, 576.1, 590.6]",453,"[544.273202841636, 511.33014748429275, 576.5965481349265, 592.3850624766447]",0.9481,True,False,24,1
630,0.3923,"[1498.5, 502.2, 1514.7, 546.1]",,,0.0,False,False,24,1
630,0.3508,"[1235.9, 492.1, 1256.2, 546.8]",,,0.0,False,False,24,1
630,0.3305,"[924.1, 488.4, 938.9, 516.0]",,,0.0,False,False,24,1
630,0.2979,"[320.3, 509.0, 351.0, 592.0]",,,0.0,False,False,24,1
630,0.2759,"[1080.0, 489.0, 1096.2, 532.9]",,,0.0,False,False,24,1
630,0.262,"[-14.6, 502.5, 24.1, 612.6]",,,0.0,False,False,24,1
630,0.2523,"[1744.2, 510.3, 1760.4, 551.5]",,,0.0,False,False,24,1
630,0.2324,"[982.1, 487.0, 995.6, 520.1]",,,0.0,False,False,24,1
630,0.2269,"[1584.9, 505.6, 1601.1, 548.1]",,,0.0,False,False,24,1
630,0.2119,"[1572.8, 503.9, 1591.7, 549.8]",,,0.0,False,False,24,1
630,0.1607,"[1027.3, 488.7, 1039.5, 521.8]",,,0.0,False,False,24,1
630,0.1483,"[805.3, -217.0, 1306.1, 1055.7]",,,0.0,False,False,24,1
630,0.136,"[848.5, 494.8, 859.3, 517.0]",,,0.0,False,False,24,1
630,0.1313,"[216.8, 522.5, 243.5, 604.8]",,,0.0,False,False,24,1
630,0.1254,"[1486.4, 501.5, 1502.6, 545.4]",,,0.0,False,False,24,1
630,0.124,"[1724.0, 514.0, 1748.2, 573.4]",,,0.0,False,False,24,1
630,0.1168,"[1121.9, 494.1, 1138.1, 537.3]",,,0.0,False,False,24,1
630,0.1129,"[20.9, 509.6, 52.1, 612.2]",,,0.0,False,False,24,1
631,0.4823,"[540.3, 511.7, 576.8, 598.7]",,,0.0,False,False,17,1
631,0.4678,"[1721.2, 513.0, 1745.6, 571.1]",,,0.0,False,False,17,1
631,0.4091,"[1621.4, 505.9, 1637.6, 548.4]",,,0.0,False,False,17,1
631,0.3323,"[1572.8, 505.2, 1591.7, 549.8]",,,0.0,False,False,17,1
631,0.3293,"[1078.7, 488.0, 1096.2, 531.2]",,,0.0,False,False,17,1
631,0.3213,"[1121.2, 494.8, 1137.4, 540.0]",,,0.0,False,False,17,1
631,0.3052,"[924.8, 488.0, 938.3, 515.7]",,,0.0,False,False,17,1
631,0.2799,"[1032.8, 490.1, 1044.9, 525.2]",,,0.0,False,False,17,1
631,0.1965,"[668.9, 195.4, 747.2, 377.7]",,,0.0,False,False,17,1
631,0.1926,"[1576.8, 507.3, 1593.0, 549.1]",,,0.0,False,False,17,1
631,0.1792,"[1744.2, 510.3, 1760.4, 551.5]",,,0.0,False,False,17,1
631,0.1653,"[1512.0, 504.6, 1530.9, 548.4]",,,0.0,False,False,17,1
631,0.1583,"[1022.6, 486.3, 1034.8, 522.1]",,,0.0,False,False,17,1
631,0.1422,"[982.1, 487.0, 995.6, 520.1]",,,0.0,False,False,17,1
631,0.125,"[211.8, 520.8, 238.4, 605.1]",,,0.0,False,False,17,1
631,0.1146,"[1586.2, 507.3, 1602.5, 548.4]",,,0.0,False,False,17,1
631,0.101,"[1790.1, 522.5, 1817.1, 589.3]",,,0.0,False,False,17,1
632,0.4954,"[1621.4, 505.9, 1640.2, 548.4]",,,0.0,False,False,14,2
632,0.479,"[315.1, 506.3, 344.1, 590.6]",,,0.0,False,False,14,2
632,0.4685,"[1032.8, 490.7, 1046.2, 525.2]",,,0.0,False,False,14,2
632,0.4662,"[1078.0, 488.4, 1094.2, 531.6]",,,0.0,False,False,14,2
632,0.3507,"[430.7, 499.5, 468.5, 608.9]",392,"[431.00346288810044, 507.663693558107, 464.91230859627456, 606.2065456997054]",0.8084,True,False,14,2
632,0.2449,"[10.0, 507.6, 41.3, 610.9]",,,0.0,False,False,14,2
632,0.235,"[1023.3, 487.0, 1035.5, 522.1]",,,0.0,False,False,14,2
632,0.2144,"[1510.7, 503.9, 1529.6, 549.1]",,,0.0,False,False,14,2
632,0.2107,"[1576.8, 506.9, 1595.7, 550.1]",,,0.0,False,False,14,2
632,0.1788,"[924.8, 486.3, 938.3, 515.4]",,,0.0,False,False,14,2
632,0.1533,"[1617.3, 504.6, 1636.2, 547.8]",,,0.0,False,False,14,2
632,0.1485,"[538.7, 511.7, 575.8, 606.8]",,,0.0,False,False,14,2
632,0.1392,"[1121.9, 496.5, 1136.7, 538.3]",,,0.0,False,False,14,2
632,0.1353,"[1124.6, 492.1, 1138.1, 527.2]",,,0.0,False,False,14,2
633,0.533,"[1624.1, 509.0, 1640.2, 550.1]",,,0.0,False,False,19,1
633,0.5199,"[1724.0, 515.7, 1745.6, 572.4]",470,"[1724.087908009013, 515.840727314628, 1746.274396678487, 572.8400588181844]",0.9517,True,False,19,1
633,0.5128,"[536.0, 512.3, 572.4, 602.8]",,,0.0,False,False,19,1
633,0.4485,"[992.3, 487.4, 1008.5, 526.5]",,,0.0,False,False,19,1
633,0.3753,"[1077.3, 490.4, 1092.2, 532.9]",,,0.0,False,False,19,1
633,0.2876,"[1023.3, 490.7, 1035.5, 524.5]",,,0.0,False,False,19,1
633,0.2392,"[1121.2, 493.8, 1137.4, 538.3]",,,0.0,False,False,19,1
633,0.2127,"[1493.1, 506.9, 1509.3, 548.8]",,,0.0,False,False,19,1
633,0.1965,"[1578.2, 509.6, 1597.1, 551.5]",,,0.0,False,False,19,1
633,0.1812,"[59.5, 539.0, 97.4, 630.1]",,,0.0,False,False,19,1
633,0.1635,"[1512.0, 508.3, 1528.2, 550.1]",,,0.0,False,False,19,1
633,0.1615,"[981.5, 488.0, 995.0, 521.1]",,,0.0,False,False,19,1
633,0.1564,"[1472.9, 502.2, 1489.1, 542.0]",,,0.0,False,False,19,1
633,0.1534,"[1521.5, 506.6, 1537.7, 548.4]",,,0.0,False,False,19,1
633,0.1316,"[7.1, 511.0, 37.6, 611.6]",,,0.0,False,False,19,1
633,0.1166,"[848.5, 493.4, 859.3, 516.4]",,,0.0,False,False,19,1
633,0.1069,"[1517.4, 505.9, 1533.6, 548.4]",,,0.0,False,False,19,1
633,0.1055,"[1895.4, 527.9, 1919.7, 602.8]",,,0.0,False,False,19,1
633,0.1018,"[1385.1, 500.2, 1406.7, 550.8]",,,0.0,False,False,19,1
634,0.5761,"[1722.6, 518.7, 1744.2, 573.4]",,,0.0,False,False,21,2
634,0.5465,"[1625.4, 510.3, 1641.6, 550.8]",,,0.0,False,False,21,2
634,0.487,"[1033.4, 492.1, 1045.6, 523.8]",,,0.0,False,False,21,2
634,0.4814,"[1497.2, 507.3, 1516.1, 549.1]",,,0.0,False,False,21,2
634,0.4376,"[992.3, 486.7, 1008.5, 526.5]",,,0.0,False,False,21,2
634,0.4026,"[1513.4, 510.6, 1532.2, 551.8]",,,0.0,False,False,21,2
634,0.3684,"[1075.3, 491.1, 1090.1, 532.9]",,,0.0,False,False,21,2
634,0.3113,"[1123.9, 490.1, 1138.7, 530.5]",,,0.0,False,False,21,2
634,0.2776,"[1121.2, 493.8, 1136.0, 537.0]",,,0.0,False,False,21,2
634,0.2616,"[1024.7, 489.0, 1036.8, 522.8]",,,0.0,False,False,21,2
634,0.2564,"[1152.2, 501.2, 1169.8, 545.1]",457,"[1157.1037334371658, 484.6453705481444, 1172.613063437834, 525.3777617760744]",0.2799,False,False,21,2
634,0.2177,"[1517.4, 509.6, 1533.6, 550.1]",,,0.0,False,False,21,2
634,0.2003,"[1276.4, 498.5, 1288.6, 528.2]",,,0.0,False,False,21,2
634,0.189,"[1118.5, 495.8, 1134.7, 539.7]",,,0.0,False,False,21,2
634,0.1776,"[317.2, 506.6, 345.6, 591.6]",,,0.0,False,False,21,2
634,0.148,"[978.8, 487.4, 993.6, 521.8]",,,0.0,False,False,21,2
634,0.1371,"[1576.8, 513.7, 1593.0, 552.8]",,,0.0,False,False,21,2
634,0.1188,"[1424.2, 503.2, 1443.2, 549.8]",,,0.0,False,False,21,2
634,0.1153,"[1521.5, 509.0, 1537.7, 548.1]",,,0.0,False,False,21,2
634,0.1123,"[1899.5, 483.6, 1940.0, 628.8]",,,0.0,False,False,21,2
634,0.1009,"[1647.0, 522.5, 1671.3, 587.2]",,,0.0,False,False,21,2
635,0.5776,"[1425.6, 504.2, 1444.5, 552.2]",,,0.0,False,False,21,2
635,0.5728,"[1497.2, 505.2, 1516.1, 547.8]",,,0.0,False,False,21,2
635,0.5628,"[1034.1, 492.1, 1046.2, 523.1]",,,0.0,False,False,21,2
635,0.4309,"[1119.8, 494.8, 1136.0, 540.0]",,,0.0,False,False,21,2
635,0.3832,"[1524.2, 505.9, 1540.4, 548.4]",,,0.0,False,False,21,2
635,0.3231,"[1277.1, 497.8, 1289.2, 527.5]",,,0.0,False,False,21,2
635,0.3205,"[978.1, 485.0, 992.9, 520.8]",,,0.0,False,False,21,2
635,0.3162,"[1122.5, 492.4, 1137.4, 534.3]",,,0.0,False,False,21,2
635,0.3127,"[1385.1, 499.2, 1406.7, 545.1]",,,0.0,False,False,21,2
635,0.2689,"[1514.7, 509.0, 1530.9, 551.5]",,,0.0,False,False,21,2
635,0.2664,"[1026.0, 489.0, 1038.2, 521.4]",,,0.0,False,False,21,2
635,0.2251,"[991.6, 486.3, 1007.8, 526.2]",,,0.0,False,False,21,2
635,0.2081,"[-15.7, 510.3, 16.3, 610.9]",,,0.0,False,False,21,2
635,0.1687,"[1482.3, 504.2, 1501.2, 548.1]",,,0.0,False,False,21,2
635,0.158,"[21.3, 505.6, 58.3, 622.4]",,,0.0,False,False,21,2
635,0.1405,"[1899.5, 525.2, 1929.2, 602.8]",,,0.0,False,False,21,2
635,0.138,"[1898.1, 617.6, 1949.4, 753.3]",419,"[1890.835211673539, 623.1156977132858, 1957.6965266077111, 770.542505411714]",0.6587,True,False,21,2
635,0.1326,"[1590.3, 509.0, 1606.5, 552.8]",,,0.0,False,False,21,2
635,0.1226,"[1126.6, 489.0, 1140.1, 523.5]",,,0.0,False,False,21,2
635,0.1177,"[197.4, 519.8, 224.8, 603.5]",,,0.0,False,False,21,2
635,0.1171,"[1518.8, 505.9, 1535.0, 549.1]",,,0.0,False,False,21,2
636,0.578,"[1073.9, 488.4, 1090.1, 532.2]",,,0.0,False,False,26,2
636,0.5502,"[1653.8, 523.5, 1675.4, 579.5]",436,"[1652.6193280260752, 523.186061134207, 1676.3276934582998, 580.071751365793]",0.8973,True,False,26,2
636,0.5069,"[1034.8, 491.7, 1046.9, 524.1]",,,0.0,False,False,26,2
636,0.4923,"[1725.3, 515.7, 1749.6, 577.1]",470,"[1726.3137427403792, 520.7141365409902, 1747.9150170252456, 575.4318595527598]",0.7919,True,False,26,2
636,0.4706,"[1524.2, 510.6, 1540.4, 550.5]",,,0.0,False,False,26,2
636,0.3861,"[1278.5, 498.2, 1290.6, 527.9]",,,0.0,False,False,26,2
636,0.3547,"[1127.9, 490.4, 1140.1, 524.8]",,,0.0,False,False,26,2
636,0.3422,"[1116.5, 494.4, 1134.0, 539.0]",,,0.0,False,False,26,2
636,0.3412,"[1153.6, 534.9, 1199.5, 657.8]",,,0.0,False,False,26,2
636,0.2727,"[1121.2, 494.4, 1136.0, 537.6]",,,0.0,False,False,26,2
636,0.27,"[1513.4, 512.3, 1532.2, 552.8]",,,0.0,False,False,26,2
636,0.2685,"[652.1, 201.8, 735.8, 388.1]",,,0.0,False,False,26,2
636,0.2515,"[303.8, 505.2, 332.8, 590.3]",,,0.0,False,False,26,2
636,0.2469,"[1027.3, 489.4, 1039.5, 521.8]",,,0.0,False,False,26,2
636,0.2412,"[1498.5, 507.6, 1514.7, 548.8]",,,0.0,False,False,26,2
636,0.2241,"[1547.1, 506.6, 1563.3, 551.8]",,,0.0,False,False,26,2
636,0.2155,"[-25.8, 509.0, 12.3, 621.0]",,,0.0,False,False,26,2
636,0.2105,"[1345.3, 504.9, 1362.8, 551.5]",,,0.0,False,False,26,2
636,0.1852,"[1902.2, 515.4, 1931.9, 607.2]",,,0.0,False,False,26,2
636,0.181,"[1786.1, 499.8, 1813.1, 559.9]",,,0.0,False,False,26,2
636,0.1289,"[785.0, 563.3, 824.2, 672.0]",,,0.0,False,False,26,2
636,0.1106,"[845.1, 492.8, 857.2, 516.4]",,,0.0,False,False,26,2
636,0.1081,"[1425.6, 505.9, 1444.5, 554.5]",,,0.0,False,False,26,2
636,0.1036,"[1591.7, 509.3, 1607.9, 554.5]",,,0.0,False,False,26,2
636,0.1031,"[1579.5, 512.7, 1598.4, 554.5]",,,0.0,False,False,26,2
636,0.1008,"[1502.6, 507.3, 1518.8, 548.4]",,,0.0,False,False,26,2
637,0.5061,"[1119.8, 492.8, 1137.4, 542.0]",,,0.0,False,False,24,1
637,0.4759,"[1279.1, 499.2, 1291.3, 529.5]",,,0.0,False,False,24,1
637,0.4667,"[1728.0, 511.7, 1752.3, 577.1]",,,0.0,False,False,24,1
637,0.4591,"[1525.5, 507.9, 1541.7, 551.1]",,,0.0,False,False,24,1
637,0.4578,"[1127.2, 490.1, 1142.1, 530.5]",,,0.0,False,False,24,1
637,0.4574,"[991.6, 487.0, 1009.1, 527.5]",,,0.0,False,False,24,1
637,0.4297,"[1034.8, 492.1, 1048.3, 527.9]",,,0.0,False,False,24,1
637,0.3953,"[1123.2, 491.1, 1139.4, 537.0]",,,0.0,False,False,24,1
637,0.351,"[1481.0, 513.7, 1508.0, 582.5]",,,0.0,False,False,24,1
637,0.318,"[10.8, 507.6, 47.3, 630.5]",,,0.0,False,False,24,1
637,0.2373,"[1786.1, 499.5, 1815.8, 561.6]",,,0.0,False,False,24,1
637,0.2333,"[1027.3, 490.1, 1042.2, 525.2]",,,0.0,False,False,24,1
637,0.228,"[932.9, -86.4, 1229.9, 711.5]",,,0.0,False,False,24,1
637,0.2107,"[1591.7, 509.6, 1607.9, 555.5]",,,0.0,False,False,24,1
637,0.2095,"[1153.6, 539.3, 1198.1, 656.8]",,,0.0,False,False,24,1
637,0.2064,"[1513.4, 509.6, 1532.2, 552.2]",,,0.0,False,False,24,1
637,0.1679,"[1115.8, 493.4, 1133.3, 542.0]",,,0.0,False,False,24,1
637,0.1662,"[1578.2, 515.7, 1597.1, 554.9]",,,0.0,False,False,24,1
637,0.164,"[1548.5, 505.6, 1564.7, 552.2]",,,0.0,False,False,24,1
637,0.1512,"[1652.4, 521.8, 1676.7, 583.2]",,,0.0,False,False,24,1
637,0.1375,"[1902.2, 521.4, 1929.2, 606.5]",,,0.0,False,False,24,1
637,0.1254,"[1153.6, 499.5, 1171.1, 545.4]",,,0.0,False,False,24,1
637,0.112,"[165.7, 514.7, 203.2, 615.3]",,,0.0,False,False,24,1
637,0.106,"[1740.2, 516.7, 1764.5, 580.2]",,,0.0,False,False,24,1
638,0.493,"[1128.6, 490.4, 1143.5, 526.2]",,,0.0,False,False,26,0
638,0.3634,"[1741.5, 521.1, 1765.8, 582.5]",,,0.0,False,False,26,0
638,0.3506,"[1154.9, 588.3, 1203.5, 711.5]",,,0.0,False,False,26,0
638,0.342,"[1070.6, 490.7, 1085.4, 531.9]",,,0.0,False,False,26,0
638,0.3304,"[661.2, 217.4, 746.6, 340.9]",,,0.0,False,False,26,0
638,0.2965,"[1386.5, 496.8, 1402.7, 544.7]",,,0.0,False,False,26,0
638,0.2813,"[1653.8, 524.1, 1675.4, 581.5]",,,0.0,False,False,26,0
638,0.2587,"[1034.8, 492.1, 1048.3, 526.5]",,,0.0,False,False,26,0
638,0.2306,"[22.1, 536.0, 70.6, 634.5]",,,0.0,False,False,26,0
638,0.2258,"[1115.8, 494.4, 1133.3, 541.0]",,,0.0,False,False,26,0
638,0.2107,"[1841.4, 583.9, 1887.3, 737.1]",,,0.0,False,False,26,0
638,0.2076,"[1153.6, 500.2, 1171.1, 544.7]",,,0.0,False,False,26,0
638,0.2042,"[185.3, 520.1, 212.6, 605.8]",,,0.0,False,False,26,0
638,0.192,"[1524.2, 509.3, 1543.1, 553.2]",,,0.0,False,False,26,0
638,0.1871,"[1875.2, 532.9, 1899.5, 596.4]",,,0.0,False,False,26,0
638,0.1842,"[1028.7, 490.1, 1042.2, 523.8]",,,0.0,False,False,26,0
638,0.1816,"[1549.8, 505.2, 1568.7, 555.2]",,,0.0,False,False,26,0
638,0.1778,"[1153.6, 507.3, 1176.5, 578.8]",,,0.0,False,False,26,0
638,0.1762,"[-21.3, 506.3, 19.0, 643.3]",,,0.0,False,False,26,0
638,0.1598,"[1589.0, 512.0, 1605.2, 555.9]",,,0.0,False,False,26,0
638,0.1524,"[1513.4, 508.6, 1532.2, 555.2]",,,0.0,False,False,26,0
638,0.1362,"[1721.2, 521.1, 1742.9, 577.8]",,,0.0,False,False,26,0
638,0.1241,"[1834.7, 526.2, 1867.1, 599.7]",,,0.0,False,False,26,0
638,0.1202,"[990.9, 487.0, 1008.5, 527.5]",,,0.0,False,False,26,0
638,0.1143,"[1745.6, 517.4, 1767.2, 567.3]",,,0.0,False,False,26,0
638,0.1029,"[1780.7, 510.6, 1799.6, 559.2]",,,0.0,False,False,26,0
639,0.5694,"[1729.4, 517.7, 1751.0, 577.1]",470,"[1729.1690442069505, 521.031029296773, 1750.9823229805495, 576.3589853516645]",0.923,True,False,19,3
639,0.5432,"[-3.2, 504.9, 33.2, 627.1]",,,0.0,False,False,19,3
639,0.5078,"[1152.2, 496.5, 1171.1, 544.4]",,,0.0,False,False,19,3
639,0.4764,"[1069.9, 489.4, 1084.7, 529.9]",,,0.0,False,False,19,3
639,0.4309,"[1157.6, 536.3, 1199.5, 652.4]",,,0.0,False,False,19,3
639,0.4286,"[180.9, 521.1, 210.6, 607.5]",,,0.0,False,False,19,3
639,0.3533,"[1027.3, 491.1, 1043.6, 526.8]",,,0.0,False,False,19,3
639,0.3139,"[1033.4, 491.4, 1048.3, 525.8]",,,0.0,False,False,19,3
639,0.2801,"[444.8, 511.7, 482.6, 606.8]",,,0.0,False,False,19,3
639,0.2514,"[1845.5, 583.2, 1894.1, 735.1]",,,0.0,False,False,19,3
639,0.2485,"[1120.5, 493.4, 1138.1, 542.7]",,,0.0,False,False,19,3
639,0.224,"[1150.2, 493.1, 1167.8, 542.4]",,,0.0,False,False,19,3
639,0.2012,"[1791.5, 499.8, 1821.2, 572.7]",,,0.0,False,False,19,3
639,0.2003,"[1127.9, 490.7, 1144.1, 538.0]",,,0.0,False,False,19,3
639,0.1733,"[1589.0, 510.6, 1605.2, 554.5]",,,0.0,False,False,19,3
639,0.164,"[1154.9, 583.9, 1203.5, 717.5]",,,0.0,False,False,19,3
639,0.1602,"[1783.4, 508.3, 1802.2, 556.9]",,,0.0,False,False,19,3
639,0.1588,"[1385.1, 496.8, 1404.0, 542.7]",,,0.0,False,False,19,3
639,0.1252,"[1653.8, 522.5, 1675.4, 580.5]",,,0.0,False,False,19,3
640,0.576,"[1730.7, 525.5, 1752.3, 580.2]",,,0.0,False,False,18,0
640,0.5651,"[1068.5, 491.4, 1084.7, 533.9]",,,0.0,False,False,18,0
640,0.4963,"[177.9, 520.8, 205.2, 605.8]",,,0.0,False,False,18,0
640,0.4466,"[1618.7, 568.7, 1659.2, 693.9]",,,0.0,False,False,18,0
640,0.4415,"[1034.8, 491.1, 1049.6, 528.2]",,,0.0,False,False,18,0
640,0.3924,"[1746.9, 525.5, 1768.5, 583.5]",,,0.0,False,False,18,0
640,0.342,"[1386.5, 496.8, 1405.4, 545.4]",,,0.0,False,False,18,0
640,0.3317,"[1856.2, 586.6, 1899.5, 735.1]",,,0.0,False,False,18,0
640,0.268,"[1119.8, 498.5, 1136.0, 539.7]",,,0.0,False,False,18,0
640,0.2332,"[990.2, 486.3, 1007.8, 528.2]",,,0.0,False,False,18,0
640,0.2172,"[1028.7, 490.7, 1043.6, 525.2]",,,0.0,False,False,18,0
640,0.2102,"[1597.1, 516.4, 1616.0, 557.5]",,,0.0,False,False,18,0
640,0.1707,"[1152.2, 496.8, 1168.4, 542.0]",,,0.0,False,False,18,0
640,0.1694,"[1130.6, 493.8, 1144.1, 530.9]",,,0.0,False,False,18,0
640,0.1619,"[1132.7, 492.4, 1146.2, 529.5]",,,0.0,False,False,18,0
640,0.1618,"[440.1, 511.3, 478.6, 611.2]",,,0.0,False,False,18,0
640,0.1533,"[38.5, 517.7, 78.6, 621.0]",,,0.0,False,False,18,0
640,0.1435,"[1589.0, 514.4, 1605.2, 556.9]",,,0.0,False,False,18,0
641,0.546,"[-13.6, 507.3, 23.7, 630.1]",,,0.0,False,False,20,0
641,0.5048,"[1035.5, 490.4, 1050.3, 526.8]",,,0.0,False,False,20,0
641,0.4111,"[1119.2, 498.2, 1136.7, 542.7]",,,0.0,False,False,20,0
641,0.3556,"[1746.9, 522.1, 1768.5, 582.9]",,,0.0,False,False,20,0
641,0.3381,"[988.2, 487.7, 1007.1, 528.2]",,,0.0,False,False,20,0
641,0.3354,"[1146.2, 492.1, 1163.7, 540.0]",,,0.0,False,False,20,0
641,0.2972,"[1476.9, 504.6, 1493.1, 545.1]",,,0.0,False,False,20,0
641,0.2775,"[1028.7, 490.4, 1043.6, 524.8]",,,0.0,False,False,20,0
641,0.2401,"[914.0, 480.6, 934.2, 516.4]",,,0.0,False,False,20,0
641,0.2213,"[1474.2, 504.6, 1490.4, 543.7]",,,0.0,False,False,20,0
641,0.2195,"[1175.2, 494.4, 1194.1, 546.4]",,,0.0,False,False,20,0
641,0.2115,"[969.3, 484.7, 985.5, 521.1]",,,0.0,False,False,20,0
641,0.2077,"[435.0, 509.3, 474.9, 613.2]",,,0.0,False,False,20,0
641,0.2044,"[1386.5, 493.8, 1405.4, 543.7]",,,0.0,False,False,20,0
641,0.1953,"[1564.7, 511.7, 1580.9, 554.9]",,,0.0,False,False,20,0
641,0.1745,"[1149.5, 494.8, 1165.7, 540.7]",,,0.0,False,False,20,0
641,0.1372,"[1132.7, 492.8, 1146.2, 531.2]",,,0.0,False,False,20,0
641,0.1364,"[1589.0, 512.3, 1605.2, 555.5]",,,0.0,False,False,20,0
641,0.1177,"[301.4, 464.4, 327.4, 525.2]",,,0.0,False,False,20,0
641,0.1012,"[1656.5, 522.8, 1680.8, 578.8]",,,0.0,False,False,20,0
642,0.554,"[1598.4, 514.7, 1617.3, 559.9]",,,0.0,False,False,20,1
642,0.5351,"[1746.9, 524.5, 1771.2, 585.9]",,,0.0,False,False,20,1
642,0.5247,"[1657.8, 527.2, 1679.4, 581.9]",,,0.0,False,False,20,1
642,0.52,"[168.8, 519.4, 197.1, 607.2]",,,0.0,False,False,20,1
642,0.4983,"[1067.8, 490.4, 1084.1, 531.6]",,,0.0,False,False,20,1
642,0.3461,"[1036.8, 490.7, 1051.7, 524.5]",,,0.0,False,False,20,1
642,0.3342,"[1175.2, 494.8, 1194.1, 546.1]",,,0.0,False,False,20,1
642,0.305,"[1629.5, 570.4, 1670.0, 692.6]",,,0.0,False,False,20,1
642,0.2786,"[433.7, 509.3, 472.2, 611.9]",,,0.0,False,False,20,1
642,0.2781,"[285.4, 504.6, 317.4, 595.7]",,,0.0,False,False,20,1
642,0.276,"[1861.7, 586.9, 1913.0, 744.5]",438,"[1834.6861320434423, 599.1014725914323, 1888.3839363159327, 742.1081221351303]",0.3202,True,False,20,1
642,0.2306,"[968.6, 485.3, 983.5, 521.8]",,,0.0,False,False,20,1
642,0.2009,"[1031.4, 490.4, 1044.9, 523.5]",,,0.0,False,False,20,1
642,0.1982,"[1853.6, 593.0, 1904.9, 741.2]",438,"[1834.6861320434423, 599.1014725914323, 1888.3839363159327, 742.1081221351303]",0.4789,True,False,20,1
642,0.1833,"[1644.3, 574.4, 1682.1, 695.2]",,,0.0,False,False,20,1
642,0.1622,"[1841.4, 600.8, 1890.0, 741.2]",438,"[1834.6861320434423, 599.1014725914323, 1888.3839363159327, 742.1081221351303]",0.8344,True,False,20,1
642,0.1537,"[914.0, 479.9, 934.2, 517.0]",,,0.0,False,False,20,1
642,0.1433,"[1121.9, 497.1, 1136.7, 530.9]",,,0.0,False,False,20,1
642,0.1163,"[1150.9, 494.8, 1165.7, 536.6]",,,0.0,False,False,20,1
642,0.1059,"[300.9, 462.4, 323.8, 517.7]",,,0.0,False,False,20,1
643,0.519,"[1814.4, 611.9, 1857.6, 739.1]",232,"[1807.894160583022, 611.1878030630055, 1853.887821838853, 741.4937154916821]",0.7771,True,False,20,2
643,0.4092,"[1645.7, 570.7, 1686.2, 693.9]",,,0.0,False,False,20,2
643,0.3326,"[1119.8, 499.8, 1136.0, 542.4]",,,0.0,False,False,20,2
643,0.3015,"[1630.8, 568.4, 1671.3, 683.8]",,,0.0,False,False,20,2
643,0.2801,"[1597.1, 513.0, 1616.0, 556.2]",,,0.0,False,False,20,2
643,0.228,"[1036.8, 490.1, 1051.7, 525.2]",,,0.0,False,False,20,2
643,0.2198,"[1493.1, 528.9, 1520.1, 593.0]",,,0.0,False,False,20,2
643,0.2113,"[1386.5, 492.1, 1405.4, 544.0]",,,0.0,False,False,20,2
643,0.1815,"[916.0, 487.4, 932.2, 515.7]",,,0.0,False,False,20,2
643,0.1404,"[1472.9, 504.6, 1489.1, 543.0]",,,0.0,False,False,20,2
643,0.1375,"[1856.2, 587.9, 1918.4, 747.9]",,,0.0,False,False,20,2
643,0.135,"[-23.0, 546.8, 19.5, 637.9]",,,0.0,False,False,20,2
643,0.1347,"[1242.7, 505.9, 1261.6, 553.8]",459,"[1240.7329857071286, 501.912629601123, 1260.7296607772466, 555.2637620004394]",0.7814,True,False,20,2
643,0.1243,"[1030.7, 489.4, 1044.2, 523.1]",,,0.0,False,False,20,2
643,0.1204,"[-14.8, 546.4, 26.5, 638.2]",,,0.0,False,False,20,2
643,0.1196,"[1703.7, 520.8, 1722.6, 563.3]",,,0.0,False,False,20,2
643,0.1083,"[1144.8, 494.1, 1163.7, 541.4]",,,0.0,False,False,20,2
643,0.1062,"[66.2, 528.5, 105.6, 619.7]",,,0.0,False,False,20,2
643,0.1059,"[143.6, 509.0, 170.6, 585.2]",,,0.0,False,False,20,2
643,0.1008,"[1173.8, 494.4, 1192.7, 543.7]",,,0.0,False,False,20,2
644,0.549,"[1601.1, 516.0, 1617.3, 560.6]",,,0.0,False,False,17,0
644,0.4951,"[213.5, 521.8, 246.9, 612.9]",,,0.0,False,False,17,0
644,0.4836,"[1065.8, 491.7, 1083.4, 531.6]",,,0.0,False,False,17,0
644,0.351,"[1475.6, 502.5, 1491.8, 545.7]",,,0.0,False,False,17,0
644,0.3036,"[1038.8, 491.4, 1053.7, 527.2]",,,0.0,False,False,17,0
644,0.2902,"[1032.1, 492.8, 1046.9, 528.5]",,,0.0,False,False,17,0
644,0.21,"[1119.8, 497.5, 1136.0, 533.2]",,,0.0,False,False,17,0
644,0.2042,"[7.0, 513.3, 44.6, 622.7]",,,0.0,False,False,17,0
644,0.1935,"[989.6, 487.7, 1007.1, 529.5]",,,0.0,False,False,17,0
644,0.1871,"[370.9, 460.7, 393.9, 510.6]",,,0.0,False,False,17,0
644,0.1758,"[27.4, 514.4, 70.1, 627.1]",,,0.0,False,False,17,0
644,0.1538,"[1751.0, 521.8, 1772.6, 583.2]",,,0.0,False,False,17,0
644,0.153,"[964.6, 486.0, 979.4, 519.8]",,,0.0,False,False,17,0
644,0.1491,"[1703.7, 523.1, 1725.3, 565.7]",,,0.0,False,False,17,0
644,0.1317,"[911.9, 479.6, 934.9, 518.1]",,,0.0,False,False,17,0
644,0.1207,"[63.8, 524.5, 102.1, 617.6]",,,0.0,False,False,17,0
644,0.1022,"[2.0, 522.1, 37.0, 618.6]",,,0.0,False,False,17,0
645,0.5425,"[1620.0, 515.4, 1636.2, 553.8]",473,"[1619.4386663117286, 511.6055355998995, 1636.4544000945211, 554.6519106891631]",0.851,True,False,16,2
645,0.5408,"[1063.1, 491.1, 1080.7, 531.6]",,,0.0,False,False,16,2
645,0.491,"[293.0, 510.0, 324.0, 598.4]",,,0.0,False,False,16,2
645,0.4679,"[1823.9, 610.9, 1875.2, 752.0]",232,"[1827.74299474182, 613.7221208333058, 1873.5572982269302, 744.5948957682567]",0.8285,True,False,16,2
645,0.3413,"[1120.5, 499.2, 1135.4, 534.3]",,,0.0,False,False,16,2
645,0.3129,"[-15.0, 520.1, 26.0, 636.2]",,,0.0,False,False,16,2
645,0.3008,"[1601.1, 513.7, 1617.3, 557.5]",,,0.0,False,False,16,2
645,0.2676,"[1036.8, 491.7, 1053.0, 527.5]",,,0.0,False,False,16,2
645,0.2641,"[1031.4, 492.8, 1046.2, 528.5]",,,0.0,False,False,16,2
645,0.2555,"[56.1, 524.8, 96.5, 622.0]",,,0.0,False,False,16,2
645,0.2224,"[1475.6, 502.5, 1491.8, 543.0]",,,0.0,False,False,16,2
645,0.2031,"[1706.4, 519.4, 1725.3, 560.6]",,,0.0,False,False,16,2
645,0.1748,"[1327.1, 490.7, 1347.3, 542.7]",,,0.0,False,False,16,2
645,0.1373,"[1145.5, 495.5, 1163.0, 541.4]",,,0.0,False,False,16,2
645,0.1304,"[367.2, 460.7, 392.9, 515.4]",,,0.0,False,False,16,2
645,0.1211,"[24.6, 515.7, 61.8, 627.8]",,,0.0,False,False,16,2
646,0.5466,"[1686.2, 524.8, 1707.8, 580.2]",461,"[1684.1295959148683, 521.1982390861568, 1708.0676697101314, 580.2153351325933]",0.8463,True,False,22,5
646,0.5102,"[17.5, 515.0, 57.3, 629.1]",,,0.0,False,False,22,5
646,0.5031,"[1033.4, 492.4, 1052.3, 526.2]",,,0.0,False,False,22,5
646,0.5006,"[1621.4, 515.4, 1637.6, 556.5]",,,0.0,False,False,22,5
646,0.4929,"[1602.5, 513.3, 1618.7, 558.6]",,,0.0,False,False,22,5
646,0.484,"[1661.9, 529.5, 1683.5, 584.2]",436,"[1661.1291483747045, 529.5228486874264, 1682.6315938127955, 582.3492216250737]",0.9001,True,False,22,5
646,0.3381,"[1894.1, 595.0, 1934.6, 751.3]",438,"[1884.769011518078, 598.9739067080297, 1939.9092111381717, 749.1861274716576]",0.7134,True,False,22,5
646,0.2693,"[1119.8, 498.5, 1136.0, 531.6]",,,0.0,False,False,22,5
646,0.2483,"[1040.8, 491.7, 1055.7, 524.8]",,,0.0,False,False,22,5
646,0.2381,"[1037.5, 491.1, 1053.7, 524.8]",,,0.0,False,False,22,5
646,0.2257,"[33.1, 526.2, 91.6, 624.0]",,,0.0,False,False,22,5
646,0.1968,"[916.7, 487.0, 932.9, 516.7]",,,0.0,False,False,22,5
646,0.1722,"[1617.3, 513.7, 1636.2, 558.9]",,,0.0,False,False,22,5
646,0.1686,"[1756.4, 522.5, 1775.2, 561.6]",,,0.0,False,False,22,5
646,0.1657,"[1341.9, 501.9, 1362.2, 553.8]",,,0.0,False,False,22,5
646,0.1348,"[1572.8, 509.6, 1591.7, 556.9]",,,0.0,False,False,22,5
646,0.1221,"[1387.8, 489.7, 1409.4, 545.7]",480,"[1388.2620876319454, 490.2180145263672, 1409.4652072899294, 547.1879913330079]",0.943,True,False,22,5
646,0.1177,"[205.5, 522.8, 236.3, 606.5]",,,0.0,False,False,22,5
646,0.1172,"[1389.2, 499.5, 1405.4, 543.4]",480,"[1388.2620876319454, 490.2180145263672, 1409.4652072899294, 547.1879913330079]",0.5884,True,False,22,5
646,0.1137,"[961.9, 486.0, 976.7, 518.4]",,,0.0,False,False,22,5
646,0.1112,"[1032.8, 494.1, 1047.6, 526.5]",,,0.0,False,False,22,5
646,0.1032,"[1152.2, 495.5, 1167.1, 536.0]",,,0.0,False,False,22,5
647,0.5747,"[1260.2, 510.6, 1279.1, 557.2]",450,"[1259.9170577519455, 510.204116958806, 1278.2286942011797, 557.174789291194]",0.9283,True,False,21,4
647,0.5052,"[1032.8, 492.8, 1053.0, 529.9]",,,0.0,False,False,21,4
647,0.4957,"[1622.7, 513.7, 1638.9, 554.9]",,,0.0,False,False,21,4
647,0.4778,"[1287.2, 499.8, 1299.4, 530.9]",476,"[1286.0260765658804, 500.26010166308856, 1300.7603003872446, 531.0553280244114]",0.8109,True,False,21,4
647,0.4463,"[1514.7, 509.6, 1530.9, 550.8]",,,0.0,False,False,21,4
647,0.3875,"[1331.8, 510.0, 1353.4, 564.6]",447,"[1330.5835343183232, 510.17325878203854, 1353.995323103552, 565.1657304757739]",0.9105,True,False,21,4
647,0.3491,"[-27.7, 530.2, 10.8, 642.9]",466,"[-28.739357287731995, 537.4892498855727, 23.196604068127503, 647.2813799972397]",0.6788,True,False,21,4
647,0.3282,"[1605.2, 512.3, 1621.4, 556.9]",,,0.0,False,False,21,4
647,0.2722,"[1040.8, 491.7, 1057.1, 528.2]",,,0.0,False,False,21,4
647,0.2523,"[1120.5, 499.5, 1135.4, 531.9]",,,0.0,False,False,21,4
647,0.1834,"[1707.8, 518.7, 1729.4, 560.6]",,,0.0,False,False,21,4
647,0.1782,"[-18.7, 531.2, 16.2, 646.0]",466,"[-28.739357287731995, 537.4892498855727, 23.196604068127503, 647.2813799972397]",0.6393,True,False,21,4
647,0.176,"[1756.4, 519.1, 1775.2, 560.2]",,,0.0,False,False,21,4
647,0.1519,"[1387.8, 495.5, 1406.7, 546.1]",,,0.0,False,False,21,4
647,0.1453,"[801.9, 499.8, 831.6, 580.2]",,,0.0,False,False,21,4
647,0.1307,"[1138.1, 488.7, 1155.6, 531.9]",,,0.0,False,False,21,4
647,0.1246,"[1794.2, 517.7, 1810.4, 559.6]",,,0.0,False,False,21,4
647,0.1139,"[1150.9, 494.1, 1165.7, 535.3]",,,0.0,False,False,21,4
647,0.1116,"[1499.9, 508.6, 1516.1, 548.4]",,,0.0,False,False,21,4
647,0.1103,"[128.4, 510.6, 152.6, 574.8]",,,0.0,False,False,21,4
647,0.1026,"[126.2, 513.7, 153.7, 599.4]",,,0.0,False,False,21,4
648,0.5607,"[1061.1, 491.7, 1077.3, 528.2]",,,0.0,False,False,25,3
648,0.5575,"[1663.2, 530.9, 1682.1, 582.2]",436,"[1661.98974594905, 528.8969562178218, 1683.8603517072, 582.7481853837407]",0.8232,True,False,25,3
648,0.552,"[1514.7, 512.3, 1530.9, 550.1]",,,0.0,False,False,25,3
648,0.545,"[1738.8, 522.1, 1760.4, 580.8]",470,"[1739.1158510380294, 524.065682587981, 1761.1715024775956, 581.2393711229565]",0.9146,True,False,25,3
648,0.5225,"[1622.7, 516.4, 1638.9, 556.2]",,,0.0,False,False,25,3
648,0.5115,"[1331.1, 512.0, 1351.4, 566.0]",,,0.0,False,False,25,3
648,0.43,"[1033.4, 493.8, 1053.7, 528.9]",,,0.0,False,False,25,3
648,0.3943,"[1387.8, 495.1, 1406.7, 545.7]",,,0.0,False,False,25,3
648,0.3115,"[1289.2, 501.5, 1301.4, 531.9]",,,0.0,False,False,25,3
648,0.2625,"[1675.4, 523.5, 1697.0, 580.2]",436,"[1661.98974594905, 528.8969562178218, 1683.8603517072, 582.7481853837407]",0.2219,False,False,25,3
648,0.2439,"[41.5, 528.5, 82.6, 625.7]",,,0.0,False,False,25,3
648,0.2366,"[1042.9, 494.4, 1057.7, 526.8]",,,0.0,False,False,25,3
648,0.2257,"[1607.9, 516.0, 1624.1, 559.9]",,,0.0,False,False,25,3
648,0.1759,"[191.4, 525.2, 224.1, 621.0]",,,0.0,False,False,25,3
648,0.1746,"[1120.5, 499.8, 1135.4, 532.2]",,,0.0,False,False,25,3
648,0.1637,"[959.2, 486.7, 976.7, 521.1]",,,0.0,False,False,25,3
648,0.1633,"[913.3, 487.7, 932.2, 518.7]",,,0.0,False,False,25,3
648,0.1452,"[1744.2, 522.5, 1765.8, 577.8]",470,"[1739.1158510380294, 524.065682587981, 1761.1715024775956, 581.2393711229565]",0.5904,True,False,25,3
648,0.1282,"[1572.8, 507.6, 1594.4, 557.5]",,,0.0,False,False,25,3
648,0.128,"[1169.1, 493.1, 1186.7, 537.0]",,,0.0,False,False,25,3
648,0.1083,"[1753.7, 522.5, 1772.6, 561.6]",470,"[1739.1158510380294, 524.065682587981, 1761.1715024775956, 581.2393711229565]",0.1643,False,False,25,3
648,0.107,"[263.1, 532.6, 296.8, 620.3]",462,"[265.1137690597568, 534.3737921457192, 300.27587937774325, 625.8831658620934]",0.7895,True,False,25,3
648,0.1065,"[1621.4, 517.4, 1634.9, 557.2]",,,0.0,False,False,25,3
648,0.1014,"[1140.8, 492.8, 1155.6, 530.5]",,,0.0,False,False,25,3
648,0.1011,"[1670.0, 527.5, 1694.2, 587.6]",436,"[1661.98974594905, 528.8969562178218, 1683.8603517072, 582.7481853837407]",0.3967,True,False,25,3
649,0.5429,"[1622.7, 507.6, 1638.9, 552.8]",,,0.0,False,False,21,0
649,0.4446,"[1289.2, 498.5, 1301.4, 529.5]",,,0.0,False,False,21,0
649,0.427,"[1059.1, 491.7, 1076.6, 526.8]",,,0.0,False,False,21,0
649,0.3386,"[1674.0, 523.8, 1695.6, 579.2]",,,0.0,False,False,21,0
649,0.3268,"[1139.4, 493.4, 1154.2, 533.9]",,,0.0,False,False,21,0
649,0.3225,"[1691.6, 511.0, 1710.5, 565.0]",,,0.0,False,False,21,0
649,0.2574,"[1119.8, 495.1, 1134.7, 528.9]",,,0.0,False,False,21,0
649,0.237,"[1044.2, 491.7, 1057.7, 524.8]",,,0.0,False,False,21,0
649,0.2135,"[75.8, 515.0, 114.9, 610.2]",,,0.0,False,False,21,0
649,0.2061,"[1151.6, 494.4, 1166.4, 534.9]",,,0.0,False,False,21,0
649,0.1991,"[1609.2, 510.3, 1625.4, 555.5]",,,0.0,False,False,21,0
649,0.1893,"[1387.8, 495.1, 1406.7, 543.0]",,,0.0,False,False,21,0
649,0.1753,"[1330.4, 490.4, 1353.4, 546.4]",,,0.0,False,False,21,0
649,0.1662,"[801.2, 491.4, 828.2, 571.1]",,,0.0,False,False,21,0
649,0.1537,"[957.8, 485.7, 972.7, 520.8]",,,0.0,False,False,21,0
649,0.1353,"[1863.0, 607.2, 1914.3, 743.2]",,,0.0,False,False,21,0
649,0.1289,"[1032.8, 492.8, 1050.3, 527.2]",,,0.0,False,False,21,0
649,0.1211,"[1501.2, 506.3, 1517.4, 548.8]",,,0.0,False,False,21,0
649,0.1194,"[1115.8, 494.1, 1132.0, 529.2]",,,0.0,False,False,21,0
649,0.1161,"[1041.5, 489.7, 1056.4, 523.5]",,,0.0,False,False,21,0
649,0.1072,"[1.7, 521.8, 36.8, 633.8]",,,0.0,False,False,21,0
650,0.5633,"[1624.1, 511.7, 1640.2, 554.9]",,,0.0,False,False,19,1
650,0.5536,"[1290.6, 499.5, 1302.8, 531.9]",,,0.0,False,False,19,1
650,0.4954,"[-4.9, 522.1, 34.1, 630.8]",,,0.0,False,False,19,1
650,0.4936,"[1876.5, 609.5, 1919.7, 750.6]",364,"[1897.1110914770848, 602.6628186916853, 1952.85887922604, 756.4172594333147]",0.2776,False,False,19,1
650,0.4266,"[1059.1, 491.7, 1076.6, 526.8]",,,0.0,False,False,19,1
650,0.4098,"[1898.1, 604.8, 1941.3, 751.3]",364,"[1897.1110914770848, 602.6628186916853, 1952.85887922604, 756.4172594333147]",0.7382,True,False,19,1
650,0.3901,"[1502.6, 506.6, 1518.8, 548.4]",,,0.0,False,False,19,1
650,0.3821,"[1331.8, 492.8, 1353.4, 546.8]",,,0.0,False,False,19,1
650,0.3264,"[1042.9, 491.1, 1057.7, 526.2]",,,0.0,False,False,19,1
650,0.2339,"[957.2, 486.3, 973.4, 521.4]",,,0.0,False,False,19,1
650,0.2042,"[1119.8, 498.2, 1136.0, 529.9]",,,0.0,False,False,19,1
650,0.1958,"[1141.4, 493.8, 1156.3, 529.5]",,,0.0,False,False,19,1
650,0.1773,"[1432.4, 497.5, 1451.2, 538.7]",,,0.0,False,False,19,1
650,0.1615,"[803.2, 490.7, 828.9, 565.7]",,,0.0,False,False,19,1
650,0.1611,"[1387.8, 496.1, 1406.7, 543.4]",,,0.0,False,False,19,1
650,0.1547,"[28.9, 528.2, 69.8, 626.7]",,,0.0,False,False,19,1
650,0.1293,"[1845.5, 520.4, 1867.1, 566.3]",,,0.0,False,False,19,1
650,0.1138,"[1040.2, 490.4, 1055.0, 525.5]",,,0.0,False,False,19,1
650,0.1048,"[179.4, 529.2, 212.8, 620.3]",,,0.0,False,False,19,1
651,0.5371,"[1289.9, 497.8, 1303.4, 530.9]",,,0.0,False,False,24,2
651,0.4439,"[1580.9, 586.6, 1629.5, 706.1]",,,0.0,False,False,24,2
651,0.3916,"[1499.9, 503.2, 1518.8, 547.8]",,,0.0,False,False,24,2
651,0.3622,"[1058.4, 491.1, 1073.2, 526.2]",,,0.0,False,False,24,2
651,0.3382,"[13.2, 537.6, 62.5, 634.2]",445,"[-26.424814916720404, 520.471748076291, 16.80829689609052, 639.803642548709]",0.0368,False,False,24,2
651,0.3269,"[251.4, 520.1, 281.8, 607.2]",,,0.0,False,False,24,2
651,0.2943,"[1041.5, 491.7, 1057.7, 528.9]",,,0.0,False,False,24,2
651,0.259,"[1151.6, 497.5, 1165.1, 530.5]",,,0.0,False,False,24,2
651,0.2355,"[106.7, 516.0, 133.7, 583.5]",,,0.0,False,False,24,2
651,0.2171,"[1119.8, 497.5, 1134.7, 529.2]",,,0.0,False,False,24,2
651,0.1729,"[790.4, 936.9, 840.4, 1047.6]",,,0.0,False,False,24,2
651,0.1719,"[1114.4, 496.8, 1133.3, 532.6]",,,0.0,False,False,24,2
651,0.1543,"[-9.5, 526.8, 25.5, 624.0]",445,"[-26.424814916720404, 520.471748076291, 16.80829689609052, 639.803642548709]",0.4253,True,False,24,2
651,0.144,"[1140.1, 492.8, 1154.9, 529.9]",,,0.0,False,False,24,2
651,0.1421,"[1759.1, 516.4, 1783.4, 581.2]",,,0.0,False,False,24,2
651,0.1369,"[-18.1, 526.8, 24.7, 636.2]",445,"[-26.424814916720404, 520.471748076291, 16.80829689609052, 639.803642548709]",0.6335,True,False,24,2
651,0.1331,"[1329.8, 491.1, 1351.4, 543.0]",,,0.0,False,False,24,2
651,0.1292,"[1845.5, 520.1, 1864.4, 563.3]",,,0.0,False,False,24,2
651,0.1224,"[1039.5, 491.1, 1054.3, 526.8]",,,0.0,False,False,24,2
651,0.1183,"[1738.8, 514.4, 1760.4, 575.1]",,,0.0,False,False,24,2
651,0.1138,"[911.2, 488.7, 928.8, 518.4]",,,0.0,False,False,24,2
651,0.1135,"[103.5, 517.4, 132.4, 605.1]",,,0.0,False,False,24,2
651,0.1089,"[1759.1, 517.0, 1775.2, 558.9]",,,0.0,False,False,24,2
651,0.1068,"[1611.9, 513.0, 1628.1, 553.5]",,,0.0,False,False,24,2
652,0.5172,"[1580.9, 584.2, 1632.2, 709.4]",,,0.0,False,False,22,4
652,0.4491,"[1625.4, 513.7, 1641.6, 554.9]",473,"[1625.9303834455206, 512.6536056955283, 1642.8909056169796, 555.8573806325967]",0.855,True,False,22,4
652,0.447,"[1058.4, 491.4, 1071.9, 524.5]",,,0.0,False,False,22,4
652,0.4269,"[71.0, 529.9, 117.0, 625.1]",,,0.0,False,False,22,4
652,0.4099,"[1877.9, 610.9, 1934.6, 762.8]",,,0.0,False,False,22,4
652,0.3952,"[1042.2, 490.4, 1057.1, 525.5]",,,0.0,False,False,22,4
652,0.3748,"[1640.2, 515.7, 1656.5, 554.9]",472,"[1639.915147359861, 515.473652262177, 1656.3675674838892, 556.5430713706355]",0.9294,True,False,22,4
652,0.3488,"[1514.7, 509.3, 1530.9, 551.1]",,,0.0,False,False,22,4
652,0.32,"[1260.9, 513.0, 1279.8, 559.6]",450,"[1262.757665122199, 512.8398679494483, 1280.2037606590513, 557.4170900583644]",0.8402,True,False,22,4
652,0.3191,"[1143.5, 493.8, 1162.4, 539.0]",465,"[1159.873750101055, 504.6492665573097, 1181.180449117695, 564.8331553176903]",0.0414,False,False,22,4
652,0.2766,"[1499.9, 505.9, 1518.8, 547.8]",,,0.0,False,False,22,4
652,0.2641,"[1759.1, 519.4, 1778.0, 562.6]",,,0.0,False,False,22,4
652,0.2507,"[233.0, 523.8, 269.2, 626.4]",,,0.0,False,False,22,4
652,0.1657,"[270.5, 466.4, 292.4, 523.8]",,,0.0,False,False,22,4
652,0.1516,"[1117.8, 496.8, 1135.4, 531.9]",,,0.0,False,False,22,4
652,0.1498,"[1803.6, 516.0, 1822.5, 560.6]",,,0.0,False,False,22,4
652,0.1424,"[785.7, 951.1, 837.0, 1057.7]",,,0.0,False,False,22,4
652,0.1368,"[-15.5, 529.2, 17.3, 609.5]",,,0.0,False,False,22,4
652,0.1299,"[1151.6, 495.8, 1166.4, 533.6]",465,"[1159.873750101055, 504.6492665573097, 1181.180449117695, 564.8331553176903]",0.1141,False,False,22,4
652,0.1225,"[1428.3, 512.0, 1447.2, 555.2]",,,0.0,False,False,22,4
652,0.1075,"[1850.9, 516.4, 1869.8, 562.3]",,,0.0,False,False,22,4
652,0.101,"[913.3, 487.0, 929.5, 518.1]",,,0.0,False,False,22,4
653,0.5542,"[239.5, 521.1, 269.5, 608.2]",,,0.0,False,False,21,2
653,0.5381,"[128.8, 523.8, 166.4, 637.9]",18,"[121.45134405863051, 524.8800931360985, 166.6409716151976, 639.1465181920265]",0.817,True,False,21,2
653,0.4974,"[1141.4, 492.1, 1157.6, 533.9]",,,0.0,False,False,21,2
653,0.4663,"[1625.4, 513.3, 1641.6, 552.5]",,,0.0,False,False,21,2
653,0.4459,"[1427.0, 513.0, 1445.9, 552.8]",,,0.0,False,False,21,2
653,0.4039,"[1390.5, 505.2, 1406.7, 543.0]",,,0.0,False,False,21,2
653,0.3486,"[1040.2, 492.4, 1055.0, 525.5]",,,0.0,False,False,21,2
653,0.338,"[1640.2, 513.0, 1656.5, 552.2]",,,0.0,False,False,21,2
653,0.3285,"[1150.9, 494.1, 1165.7, 534.6]",,,0.0,False,False,21,2
653,0.3176,"[1760.4, 517.0, 1776.6, 559.6]",,,0.0,False,False,21,2
653,0.2224,"[94.5, 517.0, 125.7, 594.0]",18,"[121.45134405863051, 524.8800931360985, 166.6409716151976, 639.1465181920265]",0.0406,False,False,21,2
653,0.2178,"[1118.5, 498.2, 1134.7, 533.9]",,,0.0,False,False,21,2
653,0.2032,"[1711.8, 515.7, 1733.4, 556.9]",,,0.0,False,False,21,2
653,0.1771,"[1498.5, 507.6, 1514.7, 546.8]",,,0.0,False,False,21,2
653,0.1517,"[266.5, 471.8, 289.1, 526.5]",,,0.0,False,False,21,2
653,0.147,"[1259.6, 511.7, 1279.8, 564.3]",,,0.0,False,False,21,2
653,0.1433,"[799.9, 492.8, 825.5, 554.9]",,,0.0,False,False,21,2
653,0.1417,"[1382.4, 503.2, 1398.6, 539.7]",,,0.0,False,False,21,2
653,0.1231,"[1802.2, 513.0, 1821.2, 557.5]",,,0.0,False,False,21,2
653,0.1115,"[1854.9, 515.4, 1871.1, 559.9]",,,0.0,False,False,21,2
653,0.1018,"[1563.3, 514.0, 1582.2, 554.5]",,,0.0,False,False,21,2
654,0.5516,"[1643.0, 520.4, 1656.5, 556.9]",,,0.0,False,False,23,0
654,0.5376,"[125.7, 526.2, 162.8, 638.2]",,,0.0,False,False,23,0
654,0.4753,"[1142.8, 492.1, 1159.0, 534.6]",,,0.0,False,False,23,0
654,0.4606,"[1498.5, 510.0, 1514.7, 550.5]",,,0.0,False,False,23,0
654,0.442,"[1390.5, 510.6, 1406.7, 547.1]",,,0.0,False,False,23,0
654,0.4388,"[1517.4, 512.3, 1533.6, 554.2]",,,0.0,False,False,23,0
654,0.4343,"[1042.9, 492.4, 1056.4, 527.5]",,,0.0,False,False,23,0
654,0.4322,"[1427.0, 513.0, 1445.9, 554.9]",,,0.0,False,False,23,0
654,0.3739,"[1628.1, 519.8, 1641.6, 554.9]",,,0.0,False,False,23,0
654,0.3295,"[1761.8, 521.8, 1778.0, 564.3]",,,0.0,False,False,23,0
654,0.3068,"[231.4, 519.4, 263.4, 618.0]",,,0.0,False,False,23,0
654,0.2768,"[1120.5, 499.8, 1135.4, 535.6]",,,0.0,False,False,23,0
654,0.2646,"[1146.8, 494.8, 1165.7, 537.3]",,,0.0,False,False,23,0
654,0.2527,"[265.1, 471.8, 287.7, 525.8]",,,0.0,False,False,23,0
654,0.2361,"[56.1, 534.3, 104.0, 628.8]",,,0.0,False,False,23,0
654,0.2043,"[1261.6, 514.7, 1280.5, 563.3]",,,0.0,False,False,23,0
654,0.1356,"[801.2, 495.1, 825.5, 553.8]",,,0.0,False,False,23,0
654,0.1354,"[1152.2, 499.8, 1165.7, 532.9]",,,0.0,False,False,23,0
654,0.1269,"[1713.2, 519.1, 1734.8, 561.6]",,,0.0,False,False,23,0
654,0.1237,"[984.8, 490.1, 1002.4, 531.2]",,,0.0,False,False,23,0
654,0.1203,"[911.9, 491.7, 928.1, 520.8]",,,0.0,False,False,23,0
654,0.1115,"[1323.0, 514.0, 1347.3, 580.2]",,,0.0,False,False,23,0
654,0.1018,"[1803.6, 520.8, 1822.5, 561.9]",,,0.0,False,False,23,0
655,0.5574,"[1497.2, 510.3, 1513.4, 548.1]",,,0.0,False,False,20,1
655,0.5034,"[234.2, 517.7, 261.9, 608.9]",,,0.0,False,False,20,1
655,0.4214,"[1150.9, 497.8, 1164.4, 531.6]",,,0.0,False,False,20,1
655,0.4065,"[120.5, 527.2, 156.6, 639.2]",,,0.0,False,False,20,1
655,0.3136,"[1041.5, 492.1, 1056.4, 526.5]",,,0.0,False,False,20,1
655,0.31,"[48.9, 533.6, 97.9, 630.1]",,,0.0,False,False,20,1
655,0.2741,"[1141.4, 494.4, 1156.3, 529.5]",,,0.0,False,False,20,1
655,0.2732,"[263.9, 471.5, 286.2, 525.5]",,,0.0,False,False,20,1
655,0.2551,"[1119.2, 499.2, 1134.0, 534.9]",,,0.0,False,False,20,1
655,0.2454,"[1760.4, 518.7, 1779.3, 561.3]",,,0.0,False,False,20,1
655,0.2285,"[1380.4, 504.9, 1395.9, 541.4]",,,0.0,False,False,20,1
655,0.2201,"[832.3, 495.1, 845.8, 522.8]",,,0.0,False,False,20,1
655,0.206,"[1144.8, 492.8, 1161.0, 531.2]",,,0.0,False,False,20,1
655,0.1844,"[1714.5, 517.0, 1736.1, 562.3]",,,0.0,False,False,20,1
655,0.1492,"[1532.2, 505.6, 1551.2, 554.9]",,,0.0,False,False,20,1
655,0.1405,"[1115.8, 498.5, 1132.0, 535.6]",,,0.0,False,False,20,1
655,0.1121,"[1805.0, 517.7, 1823.9, 559.6]",,,0.0,False,False,20,1
655,0.1086,"[111.0, 529.9, 152.7, 639.9]",,,0.0,False,False,20,1
655,0.1048,"[1896.8, 627.1, 1940.0, 752.0]",232,"[1897.307206674849, 623.1370683464414, 1951.4520706689011, 775.5445722785586]",0.6399,True,False,20,1
655,0.1033,"[1255.5, 513.0, 1279.8, 569.7]",,,0.0,False,False,20,1
656,0.5786,"[1427.0, 510.3, 1445.9, 554.9]",,,0.0,False,False,21,0
656,0.4811,"[1148.9, 496.1, 1163.7, 531.9]",,,0.0,False,False,21,0
656,0.4385,"[113.7, 531.6, 147.7, 638.2]",,,0.0,False,False,21,0
656,0.428,"[1497.2, 510.3, 1513.4, 548.8]",,,0.0,False,False,21,0
656,0.3597,"[1714.5, 519.4, 1736.1, 566.0]",,,0.0,False,False,21,0
656,0.3531,"[1260.9, 515.0, 1279.8, 565.0]",,,0.0,False,False,21,0
656,0.3301,"[1240.0, 504.9, 1258.9, 549.5]",,,0.0,False,False,21,0
656,0.3281,"[1119.2, 499.5, 1134.0, 539.3]",,,0.0,False,False,21,0
656,0.2731,"[1761.8, 520.1, 1780.7, 562.6]",,,0.0,False,False,21,0
656,0.2355,"[260.6, 472.2, 281.5, 525.5]",,,0.0,False,False,21,0
656,0.2246,"[270.5, 468.8, 292.4, 524.8]",,,0.0,False,False,21,0
656,0.1703,"[831.6, 496.5, 843.8, 524.1]",,,0.0,False,False,21,0
656,0.1697,"[1142.8, 495.5, 1157.6, 531.9]",,,0.0,False,False,21,0
656,0.1615,"[1593.0, 526.2, 1622.7, 584.9]",,,0.0,False,False,21,0
656,0.1525,"[1111.7, 496.8, 1126.6, 536.6]",,,0.0,False,False,21,0
656,0.1498,"[907.2, 487.4, 926.1, 522.5]",,,0.0,False,False,21,0
656,0.1437,"[1327.7, 513.0, 1348.0, 565.7]",,,0.0,False,False,21,0
656,0.1139,"[1256.9, 514.0, 1279.8, 574.1]",,,0.0,False,False,21,0
656,0.1109,"[-4.5, 549.8, 31.8, 636.9]",,,0.0,False,False,21,0
656,0.1054,"[1308.8, 513.3, 1329.1, 568.0]",,,0.0,False,False,21,0
656,0.105,"[45.0, 534.6, 91.6, 629.8]",,,0.0,False,False,21,0
657,0.4504,"[1147.5, 495.5, 1163.7, 532.6]",,,0.0,False,False,19,0
657,0.4179,"[113.8, 530.2, 151.1, 640.9]",,,0.0,False,False,19,0
657,0.274,"[1119.2, 498.8, 1134.0, 536.0]",,,0.0,False,False,19,0
657,0.2704,"[1497.2, 510.3, 1513.4, 548.8]",,,0.0,False,False,19,0
657,0.2633,"[259.2, 471.8, 280.8, 524.5]",,,0.0,False,False,19,0
657,0.2354,"[1240.0, 504.6, 1258.9, 549.1]",,,0.0,False,False,19,0
657,0.2328,"[1775.2, 516.4, 1794.2, 560.2]",,,0.0,False,False,19,0
657,0.22,"[1764.5, 521.1, 1780.7, 563.0]",,,0.0,False,False,19,0
657,0.1752,"[1253.5, 511.3, 1280.5, 577.5]",,,0.0,False,False,19,0
657,0.1735,"[1260.2, 512.3, 1280.5, 565.0]",,,0.0,False,False,19,0
657,0.1719,"[830.9, 496.5, 844.4, 525.5]",,,0.0,False,False,19,0
657,0.1581,"[904.5, 484.0, 926.1, 522.5]",,,0.0,False,False,19,0
657,0.148,"[1714.5, 519.8, 1738.8, 571.7]",,,0.0,False,False,19,0
657,0.1409,"[268.8, 471.2, 290.8, 523.8]",,,0.0,False,False,19,0
657,0.1325,"[1809.0, 521.1, 1827.9, 560.2]",,,0.0,False,False,19,0
657,0.1164,"[-10.3, 548.8, 25.4, 639.9]",,,0.0,False,False,19,0
657,0.1148,"[39.3, 534.9, 88.1, 632.8]",,,0.0,False,False,19,0
657,0.1116,"[53.7, 545.4, 89.5, 632.5]",,,0.0,False,False,19,0
657,0.1026,"[1603.8, 512.0, 1620.0, 559.9]",,,0.0,False,False,19,0
658,0.504,"[107.5, 527.2, 146.0, 639.2]",,,0.0,False,False,14,2
658,0.4575,"[1688.9, 522.5, 1710.5, 579.8]",461,"[1691.6583404903215, 523.3703331572535, 1716.4285735721785, 584.1487098114965]",0.63,True,False,14,2
658,0.4073,"[152.6, 522.8, 194.1, 627.4]",,,0.0,False,False,14,2
658,0.3523,"[1427.0, 510.6, 1445.9, 557.9]",,,0.0,False,False,14,2
658,0.3024,"[255.5, 471.2, 277.8, 525.2]",,,0.0,False,False,14,2
658,0.2998,"[1147.5, 496.5, 1163.7, 533.6]",,,0.0,False,False,14,2
658,0.2456,"[-16.2, 541.4, 19.4, 640.6]",,,0.0,False,False,14,2
658,0.2434,"[902.5, 479.9, 925.4, 523.1]",,,0.0,False,False,14,2
658,0.17,"[1119.8, 499.5, 1133.3, 534.6]",,,0.0,False,False,14,2
658,0.1462,"[1764.5, 520.1, 1780.7, 564.0]",,,0.0,False,False,14,2
658,0.1461,"[1241.3, 503.6, 1258.9, 548.1]",,,0.0,False,False,14,2
658,0.1424,"[1497.2, 511.3, 1510.7, 547.8]",,,0.0,False,False,14,2
658,0.1346,"[267.8, 469.5, 292.4, 525.5]",,,0.0,False,False,14,2
658,0.1179,"[1810.4, 520.8, 1829.2, 559.9]",,,0.0,False,False,14,2
659,0.4344,"[-16.0, 537.6, 18.7, 640.2]",,,0.0,False,False,12,1
659,0.4201,"[420.5, 517.0, 453.6, 602.8]",,,0.0,False,False,12,1
659,0.4191,"[253.6, 470.8, 276.6, 525.5]",,,0.0,False,False,12,1
659,0.3113,"[102.6, 515.7, 137.0, 633.2]",,,0.0,False,False,12,1
659,0.2747,"[1146.2, 492.8, 1163.7, 534.6]",,,0.0,False,False,12,1
659,0.2199,"[1241.3, 502.9, 1260.2, 550.1]",,,0.0,False,False,12,1
659,0.2081,"[33.2, 532.6, 86.3, 631.8]",,,0.0,False,False,12,1
659,0.1975,"[1428.3, 511.3, 1447.2, 557.9]",,,0.0,False,False,12,1
659,0.1968,"[1672.7, 524.5, 1694.2, 583.2]",436,"[1671.727646928053, 528.253290819284, 1695.072890181322, 585.4685109385285]",0.8374,True,False,12,1
659,0.1933,"[1119.2, 498.5, 1134.0, 534.3]",,,0.0,False,False,12,1
659,0.1492,"[266.1, 468.8, 289.4, 525.5]",,,0.0,False,False,12,1
659,0.1316,"[1765.8, 519.8, 1784.7, 561.6]",,,0.0,False,False,12,1
660,0.5641,"[1710.5, 575.1, 1753.7, 695.9]",,,0.0021,False,False,12,2
660,0.5531,"[1295.3, 501.2, 1310.2, 531.6]",476,"[1296.0365033410062, 500.2059927232333, 1311.4229693152436, 531.4588021986417]",0.8493,True,False,12,2
660,0.5073,"[93.3, 525.5, 133.5, 646.3]",,,0.0,False,False,12,2
660,0.3654,"[252.1, 470.1, 275.7, 524.1]",,,0.0,False,False,12,2
660,0.3302,"[417.2, 514.7, 450.9, 601.8]",,,0.0,False,False,12,2
660,0.3241,"[30.2, 537.6, 84.0, 632.1]",,,0.0,False,False,12,2
660,0.3071,"[1244.0, 503.2, 1261.6, 547.8]",,,0.0,False,False,12,2
660,0.2622,"[1765.8, 520.1, 1784.7, 561.9]",,,0.0,False,False,12,2
660,0.2531,"[1698.3, 521.1, 1722.6, 584.6]",461,"[1690.4489572557688, 523.0695428320632, 1713.4299489942314, 579.7765265038744]",0.4318,True,False,12,2
660,0.199,"[1691.6, 519.1, 1713.2, 581.9]",461,"[1690.4489572557688, 523.0695428320632, 1713.4299489942314, 579.7765265038744]",0.854,True,False,12,2
660,0.139,"[1145.5, 493.8, 1163.0, 534.3]",,,0.0,False,False,12,2
660,0.1251,"[1119.2, 499.2, 1134.0, 539.0]",,,0.0,False,False,12,2
661,0.5109,"[1640.2, 573.8, 1705.1, 702.0]",314,"[1653.5303293928448, 586.5418101787, 1711.5038502946552, 725.1693714619249]",0.572,True,False,16,3
661,0.5023,"[1148.2, 491.4, 1164.4, 530.5]",,,0.0,False,False,16,3
661,0.4744,"[1043.6, 492.8, 1061.1, 529.9]",472,"[1045.2711211557007, 491.9102057030446, 1060.3287323599243, 530.7082025000805]",0.826,True,False,16,3
661,0.3743,"[1244.7, 500.9, 1263.6, 546.1]",,,0.0,False,False,16,3
661,0.3265,"[1512.0, 507.6, 1530.9, 552.8]",,,0.0,False,False,16,3
661,0.3012,"[1490.4, 505.6, 1509.3, 544.0]",,,0.0,False,False,16,3
661,0.2882,"[251.4, 466.8, 274.7, 520.8]",,,0.0,False,False,16,3
661,0.2776,"[1425.6, 507.9, 1447.2, 558.6]",,,0.0,False,False,16,3
661,0.2517,"[415.1, 512.7, 449.6, 600.4]",,,0.0,False,False,16,3
661,0.2459,"[1702.4, 519.8, 1724.0, 587.9]",,,0.0013,False,False,16,3
661,0.1796,"[90.2, 522.5, 126.5, 641.9]",,,0.0,False,False,16,3
661,0.1775,"[159.5, 528.2, 196.3, 638.2]",,,0.0,False,False,16,3
661,0.1773,"[1722.6, 516.7, 1741.5, 557.2]",,,0.0,False,False,16,3
661,0.1347,"[1638.9, 572.4, 1687.5, 699.3]",314,"[1653.5303293928448, 586.5418101787, 1711.5038502946552, 725.1693714619249]",0.3692,True,False,16,3
661,0.1222,"[21.5, 532.6, 78.0, 631.1]",,,0.0,False,False,16,3
661,0.1212,"[1768.5, 517.4, 1787.4, 558.6]",,,0.0,False,False,16,3
662,0.5137,"[1651.1, 589.3, 1705.1, 716.9]",,,0.0,False,False,12,1
662,0.3863,"[409.4, 516.0, 445.2, 606.5]",,,0.0,False,False,12,1
662,0.3845,"[1044.2, 491.7, 1060.4, 529.5]",,,0.0,False,False,12,1
662,0.366,"[1148.9, 493.4, 1165.1, 531.2]",,,0.0,False,False,12,1
662,0.3308,"[1427.0, 509.3, 1445.9, 558.6]",,,0.0,False,False,12,1
662,0.3267,"[1513.4, 505.6, 1532.2, 552.8]",,,0.0,False,False,12,1
662,0.3121,"[1299.4, 497.8, 1312.9, 530.9]",476,"[1297.00204164596, 498.36262433277824, 1312.5089446821648, 530.0242164875342]",0.7972,True,False,12,1
662,0.2546,"[14.6, 534.6, 71.2, 632.5]",,,0.0,False,False,12,1
662,0.2114,"[1489.1, 504.2, 1508.0, 544.0]",,,0.0,False,False,12,1
662,0.1669,"[247.4, 466.8, 272.0, 522.1]",,,0.0,False,False,12,1
662,0.1494,"[1721.2, 516.0, 1742.9, 560.6]",,,0.0,False,False,12,1
662,0.1415,"[1769.9, 516.4, 1788.8, 560.2]",,,0.0,False,False,12,1
663,0.4707,"[1724.0, 570.0, 1767.2, 697.3]",366,"[1722.532699954215, 573.2942859669021, 1786.508315670785, 725.0962169627854]",0.5436,True,False,17,1
663,0.4322,"[1425.6, 499.8, 1447.2, 557.2]",,,0.0,False,False,17,1
663,0.3764,"[1513.4, 504.9, 1532.2, 550.8]",,,0.0,False,False,17,1
663,0.3131,"[1149.5, 489.4, 1164.4, 529.2]",,,0.0,False,False,17,1
663,0.284,"[1142.1, 489.4, 1157.0, 530.5]",,,0.0,False,False,17,1
663,0.2763,"[1143.5, 489.7, 1161.0, 532.2]",,,0.0,False,False,17,1
663,0.2457,"[1773.9, 505.6, 1800.9, 556.9]",,,0.0,False,False,17,1
663,0.2352,"[11.8, 534.3, 65.8, 632.1]",,,0.0,False,False,17,1
663,0.2343,"[1044.2, 491.7, 1060.4, 530.2]",,,0.0,False,False,17,1
663,0.2311,"[137.1, 521.1, 180.1, 641.9]",,,0.0,False,False,17,1
663,0.2221,"[154.6, 495.5, 190.9, 602.8]",,,0.0,False,False,17,1
663,0.1659,"[1611.9, 505.9, 1630.8, 553.8]",,,0.0,False,False,17,1
663,0.1645,"[72.1, 521.4, 118.3, 642.9]",,,0.0,False,False,17,1
663,0.1644,"[408.7, 513.7, 443.8, 605.5]",,,0.0,False,False,17,1
663,0.1359,"[1198.1, 491.4, 1214.3, 534.6]",,,0.0,False,False,17,1
663,0.1244,"[257.9, 465.8, 281.5, 519.8]",,,0.0,False,False,17,1
663,0.123,"[1300.7, 495.8, 1314.2, 528.2]",,,0.0,False,False,17,1
664,0.5054,"[261.9, 513.3, 302.1, 626.7]",423,"[260.6984920306648, 512.2840921416082, 302.30010416074145, 624.4109762177668]",0.9376,True,False,13,3
664,0.4442,"[1759.1, 513.3, 1783.4, 576.1]",470,"[1757.4070858750122, 512.217122975536, 1780.5699649062376, 574.4864903057139]",0.7966,True,False,13,3
664,0.424,"[1675.4, 521.1, 1697.0, 578.5]",,,0.0,False,False,13,3
664,0.3862,"[1141.4, 486.3, 1156.3, 530.9]",,,0.0,False,False,13,3
664,0.3814,"[1493.1, 504.6, 1509.3, 540.3]",,,0.0,False,False,13,3
664,0.2653,"[1150.2, 486.7, 1163.7, 525.8]",,,0.0,False,False,13,3
664,0.2577,"[4.1, 532.9, 61.8, 629.4]",,,0.0,False,False,13,3
664,0.2083,"[34.0, 511.7, 71.3, 605.5]",,,0.0,False,False,13,3
664,0.1978,"[400.6, 515.0, 439.1, 608.9]",,,0.0,False,False,13,3
664,0.1927,"[1394.6, 501.9, 1408.1, 539.7]",480,"[1393.7421328822397, 501.8486164372174, 1408.9907772740105, 539.8613445002826]",0.8804,True,False,13,3
664,0.1621,"[72.2, 519.1, 116.9, 639.2]",,,0.0,False,False,13,3
664,0.1558,"[1775.2, 504.9, 1802.2, 554.2]",470,"[1757.4070858750122, 512.217122975536, 1780.5699649062376, 574.4864903057139]",0.0876,False,False,13,3
664,0.1309,"[1113.8, 493.4, 1132.7, 538.0]",,,0.0,False,False,13,3
665,0.4561,"[256.7, 514.4, 294.8, 614.9]",,,0.0,False,False,14,3
665,0.451,"[1493.1, 504.6, 1509.3, 541.0]",,,0.0,False,False,14,3
665,0.3762,"[397.6, 516.0, 438.8, 610.5]",,,0.0,False,False,14,3
665,0.3689,"[1141.4, 485.3, 1157.6, 530.5]",,,0.0,False,False,14,3
665,0.3345,"[-35.6, 526.5, 17.3, 670.3]",427,"[-37.337242644380765, 521.4754233976083, 20.480995696138585, 673.6294350008293]",0.8646,True,False,14,3
665,0.2762,"[-8.5, 530.5, 52.6, 635.2]",427,"[-37.337242644380765, 521.4754233976083, 20.480995696138585, 673.6294350008293]",0.2495,False,False,14,3
665,0.2554,"[1311.5, 505.2, 1334.5, 562.6]",,,0.0,False,False,14,3
665,0.251,"[1760.4, 514.0, 1782.0, 576.8]",464,"[1740.1143552258532, 509.57434189837466, 1766.388818602272, 576.7199696250628]",0.1368,False,False,14,3
665,0.2404,"[1149.5, 486.7, 1163.0, 525.8]",,,0.0,False,False,14,3
665,0.2268,"[1748.2, 514.4, 1767.2, 570.4]",464,"[1740.1143552258532, 509.57434189837466, 1766.388818602272, 576.7199696250628]",0.5624,True,False,14,3
665,0.1752,"[1775.2, 510.3, 1794.2, 554.2]",,,0.0,False,False,14,3
665,0.1391,"[1256.2, 504.6, 1275.1, 554.5]",,,0.0,False,False,14,3
665,0.135,"[1634.9, 507.9, 1651.1, 547.8]",,,0.0,False,False,14,3
665,0.1302,"[1113.1, 493.1, 1132.0, 534.9]",,,0.0,False,False,14,3
666,0.5641,"[1697.0, 512.7, 1718.6, 572.1]",,,0.0,False,False,15,1
666,0.5453,"[253.3, 511.7, 292.4, 614.2]",,,0.0,False,False,15,1
666,0.5253,"[1141.4, 483.6, 1156.3, 523.5]",,,0.0,False,False,15,1
666,0.4315,"[1053.7, 484.7, 1067.2, 519.1]",,,0.0,False,False,15,1
666,0.3705,"[1241.3, 494.4, 1262.9, 549.1]",459,"[1242.6643704262583, 494.03627144711874, 1263.3561373862417, 547.4520098028812]",0.8861,True,False,15,1
666,0.3606,"[1634.9, 508.3, 1651.1, 544.7]",,,0.0,False,False,15,1
666,0.3488,"[1151.6, 485.0, 1165.1, 520.8]",,,0.0,False,False,15,1
666,0.298,"[1493.1, 499.5, 1509.3, 540.0]",,,0.0,False,False,15,1
666,0.2486,"[1114.4, 490.7, 1132.0, 526.5]",,,0.0,False,False,15,1
666,0.2004,"[1311.5, 499.5, 1334.5, 560.2]",,,0.0,False,False,15,1
666,0.1955,"[66.6, 520.4, 109.0, 635.2]",,,0.0,False,False,15,1
666,0.1945,"[1775.2, 505.6, 1796.9, 552.2]",,,0.0,False,False,15,1
666,0.154,"[26.5, 511.0, 61.1, 599.4]",,,0.0,False,False,15,1
666,0.1446,"[240.5, 466.4, 261.1, 515.0]",,,0.0,False,False,15,1
666,0.1039,"[899.8, 476.6, 921.4, 513.7]",,,0.0,False,False,15,1
667,0.4706,"[248.7, 508.3, 285.5, 608.9]",,,0.0,False,False,18,1
667,0.4259,"[37.8, 529.5, 74.7, 632.1]",,,0.0,False,False,18,1
667,0.375,"[1151.6, 486.7, 1165.1, 521.8]",,,0.0,False,False,18,1
667,0.3534,"[1053.7, 484.7, 1065.8, 518.4]",,,0.0,False,False,18,1
667,0.329,"[1522.8, 498.8, 1539.0, 544.7]",,,0.0,False,False,18,1
667,0.3261,"[1141.4, 484.0, 1154.9, 521.8]",,,0.0,False,False,18,1
667,0.3103,"[1637.6, 507.6, 1651.1, 543.4]",,,0.0,False,False,18,1
667,0.2923,"[1493.1, 497.5, 1509.3, 540.0]",,,0.0,False,False,18,1
667,0.227,"[1115.1, 491.1, 1131.3, 527.5]",,,0.0,False,False,18,1
667,0.2108,"[1394.6, 498.2, 1410.8, 539.3]",,,0.0,False,False,18,1
667,0.1814,"[23.2, 514.4, 54.5, 589.3]",,,0.0,False,False,18,1
667,0.1692,"[1055.0, 484.0, 1069.9, 519.1]",,,0.0,False,False,18,1
667,0.1616,"[1197.5, 488.4, 1213.7, 529.5]",,,0.0,False,False,18,1
667,0.1568,"[1899.5, 509.0, 1913.0, 552.2]",,,0.0,False,False,18,1
667,0.1385,"[1058.4, 485.3, 1071.9, 520.4]",,,0.0,False,False,18,1
667,0.1238,"[1149.5, 486.0, 1163.0, 523.8]",,,0.0,False,False,18,1
667,0.1083,"[1584.9, 498.8, 1601.1, 545.4]",,,0.0,False,False,18,1
667,0.1009,"[1579.5, 501.5, 1598.4, 546.8]",,,0.0,False,False,18,1
668,0.4567,"[1493.1, 497.1, 1509.3, 539.7]",,,0.0,False,False,20,2
668,0.447,"[35.9, 516.0, 86.1, 638.2]",481,"[37.923088331894604, 532.6404181147534, 88.32705662660149, 665.3465203618092]",0.6585,True,False,20,2
668,0.4434,"[1524.2, 498.8, 1540.4, 544.7]",,,0.0,False,False,20,2
668,0.414,"[1052.3, 485.3, 1065.8, 517.0]",,,0.0,False,False,20,2
668,0.39,"[1240.0, 535.3, 1281.8, 653.4]",425,"[1240.3510435212656, 535.673787307247, 1283.3806459318594, 653.379435349003]",0.9522,True,False,20,2
668,0.3536,"[1140.8, 483.3, 1155.6, 525.2]",,,0.0,False,False,20,2
668,0.2965,"[1115.1, 490.4, 1131.3, 528.2]",,,0.0,False,False,20,2
668,0.2776,"[1637.6, 506.3, 1651.1, 543.4]",,,0.0,False,False,20,2
668,0.2261,"[-14.1, 531.2, 31.0, 635.9]",,,0.0,False,False,20,2
668,0.2135,"[1152.2, 485.3, 1165.7, 522.5]",,,0.0,False,False,20,2
668,0.2007,"[0.2, 539.7, 39.4, 634.2]",481,"[37.923088331894604, 532.6404181147534, 88.32705662660149, 665.3465203618092]",0.0134,False,False,20,2
668,0.1899,"[564.0, 75.9, 905.2, 639.6]",,,0.0,False,False,20,2
668,0.1765,"[247.6, 461.7, 270.5, 515.7]",,,0.0,False,False,20,2
668,0.1756,"[1055.0, 485.0, 1069.9, 517.4]",,,0.0,False,False,20,2
668,0.1559,"[1057.7, 486.0, 1072.6, 518.4]",,,0.0,False,False,20,2
668,0.1529,"[244.2, 503.9, 281.3, 607.8]",,,0.0,False,False,20,2
668,0.134,"[469.5, 463.4, 497.1, 551.8]",,,0.0,False,False,20,2
668,0.1147,"[1899.5, 506.3, 1915.7, 552.2]",,,0.0,False,False,20,2
668,0.1114,"[1610.6, 500.9, 1629.5, 548.1]",,,0.0,False,False,20,2
668,0.1086,"[1572.8, 501.5, 1591.7, 547.4]",,,0.0,False,False,20,2
669,0.4104,"[1394.6, 500.5, 1410.8, 538.3]",480,"[1393.011917474473, 497.6297494766142, 1409.4971157286523, 538.8256948593233]",0.7777,True,False,20,3
669,0.3976,"[27.9, 520.4, 70.4, 634.5]",,,0.0,False,False,20,3
669,0.3921,"[1493.1, 497.8, 1509.3, 540.3]",,,0.0,False,False,20,3
669,0.3864,"[1034.1, 485.7, 1051.7, 528.2]",472,"[1033.617512214695, 484.7336655744966, 1051.285319816555, 529.2495497575346]",0.9112,True,False,20,3
669,0.3353,"[1636.2, 506.6, 1652.4, 543.7]",,,0.0,False,False,20,3
669,0.2648,"[173.1, 506.9, 208.2, 610.9]",462,"[173.16537146658135, 511.9480566266592, 207.05777306466862, 609.1665673967783]",0.9031,True,False,20,3
669,0.2583,"[1725.3, 516.7, 1746.9, 576.1]",,,0.0,False,False,20,3
669,0.256,"[1056.4, 486.0, 1073.9, 527.2]",,,0.0,False,False,20,3
669,0.2438,"[1522.8, 499.5, 1539.0, 544.7]",,,0.0,False,False,20,3
669,0.1941,"[-0.0, 539.7, 40.3, 633.5]",,,0.0,False,False,20,3
669,0.1933,"[1368.9, 490.4, 1383.8, 524.1]",,,0.0,False,False,20,3
669,0.1842,"[54.0, 522.5, 89.7, 631.1]",,,0.0,False,False,20,3
669,0.1456,"[1506.6, 43.9, 1630.8, 383.7]",,,0.0,False,False,20,3
669,0.1443,"[1055.7, 485.7, 1070.6, 520.8]",,,0.0,False,False,20,3
669,0.1369,"[1152.2, 488.0, 1165.7, 523.1]",,,0.0,False,False,20,3
669,0.1128,"[1900.8, 505.6, 1917.0, 551.5]",,,0.0,False,False,20,3
669,0.1094,"[1379.7, 79.2, 1479.6, 370.9]",,,0.0,False,False,20,3
669,0.1072,"[1113.8, 490.7, 1131.3, 531.2]",,,0.0,False,False,20,3
669,0.1072,"[1609.2, 500.9, 1630.8, 549.5]",,,0.0,False,False,20,3
669,0.1066,"[1655.1, 504.9, 1671.3, 547.4]",,,0.0,False,False,20,3
670,0.5128,"[1032.1, 484.3, 1051.0, 528.2]",,,0.0,False,False,23,1
670,0.4965,"[1394.6, 501.2, 1410.8, 537.6]",,,0.0,False,False,23,1
670,0.4595,"[1054.3, 487.4, 1069.2, 522.5]",,,0.0,False,False,23,1
670,0.3582,"[1637.6, 507.3, 1653.8, 544.4]",,,0.0,False,False,23,1
670,0.3487,"[1055.7, 487.0, 1073.2, 525.5]",,,0.0,False,False,23,1
670,0.3069,"[1602.5, 503.2, 1618.7, 550.5]",,,0.0,False,False,23,1
670,0.2957,"[47.5, 523.1, 87.4, 635.9]",,,0.0,False,False,23,1
670,0.2778,"[25.9, 524.5, 67.0, 641.2]",,,0.0,False,False,23,1
670,0.2408,"[1653.8, 507.6, 1670.0, 546.8]",,,0.0,False,False,23,1
670,0.2355,"[1153.6, 487.7, 1167.1, 523.5]",,,0.0,False,False,23,1
670,0.2353,"[1491.8, 496.5, 1508.0, 539.7]",,,0.0,False,False,23,1
670,0.2183,"[1726.7, 516.0, 1748.2, 574.1]",,,0.0,False,False,23,1
670,0.201,"[1522.8, 499.8, 1539.0, 543.7]",,,0.0,False,False,23,1
670,0.1852,"[1052.3, 486.0, 1067.2, 519.8]",,,0.0,False,False,23,1
670,0.1432,"[1140.1, 483.6, 1154.9, 521.4]",,,0.0,False,False,23,1
670,0.1408,"[337.7, 569.4, 394.2, 727.0]",,,0.0,False,False,23,1
670,0.1276,"[1250.8, 502.2, 1271.0, 556.9]",,,0.0,False,False,23,1
670,0.1167,"[242.0, 464.4, 265.6, 518.4]",,,0.0,False,False,23,1
670,0.1116,"[1061.1, 486.3, 1074.6, 521.4]",,,0.0,False,False,23,1
670,0.1089,"[4.3, 515.7, 37.4, 597.4]",,,0.0,False,False,23,1
670,0.1086,"[-1.2, 539.7, 37.2, 636.2]",,,0.0,False,False,23,1
670,0.1084,"[1114.4, 490.7, 1130.6, 529.9]",,,0.0,False,False,23,1
670,0.1064,"[223.1, 464.4, 243.7, 518.4]",,,0.0,False,False,23,1
671,0.5752,"[1726.7, 516.7, 1748.2, 573.4]",,,0.0,False,False,20,1
671,0.5138,"[1055.0, 486.3, 1072.6, 523.5]",,,0.0,False,False,20,1
671,0.4593,"[1637.6, 507.9, 1653.8, 545.1]",,,0.0,False,False,20,1
671,0.4539,"[1655.1, 507.9, 1671.3, 547.8]",,,0.0,False,False,20,1
671,0.4487,"[24.8, 519.8, 64.8, 642.6]",,,0.0,False,False,20,1
671,0.4143,"[163.4, 513.3, 196.1, 611.2]",462,"[163.28063297750003, 514.1907739937097, 197.15256404398437, 611.3934545219151]",0.9566,True,False,20,1
671,0.3218,"[1491.8, 496.5, 1508.0, 540.3]",,,0.0,False,False,20,1
671,0.2624,"[1765.8, 516.0, 1787.4, 572.1]",,,0.0,False,False,20,1
671,0.224,"[1030.7, 484.3, 1048.3, 527.5]",,,0.0,False,False,20,1
671,0.2065,"[44.7, 522.1, 95.4, 637.5]",,,0.0,False,False,20,1
671,0.2041,"[1154.2, 488.7, 1167.8, 524.5]",,,0.0,False,False,20,1
671,0.1984,"[-3.4, 529.9, 34.3, 635.2]",,,0.0,False,False,20,1
671,0.1717,"[1605.2, 503.2, 1624.1, 551.8]",,,0.0,False,False,20,1
671,0.1486,"[1525.5, 499.5, 1541.7, 544.0]",,,0.0,False,False,20,1
671,0.1367,"[0.5, 515.4, 33.5, 607.2]",,,0.0,False,False,20,1
671,0.1361,"[1260.9, 507.3, 1279.8, 556.5]",,,0.0,False,False,20,1
671,0.1347,"[1113.1, 490.1, 1130.6, 529.2]",,,0.0,False,False,20,1
671,0.1306,"[1139.4, 485.0, 1154.2, 523.5]",,,0.0,False,False,20,1
671,0.1282,"[779.0, 511.0, 808.7, 579.2]",,,0.0,False,False,20,1
671,0.1064,"[1597.1, 503.6, 1613.2, 549.5]",,,0.0,False,False,20,1
672,0.3888,"[1394.6, 500.9, 1410.8, 538.0]",,,0.0,False,False,17,1
672,0.3496,"[1154.2, 487.0, 1169.1, 524.8]",,,0.0,False,False,17,1
672,0.2928,"[240.5, 464.1, 264.8, 516.0]",,,0.0,False,False,17,1
672,0.2884,"[1028.7, 483.6, 1049.0, 528.2]",,,0.0,False,False,17,1
672,0.2714,"[1603.8, 504.2, 1620.0, 551.5]",,,0.0,False,False,17,1
672,0.2512,"[1260.2, 505.6, 1279.1, 559.6]",,,0.0,False,False,17,1
672,0.2498,"[1490.4, 495.1, 1506.6, 541.0]",,,0.0,False,False,17,1
672,0.2181,"[1779.3, 511.3, 1795.5, 556.5]",,,0.0,False,False,17,1
672,0.2109,"[1113.8, 489.4, 1130.0, 527.9]",,,0.0,False,False,17,1
672,0.1999,"[-12.5, 523.8, 28.6, 641.9]",,,0.0,False,False,17,1
672,0.1814,"[1520.1, 499.2, 1536.3, 543.7]",,,0.0,False,False,17,1
672,0.1718,"[1138.7, 484.3, 1153.6, 522.1]",,,0.0,False,False,17,1
672,0.1587,"[1594.4, 504.9, 1610.6, 549.5]",,,0.0,False,False,17,1
672,0.1357,"[158.4, 511.3, 191.4, 611.9]",,,0.0,False,False,17,1
672,0.1343,"[1233.9, 499.2, 1274.4, 566.7]",,,0.0,False,False,17,1
672,0.1166,"[1409.4, 492.8, 1425.6, 527.2]",,,0.0,False,False,17,1
672,0.1091,"[785.0, 489.4, 808.0, 549.5]",,,0.0,False,False,17,1
673,0.4993,"[1275.1, 500.5, 1304.8, 566.0]",447,"[1284.7041095446427, 504.52347936065013, 1310.889884595982, 564.2996407565374]",0.5193,True,False,24,6
673,0.484,"[1683.5, 519.1, 1705.1, 577.1]",436,"[1681.5394824457721, 519.0539405910187, 1704.7708202886029, 578.3142234714813]",0.8886,True,False,24,6
673,0.459,"[1508.0, 499.5, 1526.9, 546.1]",482,"[1508.306230601151, 500.07865410724213, 1525.9281443988493, 545.9547931583829]",0.9184,True,False,24,6
673,0.4468,"[1408.1, 485.7, 1427.0, 528.2]",,,0.0,False,False,24,6
673,0.434,"[21.9, 519.4, 83.4, 648.3]",481,"[22.73172467269077, 521.9421618256115, 73.14931780777798, 652.9440686431385]",0.7805,True,False,24,6
673,0.4157,"[152.3, 497.5, 190.5, 613.6]",,,0.0,False,False,24,6
673,0.4048,"[1138.7, 484.0, 1153.6, 525.8]",,,0.0,False,False,24,6
673,0.3742,"[1157.0, 486.3, 1170.5, 522.8]",,,0.0,False,False,24,6
673,0.3111,"[-14.8, 526.8, 26.3, 658.5]",481,"[22.73172467269077, 521.9421618256115, 73.14931780777798, 652.9440686431385]",0.039,False,False,24,6
673,0.3054,"[1836.0, 583.5, 1884.6, 696.6]",390,"[1826.5220836302497, 579.0600050649603, 1887.8717151978753, 726.9326707162896]",0.6057,True,False,24,6
673,0.3029,"[1233.2, 492.8, 1275.1, 570.4]",,,0.0,False,False,24,6
673,0.2952,"[1601.1, 503.9, 1620.0, 553.2]",,,0.0,False,False,24,6
673,0.2663,"[1830.6, 579.8, 1887.3, 721.6]",390,"[1826.5220836302497, 579.0600050649603, 1887.8717151978753, 726.9326707162896]",0.8859,True,False,24,6
673,0.263,"[1728.0, 516.0, 1752.3, 575.4]",,,0.0,False,False,24,6
673,0.2624,"[1027.3, 485.3, 1047.6, 529.2]",,,0.0,False,False,24,6
673,0.2469,"[1593.0, 505.6, 1609.2, 551.5]",,,0.0,False,False,24,6
673,0.2459,"[-24.9, 526.8, 21.5, 666.6]",,,0.0,False,False,24,6
673,0.2198,"[1783.4, 509.6, 1799.6, 553.5]",,,0.0,False,False,24,6
673,0.1567,"[1491.8, 496.5, 1508.0, 541.0]",,,0.0,False,False,24,6
673,0.1541,"[1138.1, 486.0, 1155.6, 533.9]",,,0.0,False,False,24,6
673,0.1401,"[1309.5, 490.4, 1324.4, 525.5]",447,"[1284.7041095446427, 504.52347936065013, 1310.889884595982, 564.2996407565374]",0.0142,False,False,24,6
673,0.131,"[1259.6, 508.3, 1300.1, 600.1]",447,"[1284.7041095446427, 504.52347936065013, 1310.889884595982, 564.2996407565374]",0.1944,False,False,24,6
673,0.1236,"[1113.1, 491.1, 1129.3, 530.9]",,,0.0,False,False,24,6
673,0.1052,"[1520.1, 499.2, 1536.3, 545.1]",482,"[1508.306230601151, 500.07865410724213, 1525.9281443988493, 545.9547931583829]",0.2033,False,False,24,6
674,0.5776,"[1508.0, 500.2, 1526.9, 544.0]",,,0.0,False,False,23,0
674,0.4549,"[1235.2, 486.0, 1278.5, 579.2]",,,0.0,False,False,23,0
674,0.4535,"[1314.2, 487.4, 1335.8, 543.4]",,,0.0,False,False,23,0
674,0.4357,"[149.4, 503.2, 185.6, 613.9]",,,0.0,False,False,23,0
674,0.3566,"[16.4, 522.8, 76.3, 638.9]",,,0.0,False,False,23,0
674,0.3099,"[1601.1, 503.6, 1620.0, 552.2]",,,0.0,False,False,23,0
674,0.28,"[1139.4, 483.0, 1154.2, 524.8]",,,0.0,False,False,23,0
674,0.259,"[1242.0, 515.0, 1286.6, 614.9]",,,0.0,False,False,23,0
674,0.2366,"[1274.4, 499.8, 1302.8, 565.3]",,,0.0,False,False,23,0
674,0.2246,"[1359.5, 482.0, 1378.4, 525.2]",,,0.0,False,False,23,0
674,0.2182,"[1782.0, 510.3, 1798.2, 555.5]",,,0.0,False,False,23,0
674,0.2168,"[1491.8, 496.1, 1508.0, 540.7]",,,0.0,False,False,23,0
674,0.1938,"[27.7, 525.5, 79.9, 627.4]",,,0.0,False,False,23,0
674,0.189,"[1157.0, 485.0, 1170.5, 521.4]",,,0.0,False,False,23,0
674,0.1737,"[1597.1, 503.9, 1613.2, 550.5]",,,0.0,False,False,23,0
674,0.1707,"[1240.0, 506.9, 1279.1, 581.9]",,,0.0,False,False,23,0
674,0.1692,"[1594.4, 504.2, 1610.6, 549.5]",,,0.0,False,False,23,0
674,0.1612,"[1025.3, 484.3, 1045.6, 528.2]",,,0.0,False,False,23,0
674,0.1395,"[1113.1, 490.4, 1130.6, 531.6]",,,0.0,False,False,23,0
674,0.1289,"[1520.1, 498.8, 1536.3, 544.0]",,,0.0,False,False,23,0
674,0.1236,"[1263.6, 514.7, 1301.4, 609.2]",,,0.0,False,False,23,0
674,0.11,"[1394.6, 493.8, 1410.8, 537.6]",,,0.0,False,False,23,0
674,0.1069,"[1310.2, 487.7, 1327.7, 534.3]",,,0.0,False,False,23,0
675,0.5699,"[1246.1, 516.7, 1296.0, 620.0]",425,"[1243.9016281308375, 515.9879627693471, 1294.8093093691625, 656.746900511903]",0.6909,True,False,26,3
675,0.54,"[1239.3, 492.1, 1277.1, 582.5]",425,"[1243.9016281308375, 515.9879627693471, 1294.8093093691625, 656.746900511903]",0.2637,False,False,26,3
675,0.5225,"[1272.4, 497.8, 1302.1, 567.3]",425,"[1243.9016281308375, 515.9879627693471, 1294.8093093691625, 656.746900511903]",0.1426,False,False,26,3
675,0.5194,"[1022.6, 485.0, 1042.9, 530.2]",,,0.0,False,False,26,3
675,0.5172,"[1508.0, 500.5, 1526.9, 544.4]",,,0.0,False,False,26,3
675,0.4306,"[1640.2, 508.6, 1656.5, 547.8]",473,"[1640.3483689304346, 508.73402452866185, 1655.6733595851906, 547.2579188307132]",0.9309,True,False,26,3
675,0.4207,"[1656.5, 509.3, 1672.7, 549.1]",,,0.0,False,False,26,3
675,0.3902,"[-21.3, 542.4, 28.4, 687.5]",440,"[-30.672749597705522, 538.3368652627097, 31.09487446037642, 687.0001708701028]",0.7807,True,False,26,3
675,0.3414,"[1395.9, 480.9, 1417.5, 536.3]",,,0.0,False,False,26,3
675,0.3352,"[1313.6, 489.4, 1336.5, 544.7]",,,0.0,False,False,26,3
675,0.3258,"[1406.7, 488.0, 1425.6, 529.9]",,,0.0,False,False,26,3
675,0.3106,"[143.8, 499.8, 179.6, 615.9]",,,0.0,False,False,26,3
675,0.2974,"[1404.0, 486.0, 1422.9, 533.2]",,,0.0,False,False,26,3
675,0.2639,"[1358.1, 482.0, 1379.7, 528.5]",,,0.0,False,False,26,3
675,0.2614,"[1244.7, 517.4, 1298.7, 657.1]",425,"[1243.9016281308375, 515.9879627693471, 1294.8093093691625, 656.746900511903]",0.9037,True,False,26,3
675,0.1958,"[1139.4, 487.7, 1155.6, 531.6]",,,0.0,False,False,26,3
675,0.1729,"[1784.7, 508.6, 1800.9, 553.8]",,,0.0,False,False,26,3
675,0.16,"[1709.1, 507.6, 1730.7, 559.6]",,,0.0,False,False,26,3
675,0.1491,"[1263.6, 514.7, 1300.1, 602.4]",425,"[1243.9016281308375, 515.9879627693471, 1294.8093093691625, 656.746900511903]",0.3519,True,False,26,3
675,0.1442,"[1112.4, 493.1, 1130.0, 533.6]",,,0.0,False,False,26,3
675,0.1426,"[1312.9, 489.4, 1330.4, 531.2]",,,0.0,False,False,26,3
675,0.131,"[1602.5, 506.6, 1618.7, 552.5]",,,0.0,False,False,26,3
675,0.1271,"[1490.4, 498.8, 1506.6, 542.0]",,,0.0,False,False,26,3
675,0.1174,"[1711.8, 505.9, 1730.7, 548.4]",,,0.0,False,False,26,3
675,0.1089,"[1156.3, 494.8, 1168.4, 526.5]",,,0.0,False,False,26,3
675,0.1026,"[1108.3, 492.1, 1127.2, 533.9]",,,0.0,False,False,26,3
676,0.5787,"[1656.5, 506.9, 1672.7, 548.8]",,,0.0,False,False,28,4
676,0.5395,"[1784.7, 510.3, 1800.9, 553.5]",,,0.0,False,False,28,4
676,0.5161,"[17.1, 524.8, 62.1, 630.1]",481,"[24.811277873149617, 517.6837873372015, 69.74994038856913, 629.2546892252986]",0.6644,True,False,28,4
676,0.498,"[142.3, 497.1, 179.2, 614.6]",,,0.0,False,False,28,4
676,0.4959,"[1022.6, 484.3, 1041.5, 525.5]",,,0.0,False,False,28,4
676,0.4236,"[1640.2, 507.6, 1656.5, 547.4]",,,0.0,False,False,28,4
676,0.4205,"[1057.7, 486.0, 1075.3, 521.8]",472,"[1057.3231236358502, 488.3854328302477, 1073.4705775360246, 523.1890300603773]",0.7917,True,False,28,4
676,0.4029,"[1357.4, 481.6, 1379.0, 528.2]",,,0.0,False,False,28,4
676,0.3637,"[1753.7, 507.6, 1775.2, 575.8]",464,"[1747.99470749542, 513.3834108727189, 1771.902509301455, 575.6051145179061]",0.6225,True,False,28,4
676,0.3434,"[-7.8, 521.8, 44.8, 653.4]",481,"[24.811277873149617, 517.6837873372015, 69.74994038856913, 629.2546892252986]",0.2198,False,False,28,4
676,0.3212,"[1834.7, 510.0, 1856.2, 553.8]",,,0.0,False,False,28,4
676,0.2888,"[1275.1, 496.5, 1302.1, 564.6]",,,0.0,False,False,28,4
676,0.2543,"[1602.5, 504.2, 1618.7, 551.5]",,,0.0,False,False,28,4
676,0.2535,"[1236.6, 490.7, 1274.4, 570.4]",,,0.0,False,False,28,4
676,0.2238,"[1138.7, 486.3, 1154.9, 532.9]",,,0.0,False,False,28,4
676,0.1743,"[1159.0, 487.0, 1172.5, 524.1]",,,0.0,False,False,28,4
676,0.1687,"[1490.4, 499.8, 1506.6, 541.0]",,,0.0,False,False,28,4
676,0.1631,"[1395.9, 482.6, 1417.5, 533.9]",,,0.0,False,False,28,4
676,0.1487,"[1521.5, 498.5, 1537.7, 544.4]",,,0.0,False,False,28,4
676,0.1466,"[1737.5, 517.7, 1764.5, 578.5]",464,"[1747.99470749542, 513.3834108727189, 1771.902509301455, 575.6051145179061]",0.4378,True,False,28,4
676,0.1434,"[1593.0, 504.9, 1609.2, 549.5]",,,0.0,False,False,28,4
676,0.1387,"[1405.4, 485.7, 1421.6, 526.8]",,,0.0,False,False,28,4
676,0.1333,"[1108.3, 491.4, 1127.2, 531.9]",,,0.0,False,False,28,4
676,0.1306,"[1580.9, 506.9, 1597.1, 550.1]",,,0.0,False,False,28,4
676,0.1214,"[32.2, 559.6, 72.9, 626.4]",481,"[24.811277873149617, 517.6837873372015, 69.74994038856913, 629.2546892252986]",0.4799,True,False,28,4
676,0.1175,"[1244.0, 525.2, 1291.3, 657.5]",,,0.0,False,False,28,4
676,0.1175,"[1111.7, 493.4, 1129.3, 533.2]",,,0.0,False,False,28,4
676,0.1172,"[1486.4, 496.8, 1502.6, 540.7]",,,0.0,False,False,28,4
677,0.5789,"[1784.7, 513.0, 1800.9, 554.2]",,,0.0,False,False,20,4
677,0.5757,"[1022.0, 484.7, 1040.8, 528.5]",,,0.0,False,False,20,4
677,0.5495,"[1393.2, 476.6, 1417.5, 539.3]",480,"[1392.524965008011, 476.0427577673012, 1416.810240070114, 539.9606602014487]",0.9289,True,False,20,4
677,0.5434,"[1706.4, 514.0, 1730.7, 576.8]",461,"[1704.4798905778603, 515.4489819117288, 1728.7344648908897, 576.2320483617088]",0.8267,True,False,20,4
677,0.4848,"[1235.2, 493.1, 1266.3, 560.6]",,,0.0,False,False,20,4
677,0.4585,"[1641.6, 510.0, 1657.8, 547.8]",,,0.0,False,False,20,4
677,0.3767,"[1490.4, 499.8, 1506.6, 542.4]",,,0.0,False,False,20,4
677,0.3191,"[1752.3, 507.3, 1776.6, 576.8]",,,0.0,False,False,20,4
677,0.319,"[1059.1, 486.0, 1075.3, 521.8]",,,0.0,False,False,20,4
677,0.2798,"[1357.4, 483.0, 1379.0, 529.5]",,,0.0,False,False,20,4
677,0.2269,"[1487.7, 497.8, 1503.9, 541.7]",,,0.0,False,False,20,4
677,0.199,"[1138.7, 485.7, 1154.9, 531.6]",,,0.0,False,False,20,4
677,0.1968,"[1161.0, 486.7, 1174.5, 522.5]",,,0.0,False,False,20,4
677,0.187,"[229.5, 462.4, 257.5, 516.4]",,,0.0,False,False,20,4
677,0.1563,"[1106.3, 489.7, 1125.2, 530.9]",,,0.0,False,False,20,4
677,0.1416,"[1112.4, 493.1, 1130.0, 532.9]",,,0.0,False,False,20,4
677,0.1296,"[1680.8, 517.0, 1710.5, 583.9]",461,"[1704.4798905778603, 515.4489819117288, 1728.7344648908897, 576.2320483617088]",0.1138,False,False,20,4
677,0.1192,"[1244.0, 489.7, 1281.8, 574.8]",,,0.0,False,False,20,4
677,0.1166,"[14.7, 519.1, 55.9, 624.4]",,,0.0,False,False,20,4
677,0.1033,"[1838.7, 508.3, 1860.3, 556.2]",,,0.0,False,False,20,4
678,0.5578,"[1508.0, 502.5, 1524.2, 543.0]",482,"[1507.1354877281537, 501.66992092581376, 1523.6289165687213, 543.4652109101237]",0.8938,True,False,20,3
678,0.5152,"[1316.2, 491.1, 1336.5, 544.4]",,,0.0,False,False,20,3
678,0.4626,"[1706.4, 514.7, 1730.7, 576.8]",,,0.0,False,False,20,3
678,0.421,"[1641.6, 510.0, 1657.8, 547.8]",,,0.0,False,False,20,3
678,0.3931,"[135.3, 515.7, 169.8, 617.0]",,,0.0,False,False,20,3
678,0.3272,"[1242.0, 500.5, 1301.4, 659.8]",425,"[1246.8668328521912, 504.2311017400481, 1290.5853155853088, 622.6481707208895]",0.5471,True,False,20,3
678,0.3154,"[1136.0, 489.0, 1153.6, 537.6]",,,0.0,False,False,20,3
678,0.2882,"[1491.8, 502.5, 1508.0, 542.4]",482,"[1507.1354877281537, 501.66992092581376, 1523.6289165687213, 543.4652109101237]",0.0249,False,False,20,3
678,0.1825,"[8.6, 526.2, 47.2, 628.1]",,,0.0,False,False,20,3
678,0.1667,"[1250.1, 504.9, 1293.3, 600.1]",425,"[1246.8668328521912, 504.2311017400481, 1290.5853155853088, 622.6481707208895]",0.7089,True,False,20,3
678,0.1573,"[1394.6, 491.4, 1413.5, 540.7]",,,0.0,False,False,20,3
678,0.1569,"[1645.7, 510.3, 1661.9, 548.8]",,,0.0,False,False,20,3
678,0.1451,"[694.6, 167.6, 768.8, 370.6]",,,0.0,False,False,20,3
678,0.1412,"[1755.0, 509.6, 1776.6, 576.5]",,,0.0,False,False,20,3
678,0.1399,"[1111.7, 493.1, 1129.3, 535.6]",,,0.0,False,False,20,3
678,0.1338,"[1162.4, 486.3, 1175.9, 522.8]",,,0.0,False,False,20,3
678,0.1222,"[1103.0, 489.7, 1120.5, 532.2]",,,0.0,False,False,20,3
678,0.1102,"[1487.7, 500.2, 1503.9, 541.4]",,,0.0,False,False,20,3
678,0.1065,"[1744.2, 516.0, 1768.5, 578.1]",,,0.0,False,False,20,3
678,0.1061,"[1106.3, 491.4, 1123.9, 533.9]",,,0.0,False,False,20,3
679,0.5421,"[1643.0, 511.0, 1659.2, 548.8]",,,0.0,False,False,16,0
679,0.5156,"[1490.4, 501.9, 1506.6, 543.0]",,,0.0,False,False,16,0
679,0.4479,"[-2.6, 525.2, 41.5, 644.0]",,,0.0,False,False,16,0
679,0.3839,"[-16.0, 523.8, 23.9, 650.0]",,,0.0,False,False,16,0
679,0.3577,"[1136.0, 488.7, 1154.9, 538.7]",,,0.0,False,False,16,0
679,0.3427,"[1707.8, 513.3, 1732.1, 574.8]",,,0.0,False,False,16,0
679,0.3233,"[1249.4, 499.5, 1292.6, 594.0]",,,0.0,False,False,16,0
679,0.2778,"[1063.8, 485.0, 1078.7, 527.5]",,,0.0,False,False,16,0
679,0.2026,"[129.9, 509.6, 165.1, 616.3]",,,0.0,False,False,16,0
679,0.1988,"[1247.4, 521.8, 1297.4, 654.8]",,,0.0,False,False,16,0
679,0.1951,"[1316.2, 489.4, 1336.5, 544.7]",,,0.0,False,False,16,0
679,0.1399,"[1275.8, 501.9, 1300.1, 557.9]",,,0.0,False,False,16,0
679,0.1282,"[1113.1, 493.8, 1129.3, 535.6]",,,0.0,False,False,16,0
679,0.1232,"[1103.6, 487.4, 1119.8, 529.9]",,,0.0,False,False,16,0
679,0.1158,"[1837.4, 510.0, 1861.7, 556.5]",,,0.0,False,False,16,0
679,0.1127,"[1711.8, 508.6, 1733.4, 559.9]",,,0.0,False,False,16,0
680,0.541,"[1136.0, 490.1, 1154.9, 539.3]",,,0.0,False,False,13,0
680,0.5358,"[1644.3, 511.0, 1660.5, 549.5]",,,0.0,False,False,13,0
680,0.4695,"[1064.5, 485.0, 1079.3, 528.9]",,,0.0,False,False,13,0
680,0.3769,"[-2.0, 527.5, 36.6, 632.8]",,,0.0,False,False,13,0
680,0.261,"[1102.3, 493.8, 1115.8, 530.2]",,,0.0,False,False,13,0
680,0.2479,"[-33.8, 523.1, 23.0, 661.5]",,,0.0,False,False,13,0
680,0.2166,"[1112.4, 493.4, 1127.2, 531.9]",,,0.0,False,False,13,0
680,0.2099,"[1317.6, 491.4, 1337.9, 544.7]",,,0.0,False,False,13,0
680,0.202,"[124.5, 517.0, 161.0, 617.6]",,,0.0,False,False,13,0
680,0.1727,"[1254.8, 505.2, 1296.7, 595.7]",,,0.0,False,False,13,0
680,0.1591,"[1395.9, 497.1, 1414.8, 541.0]",,,0.0,False,False,13,0
680,0.1515,"[1714.5, 506.9, 1733.4, 549.5]",,,0.0,False,False,13,0
680,0.1123,"[992.3, 492.1, 1008.5, 527.9]",,,0.0,False,False,13,0
681,0.5757,"[1644.3, 510.6, 1660.5, 549.1]",,,0.0,False,False,13,3
681,0.5316,"[-11.8, 525.5, 32.9, 638.9]",481,"[-25.591123777300474, 522.8399957637541, 26.480593877703306, 656.8056341190585]",0.5641,True,False,13,3
681,0.4839,"[1772.6, 520.4, 1794.2, 579.8]",470,"[1772.0321856887356, 523.3176049569597, 1794.2109783737646, 581.0101538321027]",0.9095,True,False,13,3
681,0.3115,"[1490.4, 501.2, 1506.6, 543.0]",,,0.0,False,False,13,3
681,0.2788,"[1254.2, 504.2, 1271.7, 552.8]",,,0.0,False,False,13,3
681,0.2705,"[1112.4, 493.1, 1127.2, 530.9]",,,0.0,False,False,13,3
681,0.2616,"[1316.9, 491.7, 1337.2, 544.4]",,,0.0,False,False,13,3
681,0.2475,"[1790.1, 508.6, 1811.7, 554.5]",470,"[1772.0321856887356, 523.3176049569597, 1794.2109783737646, 581.0101538321027]",0.0598,False,False,13,3
681,0.2288,"[1101.6, 493.8, 1115.1, 530.2]",,,0.0,False,False,13,3
681,0.1789,"[1718.6, 507.3, 1734.8, 550.5]",,,0.0,False,False,13,3
681,0.1782,"[1395.9, 497.5, 1414.8, 540.7]",,,0.0,False,False,13,3
681,0.1667,"[813.4, 489.7, 826.9, 518.7]",,,0.0,False,False,13,3
681,0.1412,"[974.0, 483.6, 990.2, 524.8]",,,0.0,False,False,13,3
682,0.5706,"[-16.9, 527.5, 24.6, 641.6]",,,0.0,False,False,11,0
682,0.3856,"[1100.9, 493.8, 1114.4, 530.9]",,,0.0,False,False,11,0
682,0.3763,"[1254.8, 503.9, 1272.4, 551.8]",,,0.0,False,False,11,0
682,0.3321,"[1316.9, 490.7, 1338.5, 544.7]",,,0.0,False,False,11,0
682,0.3181,"[1397.2, 492.1, 1416.2, 540.7]",,,0.0,False,False,11,0
682,0.2707,"[1490.4, 501.5, 1506.6, 543.4]",,,0.0,False,False,11,0
682,0.2421,"[1111.7, 493.1, 1126.6, 531.6]",,,0.0,False,False,11,0
682,0.2075,"[812.7, 491.4, 826.2, 520.4]",,,0.0,False,False,11,0
682,0.146,"[1069.9, 489.7, 1083.4, 528.2]",,,0.0,False,False,11,0
682,0.1382,"[1164.4, 489.0, 1180.6, 526.8]",,,0.0,False,False,11,0
682,0.1018,"[1836.0, 511.0, 1860.3, 556.2]",,,0.0,False,False,11,0
683,0.5744,"[1240.7, 498.5, 1260.9, 551.8]",459,"[1240.203522239821, 499.0695585274422, 1261.191009010179, 552.4632783866202]",0.9432,True,False,18,2
683,0.5704,"[1490.4, 499.8, 1506.6, 545.1]",,,0.0,False,False,18,2
683,0.496,"[1773.9, 520.4, 1795.5, 579.2]",470,"[1774.26701319788, 522.725814613923, 1796.68611180212, 581.325210776702]",0.8656,True,False,18,2
683,0.4776,"[1066.5, 488.7, 1081.3, 529.2]",,,0.0,False,False,18,2
683,0.4081,"[1318.3, 491.7, 1338.5, 544.4]",,,0.0,False,False,18,2
683,0.3634,"[1101.6, 494.8, 1113.8, 531.2]",,,0.0,False,False,18,2
683,0.279,"[1398.6, 491.4, 1417.5, 541.4]",,,0.0,False,False,18,2
683,0.2685,"[1069.9, 489.4, 1083.4, 527.9]",,,0.0,False,False,18,2
683,0.2648,"[1253.5, 503.6, 1272.4, 552.2]",459,"[1240.203522239821, 499.0695585274422, 1261.191009010179, 552.4632783866202]",0.2253,False,False,18,2
683,0.215,"[1111.7, 494.1, 1125.2, 532.6]",,,0.0,False,False,18,2
683,0.2,"[-23.4, 530.2, 16.2, 634.2]",,,0.0,False,False,18,2
683,0.1878,"[812.0, 491.4, 825.5, 520.4]",,,0.0,False,False,18,2
683,0.173,"[1518.8, 503.2, 1535.0, 544.4]",,,0.0,False,False,18,2
683,0.14,"[1165.7, 491.1, 1181.9, 530.9]",,,0.0,False,False,18,2
683,0.1353,"[972.0, 484.3, 989.6, 525.5]",,,0.0,False,False,18,2
683,0.1243,"[1115.8, 495.8, 1132.0, 536.3]",,,0.0,False,False,18,2
683,0.1173,"[1121.2, 497.5, 1137.4, 540.0]",,,0.0,False,False,18,2
683,0.1108,"[-31.8, 525.5, 13.6, 649.0]",,,0.0,False,False,18,2
684,0.5462,"[1241.3, 499.2, 1261.6, 553.2]",,,0.0,False,False,13,0
684,0.5089,"[1319.0, 489.4, 1340.6, 545.4]",,,0.0,False,False,13,0
684,0.5009,"[1490.4, 499.2, 1506.6, 545.1]",,,0.0,False,False,13,0
684,0.3393,"[1065.2, 489.0, 1080.0, 529.5]",,,0.0,False,False,13,0
684,0.3345,"[107.7, 515.0, 144.6, 619.7]",,,0.0,False,False,13,0
684,0.2858,"[1587.6, 507.6, 1606.5, 554.2]",,,0.0,False,False,13,0
684,0.2711,"[1101.6, 494.1, 1113.8, 529.2]",,,0.0,False,False,13,0
684,0.2349,"[1111.1, 492.8, 1125.9, 530.5]",,,0.0,False,False,13,0
684,0.2262,"[1253.5, 504.2, 1271.0, 552.8]",,,0.0,False,False,13,0
684,0.1774,"[1067.8, 490.1, 1082.7, 529.2]",,,0.0,False,False,13,0
684,0.172,"[1520.1, 501.2, 1533.6, 539.0]",,,0.0,False,False,13,0
684,0.1514,"[812.0, 486.7, 825.5, 518.4]",,,0.0,False,False,13,0
684,0.1113,"[1165.7, 494.4, 1180.6, 532.9]",,,0.0,False,False,13,0
685,0.5687,"[1791.5, 514.4, 1807.7, 561.6]",485,"[1791.994629128315, 515.8621865764657, 1809.2338864966848, 558.9390829547845]",0.8089,True,False,18,1
685,0.5667,"[1242.0, 500.9, 1262.2, 554.2]",,,0.0,False,False,18,1
685,0.5497,"[1135.4, 490.1, 1154.2, 540.0]",,,0.0,False,False,18,1
685,0.452,"[1659.2, 510.3, 1675.4, 549.5]",,,0.0,False,False,18,1
685,0.3867,"[1756.4, 526.2, 1783.4, 582.2]",,,0.0,False,False,18,1
685,0.3282,"[1518.8, 504.6, 1535.0, 547.8]",,,0.0,False,False,18,1
685,0.305,"[1837.4, 511.7, 1864.4, 558.9]",,,0.0,False,False,18,1
685,0.2509,"[1490.4, 502.5, 1506.6, 545.1]",,,0.0,False,False,18,1
685,0.2387,"[1071.2, 490.7, 1084.7, 529.9]",,,0.0,False,False,18,1
685,0.2216,"[1065.8, 491.4, 1080.7, 531.2]",,,0.0,False,False,18,1
685,0.2172,"[1586.2, 508.3, 1605.2, 555.5]",,,0.0,False,False,18,1
685,0.2172,"[103.4, 516.0, 139.4, 621.3]",,,0.0,False,False,18,1
685,0.1979,"[1108.3, 493.8, 1124.6, 532.2]",,,0.0,False,False,18,1
685,0.1776,"[1103.0, 493.1, 1117.8, 530.9]",,,0.0,False,False,18,1
685,0.1691,"[1274.4, 506.6, 1300.1, 568.7]",,,0.0,False,False,18,1
685,0.1192,"[1397.2, 499.2, 1416.2, 542.4]",,,0.0,False,False,18,1
685,0.1149,"[1590.3, 509.3, 1609.2, 555.2]",,,0.0,False,False,18,1
685,0.108,"[1250.8, 504.6, 1268.3, 553.2]",,,0.0,False,False,18,1
686,0.4855,"[1792.8, 516.0, 1809.0, 556.5]",,,0.0,False,False,16,0
686,0.4746,"[1250.1, 504.9, 1269.0, 553.5]",,,0.0,False,False,16,0
686,0.4516,"[1136.0, 489.4, 1154.9, 539.3]",,,0.0,False,False,16,0
686,0.4371,"[1436.4, 500.9, 1455.3, 548.1]",,,0.0,False,False,16,0
686,0.3435,"[1587.6, 507.3, 1606.5, 555.2]",,,0.0,False,False,16,0
686,0.3192,"[1100.9, 493.8, 1114.4, 530.9]",,,0.0,False,False,16,0
686,0.3178,"[1271.7, 507.9, 1292.0, 561.9]",,,0.0,False,False,16,0
686,0.2693,"[1491.8, 502.5, 1508.0, 544.4]",,,0.0,False,False,16,0
686,0.2451,"[1840.1, 511.7, 1864.4, 557.5]",,,0.0,False,False,16,0
686,0.2375,"[1273.7, 507.9, 1296.7, 566.7]",,,0.0,False,False,16,0
686,0.2103,"[1432.4, 499.2, 1451.2, 548.4]",,,0.0,False,False,16,0
686,0.2102,"[1786.1, 518.1, 1805.0, 571.4]",,,0.0,False,False,16,0
686,0.1932,"[233.2, 514.7, 285.9, 667.2]",,,0.0,False,False,16,0
686,0.1706,"[1111.1, 493.1, 1125.9, 531.6]",,,0.0,False,False,16,0
686,0.1492,"[1520.1, 502.9, 1533.6, 539.3]",,,0.0,False,False,16,0
686,0.1298,"[970.0, 485.0, 986.2, 526.2]",,,0.0,False,False,16,0
687,0.5725,"[1134.0, 487.4, 1155.6, 539.3]",,,0.0,False,False,20,3
687,0.5452,"[1246.1, 504.6, 1265.0, 553.8]",,,0.0,False,False,20,3
687,0.4817,"[1436.4, 501.9, 1455.3, 552.5]",,,0.0,False,False,20,3
687,0.4388,"[1269.7, 507.9, 1288.6, 557.9]",,,0.0,False,False,20,3
687,0.3805,"[1778.0, 519.4, 1799.6, 581.5]",470,"[1776.8210854342426, 518.9916334785472, 1800.0175376126326, 580.7553147636404]",0.9144,True,False,20,3
687,0.2736,"[1591.7, 507.3, 1607.9, 554.5]",,,0.0,False,False,20,3
687,0.2538,"[1272.4, 507.3, 1294.0, 566.0]",,,0.0,False,False,20,3
687,0.2496,"[1841.4, 509.6, 1865.7, 557.5]",,,0.0,False,False,20,3
687,0.2446,"[1892.7, 586.9, 1930.5, 723.6]",390,"[1899.3360458616737, 586.9402783976919, 1953.5255264039513, 737.9802538288706]",0.4684,True,False,20,3
687,0.2319,"[1792.8, 515.7, 1809.0, 556.2]",470,"[1776.8210854342426, 518.9916334785472, 1800.0175376126326, 580.7553147636404]",0.1475,False,False,20,3
687,0.2248,"[95.0, 518.1, 136.5, 623.4]",452,"[108.97354117680221, 518.5093046616755, 144.83526619624467, 623.500827174262]",0.5503,True,False,20,3
687,0.2138,"[1582.2, 505.6, 1601.1, 553.5]",,,0.0,False,False,20,3
687,0.1981,"[1101.6, 492.8, 1115.1, 530.5]",,,0.0,False,False,20,3
687,0.1977,"[1490.4, 500.9, 1506.6, 544.0]",,,0.0,False,False,20,3
687,0.1917,"[1873.8, 585.9, 1917.0, 721.6]",390,"[1899.3360458616737, 586.9402783976919, 1953.5255264039513, 737.9802538288706]",0.2038,False,False,20,3
687,0.1479,"[1109.0, 492.1, 1125.2, 532.6]",,,0.0,False,False,20,3
687,0.1256,"[1598.4, 507.6, 1614.6, 554.2]",,,0.0,False,False,20,3
687,0.1196,"[1400.0, 494.4, 1418.9, 541.0]",,,0.0,False,False,20,3
687,0.1113,"[1602.5, 506.3, 1618.7, 552.2]",,,0.0,False,False,20,3
687,0.1012,"[968.6, 485.3, 984.8, 527.2]",,,0.0,False,False,20,3
688,0.5491,"[1439.1, 503.9, 1458.0, 555.9]",,,0.0,False,False,15,2
688,0.488,"[1503.9, 504.2, 1520.1, 546.1]",482,"[1504.9575878480834, 504.448594176417, 1520.8556445737916, 544.8764790657705]",0.864,True,False,15,2
688,0.4731,"[1591.7, 506.6, 1610.6, 556.5]",,,0.0,False,False,15,2
688,0.436,"[1486.4, 499.2, 1502.6, 543.0]",,,0.0,False,False,15,2
688,0.4358,"[1582.2, 505.6, 1601.1, 554.2]",,,0.0,False,False,15,2
688,0.3492,"[89.4, 499.5, 128.8, 625.1]",,,0.0,False,False,15,2
688,0.2951,"[1779.3, 520.8, 1800.9, 582.2]",,,0.0,False,False,15,2
688,0.2085,"[1840.1, 512.3, 1864.4, 559.6]",,,0.0,False,False,15,2
688,0.2004,"[1792.8, 515.0, 1811.7, 558.2]",,,0.0,False,False,15,2
688,0.1951,"[1108.3, 491.4, 1125.9, 532.6]",,,0.0,False,False,15,2
688,0.1553,"[1768.5, 526.2, 1792.8, 585.6]",,,0.0,False,False,15,2
688,0.1472,"[1405.4, 492.8, 1424.2, 533.9]",,,0.0,False,False,15,2
688,0.1363,"[1441.8, 506.6, 1460.7, 557.2]",,,0.0,False,False,15,2
688,0.1168,"[968.6, 485.7, 986.2, 526.8]",,,0.0,False,False,15,2
688,0.1013,"[1547.1, 503.6, 1566.0, 552.2]",,,0.0,False,False,15,2
689,0.5773,"[1244.7, 502.5, 1263.6, 552.5]",459,"[1247.8263776702684, 506.4155068982194, 1266.1953508453566, 552.8991903674056]",0.6784,True,False,17,4
689,0.5698,"[1759.1, 520.4, 1783.4, 581.9]",464,"[1758.1767228579877, 517.0043785633164, 1782.3227888607623, 580.672257178871]",0.8613,True,False,17,4
689,0.4467,"[1590.3, 507.3, 1609.2, 555.2]",,,0.0,False,False,17,4
689,0.4163,"[1794.2, 516.0, 1813.1, 555.9]",,,0.0,False,False,17,4
689,0.3969,"[1134.0, 489.4, 1152.9, 539.3]",,,0.0,False,False,17,4
689,0.3959,"[1010.5, 491.7, 1025.3, 530.9]",472,"[1008.97306154434, 488.873684965356, 1026.94588376816, 533.0217007768315]",0.7327,True,False,17,4
689,0.385,"[1503.9, 502.5, 1520.1, 545.1]",,,0.0,False,False,17,4
689,0.3584,"[1437.8, 500.9, 1456.7, 552.2]",,,0.0,False,False,17,4
689,0.3491,"[1406.7, 491.1, 1425.6, 532.2]",,,0.0,False,False,17,4
689,0.3241,"[84.3, 498.5, 126.9, 623.4]",,,0.0,False,False,17,4
689,0.3183,"[1485.0, 497.8, 1501.2, 540.3]",,,0.0,False,False,17,4
689,0.2886,"[1841.4, 510.6, 1863.0, 556.5]",,,0.0,False,False,17,4
689,0.2544,"[377.0, 513.7, 421.5, 634.5]",453,"[376.33359428317146, 514.7654110244789, 420.8578730019848, 634.4217227645836]",0.9612,True,False,17,4
689,0.1758,"[1760.4, 528.5, 1787.4, 586.6]",464,"[1758.1767228579877, 517.0043785633164, 1782.3227888607623, 580.672257178871]",0.5828,True,False,17,4
689,0.1613,"[1494.5, 501.9, 1508.0, 543.7]",,,0.0,False,False,17,4
689,0.1462,"[1101.6, 492.1, 1115.1, 528.5]",,,0.0,False,False,17,4
689,0.1006,"[1776.6, 520.8, 1800.9, 582.2]",464,"[1758.1767228579877, 517.0043785633164, 1782.3227888607623, 580.672257178871]",0.1276,False,False,17,4
690,0.4837,"[1502.6, 501.5, 1518.8, 544.7]",,,0.0,False,False,13,2
690,0.4506,"[1134.0, 488.0, 1152.9, 539.3]",,,0.0,False,False,13,2
690,0.448,"[1590.3, 507.3, 1609.2, 555.2]",,,0.0,False,False,13,2
690,0.3089,"[1759.1, 519.4, 1783.4, 580.2]",,,0.0,False,False,13,2
690,0.2759,"[1794.2, 515.0, 1813.1, 555.5]",,,0.0,False,False,13,2
690,0.2546,"[1011.2, 491.7, 1024.7, 528.9]",,,0.0,False,False,13,2
690,0.2257,"[1840.1, 509.0, 1861.7, 555.5]",,,0.0,False,False,13,2
690,0.2154,"[1776.6, 523.5, 1800.9, 580.8]",,,0.0,False,False,13,2
690,0.2064,"[1354.1, 493.8, 1375.7, 545.7]",,,0.0,False,False,13,2
690,0.1967,"[1769.9, 526.5, 1796.9, 583.2]",,,0.0,False,False,13,2
690,0.138,"[1441.8, 502.2, 1460.7, 548.1]",,,0.0,False,False,13,2
690,0.1314,"[1100.2, 493.1, 1113.8, 526.8]",,,0.0,False,False,13,2
690,0.1129,"[1837.4, 507.9, 1856.2, 554.5]",,,0.0,False,False,13,2
691,0.4712,"[1590.3, 506.9, 1609.2, 556.2]",,,0.0,False,False,10,1
691,0.4256,"[1134.0, 487.7, 1154.2, 539.0]",,,0.0,False,False,10,1
691,0.3645,"[1796.9, 514.7, 1815.8, 556.5]",,,0.0,False,False,10,1
691,0.3457,"[1776.6, 520.4, 1803.6, 581.9]",,,0.0,False,False,10,1
691,0.3371,"[1440.5, 498.5, 1459.4, 548.4]",,,0.0,False,False,10,1
691,0.2634,"[1844.1, 511.3, 1868.4, 555.9]",,,0.0,False,False,10,1
691,0.2614,"[1841.4, 509.6, 1863.0, 555.5]",,,0.0,False,False,10,1
691,0.2234,"[1353.4, 483.6, 1377.7, 547.1]",,,0.0,False,False,10,1
691,0.184,"[1010.5, 491.4, 1025.3, 527.2]",,,0.0,False,False,10,1
691,0.1529,"[1606.5, 508.3, 1625.4, 553.5]",,,0.0,False,False,10,1
692,0.5488,"[1796.9, 514.0, 1815.8, 556.5]",,,0.0,False,False,14,0
692,0.4851,"[1439.1, 500.2, 1458.0, 547.4]",,,0.0,False,False,14,0
692,0.4311,"[1591.7, 506.6, 1610.6, 553.8]",,,0.0,False,False,14,0
692,0.4031,"[1154.2, 487.0, 1167.8, 524.8]",,,0.0,False,False,14,0
692,0.3722,"[1586.2, 505.6, 1607.9, 553.5]",,,0.0,False,False,14,0
692,0.3183,"[1009.1, 492.1, 1024.0, 530.5]",,,0.0,False,False,14,0
692,0.2873,"[1582.2, 504.9, 1603.8, 552.8]",,,0.0,False,False,14,0
692,0.261,"[1840.1, 509.0, 1861.7, 556.2]",,,0.0,False,False,14,0
692,0.222,"[258.5, 512.0, 306.5, 643.6]",,,0.0,False,False,14,0
692,0.2172,"[1779.3, 519.4, 1803.6, 582.2]",,,0.0,False,False,14,0
692,0.1901,"[1134.7, 488.7, 1152.2, 538.7]",,,0.0,False,False,14,0
692,0.159,"[1605.2, 507.3, 1624.1, 552.5]",,,0.0,False,False,14,0
692,0.1333,"[1844.1, 511.7, 1868.4, 556.2]",,,0.0,False,False,14,0
692,0.1067,"[1636.2, 511.3, 1652.4, 553.2]",,,0.0,False,False,14,0
693,0.5238,"[1597.1, 506.3, 1616.0, 552.8]",,,0.0,False,False,16,0
693,0.5056,"[1153.6, 487.0, 1167.1, 525.5]",,,0.0,False,False,16,0
693,0.4513,"[152.0, 525.8, 191.4, 638.6]",,,0.0,False,False,16,0
693,0.416,"[1590.3, 505.9, 1609.2, 552.5]",,,0.0,False,False,16,0
693,0.4016,"[1586.2, 505.6, 1605.2, 551.5]",,,0.0,False,False,16,0
693,0.3029,"[1440.5, 497.8, 1459.4, 547.8]",,,0.0,False,False,16,0
693,0.2931,"[1134.7, 489.4, 1152.2, 538.0]",,,0.0,False,False,16,0
693,0.2618,"[256.5, 519.1, 302.4, 648.7]",,,0.0,False,False,16,0
693,0.2416,"[1005.8, 491.4, 1020.6, 523.8]",,,0.0,False,False,16,0
693,0.224,"[1076.0, 486.3, 1092.2, 520.8]",,,0.0,False,False,16,0
693,0.2172,"[211.1, 512.3, 255.0, 632.5]",,,0.0,False,False,16,0
693,0.1864,"[1611.9, 505.9, 1630.8, 551.8]",,,0.0,False,False,16,0
693,0.1611,"[1637.6, 506.6, 1653.8, 550.5]",,,0.0,False,False,16,0
693,0.1098,"[1336.5, 85.8, 1366.2, 156.9]",,,0.0,False,False,16,0
693,0.1081,"[1859.0, 515.0, 1877.9, 554.9]",,,0.0,False,False,16,0
693,0.1072,"[1395.9, 487.4, 1414.8, 536.6]",,,0.0,False,False,16,0
694,0.5577,"[1152.2, 487.7, 1167.1, 524.8]",,,0.0,False,False,18,2
694,0.5496,"[1584.9, 507.6, 1603.8, 552.2]",,,0.0,False,False,18,2
694,0.472,"[1354.1, 487.7, 1377.0, 547.1]",487,"[1355.986246717658, 488.4983673095703, 1377.004475938592, 546.2783660888672]",0.8905,True,False,18,2
694,0.466,"[1593.0, 507.6, 1611.9, 553.5]",,,0.0,False,False,18,2
694,0.3992,"[1902.2, 592.0, 1964.3, 767.5]",484,"[1887.0739943266788, 591.2132348181689, 1952.0678513764465, 762.6076880333936]",0.63,True,False,18,2
694,0.2735,"[1775.2, 509.6, 1791.5, 552.8]",,,0.0,False,False,18,2
694,0.2665,"[1076.6, 486.7, 1094.2, 521.8]",,,0.0,False,False,18,2
694,0.256,"[1394.6, 487.7, 1416.2, 538.3]",,,0.0,False,False,18,2
694,0.2387,"[1436.4, 498.8, 1455.3, 547.4]",,,0.0,False,False,18,2
694,0.2195,"[1846.8, 509.0, 1871.1, 556.2]",,,0.0,False,False,18,2
694,0.2065,"[1852.2, 511.7, 1873.8, 556.2]",,,0.0,False,False,18,2
694,0.1983,"[1230.5, 498.2, 1253.5, 558.2]",,,0.0,False,False,18,2
694,0.1669,"[1611.9, 508.6, 1630.8, 552.5]",,,0.0,False,False,18,2
694,0.1578,"[1842.8, 508.6, 1864.4, 555.9]",,,0.0,False,False,18,2
694,0.1384,"[1566.0, 499.2, 1579.5, 532.2]",,,0.0,False,False,18,2
694,0.1342,"[1637.6, 509.0, 1653.8, 549.5]",,,0.0,False,False,18,2
694,0.129,"[252.6, 519.4, 300.5, 651.0]",,,0.0,False,False,18,2
694,0.1038,"[1003.7, 491.4, 1017.2, 520.4]",,,0.0,False,False,18,2
695,0.5551,"[1598.4, 506.3, 1617.3, 554.9]",,,0.0,False,False,15,1
695,0.5058,"[145.4, 520.4, 187.3, 641.9]",,,0.0,False,False,15,1
695,0.4062,"[1775.2, 509.3, 1794.2, 551.8]",464,"[1764.257335209375, 515.7479235656192, 1787.7011608843752, 578.5899670593809]",0.2457,False,False,15,1
695,0.3994,"[1150.2, 488.0, 1165.1, 525.2]",,,0.0,False,False,15,1
695,0.3862,"[1395.9, 484.3, 1417.5, 539.0]",,,0.0,False,False,15,1
695,0.3846,"[247.4, 521.1, 298.4, 651.4]",,,0.0,False,False,15,1
695,0.3694,"[1586.2, 506.9, 1605.2, 550.8]",,,0.0,False,False,15,1
695,0.3575,"[1849.5, 509.3, 1871.1, 554.5]",,,0.0,False,False,15,1
695,0.2673,"[1002.4, 492.4, 1017.2, 528.9]",,,0.0,False,False,15,1
695,0.2604,"[1767.2, 518.1, 1788.8, 577.5]",464,"[1764.257335209375, 515.7479235656192, 1787.7011608843752, 578.5899670593809]",0.795,True,False,15,1
695,0.2105,"[1437.8, 498.8, 1456.7, 548.1]",,,0.0,False,False,15,1
695,0.1473,"[1728.0, 505.9, 1746.9, 550.5]",,,0.0,False,False,15,1
695,0.1287,"[1485.0, 498.5, 1501.2, 541.0]",,,0.0,False,False,15,1
695,0.1257,"[1551.2, 501.5, 1570.1, 550.1]",,,0.0,False,False,15,1
695,0.1158,"[1401.3, 485.3, 1422.9, 538.0]",,,0.0,False,False,15,1
696,0.5365,"[1148.9, 489.0, 1165.1, 525.5]",,,0.0,False,False,20,3
696,0.52,"[1802.2, 515.7, 1821.2, 556.2]",485,"[1803.1206781619621, 515.0884282889712, 1820.0348394161626, 555.3777582344663]",0.8651,True,False,20,3
696,0.513,"[1786.1, 533.6, 1805.0, 587.6]",485,"[1803.1206781619621, 515.0884282889712, 1820.0348394161626, 555.3777582344663]",0.024,False,False,20,3
696,0.4772,"[133.4, 519.1, 178.9, 641.9]",,,0.0,False,False,20,3
696,0.4473,"[1395.9, 489.4, 1414.8, 540.7]",,,0.0,False,False,20,3
696,0.4459,"[86.7, 598.4, 161.1, 774.9]",,,0.0,False,False,20,3
696,0.4134,"[1235.9, 497.1, 1256.2, 555.2]",459,"[1233.1144568235063, 497.78708304914676, 1256.0222619264937, 557.7138935133532]",0.8271,True,False,20,3
696,0.4119,"[1503.9, 503.9, 1520.1, 546.4]",482,"[1501.7844147254034, 503.3047969881521, 1518.7475676964718, 547.248425668098]",0.7864,True,False,20,3
696,0.3765,"[1848.2, 509.3, 1869.8, 555.2]",,,0.0,False,False,20,3
696,0.3266,"[1598.4, 510.0, 1617.3, 555.2]",,,0.0,False,False,20,3
696,0.3159,"[1584.9, 507.6, 1603.8, 552.8]",,,0.0,False,False,20,3
696,0.2877,"[238.4, 521.8, 293.5, 660.8]",,,0.0,False,False,20,3
696,0.1812,"[1134.7, 494.4, 1150.9, 539.0]",,,0.0,False,False,20,3
696,0.1739,"[1079.3, 487.7, 1095.5, 522.1]",,,0.0,False,False,20,3
696,0.1356,"[1728.0, 507.9, 1746.9, 551.8]",,,0.0,False,False,20,3
696,0.129,"[1002.4, 491.7, 1014.5, 522.8]",,,0.0,False,False,20,3
696,0.1227,"[75.3, 627.1, 136.4, 790.4]",,,0.0,False,False,20,3
696,0.1058,"[1609.2, 507.6, 1628.1, 552.8]",,,0.0,False,False,20,3
696,0.1053,"[1437.8, 500.9, 1456.7, 547.4]",,,0.0,False,False,20,3
696,0.1023,"[933.5, -48.6, 1241.3, 606.5]",,,0.0024,False,False,20,3
697,0.542,"[132.6, 521.1, 174.2, 644.6]",,,0.0,False,False,20,1
697,0.5096,"[1395.9, 486.0, 1417.5, 541.4]",,,0.0,False,False,20,1
697,0.3958,"[1848.2, 509.0, 1869.8, 556.2]",,,0.0,False,False,20,1
697,0.3839,"[1597.1, 507.9, 1616.0, 555.2]",,,0.0,False,False,20,1
697,0.3772,"[55.4, 624.7, 126.4, 832.3]",,,0.0,False,False,20,1
697,0.3716,"[1803.6, 513.7, 1822.5, 555.5]",,,0.0,False,False,20,1
697,0.3343,"[1864.4, 515.7, 1883.3, 556.9]",,,0.0,False,False,20,1
697,0.2746,"[236.4, 519.4, 291.1, 659.8]",,,0.0,False,False,20,1
697,0.2534,"[1790.1, 524.5, 1811.7, 586.6]",,,0.0,False,False,20,1
697,0.194,"[1505.2, 502.9, 1521.5, 546.8]",,,0.0,False,False,20,1
697,0.1627,"[1238.6, 495.5, 1257.5, 546.1]",,,0.0,False,False,20,1
697,0.1606,"[1586.2, 508.6, 1605.2, 553.2]",,,0.0,False,False,20,1
697,0.1563,"[201.7, 513.3, 239.8, 622.0]",,,0.0,False,False,20,1
697,0.1525,"[1779.3, 510.3, 1795.5, 552.2]",,,0.0,False,False,20,1
697,0.1309,"[1001.0, 490.4, 1014.5, 527.5]",,,0.0,False,False,20,1
697,0.1194,"[1146.2, 488.0, 1159.7, 523.8]",,,0.0,False,False,20,1
697,0.1121,"[1134.0, 487.0, 1151.6, 539.7]",,,0.0,False,False,20,1
697,0.1101,"[1481.0, 499.5, 1499.9, 544.0]",,,0.0,False,False,20,1
697,0.1074,"[1549.8, 501.2, 1571.4, 552.5]",,,0.0,False,False,20,1
697,0.1036,"[1080.0, 487.0, 1096.2, 524.8]",,,0.0,False,False,20,1
698,0.4559,"[76.1, 606.2, 142.6, 784.4]",,,0.0,False,False,17,0
698,0.3929,"[1394.6, 484.7, 1416.2, 538.0]",,,0.0,False,False,17,0
698,0.3513,"[1849.5, 508.3, 1868.4, 555.5]",,,0.0,False,False,17,0
698,0.3404,"[1482.3, 496.8, 1501.2, 544.0]",,,0.0,False,False,17,0
698,0.3381,"[241.8, 534.9, 289.4, 653.1]",,,0.0,False,False,17,0
698,0.3323,"[999.0, 491.1, 1013.9, 529.5]",,,0.0,False,False,17,0
698,0.3194,"[1806.3, 516.4, 1822.5, 555.5]",,,0.0,False,False,17,0
698,0.3151,"[1501.2, 499.8, 1517.4, 546.4]",,,0.0,False,False,17,0
698,0.3005,"[1593.0, 506.6, 1614.6, 555.9]",,,0.0,False,False,17,0
698,0.2685,"[1863.0, 516.4, 1881.9, 556.9]",,,0.0,False,False,17,0
698,0.2576,"[123.4, 517.0, 171.1, 646.0]",,,0.0,False,False,17,0
698,0.1875,"[197.3, 514.4, 235.1, 615.6]",,,0.0,False,False,17,0
698,0.1852,"[1080.7, 487.4, 1096.9, 523.8]",,,0.0,False,False,17,0
698,0.1624,"[1134.0, 482.6, 1152.9, 538.7]",,,0.0,False,False,17,0
698,0.1201,"[1140.1, 484.0, 1156.3, 528.5]",,,0.0,False,False,17,0
698,0.111,"[1144.8, 486.0, 1158.3, 523.1]",,,0.0,False,False,17,0
698,0.1107,"[1406.7, 486.3, 1425.6, 532.9]",,,0.0,False,False,17,0
699,0.5524,"[1080.0, 490.4, 1098.9, 526.8]",,,0.0,False,False,21,0
699,0.5487,"[119.8, 521.8, 166.4, 648.7]",,,0.0,False,False,21,0
699,0.5064,"[1436.4, 496.5, 1455.3, 546.4]",,,0.0,False,False,21,0
699,0.4712,"[1593.0, 506.9, 1614.6, 556.9]",,,0.0,False,False,21,0
699,0.4453,"[1134.0, 487.4, 1154.2, 540.7]",,,0.0,False,False,21,0
699,0.4227,"[1483.7, 498.2, 1502.6, 544.7]",,,0.0,False,False,21,0
699,0.4217,"[1776.6, 531.2, 1803.6, 582.5]",,,0.0,False,False,21,0
699,0.3648,"[998.3, 492.1, 1014.5, 530.5]",,,0.0,False,False,21,0
699,0.2967,"[228.5, 525.2, 283.2, 665.6]",,,0.0,False,False,21,0
699,0.2735,"[1714.5, 504.6, 1730.7, 542.4]",,,0.0,False,False,21,0
699,0.2377,"[1791.5, 519.8, 1818.5, 583.2]",,,0.0,False,False,21,0
699,0.2241,"[1783.4, 532.6, 1805.0, 582.5]",,,0.0,False,False,21,0
699,0.2061,"[894.4, 482.3, 910.6, 518.7]",,,0.0,False,False,21,0
699,0.1916,"[1863.0, 514.4, 1884.6, 558.2]",,,0.0,False,False,21,0
699,0.1652,"[1167.8, 491.4, 1185.3, 535.3]",,,0.0,False,False,21,0
699,0.1618,"[1849.5, 507.6, 1871.1, 556.9]",,,0.0,False,False,21,0
699,0.1605,"[1806.3, 515.0, 1825.2, 555.5]",,,0.0,False,False,21,0
699,0.1427,"[1799.6, 513.0, 1823.9, 560.2]",,,0.0,False,False,21,0
699,0.1154,"[1788.8, 532.9, 1810.4, 583.5]",,,0.0,False,False,21,0
699,0.1098,"[1501.2, 497.5, 1520.1, 546.1]",,,0.0,False,False,21,0
699,0.1027,"[1102.3, 493.8, 1121.2, 531.6]",,,0.0,False,False,21,0
700,0.5632,"[1355.4, 488.4, 1379.7, 550.5]",487,"[1356.0491489810854, 486.7436501245436, 1379.4586635189144, 550.5623801488939]",0.9383,True,False,20,4
700,0.5419,"[997.0, 492.1, 1013.2, 532.6]",,,0.0,False,False,20,4
700,0.5278,"[1391.9, 490.7, 1408.1, 532.6]",480,"[1396.0964053747655, 486.09257109336255, 1417.1506649377347, 541.1182443363249]",0.3744,True,False,20,4
700,0.5072,"[1482.3, 499.5, 1501.2, 546.8]",,,0.0,False,False,20,4
700,0.4895,"[34.8, 632.5, 100.0, 821.5]",,,0.0,False,False,20,4
700,0.4822,"[1769.9, 522.8, 1796.9, 582.2]",,,0.0,False,False,20,4
700,0.4816,"[1792.8, 515.7, 1819.8, 583.2]",,,0.0,False,False,20,4
700,0.4728,"[1674.0, 509.6, 1690.2, 549.5]",472,"[1675.0455698592093, 509.8497407711366, 1690.5913930314155, 550.3137113773008]",0.8903,True,False,20,4
700,0.4698,"[230.9, 537.3, 280.5, 655.4]",,,0.0,False,False,20,4
700,0.4543,"[1134.0, 484.3, 1154.2, 541.0]",,,0.0,False,False,20,4
700,0.4363,"[1393.2, 488.7, 1414.8, 536.6]",480,"[1396.0964053747655, 486.09257109336255, 1417.1506649377347, 541.1182443363249]",0.6909,True,False,20,4
700,0.4233,"[1080.7, 490.1, 1099.6, 526.5]",,,0.0,False,False,20,4
700,0.3322,"[1765.8, 513.0, 1790.1, 580.5]",,,0.0,False,False,20,4
700,0.3295,"[893.7, 483.3, 908.6, 518.4]",,,0.0,False,False,20,4
700,0.2101,"[62.8, 612.2, 127.1, 766.1]",,,0.0,False,False,20,4
700,0.1952,"[1398.6, 488.4, 1420.2, 539.7]",480,"[1396.0964053747655, 486.09257109336255, 1417.1506649377347, 541.1182443363249]",0.7237,True,False,20,4
700,0.1626,"[188.7, 522.8, 226.8, 626.7]",,,0.0,False,False,20,4
700,0.1313,"[1404.0, 487.7, 1422.9, 534.3]",480,"[1396.0964053747655, 486.09257109336255, 1417.1506649377347, 541.1182443363249]",0.4294,True,False,20,4
700,0.1278,"[1907.6, 587.2, 1964.3, 754.0]",366,"[1905.1184636042378, 583.6632459204142, 1963.3519953801372, 755.0673448998984]",0.9183,True,False,20,4
700,0.1058,"[1714.5, 504.2, 1730.7, 542.0]",,,0.0,False,False,20,4
701,0.5467,"[1133.3, 487.4, 1153.6, 541.4]",,,0.0,False,False,14,1
701,0.5251,"[113.1, 520.4, 159.3, 650.0]",,,0.0,False,False,14,1
701,0.5092,"[1357.4, 489.7, 1380.4, 550.5]",,,0.0,False,False,14,1
701,0.3849,"[1083.4, 490.4, 1099.6, 526.2]",,,0.0,False,False,14,1
701,0.3812,"[996.3, 492.4, 1012.5, 532.9]",,,0.0,False,False,14,1
701,0.3057,"[181.2, 526.2, 222.8, 639.6]",,,0.0,False,False,14,1
701,0.2906,"[330.8, 685.8, 398.9, 893.7]",,,0.0,False,False,14,1
701,0.2304,"[1910.3, 507.9, 1926.5, 558.6]",,,0.0,False,False,14,1
701,0.2086,"[1394.6, 487.7, 1416.2, 538.3]",,,0.0,False,False,14,1
701,0.2002,"[29.7, 633.8, 94.0, 810.7]",,,0.0,False,False,14,1
701,0.1766,"[1800.9, 522.5, 1825.2, 583.2]",,,0.0,False,False,14,1
701,0.1763,"[288.2, 454.6, 310.5, 520.1]",,,0.0,False,False,14,1
701,0.1596,"[1715.9, 504.6, 1732.1, 542.4]",,,0.0,False,False,14,1
701,0.1546,"[1398.6, 488.4, 1420.2, 539.0]",,,0.0,False,False,14,1
702,0.5529,"[1358.8, 492.4, 1379.0, 550.5]",,,0.0,False,False,22,0
702,0.5429,"[1345.3, 511.7, 1373.6, 585.9]",,,0.0,False,False,22,0
702,0.4686,"[1085.4, 490.7, 1101.6, 527.9]",,,0.0,False,False,22,0
702,0.3607,"[1332.5, 504.9, 1371.6, 587.9]",,,0.0,False,False,22,0
702,0.3274,"[759.4, 495.5, 782.3, 563.0]",,,0.0,False,False,22,0
702,0.2851,"[1522.8, 496.1, 1539.0, 531.2]",,,0.0,False,False,22,0
702,0.2676,"[1167.8, 492.8, 1185.3, 536.0]",,,0.0,False,False,22,0
702,0.2191,"[889.7, 484.3, 905.9, 520.8]",,,0.0,False,False,22,0
702,0.2029,"[1400.0, 490.4, 1418.9, 539.0]",,,0.0,False,False,22,0
702,0.1906,"[1715.9, 505.2, 1732.1, 545.7]",,,0.0,False,False,22,0
702,0.1848,"[1397.2, 488.4, 1416.2, 533.6]",,,0.0,False,False,22,0
702,0.1801,"[286.5, 457.7, 308.1, 515.0]",,,0.0,False,False,22,0
702,0.1701,"[1501.2, 498.8, 1520.1, 548.1]",,,0.0,False,False,22,0
702,0.1631,"[178.5, 526.2, 220.4, 641.6]",,,0.0,False,False,22,0
702,0.1587,"[1910.3, 507.9, 1926.5, 559.2]",,,0.0,False,False,22,0
702,0.1491,"[1849.5, 508.3, 1871.1, 558.2]",,,0.0,False,False,22,0
702,0.1466,"[1803.6, 523.1, 1827.9, 585.2]",,,0.0,False,False,22,0
702,0.1267,"[1734.8, 510.6, 1751.0, 553.8]",,,0.0,False,False,22,0
702,0.1159,"[1910.3, 591.6, 1964.3, 749.9]",,,0.0,False,False,22,0
702,0.1101,"[1233.9, 495.5, 1256.9, 556.2]",,,0.0,False,False,22,0
702,0.1067,"[1356.1, 500.9, 1375.0, 550.8]",,,0.0,False,False,22,0
702,0.1045,"[1487.7, 496.8, 1506.6, 544.0]",,,0.0,False,False,22,0
703,0.5624,"[1087.4, 493.1, 1102.3, 528.2]",,,0.0,False,False,12,0
703,0.3855,"[1595.7, 509.6, 1614.6, 554.9]",,,0.0,False,False,12,0
703,0.3399,"[1355.4, 488.0, 1379.7, 550.1]",,,0.0,False,False,12,0
703,0.2306,"[1329.1, 511.0, 1370.9, 586.6]",,,0.0,False,False,12,0
703,0.2277,"[1803.6, 520.8, 1827.9, 586.2]",,,0.0,False,False,12,0
703,0.1973,"[34.8, 619.0, 106.2, 756.7]",,,0.0,False,False,12,0
703,0.1777,"[1865.7, 514.0, 1884.6, 557.2]",,,0.0,False,False,12,0
703,0.1692,"[1715.9, 505.2, 1732.1, 546.4]",,,0.0,False,False,12,0
703,0.1592,"[1910.3, 509.3, 1926.5, 557.9]",,,0.0,False,False,12,0
703,0.146,"[1522.8, 496.5, 1539.0, 532.2]",,,0.0,False,False,12,0
703,0.1175,"[173.0, 529.9, 216.5, 646.7]",,,0.0,False,False,12,0
703,0.1061,"[1103.6, 493.1, 1121.2, 531.6]",,,0.0,False,False,12,0
704,0.5697,"[1489.1, 498.5, 1505.2, 544.4]",491,"[1487.2536996611484, 497.7623522607344, 1506.1247183076018, 544.9462659033281]",0.8351,True,False,18,5
704,0.5635,"[1437.8, 498.5, 1456.7, 548.4]",490,"[1438.1496036529084, 498.56590738590495, 1457.3735897064666, 548.005381676595]",0.9335,True,False,18,5
704,0.5036,"[1389.2, 491.1, 1408.1, 532.9]",480,"[1390.0823142089143, 492.0384362105012, 1405.8463967285857, 531.6986243363738]",0.7904,True,False,18,5
704,0.4544,"[101.9, 528.2, 145.0, 653.1]",492,"[101.13238144681192, 527.4685180664062, 146.64775466158653, 654.2335083007812]",0.9313,True,False,18,5
704,0.4526,"[1670.0, 509.6, 1686.2, 548.8]",,,0.0,False,False,18,5
704,0.42,"[1354.7, 482.3, 1380.4, 553.8]",,,0.0,False,False,18,5
704,0.377,"[1493.1, 499.8, 1512.0, 547.8]",491,"[1487.2536996611484, 497.7623522607344, 1506.1247183076018, 544.9462659033281]",0.4861,True,False,18,5
704,0.341,"[1087.4, 493.4, 1105.0, 531.2]",,,0.0,False,False,18,5
704,0.2238,"[1715.9, 505.6, 1732.1, 540.0]",,,0.0,False,False,18,5
704,0.173,"[1911.6, 510.3, 1927.8, 559.6]",,,0.0,False,False,18,5
704,0.167,"[1737.5, 514.7, 1753.7, 553.2]",,,0.0,False,False,18,5
704,0.1664,"[1868.4, 515.7, 1887.3, 558.9]",,,0.0,False,False,18,5
704,0.1512,"[1778.0, 509.6, 1794.2, 552.2]",,,0.0,False,False,18,5
704,0.1411,"[1482.3, 499.5, 1501.2, 546.8]",491,"[1487.2536996611484, 497.7623522607344, 1506.1247183076018, 544.9462659033281]",0.5513,True,False,18,5
704,0.139,"[757.4, 499.2, 781.7, 566.0]",,,0.0,False,False,18,5
704,0.1314,"[988.2, 493.8, 1004.4, 535.6]",,,0.0,False,False,18,5
704,0.1224,"[1809.0, 517.7, 1830.6, 585.9]",,,0.0,False,False,18,5
704,0.1176,"[1872.5, 600.8, 1926.5, 751.3]",,,0.0,False,False,18,5
705,0.5785,"[1087.4, 493.1, 1105.0, 531.6]",,,0.0,False,False,21,2
705,0.5658,"[988.2, 493.8, 1005.8, 536.3]",493,"[988.096583508868, 494.66691654648287, 1007.954441881757, 536.6968529847672]",0.8588,True,False,21,2
705,0.5658,"[1487.7, 497.1, 1506.6, 549.1]",,,0.0,False,False,21,2
705,0.545,"[1688.9, 522.5, 1710.5, 588.6]",472,"[1678.3868592138483, 509.2793316770957, 1693.8082091455267, 548.8410296510293]",0.0686,False,False,21,2
705,0.4774,"[1678.1, 509.6, 1694.2, 548.1]",472,"[1678.3868592138483, 509.2793316770957, 1693.8082091455267, 548.8410296510293]",0.927,True,False,21,2
705,0.4706,"[1133.3, 492.4, 1153.6, 543.0]",,,0.0,False,False,21,2
705,0.3576,"[1738.8, 515.4, 1755.0, 553.8]",,,0.0,False,False,21,2
705,0.3473,"[98.4, 534.9, 139.7, 652.4]",,,0.0,False,False,21,2
705,0.3309,"[1778.0, 507.3, 1796.9, 551.8]",,,0.0,False,False,21,2
705,0.2435,"[965.3, 488.7, 981.5, 532.6]",,,0.0,False,False,21,2
705,0.2409,"[1490.4, 500.5, 1512.0, 552.5]",,,0.0,False,False,21,2
705,0.2252,"[1497.2, 500.2, 1516.1, 549.5]",,,0.0,False,False,21,2
705,0.2192,"[1489.1, 504.6, 1508.0, 556.5]",,,0.0,False,False,21,2
705,0.2056,"[1717.2, 503.6, 1733.4, 537.3]",,,0.0,False,False,21,2
705,0.2039,"[1593.0, 510.0, 1611.9, 554.5]",,,0.0,False,False,21,2
705,0.1766,"[1557.9, 497.8, 1579.5, 553.8]",,,0.0,False,False,21,2
705,0.1621,"[1439.1, 497.8, 1458.0, 545.7]",,,0.0,False,False,21,2
705,0.11,"[1852.2, 512.7, 1871.1, 557.2]",,,0.0,False,False,21,2
705,0.1049,"[1868.4, 514.4, 1887.3, 556.9]",,,0.0,False,False,21,2
705,0.1024,"[1227.2, 498.5, 1250.1, 556.5]",,,0.0,False,False,21,2
705,0.1012,"[1647.0, 507.3, 1663.2, 551.8]",,,0.0,False,False,21,2
706,0.5774,"[1687.5, 524.1, 1709.1, 589.6]",,,0.0,False,False,14,0
706,0.4868,"[1390.5, 492.1, 1406.7, 533.2]",,,0.0,False,False,14,0
706,0.4454,"[884.9, 485.0, 901.1, 520.8]",,,0.0,False,False,14,0
706,0.4403,"[1090.1, 493.4, 1105.0, 529.2]",,,0.0,False,False,14,0
706,0.4296,"[1678.1, 509.6, 1694.2, 546.8]",,,0.0,False,False,14,0
706,0.407,"[882.9, 486.0, 897.8, 519.8]",,,0.0,False,False,14,0
706,0.3274,"[91.4, 534.6, 131.4, 645.3]",,,0.0,False,False,14,0
706,0.2421,"[1852.2, 509.6, 1873.8, 556.9]",,,0.0,False,False,14,0
706,0.225,"[1737.5, 515.7, 1753.7, 553.5]",,,0.0,False,False,14,0
706,0.1871,"[1717.2, 503.6, 1733.4, 536.6]",,,0.0,False,False,14,0
706,0.1764,"[1869.8, 514.7, 1888.7, 557.2]",,,0.0,False,False,14,0
706,0.1309,"[1780.7, 507.9, 1799.6, 549.8]",,,0.0,False,False,14,0
706,0.1218,"[878.2, 486.3, 891.7, 519.4]",,,0.0,False,False,14,0
706,0.1197,"[1593.0, 510.0, 1611.9, 555.9]",,,0.0,False,False,14,0
707,0.487,"[1090.8, 494.1, 1105.7, 529.2]",,,0.0,False,False,17,1
707,0.4668,"[1679.4, 510.6, 1695.6, 548.4]",,,0.0,False,False,17,1
707,0.3994,"[1133.3, 492.1, 1153.6, 543.4]",,,0.0,False,False,17,1
707,0.3919,"[1738.8, 512.7, 1755.0, 553.2]",,,0.0,False,False,17,1
707,0.2972,"[1869.8, 514.7, 1888.7, 556.5]",,,0.0,False,False,17,1
707,0.2764,"[877.5, 489.0, 891.0, 520.1]",,,0.0,False,False,17,1
707,0.2702,"[1594.4, 509.6, 1613.2, 556.2]",,,0.0,False,False,17,1
707,0.2591,"[885.6, 488.0, 901.8, 521.8]",,,0.0,False,False,17,1
707,0.2337,"[1398.6, 495.5, 1417.5, 542.7]",,,0.0,False,False,17,1
707,0.2289,"[1717.2, 503.6, 1736.1, 545.4]",,,0.0,False,False,17,1
707,0.1783,"[153.1, 532.2, 202.5, 676.0]",,,0.0,False,False,17,1
707,0.1257,"[1489.1, 496.8, 1505.2, 542.7]",,,0.0,False,False,17,1
707,0.1233,"[1782.0, 509.0, 1798.2, 548.1]",,,0.0,False,False,17,1
707,0.1082,"[1394.6, 493.8, 1410.8, 534.3]",,,0.0,False,False,17,1
707,0.1073,"[1690.2, 519.1, 1709.1, 583.2]",,,0.0,False,False,17,1
707,0.1032,"[963.2, 491.1, 979.4, 533.6]",,,0.0,False,False,17,1
707,0.1023,"[1444.5, 152.7, 1455.3, 181.6]",,,0.0,False,False,17,1
708,0.5764,"[1853.6, 510.0, 1872.5, 557.2]",,,0.0,False,False,19,1
708,0.5598,"[1792.8, 514.4, 1819.8, 585.9]",,,0.0,False,False,19,1
708,0.4156,"[1680.8, 510.6, 1697.0, 547.8]",,,0.0,False,False,19,1
708,0.4098,"[1090.8, 494.8, 1105.7, 529.9]",,,0.0,False,False,19,1
708,0.4054,"[1687.5, 524.8, 1709.1, 589.6]",,,0.0,False,False,19,1
708,0.3998,"[1493.1, 502.2, 1509.3, 546.8]",491,"[1491.6700615974778, 499.69973605476883, 1509.5408759025222, 544.6029983202311]",0.8205,True,False,19,1
708,0.3739,"[1593.0, 512.3, 1611.9, 556.2]",,,0.0,False,False,19,1
708,0.3379,"[152.3, 532.6, 198.1, 668.2]",,,0.0,False,False,19,1
708,0.3032,"[1738.8, 511.3, 1757.7, 554.5]",,,0.0,False,False,19,1
708,0.2451,"[1398.6, 494.4, 1420.2, 543.0]",,,0.0,False,False,19,1
708,0.2289,"[962.6, 490.7, 980.1, 533.2]",,,0.0,False,False,19,1
708,0.2245,"[1563.3, 502.9, 1582.2, 556.2]",,,0.0,False,False,19,1
708,0.1854,"[1871.1, 513.7, 1887.3, 556.9]",,,0.0,False,False,19,1
708,0.1638,"[1717.2, 503.2, 1733.4, 541.0]",,,0.0,False,False,19,1
708,0.1624,"[877.5, 488.7, 891.0, 520.4]",,,0.0,False,False,19,1
708,0.1287,"[1165.7, 491.1, 1180.6, 529.5]",,,0.0,False,False,19,1
708,0.1244,"[754.7, 498.5, 776.2, 566.7]",,,0.0,False,False,19,1
708,0.1147,"[1717.2, 501.5, 1736.1, 550.1]",,,0.0,False,False,19,1
708,0.1095,"[1690.2, 518.7, 1709.1, 580.2]",,,0.0,False,False,19,1
709,0.5576,"[1682.1, 509.3, 1698.3, 547.1]",,,0.0,False,False,17,1
709,0.5039,"[1131.3, 491.1, 1152.9, 544.4]",,,0.0,False,False,17,1
709,0.4088,"[1679.4, 523.1, 1703.7, 581.9]",,,0.0,False,False,17,1
709,0.398,"[1090.8, 497.5, 1105.7, 531.9]",,,0.0,False,False,17,1
709,0.3861,"[1400.0, 496.5, 1418.9, 544.4]",480,"[1385.2757671309532, 491.3215583092041, 1401.245961384672, 530.1523796790772]",0.0295,False,False,17,1
709,0.3611,"[1738.8, 511.0, 1757.7, 554.2]",,,0.0,False,False,17,1
709,0.3504,"[1717.2, 502.9, 1736.1, 549.5]",,,0.0,False,False,17,1
709,0.3352,"[1786.1, 509.0, 1802.2, 551.5]",,,0.0,False,False,17,1
709,0.311,"[1869.8, 513.0, 1888.7, 556.2]",,,0.0,False,False,17,1
709,0.3036,"[144.5, 533.6, 192.9, 675.3]",,,0.0,False,False,17,1
709,0.2837,"[1591.7, 512.3, 1610.6, 556.9]",,,0.0,False,False,17,1
709,0.2793,"[1165.7, 492.8, 1179.2, 529.2]",,,0.0,False,False,17,1
709,0.1805,"[752.6, 498.8, 775.6, 567.0]",,,0.0,False,False,17,1
709,0.1186,"[1107.0, 496.5, 1123.2, 534.3]",,,0.0,False,False,17,1
709,0.1093,"[1479.6, 497.1, 1498.5, 545.1]",,,0.0,False,False,17,1
709,0.1092,"[962.6, 491.1, 980.1, 533.6]",,,0.0,False,False,17,1
709,0.1073,"[882.9, 487.4, 899.1, 521.1]",,,0.0,False,False,17,1
710,0.562,"[1856.2, 510.3, 1872.5, 556.2]",,,0.0,False,False,17,1
710,0.5224,"[1683.5, 509.6, 1699.7, 546.8]",,,0.0,False,False,17,1
710,0.5023,"[-9.7, 629.8, 53.7, 767.5]",,,0.0,False,False,17,1
710,0.4867,"[1497.2, 506.3, 1513.4, 544.0]",482,"[1494.8506196080402, 502.57635198711944, 1511.746792501335, 545.8732329738181]",0.6965,True,False,17,1
710,0.4443,"[1400.0, 494.4, 1418.9, 545.1]",,,0.0,False,False,17,1
710,0.317,"[1227.8, 499.5, 1249.4, 558.2]",,,0.0,False,False,17,1
710,0.2985,"[1738.8, 510.0, 1757.7, 552.5]",,,0.0,False,False,17,1
710,0.2985,"[1786.1, 509.3, 1802.2, 553.2]",,,0.0,False,False,17,1
710,0.2794,"[1869.8, 513.7, 1888.7, 556.2]",,,0.0,False,False,17,1
710,0.2744,"[142.4, 533.2, 188.2, 668.9]",,,0.0,False,False,17,1
710,0.2529,"[1718.6, 502.5, 1734.8, 546.4]",,,0.0,False,False,17,1
710,0.2191,"[751.3, 498.5, 775.6, 568.0]",,,0.0,False,False,17,1
710,0.2184,"[1590.3, 511.0, 1609.2, 555.5]",,,0.0,False,False,17,1
710,0.211,"[1090.8, 496.8, 1107.0, 533.2]",,,0.0,False,False,17,1
710,0.1917,"[1164.4, 491.1, 1179.2, 530.2]",,,0.0,False,False,17,1
710,0.1517,"[271.5, 462.0, 293.8, 521.4]",,,0.0,False,False,17,1
710,0.1351,"[796.5, 495.8, 810.0, 527.5]",,,0.0,False,False,17,1
711,0.5737,"[1357.4, 509.0, 1386.5, 590.0]",,,0.0,False,False,19,0
711,0.5105,"[1856.2, 511.0, 1875.2, 557.5]",,,0.0,False,False,19,0
711,0.479,"[1683.5, 510.0, 1699.7, 547.1]",,,0.0,False,False,19,0
711,0.4679,"[1134.0, 494.1, 1152.9, 544.0]",,,0.0,False,False,19,0
711,0.4117,"[1497.2, 504.6, 1513.4, 545.7]",,,0.0,False,False,19,0
711,0.3815,"[15.9, 542.0, 55.8, 660.2]",,,0.0,False,False,19,0
711,0.3124,"[1478.2, 501.2, 1497.2, 549.8]",,,0.0,False,False,19,0
711,0.268,"[272.7, 393.2, 317.9, 552.5]",,,0.0,False,False,19,0
711,0.2405,"[1787.4, 509.6, 1803.6, 556.9]",,,0.0,False,False,19,0
711,0.2381,"[751.3, 498.8, 775.6, 567.7]",,,0.0,False,False,19,0
711,0.1824,"[1872.5, 514.7, 1888.7, 557.2]",,,0.0,False,False,19,0
711,0.1748,"[1742.9, 510.0, 1759.1, 552.5]",,,0.0,False,False,19,0
711,0.159,"[1499.9, 504.2, 1516.1, 546.8]",,,0.0,False,False,19,0
711,0.1545,"[1124.6, 491.7, 1139.4, 530.2]",,,0.0,False,False,19,0
711,0.1491,"[1687.5, 524.8, 1709.1, 586.2]",,,0.0,False,False,19,0
711,0.1315,"[796.5, 496.8, 808.7, 526.5]",,,0.0,False,False,19,0
711,0.1261,"[139.2, 532.2, 186.3, 675.3]",,,0.0,False,False,19,0
711,0.1095,"[1719.9, 502.9, 1736.1, 544.0]",,,0.0,False,False,19,0
711,0.1035,"[1398.6, 489.7, 1417.5, 544.4]",,,0.0,False,False,19,0
712,0.5277,"[1227.2, 498.2, 1250.1, 556.9]",459,"[1226.3401097706098, 498.10929218329323, 1249.01291757314, 558.1902683635818]",0.9003,True,False,18,2
712,0.445,"[1355.4, 505.6, 1382.4, 581.2]",,,0.0,False,False,18,2
712,0.4348,"[750.6, 500.2, 774.9, 567.7]",,,0.0,False,False,18,2
712,0.42,"[1895.4, 595.7, 1981.8, 769.5]",314,"[1890.6086477832666, 601.937079354704, 1969.2980904979834, 766.8511286531084]",0.7709,True,False,18,2
712,0.4197,"[7.1, 539.3, 51.7, 664.9]",,,0.0,False,False,18,2
712,0.4145,"[1683.5, 510.3, 1699.7, 548.1]",,,0.0,False,False,18,2
712,0.3165,"[1787.4, 510.0, 1803.6, 555.2]",,,0.0,False,False,18,2
712,0.2955,"[1475.6, 500.5, 1494.5, 548.4]",,,0.0,False,False,18,2
712,0.2899,"[1401.3, 489.0, 1422.9, 544.4]",,,0.0,False,False,18,2
712,0.2782,"[-38.2, 634.5, 34.0, 814.1]",,,0.0,False,False,18,2
712,0.2392,"[1590.3, 510.6, 1609.2, 557.2]",,,0.0,False,False,18,2
712,0.2243,"[1686.2, 525.2, 1710.5, 592.7]",,,0.0,False,False,18,2
712,0.1971,"[133.7, 533.2, 182.4, 681.1]",,,0.0,False,False,18,2
712,0.1927,"[795.2, 494.1, 808.7, 525.2]",,,0.0,False,False,18,2
712,0.1836,"[1719.9, 504.6, 1738.8, 552.5]",,,0.0,False,False,18,2
712,0.1164,"[880.2, 485.0, 899.1, 522.1]",,,0.0,False,False,18,2
712,0.1157,"[1651.1, 508.6, 1667.2, 553.8]",,,0.0,False,False,18,2
712,0.1111,"[1133.3, 493.1, 1153.6, 544.4]",,,0.0,False,False,18,2
713,0.5514,"[1498.5, 503.6, 1514.7, 546.1]",482,"[1498.197778584937, 504.1844810334132, 1514.3383542275628, 545.4892250212743]",0.9327,True,False,17,3
713,0.5143,"[1225.8, 498.8, 1248.8, 556.2]",,,0.0,False,False,17,3
713,0.49,"[1587.6, 510.3, 1609.2, 559.6]",,,0.0,False,False,17,3
713,0.4523,"[749.9, 499.2, 774.2, 567.3]",,,0.0,False,False,17,3
713,0.4447,"[130.4, 532.9, 175.0, 665.9]",,,0.0,False,False,17,3
713,0.3038,"[1899.5, 608.2, 1972.4, 769.5]",,,0.0,False,False,17,3
713,0.2872,"[1684.8, 510.3, 1701.0, 547.4]",,,0.0,False,False,17,3
713,0.2857,"[1818.5, 512.3, 1842.8, 584.6]",,,0.0,False,False,17,3
713,0.2668,"[1134.0, 494.1, 1152.9, 544.7]",,,0.0,False,False,17,3
713,0.2557,"[795.2, 494.4, 808.7, 526.2]",,,0.0,False,False,17,3
713,0.2435,"[1787.4, 509.6, 1803.6, 552.8]",,,0.0,False,False,17,3
713,0.1973,"[1123.2, 491.4, 1136.7, 527.9]",,,0.0,False,False,17,3
713,0.1451,"[1583.6, 514.4, 1599.8, 560.2]",,,0.0,False,False,17,3
713,0.1398,"[1358.8, 514.0, 1383.8, 586.2]",,,0.0,False,False,17,3
713,0.1212,"[1721.2, 504.9, 1737.5, 552.2]",,,0.0,False,False,17,3
713,0.1188,"[1652.4, 509.3, 1668.6, 554.5]",,,0.0,False,False,17,3
713,0.1015,"[882.2, 488.4, 898.4, 521.4]",,,0.0,False,False,17,3
714,0.5412,"[1235.9, 512.7, 1260.2, 580.8]",,,0.0,False,False,20,1
714,0.4928,"[5.2, 553.5, 43.2, 659.5]",,,0.0,False,False,20,1
714,0.4026,"[1587.6, 512.0, 1606.5, 559.2]",,,0.0,False,False,20,1
714,0.3753,"[1134.0, 493.8, 1152.9, 545.1]",,,0.0,False,False,20,1
714,0.3643,"[1498.5, 503.6, 1514.7, 546.8]",,,0.0,False,False,20,1
714,0.3557,"[1331.8, 512.7, 1362.8, 582.9]",,,0.0033,False,False,20,1
714,0.3128,"[126.3, 533.2, 171.2, 670.3]",,,0.0,False,False,20,1
714,0.31,"[795.2, 498.5, 807.3, 528.2]",,,0.0,False,False,20,1
714,0.3034,"[882.2, 489.7, 898.4, 521.4]",,,0.0,False,False,20,1
714,0.2832,"[1684.8, 511.3, 1701.0, 547.1]",,,0.0,False,False,20,1
714,0.2208,"[1334.5, 526.2, 1366.9, 598.4]",487,"[1362.6240183347927, 513.7131112477028, 1389.8862355714575, 588.4496084788595]",0.0644,False,False,20,1
714,0.2144,"[749.2, 500.9, 773.6, 567.0]",,,0.0,False,False,20,1
714,0.2047,"[1719.9, 505.2, 1738.8, 555.2]",,,0.0,False,False,20,1
714,0.1856,"[1008.5, 501.5, 1020.6, 537.3]",,,0.0,False,False,20,1
714,0.1842,"[1788.8, 509.6, 1805.0, 552.8]",,,0.0,False,False,20,1
714,0.1202,"[1817.1, 515.0, 1833.3, 556.9]",,,0.0,False,False,20,1
714,0.1201,"[1652.4, 509.3, 1668.6, 553.8]",,,0.0,False,False,20,1
714,0.1179,"[1906.2, 619.0, 1968.3, 768.8]",,,0.0,False,False,20,1
714,0.1087,"[1331.1, 531.6, 1367.6, 612.6]",487,"[1362.6240183347927, 513.7131112477028, 1389.8862355714575, 588.4496084788595]",0.0595,False,False,20,1
714,0.1024,"[1155.6, 493.4, 1173.2, 534.6]",,,0.0,False,False,20,1
715,0.5434,"[1671.3, 510.6, 1687.5, 550.5]",473,"[1671.6216151525075, 511.0014590081044, 1686.5426914881177, 549.7894345465832]",0.8971,True,False,20,2
715,0.4801,"[1134.0, 493.8, 1152.9, 545.1]",,,0.0,False,False,20,2
715,0.4662,"[882.9, 489.4, 899.1, 522.5]",,,0.0,False,False,20,2
715,0.4352,"[1352.7, 513.3, 1381.1, 589.6]",,,0.0,False,False,20,2
715,0.4278,"[1587.6, 511.7, 1606.5, 560.2]",,,0.0,False,False,20,2
715,0.4029,"[1331.1, 499.5, 1359.5, 571.7]",,,0.0,False,False,20,2
715,0.3846,"[-3.5, 536.6, 40.0, 662.2]",,,0.0,False,False,20,2
715,0.2976,"[1379.0, 493.4, 1395.9, 532.6]",,,0.0,False,False,20,2
715,0.1799,"[1235.2, 509.3, 1260.9, 578.8]",,,0.0,False,False,20,2
715,0.1774,"[1121.9, 500.2, 1134.0, 537.3]",,,0.0,False,False,20,2
715,0.1746,"[1787.4, 508.6, 1806.3, 557.9]",,,0.0,False,False,20,2
715,0.1484,"[1377.0, 494.1, 1398.6, 552.2]",,,0.0,False,False,20,2
715,0.1442,"[1653.8, 508.3, 1670.0, 554.9]",,,0.0,False,False,20,2
715,0.135,"[1108.3, 497.5, 1123.2, 538.0]",,,0.0,False,False,20,2
715,0.1343,"[120.6, 533.2, 169.7, 673.7]",,,0.0,False,False,20,2
715,0.1282,"[961.2, 488.7, 980.1, 536.0]",,,0.0,False,False,20,2
715,0.1217,"[1343.9, 514.4, 1377.7, 592.0]",,,0.0,False,False,20,2
715,0.1215,"[1338.5, 518.4, 1370.9, 592.7]",,,0.0,False,False,20,2
715,0.1118,"[1499.9, 504.2, 1516.1, 550.8]",,,0.0,False,False,20,2
715,0.1034,"[1008.5, 500.9, 1020.6, 536.6]",,,0.0,False,False,20,2
716,0.5282,"[1377.7, 494.8, 1394.6, 533.9]",,,0.0,False,False,20,3
716,0.5069,"[-4.4, 538.3, 37.1, 662.5]",,,0.0,False,False,20,3
716,0.4799,"[1351.4, 512.0, 1381.1, 591.0]",,,0.0,False,False,20,3
716,0.4405,"[1331.1, 493.8, 1360.8, 571.4]",,,0.0,False,False,20,3
716,0.4215,"[1589.0, 510.6, 1607.9, 559.9]",,,0.0,False,False,20,3
716,0.4101,"[976.7, 491.1, 994.3, 540.3]",493,"[975.861927983527, 490.60218549743416, 997.7074079539731, 540.1246211431909]",0.7932,True,False,20,3
716,0.3474,"[882.9, 490.4, 899.1, 522.1]",,,0.0,False,False,20,3
716,0.3188,"[117.9, 533.2, 165.1, 675.7]",,,0.0,False,False,20,3
716,0.2584,"[1790.1, 511.3, 1806.3, 555.9]",,,0.0,False,False,20,3
716,0.2541,"[1135.4, 495.5, 1152.9, 544.7]",,,0.0,False,False,20,3
716,0.2291,"[961.9, 490.4, 979.4, 537.6]",493,"[975.861927983527, 490.60218549743416, 997.7074079539731, 540.1246211431909]",0.0961,False,False,20,3
716,0.226,"[747.9, 502.5, 773.6, 568.0]",,,0.0,False,False,20,3
716,0.2165,"[1721.2, 506.3, 1740.2, 555.5]",,,0.0,False,False,20,3
716,0.1641,"[1687.5, 511.3, 1703.7, 550.5]",,,0.0,False,False,20,3
716,0.1302,"[1429.7, 503.2, 1448.6, 554.5]",486,"[1424.0285437010716, 507.85990349589736, 1443.4463098145532, 556.1413172072276]",0.5094,True,False,20,3
716,0.1291,"[1360.1, 499.5, 1385.1, 561.6]",,,0.0,False,False,20,3
716,0.1202,"[1435.1, 503.6, 1454.0, 551.5]",486,"[1424.0285437010716, 507.85990349589736, 1443.4463098145532, 556.1413172072276]",0.2479,False,False,20,3
716,0.1086,"[794.5, 498.2, 806.6, 527.2]",,,0.0,False,False,20,3
716,0.1086,"[1007.8, 501.2, 1021.3, 537.6]",,,0.0,False,False,20,3
716,0.108,"[1341.9, 514.4, 1379.7, 605.5]",,,0.0,False,False,20,3
717,0.5691,"[1352.0, 512.0, 1382.4, 592.3]",,,0.0,False,False,20,1
717,0.5287,"[1470.2, 499.5, 1491.8, 550.8]",497,"[1473.5776852806716, 499.2889718196865, 1494.9052248755784, 554.0931082584385]",0.6933,True,False,20,1
717,0.4327,"[1377.0, 495.5, 1393.2, 533.9]",,,0.0,False,False,20,1
717,0.4037,"[1722.6, 507.3, 1741.5, 555.2]",,,0.0,False,False,20,1
717,0.3123,"[1687.5, 512.7, 1703.7, 547.8]",,,0.0,False,False,20,1
717,0.2793,"[747.9, 500.9, 772.2, 568.4]",,,0.0,False,False,20,1
717,0.2782,"[1790.1, 511.0, 1809.0, 558.9]",,,0.0,False,False,20,1
717,0.2755,"[976.1, 497.8, 993.6, 540.3]",,,0.0,False,False,20,1
717,0.2289,"[1435.1, 501.9, 1454.0, 553.2]",,,0.0,False,False,20,1
717,0.2157,"[1134.0, 495.5, 1152.9, 545.4]",,,0.0,False,False,20,1
717,0.1795,"[1155.6, 502.2, 1171.8, 538.7]",,,0.0,False,False,20,1
717,0.1629,"[1587.6, 510.3, 1609.2, 559.6]",,,0.0,False,False,20,1
717,0.1523,"[1819.8, 513.0, 1841.4, 560.2]",,,0.0,False,False,20,1
717,0.1352,"[-19.4, 541.7, 19.2, 661.2]",,,0.0,False,False,20,1
717,0.1316,"[1007.8, 502.9, 1021.3, 538.7]",,,0.0,False,False,20,1
717,0.1205,"[114.2, 536.6, 162.3, 676.4]",,,0.0,False,False,20,1
717,0.1048,"[1802.2, 506.9, 1823.9, 556.9]",,,0.0,False,False,20,1
717,0.1025,"[1235.2, 509.6, 1262.2, 579.8]",,,0.0,False,False,20,1
717,0.1018,"[1118.5, 490.7, 1129.3, 520.4]",,,0.0,False,False,20,1
717,0.1004,"[1680.8, 512.7, 1694.2, 548.4]",,,0.0,False,False,20,1
718,0.5166,"[1687.5, 513.3, 1703.7, 548.4]",,,0.0,False,False,14,0
718,0.4082,"[109.7, 535.3, 156.1, 677.7]",,,0.0,False,False,14,0
718,0.2945,"[1676.7, 512.7, 1692.9, 551.1]",,,0.0,False,False,14,0
718,0.2931,"[1395.9, 497.1, 1409.4, 532.9]",,,0.0,False,False,14,0
718,0.2804,"[1154.2, 500.2, 1169.1, 536.0]",,,0.0,False,False,14,0
718,0.2631,"[1722.6, 506.6, 1741.5, 555.2]",,,0.0,False,False,14,0
718,0.2142,"[976.7, 498.8, 994.3, 540.0]",,,0.0,False,False,14,0
718,0.2135,"[1134.0, 498.2, 1151.6, 546.8]",,,0.0,False,False,14,0
718,0.1986,"[1792.8, 514.7, 1809.0, 561.3]",,,0.0,False,False,14,0
718,0.1957,"[1818.5, 516.4, 1842.8, 561.6]",,,0.0,False,False,14,0
718,0.1672,"[1008.5, 503.6, 1020.6, 537.3]",,,0.0,False,False,14,0
718,0.147,"[1404.0, 499.8, 1422.9, 547.1]",,,0.0,False,False,14,0
718,0.1091,"[793.8, 497.8, 806.0, 529.5]",,,0.0,False,False,14,0
718,0.1061,"[1243.4, 497.8, 1256.9, 528.9]",,,0.0,False,False,14,0
719,0.5414,"[1688.9, 513.7, 1705.1, 548.8]",,,0.0,False,False,18,2
719,0.5224,"[1394.6, 495.5, 1410.8, 533.2]",,,0.0,False,False,18,2
719,0.5026,"[1375.7, 495.5, 1391.9, 533.2]",480,"[1375.119396963396, 496.1496281397836, 1390.528308114729, 533.2004695164663]",0.8722,True,False,18,2
719,0.4146,"[1352.7, 513.0, 1382.4, 590.0]",487,"[1354.0335473754317, 517.1773868756264, 1382.7672338745683, 595.3945125384361]",0.8362,True,False,18,2
719,0.3402,"[1405.4, 499.5, 1424.2, 547.4]",,,0.0,False,False,18,2
719,0.3284,"[976.1, 500.5, 992.3, 539.0]",,,0.0,False,False,18,2
719,0.2471,"[1133.3, 497.5, 1152.2, 547.4]",,,0.0,False,False,18,2
719,0.2462,"[966.6, 490.4, 980.1, 528.2]",,,0.0,False,False,18,2
719,0.2339,"[1724.0, 506.9, 1742.9, 555.5]",,,0.0,False,False,18,2
719,0.2223,"[882.2, 492.4, 897.1, 523.5]",,,0.0,False,False,18,2
719,0.1939,"[1152.2, 497.1, 1167.1, 534.3]",,,0.0,False,False,18,2
719,0.1722,"[793.8, 497.5, 806.0, 529.9]",,,0.0,False,False,18,2
719,0.1479,"[1821.2, 520.4, 1840.1, 562.3]",,,0.0,False,False,18,2
719,0.1219,"[1244.7, 496.5, 1259.6, 529.5]",,,0.0,False,False,18,2
719,0.1077,"[972.7, 499.5, 988.9, 539.3]",,,0.0,False,False,18,2
719,0.1062,"[978.8, 499.8, 995.0, 539.7]",,,0.0,False,False,18,2
719,0.1048,"[1881.9, 521.1, 1900.8, 563.6]",,,0.0,False,False,18,2
719,0.1015,"[145.4, 539.7, 190.0, 684.1]",,,0.0,False,False,18,2
720,0.4759,"[1406.7, 499.2, 1425.6, 549.8]",,,0.0,False,False,15,1
720,0.4579,"[1374.3, 496.8, 1390.5, 536.0]",,,0.0,False,False,15,1
720,0.4367,"[1394.6, 497.5, 1410.8, 534.6]",,,0.0,False,False,15,1
720,0.3621,"[972.0, 501.5, 988.2, 540.7]",,,0.0,False,False,15,1
720,0.3541,"[967.3, 489.7, 979.4, 525.5]",,,0.0,False,False,15,1
720,0.2794,"[1881.9, 521.1, 1900.8, 565.7]",,,0.0,False,False,15,1
720,0.2424,"[1678.1, 514.4, 1691.6, 552.2]",,,0.0,False,False,15,1
720,0.223,"[745.9, 501.2, 771.5, 570.7]",,,0.0,False,False,15,1
720,0.1944,"[1725.3, 507.6, 1741.5, 552.2]",,,0.0,False,False,15,1
720,0.1859,"[963.9, 491.1, 978.8, 532.9]",,,0.0,False,False,15,1
720,0.1848,"[1150.9, 495.1, 1165.7, 534.3]",,,0.0,False,False,15,1
720,0.183,"[880.2, 492.8, 896.4, 525.2]",,,0.0,False,False,15,1
720,0.1791,"[1822.5, 522.8, 1838.7, 564.0]",,,0.0,False,False,15,1
720,0.1343,"[137.7, 540.0, 185.1, 685.8]",,,0.0,False,False,15,1
720,0.1188,"[101.0, 536.6, 153.1, 683.8]",,,0.0,False,False,15,1
721,0.546,"[1132.7, 491.7, 1151.6, 546.4]",,,0.0,False,False,17,2
721,0.4329,"[1150.9, 494.4, 1164.4, 532.9]",,,0.0,False,False,17,2
721,0.4085,"[1107.7, 493.4, 1123.9, 537.3]",,,0.0,False,False,17,2
721,0.4,"[964.6, 490.1, 979.4, 536.0]",,,0.0,False,False,17,2
721,0.3648,"[1691.6, 515.0, 1705.1, 548.8]",472,"[1690.7092095344747, 514.4084251367769, 1705.2610053092753, 550.7223121679104]",0.8622,True,False,17,2
721,0.3331,"[135.8, 542.4, 182.6, 685.5]",,,0.0,False,False,17,2
721,0.2986,"[1391.9, 496.1, 1408.1, 535.3]",,,0.0,False,False,17,2
721,0.273,"[880.2, 492.4, 896.4, 525.5]",,,0.0,False,False,17,2
721,0.2515,"[96.4, 534.6, 148.7, 685.1]",,,0.0,False,False,17,2
721,0.2101,"[964.6, 492.4, 983.5, 541.7]",,,0.0,False,False,17,2
721,0.1506,"[1795.5, 514.7, 1811.7, 561.9]",,,0.0,False,False,17,2
721,0.1387,"[125.2, 543.0, 175.3, 686.1]",,,0.0,False,False,17,2
721,0.1364,"[1822.5, 523.1, 1838.7, 563.0]",,,0.0,False,False,17,2
721,0.1289,"[868.1, 491.7, 885.6, 525.5]",,,0.0,False,False,17,2
721,0.1094,"[-25.1, 542.7, 15.1, 666.9]",452,"[-23.56883248870699, 540.8991430744492, 19.903580756834433, 665.6717797771133]",0.8407,True,False,17,2
721,0.1072,"[1621.4, 518.4, 1643.0, 560.9]",,,0.0,False,False,17,2
721,0.1026,"[1373.6, 496.1, 1391.9, 537.3]",,,0.0,False,False,17,2
722,0.5539,"[1424.2, 510.0, 1445.9, 561.9]",,,0.0,False,False,15,2
722,0.497,"[-38.3, 691.9, 29.1, 876.8]",395,"[-63.92345917359043, 685.5106957656576, 36.27173340454746, 952.9076391952799]",0.4651,True,False,15,2
722,0.4924,"[135.1, 544.7, 177.9, 682.4]",,,0.0,False,False,15,2
722,0.4535,"[1150.2, 495.1, 1163.7, 532.9]",,,0.0,False,False,15,2
722,0.4002,"[1134.0, 494.1, 1151.6, 546.8]",,,0.0,False,False,15,2
722,0.3619,"[876.8, 491.1, 895.7, 528.2]",,,0.0,False,False,15,2
722,0.2995,"[1107.0, 494.8, 1123.2, 540.0]",,,0.0,False,False,15,2
722,0.2937,"[1795.5, 516.0, 1814.4, 562.6]",,,0.0,False,False,15,2
722,0.2784,"[91.5, 537.0, 146.7, 690.9]",,,0.0,False,False,15,2
722,0.2052,"[1622.7, 517.7, 1644.3, 562.3]",,,0.0,False,False,15,2
722,0.2035,"[-54.9, 687.8, 33.4, 929.5]",395,"[-63.92345917359043, 685.5106957656576, 36.27173340454746, 952.9076391952799]",0.797,True,False,15,2
722,0.1944,"[1822.5, 521.8, 1841.4, 564.3]",485,"[1831.809813642958, 523.9471319022524, 1848.724121903917, 564.2364618477476]",0.3516,True,False,15,2
722,0.189,"[866.7, 492.8, 882.9, 525.8]",,,0.0,False,False,15,2
722,0.1356,"[1521.5, 754.0, 1535.0, 785.0]",,,0.0,False,False,15,2
722,0.1265,"[1846.8, 555.9, 1892.7, 665.2]",,,0.0028,False,False,15,2
723,0.4074,"[1146.8, 495.1, 1161.7, 536.3]",,,0.0,False,False,19,2
723,0.4019,"[1404.0, 504.6, 1422.9, 551.1]",,,0.0,False,False,19,2
723,0.3811,"[1474.2, 503.2, 1490.4, 551.1]",497,"[1471.5625020877574, 504.6432628451124, 1490.4560525997426, 553.9004383267625]",0.7897,True,False,19,2
723,0.3243,"[1487.7, 502.5, 1503.9, 544.4]",497,"[1471.5625020877574, 504.6432628451124, 1490.4560525997426, 553.9004383267625]",0.0731,False,False,19,2
723,0.2488,"[1625.4, 517.0, 1644.3, 563.6]",,,0.0,False,False,19,2
723,0.2144,"[877.5, 491.4, 896.4, 527.9]",,,0.0,False,False,19,2
723,0.1904,"[87.2, 537.3, 151.4, 729.0]",,,0.0,False,False,19,2
723,0.1831,"[864.0, 491.7, 880.2, 526.8]",,,0.0,False,False,19,2
723,0.1793,"[1822.5, 521.8, 1846.8, 565.7]",,,0.0,False,False,19,2
723,0.1619,"[1795.5, 517.4, 1811.7, 564.0]",,,0.0,False,False,19,2
723,0.1539,"[1131.3, 492.4, 1147.5, 537.6]",,,0.0,False,False,19,2
723,0.134,"[1244.0, 500.2, 1257.5, 531.2]",,,0.0,False,False,19,2
723,0.1306,"[89.4, 538.3, 139.7, 689.5]",,,0.0,False,False,19,2
723,0.126,"[1108.3, 495.1, 1124.6, 539.7]",,,0.0,False,False,19,2
723,0.1236,"[1133.3, 493.4, 1150.9, 544.0]",,,0.0,False,False,19,2
723,0.1154,"[1850.9, 548.1, 1896.8, 660.2]",,,0.0,False,False,19,2
723,0.1115,"[1602.5, 509.3, 1621.4, 561.3]",,,0.0,False,False,19,2
723,0.1096,"[1844.1, 520.1, 1860.3, 559.2]",,,0.0,False,False,19,2
723,0.107,"[-47.2, 733.1, 39.4, 1034.1]",,,0.0,False,False,19,2
724,0.5638,"[1692.9, 518.1, 1706.4, 553.8]",472,"[1693.2000838417564, 517.1798267832182, 1707.5919083457438, 553.9632396230317]",0.8743,True,False,21,4
724,0.5633,"[1678.1, 516.7, 1691.6, 553.8]",473,"[1679.5005804141183, 516.556956867681, 1693.4596246640067, 553.2910655932566]",0.7689,True,False,21,4
724,0.5527,"[968.6, 497.1, 984.8, 541.7]",,,0.0,False,False,21,4
724,0.4764,"[1436.4, 509.3, 1455.3, 556.5]",,,0.0,False,False,21,4
724,0.4073,"[202.8, 550.1, 249.4, 695.2]",483,"[200.81217967186154, 543.0948061747223, 250.69059742774783, 698.1072201924651]",0.8742,True,False,21,4
724,0.37,"[1242.7, 500.9, 1257.5, 532.6]",,,0.0,False,False,21,4
724,0.2523,"[1146.2, 497.5, 1162.4, 537.3]",,,0.0,False,False,21,4
724,0.2492,"[765.5, 484.7, 784.4, 534.6]",,,0.0,False,False,21,4
724,0.2408,"[863.3, 491.1, 879.5, 527.5]",,,0.0,False,False,21,4
724,0.2291,"[1584.9, 517.7, 1603.8, 565.7]",,,0.0,False,False,21,4
724,0.2215,"[1405.4, 506.3, 1424.2, 552.2]",,,0.0,False,False,21,4
724,0.2003,"[1357.4, 523.8, 1386.5, 600.8]",,,0.0,False,False,21,4
724,0.19,"[1825.2, 522.5, 1846.8, 567.0]",,,0.0,False,False,21,4
724,0.1894,"[1109.0, 495.8, 1125.2, 540.3]",,,0.0,False,False,21,4
724,0.1865,"[876.8, 491.4, 895.7, 528.5]",,,0.0,False,False,21,4
724,0.1799,"[1131.3, 488.7, 1148.9, 542.0]",,,0.0,False,False,21,4
724,0.1673,"[421.2, 560.9, 486.0, 695.9]",,,0.0,False,False,21,4
724,0.1555,"[1845.5, 521.1, 1864.4, 563.0]",,,0.0,False,False,21,4
724,0.1422,"[1624.1, 517.7, 1645.7, 565.0]",,,0.0,False,False,21,4
724,0.1281,"[1390.5, 499.2, 1406.7, 538.3]",,,0.0,False,False,21,4
724,0.1149,"[743.9, 504.6, 768.2, 573.4]",,,0.0,False,False,21,4
725,0.2158,"[199.1, 550.1, 252.1, 693.9]",,,0.0,False,False,7,0
725,0.1579,"[1244.0, 499.2, 1258.9, 534.3]",,,0.0,False,False,7,0
725,0.1454,"[80.9, 537.6, 150.3, 741.8]",,,0.0,False,False,7,0
725,0.1415,"[862.7, 491.4, 880.2, 528.5]",,,0.0,False,False,7,0
725,0.1205,"[880.2, 492.8, 896.4, 528.5]",,,0.0,False,False,7,0
725,0.1062,"[1405.4, 507.9, 1424.2, 553.8]",,,0.0,False,False,7,0
725,0.1019,"[1146.2, 499.5, 1162.4, 539.3]",,,0.0,False,False,7,0
726,0.5728,"[1678.1, 517.0, 1694.2, 553.5]",473,"[1679.9538965577651, 517.425812127284, 1693.9792089109849, 554.501922247716]",0.8369,True,False,14,3
726,0.5255,"[959.2, 493.1, 975.4, 541.0]",,,0.0,False,False,14,3
726,0.5144,"[963.9, 497.1, 982.8, 543.7]",,,0.0,False,False,14,3
726,0.3761,"[1405.4, 506.6, 1424.2, 553.8]",,,0.0,False,False,14,3
726,0.3387,"[768.8, 485.7, 787.7, 537.0]",,,0.0,False,False,14,3
726,0.3094,"[74.7, 542.4, 140.0, 742.5]",,,0.0,False,False,14,3
726,0.2994,"[1132.0, 489.0, 1154.9, 553.8]",,,0.0,False,False,14,3
726,0.2724,"[-98.9, 746.6, 115.3, 1107.0]",370,"[-55.81707299005244, 760.6420404626255, 110.4999266887829, 1107.3041265295622]",0.7458,True,False,14,3
726,0.2289,"[1244.0, 499.8, 1258.9, 534.9]",,,0.0,False,False,14,3
726,0.1827,"[1390.5, 500.9, 1406.7, 538.7]",,,0.0,False,False,14,3
726,0.1485,"[1826.6, 522.5, 1848.2, 568.4]",,,0.0,False,False,14,3
726,0.1264,"[742.5, 510.0, 766.8, 576.8]",,,0.0,False,False,14,3
726,0.1263,"[74.7, 540.7, 123.4, 700.7]",,,0.0,False,False,14,3
726,0.1184,"[862.7, 491.7, 880.2, 528.2]",,,0.0,False,False,14,3
727,0.5774,"[768.2, 486.3, 788.4, 536.3]",,,0.0,False,False,14,0
727,0.5614,"[958.5, 493.4, 976.1, 542.0]",,,0.0,False,False,14,0
727,0.5419,"[1680.8, 518.7, 1694.2, 553.2]",,,0.0,False,False,14,0
727,0.4303,"[1131.3, 489.0, 1155.6, 554.5]",,,0.0,False,False,14,0
727,0.3541,"[1406.7, 510.0, 1425.6, 554.5]",,,0.0,False,False,14,0
727,0.2836,"[1244.0, 500.2, 1258.9, 535.3]",,,0.0,False,False,14,0
727,0.1998,"[741.8, 506.9, 766.1, 575.8]",,,0.0,False,False,14,0
727,0.1869,"[862.0, 490.7, 878.2, 528.5]",,,0.0,False,False,14,0
727,0.1781,"[1826.6, 524.1, 1848.2, 569.4]",,,0.0,False,False,14,0
727,0.1619,"[1110.4, 498.5, 1133.3, 564.0]",,,0.0,False,False,14,0
727,0.1494,"[965.9, 501.5, 983.5, 545.4]",,,0.0,False,False,14,0
727,0.1432,"[407.7, 568.4, 475.2, 704.7]",,,0.0,False,False,14,0
727,0.1213,"[1694.2, 519.4, 1707.8, 553.8]",,,0.0,False,False,14,0
727,0.1126,"[72.1, 542.4, 133.2, 720.9]",,,0.0,False,False,14,0
728,0.5322,"[1679.4, 519.4, 1695.6, 557.2]",,,0.0,False,False,10,0
728,0.5114,"[957.8, 495.1, 974.0, 534.9]",,,0.0,False,False,10,0
728,0.2308,"[408.7, 572.7, 468.8, 701.3]",,,0.0,False,False,10,0
728,0.2191,"[1244.0, 503.6, 1258.9, 536.6]",,,0.0,False,False,10,0
728,0.2162,"[741.2, 507.6, 765.5, 577.8]",,,0.0,False,False,10,0
728,0.2093,"[1826.6, 523.5, 1850.9, 570.0]",,,0.0,False,False,10,0
728,0.2048,"[1406.7, 511.0, 1425.6, 555.5]",,,0.0,False,False,10,0
728,0.1539,"[65.3, 543.4, 133.8, 747.2]",,,0.0,False,False,10,0
728,0.1443,"[1005.8, 507.9, 1019.3, 542.4]",,,0.0,False,False,10,0
728,0.14,"[1648.4, 523.5, 1667.2, 570.0]",,,0.0,False,False,10,0
729,0.5684,"[770.9, 486.3, 789.8, 536.3]",,,0.0,False,False,11,1
729,0.5428,"[1680.8, 519.4, 1697.0, 559.2]",,,0.0,False,False,11,1
729,0.4934,"[957.2, 495.8, 972.0, 532.9]",,,0.0,False,False,11,1
729,0.3808,"[740.5, 510.3, 764.8, 575.8]",,,0.0,False,False,11,1
729,0.3771,"[1201.5, 513.0, 1221.8, 566.3]",,,0.0,False,False,11,1
729,0.3127,"[1244.7, 503.2, 1258.2, 536.3]",,,0.0,False,False,11,1
729,0.1786,"[1134.0, 496.5, 1152.9, 555.2]",,,0.0,False,False,11,1
729,0.172,"[1436.4, 511.0, 1455.3, 558.2]",500,"[1438.5272152267676, 513.1189875905885, 1454.6014468826074, 557.3165592844115]",0.7955,True,False,11,1
729,0.1296,"[1757.7, 516.0, 1779.3, 566.0]",,,0.0,False,False,11,1
729,0.1288,"[1115.1, 500.9, 1134.0, 563.6]",,,0.0,False,False,11,1
729,0.1198,"[1648.4, 524.8, 1667.2, 569.4]",,,0.0,False,False,11,1
730,0.5582,"[1680.8, 519.4, 1697.0, 560.6]",,,0.0,False,False,9,3
730,0.3517,"[1196.8, 513.7, 1219.7, 566.3]",,,0.0,False,False,9,3
730,0.3141,"[1244.7, 504.2, 1258.2, 536.6]",,,0.0,False,False,9,3
730,0.2957,"[1486.4, 512.0, 1505.2, 563.3]",,,0.0,False,False,9,3
730,0.245,"[1435.1, 513.0, 1454.0, 558.9]",,,0.0,False,False,9,3
730,0.2002,"[1134.0, 498.2, 1152.9, 552.8]",,,0.0,False,False,9,3
730,0.1754,"[1467.5, 514.4, 1486.4, 561.6]",490,"[1462.6980656008843, 518.1531876593425, 1481.9220515866155, 567.5926619500326]",0.5176,True,False,9,3
730,0.164,"[955.1, 495.5, 970.0, 531.9]",,,0.0,False,False,9,3
730,0.1266,"[1118.5, 499.8, 1134.7, 542.4]",,,0.0,False,False,9,3
731,0.3026,"[1829.2, 522.8, 1856.2, 570.7]",,,0.0,False,False,7,0
731,0.2976,"[1433.7, 513.7, 1452.6, 558.2]",,,0.0,False,False,7,0
731,0.2942,"[1134.7, 497.5, 1152.2, 554.2]",,,0.0,False,False,7,0
731,0.2135,"[1244.0, 502.5, 1257.5, 536.3]",,,0.0,False,False,7,0
731,0.1405,"[1856.2, 524.1, 1883.3, 565.3]",,,0.0,False,False,7,0
731,0.1055,"[1119.2, 497.8, 1135.4, 543.0]",,,0.0,False,False,7,0
731,0.1002,"[1470.2, 511.0, 1489.1, 561.6]",,,0.0,False,False,7,0
732,0.5551,"[1682.1, 520.4, 1698.3, 559.6]",473,"[1681.8301001372056, 519.7756481112013, 1697.0719994721696, 559.6426868497362]",0.8939,True,False,14,1
732,0.4658,"[1830.6, 520.1, 1857.6, 571.4]",,,0.0,False,False,14,1
732,0.3726,"[1895.4, 528.9, 1922.4, 608.5]",,,0.0,False,False,14,1
732,0.3232,"[1805.0, 522.8, 1823.9, 570.7]",,,0.0,False,False,14,1
732,0.3044,"[1134.0, 499.8, 1152.9, 553.8]",,,0.0,False,False,14,1
732,0.2989,"[1245.4, 501.9, 1258.9, 536.3]",,,0.0,False,False,14,1
732,0.2574,"[1857.6, 524.5, 1881.9, 565.0]",,,0.0,False,False,14,1
732,0.2442,"[1859.0, 518.4, 1886.0, 565.7]",,,0.0,False,False,14,1
732,0.2251,"[121.8, 478.6, 145.7, 538.7]",,,0.0,False,False,14,1
732,0.21,"[1435.1, 512.0, 1451.2, 557.2]",,,0.0,False,False,14,1
732,0.1988,"[1428.3, 514.4, 1449.9, 565.7]",,,0.0,False,False,14,1
732,0.1899,"[772.9, 486.7, 790.4, 536.6]",,,0.0,False,False,14,1
732,0.1505,"[739.1, 512.3, 760.7, 578.5]",,,0.0,False,False,14,1
732,0.1402,"[1859.0, 502.5, 1888.7, 566.7]",,,0.0,False,False,14,1
733,0.5676,"[1683.5, 520.1, 1699.7, 561.3]",,,0.0,False,False,16,2
733,0.5622,"[1195.4, 515.0, 1218.4, 567.7]",501,"[1195.7962284780695, 513.7729248046875, 1219.6088008188058, 567.3679443359375]",0.9072,True,False,16,2
733,0.5153,"[1134.7, 500.5, 1152.2, 554.5]",,,0.0,False,False,16,2
733,0.4162,"[1863.0, 526.2, 1881.9, 564.6]",,,0.0,False,False,16,2
733,0.3892,"[1244.7, 504.6, 1258.2, 536.3]",,,0.0,False,False,16,2
733,0.3765,"[1830.6, 520.8, 1857.6, 570.7]",,,0.0,False,False,16,2
733,0.322,"[1806.3, 522.8, 1825.2, 572.1]",,,0.0,False,False,16,2
733,0.2248,"[1535.0, 546.8, 1575.5, 641.9]",439,"[1532.351446166422, 552.1487993660472, 1575.0259952398278, 650.9166303214528]",0.8046,True,False,16,2
733,0.195,"[1164.4, 492.1, 1179.2, 526.5]",,,0.0,False,False,16,2
733,0.1728,"[120.2, 478.2, 143.7, 539.7]",,,0.0,False,False,16,2
733,0.1603,"[773.6, 487.7, 791.1, 536.3]",,,0.0,False,False,16,2
733,0.1439,"[1435.1, 510.0, 1454.0, 556.5]",,,0.0,False,False,16,2
733,0.1239,"[1760.4, 514.7, 1779.3, 564.0]",,,0.0,False,False,16,2
733,0.1151,"[1814.4, 530.2, 1838.7, 592.3]",,,0.0,False,False,16,2
733,0.1142,"[1578.2, 520.8, 1602.5, 572.1]",,,0.0,False,False,16,2
733,0.1063,"[1123.2, 497.1, 1138.1, 539.7]",,,0.0,False,False,16,2
734,0.5441,"[1682.1, 519.8, 1698.3, 560.9]",,,0.0,False,False,12,1
734,0.5357,"[1898.1, 519.1, 1927.8, 609.5]",,,0.0,False,False,12,1
734,0.4345,"[1195.4, 515.0, 1215.7, 567.7]",,,0.0,False,False,12,1
734,0.3657,"[1865.7, 524.1, 1881.9, 564.0]",,,0.0,False,False,12,1
734,0.3644,"[1830.6, 520.4, 1857.6, 571.7]",,,0.0,False,False,12,1
734,0.3374,"[119.0, 479.6, 142.3, 539.7]",,,0.0,False,False,12,1
734,0.311,"[774.2, 487.4, 793.1, 538.0]",,,0.0,False,False,12,1
734,0.2815,"[1163.7, 490.7, 1179.9, 530.5]",,,0.0,False,False,12,1
734,0.2621,"[1244.7, 504.9, 1258.2, 536.6]",,,0.0,False,False,12,1
734,0.2488,"[1123.2, 497.5, 1140.8, 544.0]",,,0.0,False,False,12,1
734,0.1445,"[1582.2, 521.1, 1603.8, 573.1]",,,0.0,False,False,12,1
734,0.1269,"[1471.5, 505.6, 1490.4, 556.2]",,,0.0,False,False,12,1
735,0.5523,"[774.9, 488.0, 793.8, 537.3]",,,0.0,False,False,19,0
735,0.4756,"[1867.1, 525.8, 1883.3, 565.0]",,,0.0,False,False,19,0
735,0.4111,"[1194.8, 512.7, 1216.4, 568.0]",,,0.0,False,False,19,0
735,0.377,"[1832.0, 521.1, 1859.0, 571.7]",,,0.0,False,False,19,0
735,0.3753,"[118.0, 478.6, 140.6, 540.0]",,,0.0,False,False,19,0
735,0.3554,"[1244.7, 504.2, 1258.2, 536.6]",,,0.0,False,False,19,0
735,0.3524,"[1134.0, 501.5, 1152.9, 553.5]",,,0.0,False,False,19,0
735,0.3153,"[1584.9, 519.1, 1606.5, 574.4]",,,0.0,False,False,19,0
735,0.2917,"[1899.5, 521.8, 1926.5, 608.9]",,,0.0,False,False,19,0
735,0.2643,"[1163.7, 491.4, 1179.9, 531.9]",,,0.0,False,False,19,0
735,0.2417,"[851.2, 494.8, 867.4, 529.2]",,,0.0,False,False,19,0
735,0.1972,"[1529.6, 526.5, 1564.7, 625.7]",,,0.0,False,False,19,0
735,0.1283,"[1371.6, 515.7, 1406.7, 597.4]",,,0.0,False,False,19,0
735,0.1192,"[1360.1, 504.9, 1377.7, 544.0]",,,0.0,False,False,19,0
735,0.1127,"[1091.5, 499.5, 1105.0, 535.3]",,,0.0,False,False,19,0
735,0.1127,"[1472.9, 506.3, 1491.8, 550.8]",,,0.0,False,False,19,0
735,0.1052,"[1807.7, 522.5, 1826.6, 572.4]",,,0.0,False,False,19,0
735,0.105,"[1123.9, 496.5, 1141.4, 540.3]",,,0.0,False,False,19,0
735,0.1018,"[206.2, 572.7, 279.1, 732.4]",,,0.0,False,False,19,0
736,0.554,"[1358.1, 503.9, 1377.0, 544.4]",,,0.0,False,False,18,1
736,0.5297,"[1686.2, 519.1, 1702.4, 560.2]",473,"[1684.066489548137, 519.3563143020609, 1699.859291701863, 560.4803556198142]",0.7417,True,False,18,1
736,0.5141,"[1194.8, 511.3, 1215.0, 566.7]",,,0.0,False,False,18,1
736,0.507,"[775.6, 488.7, 794.5, 537.3]",,,0.0,False,False,18,1
736,0.4942,"[116.6, 479.3, 139.6, 540.0]",,,0.0,False,False,18,1
736,0.4921,"[1134.0, 501.5, 1152.9, 553.5]",,,0.0,False,False,18,1
736,0.2788,"[1164.4, 491.7, 1181.9, 539.0]",,,0.0,False,False,18,1
736,0.2711,"[1372.3, 524.1, 1400.0, 594.3]",,,0.0,False,False,18,1
736,0.2589,"[1244.0, 503.6, 1260.2, 537.3]",,,0.0,False,False,18,1
736,0.2455,"[1832.0, 521.1, 1859.0, 571.7]",,,0.0,False,False,18,1
736,0.2181,"[1090.8, 499.5, 1104.3, 533.9]",,,0.0,False,False,18,1
736,0.1876,"[851.2, 494.8, 866.0, 530.5]",,,0.0,False,False,18,1
736,0.1584,"[1869.8, 525.2, 1886.0, 565.0]",,,0.0,False,False,18,1
736,0.1581,"[1900.8, 525.5, 1927.8, 608.5]",,,0.0,False,False,18,1
736,0.1393,"[1125.9, 496.1, 1143.5, 536.6]",,,0.0,False,False,18,1
736,0.1203,"[1472.9, 506.6, 1491.8, 555.9]",,,0.0,False,False,18,1
736,0.1096,"[1826.6, 520.4, 1850.9, 575.8]",,,0.0,False,False,18,1
736,0.1036,"[1126.6, 496.1, 1149.5, 552.2]",,,0.0,False,False,18,1
737,0.5311,"[775.6, 488.7, 794.5, 536.6]",,,0.0,False,False,18,0
737,0.528,"[1132.7, 499.8, 1152.9, 555.2]",,,0.0,False,False,18,0
737,0.4565,"[1686.2, 520.1, 1702.4, 558.6]",,,0.0,False,False,18,0
737,0.4312,"[1358.8, 502.9, 1376.3, 542.7]",,,0.0,False,False,18,0
737,0.3427,"[113.2, 477.2, 138.5, 540.7]",,,0.0,False,False,18,0
737,0.2667,"[1089.5, 499.5, 1103.0, 534.6]",,,0.0,False,False,18,0
737,0.2633,"[1161.7, 492.8, 1181.9, 550.1]",,,0.0,False,False,18,0
737,0.2567,"[1810.4, 522.1, 1829.2, 571.4]",,,0.0,False,False,18,0
737,0.2444,"[849.8, 493.4, 866.0, 530.5]",,,0.0,False,False,18,0
737,0.2311,"[1827.9, 520.8, 1849.5, 574.1]",,,0.0,False,False,18,0
737,0.2226,"[1163.7, 490.7, 1181.2, 536.6]",,,0.0,False,False,18,0
737,0.1909,"[1244.0, 503.6, 1260.2, 537.3]",,,0.0,False,False,18,0
737,0.1881,"[1836.0, 522.5, 1860.3, 571.7]",,,0.0,False,False,18,0
737,0.177,"[1830.6, 520.4, 1854.9, 571.7]",,,0.0,False,False,18,0
737,0.1745,"[1409.4, 78.3, 1466.1, 262.4]",,,0.0,False,False,18,0
737,0.1467,"[1128.6, 495.1, 1143.5, 534.3]",,,0.0,False,False,18,0
737,0.1413,"[148.3, 108.3, 234.7, 328.4]",,,0.0,False,False,18,0
737,0.1135,"[1165.1, 490.1, 1179.9, 527.2]",,,0.0,False,False,18,0
738,0.5491,"[1132.7, 498.2, 1152.9, 556.2]",,,0.0,False,False,15,2
738,0.5448,"[1687.5, 518.7, 1703.7, 556.5]",,,0.0,False,False,15,2
738,0.5056,"[775.6, 489.0, 794.5, 537.0]",,,0.0,False,False,15,2
738,0.2644,"[1194.1, 506.9, 1214.3, 566.3]",501,"[1190.3831488449143, 508.8462918936584, 1216.3133843582107, 567.5732637704041]",0.7453,True,False,15,2
738,0.2134,"[1811.7, 522.1, 1830.6, 572.7]",,,0.0,False,False,15,2
738,0.1741,"[1164.4, 490.4, 1180.6, 530.9]",,,0.0,False,False,15,2
738,0.1679,"[1837.4, 525.2, 1861.7, 571.7]",,,0.0,False,False,15,2
738,0.1655,"[114.0, 477.6, 137.4, 541.0]",,,0.0,False,False,15,2
738,0.1628,"[849.8, 493.4, 863.3, 529.9]",,,0.0,False,False,15,2
738,0.154,"[1827.9, 520.4, 1849.5, 573.8]",,,0.0,False,False,15,2
738,0.1308,"[1087.4, 498.5, 1102.3, 534.3]",,,0.0,False,False,15,2
738,0.122,"[1625.4, 529.2, 1647.0, 569.0]",,,0.0,False,False,15,2
738,0.1165,"[1244.7, 500.5, 1260.9, 537.6]",,,0.0,False,False,15,2
738,0.1162,"[1162.4, 490.4, 1181.2, 542.4]",,,0.0,False,False,15,2
738,0.1015,"[1476.9, 508.3, 1493.1, 550.1]",,,0.0,False,False,15,2
739,0.5504,"[949.7, 499.8, 967.3, 545.1]",493,"[948.8713348849429, 501.6530402080227, 967.7664824978694, 547.1836297138523]",0.8539,True,False,16,2
739,0.4093,"[1244.7, 501.5, 1260.9, 537.3]",,,0.0,False,False,16,2
739,0.4085,"[1472.9, 506.9, 1491.8, 560.9]",,,0.0,False,False,16,2
739,0.3518,"[1135.4, 504.2, 1152.9, 553.5]",,,0.0,False,False,16,2
739,0.3418,"[777.6, 489.4, 795.2, 536.0]",,,0.0,False,False,16,2
739,0.2562,"[1165.1, 490.7, 1179.9, 525.2]",,,0.0,False,False,16,2
739,0.2375,"[1840.1, 521.4, 1864.4, 570.7]",,,0.0,False,False,16,2
739,0.1976,"[1358.1, 501.2, 1375.7, 543.0]",480,"[1358.3086280704483, 502.1496537358169, 1375.1943016170517, 542.0887495844956]",0.9182,True,False,16,2
739,0.1918,"[1698.3, 520.4, 1717.2, 565.7]",,,0.0,False,False,16,2
739,0.1788,"[1194.1, 516.7, 1214.3, 566.7]",,,0.0,False,False,16,2
739,0.1659,"[1876.5, 520.8, 1892.7, 564.0]",,,0.0,False,False,16,2
739,0.1439,"[1825.2, 519.1, 1846.8, 572.4]",,,0.0,False,False,16,2
739,0.1289,"[1880.6, 518.1, 1899.5, 567.3]",,,0.0,False,False,16,2
739,0.1243,"[1811.7, 519.8, 1830.6, 572.4]",,,0.0,False,False,16,2
739,0.1086,"[1086.1, 497.8, 1099.6, 533.6]",,,0.0,False,False,16,2
739,0.102,"[849.2, 494.1, 864.0, 529.9]",,,0.0,False,False,16,2
740,0.5183,"[1875.2, 521.8, 1896.8, 566.3]",,,0.0,False,False,14,1
740,0.5002,"[1135.4, 502.9, 1152.9, 552.2]",,,0.0,False,False,14,1
740,0.4839,"[1688.9, 519.4, 1705.1, 557.2]",473,"[1690.1949390491338, 517.8679615945726, 1705.2401195446162, 556.4411204366774]",0.856,True,False,14,1
740,0.4069,"[1309.5, 501.9, 1328.4, 547.1]",,,0.0,False,False,14,1
740,0.3227,"[1736.1, 514.0, 1752.3, 550.5]",,,0.0,False,False,14,1
740,0.2425,"[1471.5, 510.0, 1493.1, 562.6]",,,0.0,False,False,14,1
740,0.1908,"[778.3, 488.4, 795.8, 536.3]",,,0.0,False,False,14,1
740,0.1837,"[1776.6, 517.0, 1798.2, 565.7]",,,0.0,False,False,14,1
740,0.135,"[1826.6, 516.4, 1848.2, 571.1]",,,0.0,False,False,14,1
740,0.1314,"[1888.7, 521.8, 1910.3, 569.7]",,,0.0,False,False,14,1
740,0.1206,"[1163.7, 492.1, 1184.0, 549.5]",,,0.0,False,False,14,1
740,0.1145,"[1085.4, 496.8, 1098.9, 533.2]",,,0.0,False,False,14,1
740,0.1133,"[1838.7, 519.1, 1865.7, 570.4]",,,0.0,False,False,14,1
740,0.1026,"[1126.6, 494.8, 1144.1, 540.0]",,,0.0,False,False,14,1
741,0.5756,"[1308.8, 503.6, 1323.7, 536.0]",,,0.0,False,False,18,1
741,0.5142,"[1734.8, 513.3, 1751.0, 547.8]",,,0.0,False,False,18,1
741,0.4957,"[946.4, 499.2, 966.6, 545.1]",493,"[947.0401001230508, 499.539712296283, 965.8395385488242, 544.806723250592]",0.9156,True,False,18,1
741,0.4888,"[1191.4, 506.6, 1214.3, 564.6]",,,0.0,False,False,18,1
741,0.4428,"[1135.4, 502.2, 1152.9, 550.8]",,,0.0,False,False,18,1
741,0.4029,"[779.6, 487.4, 798.5, 536.0]",,,0.0,False,False,18,1
741,0.3275,"[1776.6, 517.0, 1798.2, 565.0]",,,0.0,False,False,18,1
741,0.3255,"[1890.0, 520.1, 1911.6, 570.0]",,,0.0,False,False,18,1
741,0.2375,"[1245.4, 501.5, 1261.6, 536.0]",,,0.0,False,False,18,1
741,0.2179,"[1827.9, 517.0, 1849.5, 568.4]",,,0.0,False,False,18,1
741,0.2083,"[1084.1, 496.5, 1097.6, 530.9]",,,0.0,False,False,18,1
741,0.1743,"[731.7, 505.2, 756.0, 576.8]",,,0.0,False,False,18,1
741,0.161,"[1471.5, 507.6, 1493.1, 560.2]",,,0.0,False,False,18,1
741,0.1406,"[847.8, 493.4, 862.7, 528.5]",,,0.0,False,False,18,1
741,0.1325,"[1659.2, 524.8, 1678.1, 570.0]",,,0.0,False,False,18,1
741,0.1164,"[1841.4, 518.7, 1865.7, 570.0]",,,0.0,False,False,18,1
741,0.1161,"[1845.5, 528.9, 1867.1, 570.0]",,,0.0,False,False,18,1
741,0.1096,"[1815.8, 518.1, 1834.7, 571.4]",,,0.0,False,False,18,1
742,0.5282,"[1734.8, 512.7, 1751.0, 547.8]",,,0.0,False,False,20,0
742,0.5041,"[1582.2, 521.4, 1603.8, 570.7]",,,0.0,False,False,20,0
742,0.475,"[1136.7, 503.2, 1152.9, 550.5]",,,0.0,False,False,20,0
742,0.4545,"[1876.5, 520.4, 1898.1, 566.3]",,,0.0,False,False,20,0
742,0.4361,"[1246.1, 500.5, 1262.2, 536.3]",,,0.0,False,False,20,0
742,0.3822,"[732.4, 504.6, 755.3, 577.5]",,,0.0,False,False,20,0
742,0.3792,"[945.7, 499.8, 965.9, 544.4]",,,0.0,False,False,20,0
742,0.3423,"[19.2, 130.4, 271.4, 399.3]",,,0.0,False,False,20,0
742,0.3052,"[1844.1, 519.4, 1865.7, 570.0]",,,0.0,False,False,20,0
742,0.2985,"[1778.0, 516.7, 1799.6, 565.3]",,,0.0,False,False,20,0
742,0.2845,"[1470.2, 507.3, 1491.8, 559.2]",,,0.0,False,False,20,0
742,0.2559,"[1888.7, 518.7, 1913.0, 569.4]",,,0.0,False,False,20,0
742,0.2297,"[845.8, 492.8, 860.6, 528.5]",,,0.0,False,False,20,0
742,0.2259,"[1082.7, 496.1, 1096.2, 529.2]",,,0.0,False,False,20,0
742,0.2093,"[1165.1, 490.4, 1181.2, 526.8]",,,0.0,False,False,20,0
742,0.1977,"[1827.9, 516.7, 1849.5, 570.0]",,,0.0,False,False,20,0
742,0.1689,"[876.8, 493.1, 891.7, 530.2]",,,0.0,False,False,20,0
742,0.1603,"[1163.7, 491.7, 1181.2, 544.4]",,,0.0,False,False,20,0
742,0.1328,"[1509.3, 509.3, 1528.2, 553.2]",,,0.0,False,False,20,0
742,0.1112,"[1817.1, 517.4, 1836.0, 572.1]",,,0.0,False,False,20,0
743,0.4442,"[844.4, 492.1, 859.3, 527.2]",,,0.0,False,False,16,2
743,0.4258,"[871.4, 489.0, 891.7, 531.6]",,,0.0,False,False,16,2
743,0.4235,"[1422.9, 518.4, 1444.5, 564.3]",486,"[1423.182044479899, 515.8986414259988, 1445.0642934107261, 565.8317052536888]",0.885,True,False,16,2
743,0.4106,"[1246.1, 499.8, 1262.2, 534.9]",,,0.0,False,False,16,2
743,0.3761,"[1471.5, 507.3, 1490.4, 556.5]",,,0.0,False,False,16,2
743,0.3612,"[1890.0, 520.1, 1914.3, 568.0]",,,0.0,False,False,16,2
743,0.3305,"[1184.6, 508.3, 1210.3, 563.0]",501,"[1187.1652245880327, 504.45550944461445, 1212.3811621307173, 561.7898518835106]",0.7675,True,False,16,2
743,0.3032,"[1136.0, 502.5, 1152.2, 551.1]",,,0.0,False,False,16,2
743,0.3003,"[1437.8, 511.3, 1454.0, 553.8]",486,"[1423.182044479899, 515.8986414259988, 1445.0642934107261, 565.8317052536888]",0.1845,False,False,16,2
743,0.2754,"[1877.9, 523.1, 1899.5, 563.6]",,,0.0,False,False,16,2
743,0.2638,"[1081.3, 495.5, 1094.8, 527.9]",,,0.0,False,False,16,2
743,0.242,"[1845.5, 520.1, 1867.1, 568.0]",,,0.0,False,False,16,2
743,0.2041,"[1510.7, 506.9, 1526.9, 551.5]",,,0.0,False,False,16,2
743,0.1722,"[1165.7, 490.1, 1179.2, 519.1]",,,0.0,False,False,16,2
743,0.114,"[947.7, 501.2, 963.9, 541.7]",,,0.0,False,False,16,2
743,0.1042,"[1827.9, 515.4, 1849.5, 567.3]",,,0.0,False,False,16,2
744,0.5346,"[943.0, 499.2, 961.9, 544.4]",,,0.0,False,False,22,2
744,0.4596,"[731.0, 504.9, 752.6, 573.1]",,,0.0,False,False,22,2
744,0.4445,"[873.5, 489.0, 892.4, 530.2]",,,0.0,False,False,22,2
744,0.4431,"[1133.3, 497.5, 1152.2, 554.2]",,,0.0,False,False,22,2
744,0.3331,"[1427.0, 518.1, 1445.9, 564.6]",,,0.0,False,False,22,2
744,0.326,"[1245.4, 499.5, 1262.9, 535.3]",,,0.0,False,False,22,2
744,0.3171,"[1892.7, 520.8, 1917.0, 569.4]",,,0.0,False,False,22,2
744,0.3129,"[57.0, 551.1, 104.3, 712.1]",,,0.0,False,False,22,2
744,0.2943,"[1845.5, 521.4, 1869.8, 569.4]",,,0.0,False,False,22,2
744,0.2855,"[1692.9, 517.7, 1709.1, 561.6]",473,"[1692.639204928695, 516.8719855391685, 1709.626908352555, 560.4610222733315]",0.9122,True,False,22,2
744,0.2488,"[1343.2, 525.8, 1367.6, 581.9]",,,0.0,False,False,22,2
744,0.2434,"[1628.1, 516.4, 1652.4, 567.0]",,,0.0,False,False,22,2
744,0.2408,"[1436.4, 511.3, 1455.3, 557.2]",,,0.0,False,False,22,2
744,0.2258,"[1080.7, 495.1, 1094.2, 528.2]",,,0.0,False,False,22,2
744,0.1829,"[1216.4, 484.0, 1235.2, 533.9]",,,0.0,False,False,22,2
744,0.1509,"[1165.7, 490.4, 1180.6, 520.1]",,,0.0,False,False,22,2
744,0.1487,"[1881.9, 524.1, 1900.8, 565.3]",,,0.0,False,False,22,2
744,0.1465,"[1830.6, 518.1, 1852.2, 567.3]",,,0.0,False,False,22,2
744,0.1392,"[1817.1, 516.0, 1836.0, 570.0]",,,0.0,False,False,22,2
744,0.1282,"[1625.4, 515.4, 1647.0, 566.7]",,,0.0,False,False,22,2
744,0.1132,"[1390.5, 501.2, 1409.4, 556.5]",,,0.0,False,False,22,2
744,0.1047,"[1512.0, 505.9, 1528.2, 551.8]",,,0.0,False,False,22,2
745,0.5596,"[58.1, 550.8, 101.2, 715.5]",494,"[43.663255310005084, 551.9913880138024, 97.72387542729959, 719.5110533924475]",0.6694,True,False,16,2
745,0.5523,"[942.3, 499.8, 961.2, 544.4]",,,0.0,False,False,16,2
745,0.3791,"[1437.8, 507.6, 1456.7, 556.2]",,,0.0,False,False,16,2
745,0.3469,"[872.1, 487.7, 892.4, 530.2]",,,0.0,False,False,16,2
745,0.3219,"[1246.1, 497.8, 1263.6, 534.3]",,,0.0,False,False,16,2
745,0.2979,"[1134.0, 499.2, 1152.9, 554.5]",,,0.0,False,False,16,2
745,0.2462,"[330.1, 587.6, 400.3, 733.7]",,,0.0,False,False,16,2
745,0.2065,"[1341.9, 521.1, 1368.9, 581.9]",,,0.0,False,False,16,2
745,0.1685,"[1427.0, 513.3, 1445.9, 562.6]",,,0.0,False,False,16,2
745,0.1677,"[1510.7, 503.2, 1529.6, 550.5]",,,0.0,False,False,16,2
745,0.1672,"[1845.5, 518.7, 1869.8, 567.3]",,,0.0,False,False,16,2
745,0.1571,"[1628.1, 513.0, 1652.4, 565.0]",,,0.0,False,False,16,2
745,0.1567,"[1431.0, 510.0, 1449.9, 560.6]",,,0.0,False,False,16,2
745,0.1382,"[1119.8, 503.9, 1136.0, 549.8]",,,0.0,False,False,16,2
745,0.1073,"[1080.0, 493.4, 1093.5, 525.8]",,,0.0,False,False,16,2
745,0.1003,"[702.0, 498.5, 722.2, 557.2]",,,0.0,False,False,16,2
746,0.4926,"[1246.1, 497.5, 1262.2, 532.6]",,,0.0,False,False,10,0
746,0.3599,"[873.5, 488.4, 892.4, 526.8]",,,0.0,False,False,10,0
746,0.2475,"[1394.6, 502.9, 1416.2, 559.6]",,,0.0,False,False,10,0
746,0.2339,"[56.1, 553.2, 98.6, 715.5]",,,0.0,False,False,10,0
746,0.1898,"[1135.4, 497.1, 1154.2, 552.5]",,,0.0,False,False,10,0
746,0.1797,"[1510.7, 502.9, 1529.6, 550.1]",,,0.0,False,False,10,0
746,0.1712,"[1579.5, 509.3, 1606.5, 567.3]",,,0.0,False,False,10,0
746,0.1542,"[192.0, 610.2, 260.2, 740.5]",,,0.0,False,False,10,0
746,0.1484,"[1341.2, 515.0, 1369.6, 580.5]",,,0.0,False,False,10,0
746,0.1223,"[285.4, 788.4, 370.2, 939.6]",,,0.0,False,False,10,0
747,0.5227,"[1436.4, 503.6, 1458.0, 556.2]",500,"[1437.4632600338384, 504.53910958937706, 1456.7601286380366, 556.1909929496854]",0.8764,True,False,10,1
747,0.4995,"[1244.7, 497.5, 1262.2, 532.6]",,,0.0,False,False,10,1
747,0.2565,"[1580.9, 516.4, 1605.2, 569.0]",,,0.0,False,False,10,1
747,0.2508,"[314.2, 585.2, 393.9, 745.2]",,,0.0,False,False,10,1
747,0.1776,"[1510.7, 503.9, 1529.6, 549.1]",,,0.0,False,False,10,1
747,0.1577,"[1902.2, 519.4, 1921.1, 565.3]",,,0.0,False,False,10,1
747,0.1329,"[1379.0, 520.1, 1404.0, 584.2]",,,0.0,False,False,10,1
747,0.129,"[1848.2, 521.4, 1872.5, 566.7]",,,0.0,False,False,10,1
747,0.1195,"[1629.5, 511.7, 1653.8, 564.3]",,,0.0,False,False,10,1
747,0.1056,"[701.3, 492.8, 718.9, 550.8]",,,0.0,False,False,10,1
748,0.4641,"[873.5, 485.0, 892.4, 525.5]",,,0.0,False,False,10,1
748,0.4446,"[1583.6, 513.3, 1605.2, 568.0]",,,0.0,False,False,10,1
748,0.4209,"[1435.1, 502.9, 1456.7, 556.2]",,,0.0,False,False,10,1
748,0.1817,"[1848.2, 517.7, 1872.5, 565.0]",,,0.0,False,False,10,1
748,0.1321,"[1892.7, 517.4, 1917.0, 564.6]",,,0.0,False,False,10,1
748,0.1194,"[699.3, 494.4, 718.2, 552.5]",,,0.0,False,False,10,1
748,0.1125,"[178.2, 611.6, 251.4, 747.2]",,,0.0,False,False,10,1
748,0.1085,"[1512.0, 501.9, 1530.9, 547.8]",,,0.0,False,False,10,1
748,0.1084,"[1004.4, 502.5, 1017.9, 537.0]",,,0.0,False,False,10,1
748,0.1033,"[1822.5, 513.3, 1841.4, 563.3]",,,0.0,False,False,10,1
749,0.5032,"[939.6, 499.8, 957.2, 543.0]",493,"[938.774760074282, 499.2997249208074, 956.807759456968, 542.8549381651301]",0.9214,True,False,11,3
749,0.4987,"[1178.6, 506.3, 1202.9, 560.9]",501,"[1177.510597422589, 502.53893539480435, 1203.912254139911, 561.1637013239456]",0.8584,True,False,11,3
749,0.3588,"[1697.0, 511.3, 1713.2, 558.6]",,,0.0,False,False,11,3
749,0.3183,"[699.3, 492.1, 718.2, 549.5]",,,0.0,False,False,11,3
749,0.2897,"[1894.1, 515.0, 1915.7, 565.0]",,,0.0,False,False,11,3
749,0.2759,"[1580.9, 514.0, 1605.2, 566.7]",,,0.0,False,False,11,3
749,0.2719,"[1513.4, 500.9, 1532.2, 548.1]",,,0.0,False,False,11,3
749,0.2631,"[1246.1, 497.1, 1263.6, 531.6]",,,0.0,False,False,11,3
749,0.2608,"[871.4, 485.0, 891.7, 526.8]",,,0.0,False,False,11,3
749,0.1737,"[1849.5, 517.4, 1873.8, 565.3]",,,0.0,False,False,11,3
749,0.1666,"[176.9, 610.2, 245.0, 736.4]",,,0.0,False,False,11,3
750,0.5188,"[1713.2, 513.3, 1732.1, 560.6]",,,0.0,False,False,12,3
750,0.5121,"[1698.3, 511.3, 1714.5, 557.9]",,,0.0,False,False,12,3
750,0.4953,"[1246.7, 496.5, 1262.9, 531.6]",,,0.0,False,False,12,3
750,0.4332,"[938.3, 499.8, 955.8, 542.4]",,,0.0,False,False,12,3
750,0.3977,"[1513.4, 500.2, 1532.2, 547.4]",,,0.0,False,False,12,3
750,0.3209,"[1176.5, 507.6, 1199.5, 560.2]",,,0.0,False,False,12,3
750,0.2805,"[699.3, 492.8, 718.2, 548.8]",,,0.0,False,False,12,3
750,0.2639,"[870.1, 484.0, 891.7, 525.8]",,,0.0,False,False,12,3
750,0.2333,"[1848.2, 516.7, 1875.2, 565.3]",,,0.0,False,False,12,3
750,0.1913,"[1895.4, 515.0, 1917.0, 564.3]",,,0.0,False,False,12,3
750,0.179,"[301.1, 593.0, 378.7, 743.9]",,,0.0,False,False,12,3
750,0.1297,"[1836.0, 513.0, 1854.9, 564.3]",,,0.0,False,False,12,3
