frame,stage,old_id,new_id,reason,det_score,det_box,track_box,iou_cost,iou_overlap,fused_cost,cosine_sim,cosine_theta,cosine_margin,feat_norm,feat_mean_sim,n_registry,n_lost,n_enrolments,all_sims_top5
4,3,11,11,re_activate_from_lost,0.71,"[185.0, 292.8, 227.8, 409.1]","[185.1, 292.8, 227.4, 409.4]",0.0823,0.9177,0.3484,,,,,,0,2,1,
4,6_new,-1,13,registry_empty_or_immature,0.8212,"[974.0, 229.5, 1041.5, 443.8]",,,,,,,,1.0,,0,2,,
4,6_new,-1,14,registry_empty_or_immature,0.7007,"[221.1, 232.5, 401.3, 657.8]",,,,,,,,1.0,,0,2,,
5,5,13,13,unconfirmed_update,0.6358,"[972.0, 238.8, 1035.5, 439.4]","[972.5, 236.9, 1036.6, 440.3]",0.1713,0.8287,,,,,,,,1,,
5,5,14,14,unconfirmed_update,0.8409,"[207.6, 224.9, 393.9, 651.4]","[212.5, 226.5, 393.1, 652.7]",0.1354,0.8646,,,,,,,,1,,
8,3,14,14,re_activate_from_lost,0.5952,"[180.9, 263.6, 378.3, 761.4]","[176.5, 262.2, 385.5, 756.2]",0.4061,0.5939,0.6465,,,,,,10,4,0,
8,6_new,8,15,gate_failed sim=0.612<theta=0.800,0.7544,"[1582.2, 249.1, 1641.6, 441.5]",,,,,0.6116,0.8,0.0537,1.0,,10,4,7,"[(8, 0.6116411089897156), (7, 0.5579045414924622), (1, 0.5578759908676147), (10, 0.5561339855194092), (9, 0.5300452709197998)]"
9,5,15,15,unconfirmed_update,0.7837,"[1579.5, 252.5, 1644.3, 437.1]","[1583.1, 251.8, 1640.7, 437.9]",0.1174,0.8826,,,,,,,,3,,
10,3,13,13,re_activate_from_lost,0.8712,"[984.8, 251.6, 1057.7, 462.4]","[987.5, 251.9, 1054.0, 462.0]",0.4235,0.5765,0.4978,,,,,,10,4,1,
13,6_revive,4,4,revived,0.6755,"[847.8, 283.2, 918.0, 462.0]",,,,,0.9316,0.8,0.3941,1.0,0.9316,11,3,12,"[(4, 0.9315782785415649), (1, 0.5374925136566162), (7, 0.519251823425293), (10, 0.4641702473163605), (2, 0.4547613263130188)]"
14,3,11,11,re_activate_from_lost,0.7364,"[233.4, 332.1, 282.3, 466.4]","[233.1, 332.0, 281.8, 466.0]",0.6499,0.3501,0.7422,,,,,,11,3,3,
14,6_revive,4,4,revived,0.8085,"[853.2, 284.2, 923.4, 470.5]",,,,,0.9228,0.8,0.3792,1.0,0.9228,12,3,14,"[(4, 0.9227632880210876), (1, 0.5435875058174133), (7, 0.5106032490730286), (15, 0.46007806062698364), (2, 0.4581984877586365)]"
15,6_revive,4,4,revived,0.8001,"[856.6, 286.9, 926.8, 477.2]",,,,,0.9455,0.8,0.3961,1.0,0.9455,12,3,16,"[(4, 0.9454609155654907), (1, 0.5493835210800171), (7, 0.49334993958473206), (15, 0.4402793049812317), (13, 0.440077543258667)]"
15,6_revive,15,15,revived,0.7679,"[1624.1, 264.3, 1691.6, 464.1]",,,,,0.8172,0.8,0.1438,1.0,0.8172,12,3,6,"[(15, 0.8171784281730652), (8, 0.6733741164207458), (2, 0.5440598726272583), (10, 0.5277905464172363), (3, 0.48818767070770264)]"
16,6_revive,4,4,revived,0.8358,"[861.3, 291.8, 924.8, 483.3]",,,,,0.9325,0.8,0.4013,1.0,0.9325,12,4,18,"[(4, 0.9324936866760254), (1, 0.531194269657135), (7, 0.5198209285736084), (13, 0.44464948773384094), (10, 0.4400247633457184)]"
17,3,11,11,re_activate_from_lost,0.7697,"[240.5, 346.6, 289.4, 468.8]","[242.9, 346.4, 288.7, 470.7]",0.2779,0.7221,0.4442,,,,,,12,4,4,
17,6_revive,4,4,revived,0.8315,"[862.0, 295.7, 925.4, 484.7]",,,,,0.9413,0.8,0.3988,1.0,0.9413,13,4,20,"[(4, 0.9413028955459595), (11, 0.5425032377243042), (1, 0.5256705284118652), (7, 0.5230035185813904), (13, 0.45759081840515137)]"
17,6_new,15,16,gate_failed sim=0.645<theta=0.800,0.8105,"[1636.2, 269.0, 1692.9, 474.2]",,,,,0.6451,0.8,0.0853,1.0,,13,4,9,"[(15, 0.6451061964035034), (8, 0.5598336458206177), (3, 0.48671019077301025), (2, 0.4806816577911377), (7, 0.46472108364105225)]"
18,6_revive,4,4,revived,0.8279,"[864.7, 299.9, 925.4, 490.7]",,,,,0.922,0.8,0.3663,1.0,0.922,13,3,22,"[(4, 0.9220174551010132), (7, 0.5556886196136475), (11, 0.5550777912139893), (1, 0.5337627530097961), (13, 0.47489622235298157)]"
19,3,12,12,re_activate_from_lost,0.7297,"[223.1, 360.1, 256.2, 463.4]","[223.4, 360.1, 255.9, 463.4]",0.3354,0.6646,0.515,,,,,,13,3,0,
19,6_revive,4,4,revived,0.8177,"[864.0, 302.4, 927.5, 499.5]",,,,,0.9422,0.8,0.3848,1.0,0.9422,13,3,24,"[(4, 0.9422025680541992), (1, 0.5574405789375305), (11, 0.5463192462921143), (7, 0.534173309803009), (13, 0.4630293846130371)]"
20,6_revive,4,4,revived,0.8646,"[865.4, 305.6, 930.2, 507.6]",,,,,0.941,0.8,0.3523,1.0,0.941,13,2,26,"[(4, 0.940994381904602), (1, 0.5887162685394287), (7, 0.5564305186271667), (11, 0.5464578866958618), (10, 0.48011350631713867)]"
21,6_revive,4,4,revived,0.8556,"[866.7, 308.8, 928.8, 507.9]",,,,,0.9315,0.8,0.3532,1.0,0.9315,13,2,28,"[(4, 0.9315378069877625), (1, 0.5783754587173462), (11, 0.5590997934341431), (7, 0.5522756576538086), (2, 0.47179996967315674)]"
22,6_revive,4,4,revived,0.8219,"[865.4, 312.5, 934.2, 504.2]",,,,,0.923,0.8,0.3724,1.0,0.923,13,2,30,"[(4, 0.9229934215545654), (1, 0.5505762100219727), (7, 0.5181409120559692), (11, 0.5155682563781738), (2, 0.4435170292854309)]"
23,6_revive,4,4,revived,0.8027,"[866.0, 316.9, 933.5, 508.6]",,,,,0.9373,0.8,0.3839,1.0,0.9373,14,3,32,"[(4, 0.9373006820678711), (1, 0.5533963441848755), (12, 0.5360363721847534), (11, 0.5220114588737488), (7, 0.515588641166687)]"
24,6_revive,4,4,revived,0.6799,"[868.1, 322.0, 935.6, 508.3]",,,,,0.8981,0.8,0.33,1.0,0.8981,14,3,34,"[(4, 0.8980852365493774), (1, 0.5680607557296753), (12, 0.5491098761558533), (11, 0.54721999168396), (7, 0.5353152751922607)]"
26,3,15,15,re_activate_from_lost,0.7673,"[1618.7, 301.7, 1702.4, 506.3]","[1628.4, 301.3, 1695.2, 506.1]",0.232,0.768,0.1298,,,,,,14,5,15,
26,3,13,13,re_activate_from_lost,0.6902,"[1003.7, 301.4, 1092.8, 541.0]","[1006.0, 301.4, 1088.4, 542.2]",0.1731,0.8269,0.0109,,,,,,14,5,15,
26,6_revive,4,4,revived,0.8338,"[864.7, 321.0, 926.8, 518.1]",,,,,0.9509,0.8,0.3452,1.0,0.9509,14,5,37,"[(4, 0.9509444236755371), (1, 0.6057900190353394), (12, 0.5548495650291443), (7, 0.5538467168807983), (11, 0.5484619140625)]"
27,6_revive,4,4,revived,0.7884,"[862.0, 320.3, 924.1, 514.0]",,,,,0.9481,0.8,0.3682,1.0,0.9481,14,3,39,"[(4, 0.9480544328689575), (1, 0.5798752307891846), (12, 0.553150475025177), (11, 0.5421695709228516), (7, 0.5290430784225464)]"
28,6_revive,4,4,revived,0.8129,"[857.9, 316.2, 922.7, 514.7]",,,,,0.9371,0.8,0.36,1.0,0.9371,14,4,41,"[(4, 0.9371496438980103), (1, 0.577187716960907), (12, 0.5433529615402222), (7, 0.5383385419845581), (11, 0.5250388979911804)]"
29,3,13,13,re_activate_from_lost,0.6844,"[994.3, 297.7, 1076.6, 532.6]","[995.5, 297.8, 1076.4, 533.5]",0.1064,0.8936,0.0165,,,,,,14,5,16,
29,6_new,12,17,gate_failed sim=0.748<theta=0.800,0.6932,"[25.5, 370.9, 58.9, 466.1]",,,,,0.7484,0.8,0.0322,1.0,,14,5,11,"[(12, 0.7483927607536316), (11, 0.716153085231781), (2, 0.6434618234634399), (15, 0.6028309464454651), (6, 0.5592445135116577)]"
29,6_revive,4,4,revived,0.829,"[855.2, 319.6, 921.4, 511.3]",,,,,0.9457,0.8,0.363,1.0,0.9457,14,5,43,"[(4, 0.9456639885902405), (1, 0.582647442817688), (12, 0.5461165904998779), (7, 0.5459675788879395), (11, 0.5334889888763428)]"
30,5,17,17,unconfirmed_update,0.845,"[17.1, 369.9, 52.6, 472.5]","[18.6, 370.1, 54.0, 471.2]",0.3941,0.6059,,,,,,,,4,,
31,6_revive,4,4,revived,0.7469,"[849.2, 316.9, 912.6, 506.6]",,,,,0.8997,0.7667,0.3269,1.0,0.8997,14,6,46,"[(4, 0.8997229337692261), (1, 0.5728669166564941), (12, 0.554449200630188), (7, 0.5446028709411621), (11, 0.5271623134613037)]"
32,6_revive,4,4,revived,0.671,"[842.4, 312.5, 904.5, 513.0]",,,,,0.9285,0.7667,0.3297,1.0,0.9285,14,6,48,"[(4, 0.9285169839859009), (1, 0.598773717880249), (7, 0.556635320186615), (12, 0.5384979248046875), (11, 0.5384504795074463)]"
33,6_revive,4,4,revived,0.8694,"[837.7, 311.9, 898.4, 510.3]",,,,,0.9393,0.7667,0.3458,1.0,0.9393,14,6,50,"[(4, 0.9393495321273804), (1, 0.5935553312301636), (7, 0.5416004061698914), (12, 0.5216671228408813), (11, 0.5165494680404663)]"
34,6_revive,4,4,revived,0.8529,"[827.6, 306.8, 895.1, 511.3]",,,,,0.955,0.7667,0.3645,1.0,0.955,14,6,52,"[(4, 0.9550496339797974), (1, 0.5905977487564087), (12, 0.5374904274940491), (11, 0.5230342149734497), (7, 0.5154767036437988)]"
35,6_new,12,18,gate_failed sim=0.610<theta=0.767,0.6935,"[43.3, 630.8, 72.4, 696.6]",,,,,0.6097,0.7667,0.0227,1.0,,14,6,17,"[(12, 0.6097081899642944), (11, 0.5870574116706848), (15, 0.5804586410522461), (2, 0.5679306983947754), (6, 0.5287036895751953)]"
36,5,18,18,unconfirmed_update,0.7455,"[37.8, 634.2, 63.8, 692.6]","[39.0, 633.5, 65.4, 693.4]",0.4641,0.5359,,,,,,,,7,,
38,6_revive,4,4,revived,0.8869,"[817.4, 299.0, 883.6, 500.9]",,,,,0.9244,0.7667,0.3338,1.0,0.9244,14,7,57,"[(4, 0.9243710041046143), (1, 0.5905425548553467), (11, 0.5705093145370483), (12, 0.5588831901550293), (7, 0.5529508590698242)]"
39,6_revive,4,4,revived,0.8699,"[818.8, 297.7, 884.9, 498.2]",,,,,0.9043,0.7667,0.3147,1.0,0.9043,14,8,59,"[(4, 0.9042834043502808), (1, 0.589569091796875), (11, 0.5545662045478821), (12, 0.5528455972671509), (7, 0.541354775428772)]"
40,3,13,13,re_activate_from_lost,0.5749,"[944.3, 271.0, 1045.6, 524.1]","[950.2, 271.3, 1039.6, 524.0]",0.2587,0.7413,0.0334,,,,,,14,8,17,
40,6_revive,4,4,revived,0.8697,"[820.8, 293.6, 887.0, 497.5]",,,,,0.9103,0.7667,0.2888,1.0,0.9103,14,8,61,"[(4, 0.9102978706359863), (1, 0.6215163469314575), (12, 0.5886962413787842), (11, 0.5829651951789856), (7, 0.5497450232505798)]"
41,6_revive,4,4,revived,0.8534,"[820.8, 295.1, 887.0, 497.5]",,,,,0.8751,0.7667,0.2525,1.0,0.8751,15,7,63,"[(4, 0.8750584125518799), (1, 0.6226056218147278), (12, 0.600495457649231), (11, 0.5947542190551758), (7, 0.5512262582778931)]"
42,3,13,13,re_activate_from_lost,0.7397,"[949.7, 275.4, 1041.5, 508.3]","[952.8, 274.5, 1038.5, 511.9]",0.1005,0.8995,0.0258,,,,,,15,8,18,
42,6_revive,15,15,revived,0.7858,"[1503.9, 296.0, 1557.9, 489.0]","[1578.1, 287.2, 1648.5, 489.3]",1.0,0.0,,0.7465,0.6937,0.0665,1.0,0.7465,15,8,19,"[(15, 0.7465387582778931), (10, 0.6800528168678284), (1, 0.6428503394126892), (2, 0.6092746257781982), (9, 0.6028943657875061)]"
42,6_revive,12,12,revived,0.7744,"[21.9, 350.7, 59.6, 441.8]",,,,,0.8319,0.7667,0.0883,1.0,0.8319,15,8,24,"[(12, 0.8318567276000977), (11, 0.7435222268104553), (18, 0.7326931357383728), (7, 0.647343635559082), (2, 0.645854115486145)]"
42,6_revive,4,4,revived,0.8906,"[820.8, 294.0, 885.6, 498.5]",,,,,0.9155,0.7667,0.3116,1.0,0.9155,15,8,65,"[(4, 0.915523111820221), (1, 0.6039409041404724), (12, 0.5865676403045654), (11, 0.5847771167755127), (7, 0.5501999855041504)]"
43,5,15,15,unconfirmed_update,0.5836,"[1501.2, 292.3, 1557.9, 486.0]","[1502.7, 293.0, 1556.9, 486.6]",0.0796,0.9204,,,,,,,,6,,
43,6_revive,4,4,revived,0.8811,"[818.1, 294.8, 887.0, 499.5]",,,,,0.8967,0.7667,0.2875,1.0,0.8967,15,6,67,"[(4, 0.8967137336730957), (1, 0.6092414855957031), (12, 0.587640106678009), (11, 0.5813144445419312), (2, 0.5446187257766724)]"
44,3,10,10,re_activate_from_lost,0.7696,"[994.3, 308.5, 1053.7, 498.2]","[991.7, 309.3, 1053.6, 497.1]",0.4685,0.5315,0.1337,,,,,,15,7,38,
44,6_revive,4,4,revived,0.8648,"[814.1, 297.0, 887.0, 505.6]",,,,,0.9316,0.7667,0.3368,1.0,0.9316,15,7,69,"[(4, 0.931610107421875), (1, 0.5948006510734558), (12, 0.5654261112213135), (11, 0.5534995794296265), (7, 0.5309135913848877)]"
45,3,13,13,re_activate_from_lost,0.6338,"[980.1, 309.8, 1053.0, 527.9]","[972.6, 303.5, 1052.1, 524.5]",0.4938,0.5062,0.0979,,,,,,15,9,20,
46,6_revive,4,4,revived,0.7045,"[820.8, 300.2, 899.1, 504.9]",,,,,0.8808,0.7667,0.2585,1.0,0.8808,15,9,72,"[(4, 0.8807820677757263), (1, 0.6222513914108276), (12, 0.5793510675430298), (2, 0.5598927140235901), (11, 0.5587818622589111)]"
47,6_revive,4,4,revived,0.8455,"[831.6, 295.7, 901.8, 505.6]",,,,,0.8865,0.7667,0.2838,1.0,0.8865,15,10,74,"[(4, 0.8864850997924805), (1, 0.6026552319526672), (12, 0.5939030051231384), (11, 0.5647588968276978), (7, 0.5495083332061768)]"
48,3,8,8,re_activate_from_lost,0.8235,"[942.3, 307.3, 999.0, 498.8]","[941.7, 307.4, 999.6, 499.5]",0.0736,0.9264,0.2371,,,,,,15,10,43,
48,3,13,13,re_activate_from_lost,0.7264,"[966.6, 275.1, 1058.4, 525.5]","[971.0, 279.5, 1059.8, 525.6]",0.4602,0.5398,0.024,,,,,,15,10,21,
48,6_revive,4,4,revived,0.9047,"[839.7, 295.1, 908.6, 507.6]",,,,,0.9124,0.7667,0.3071,1.0,0.9124,15,10,76,"[(4, 0.912419319152832), (1, 0.6052971482276917), (7, 0.5512077212333679), (12, 0.5354418158531189), (11, 0.5206131339073181)]"
49,6_revive,4,4,revived,0.8974,"[847.1, 295.8, 914.6, 506.3]",,,,,0.8746,0.7667,0.2773,1.0,0.8746,15,8,78,"[(4, 0.8746316432952881), (1, 0.597307026386261), (12, 0.5727453231811523), (7, 0.5294579267501831), (11, 0.529281497001648)]"
50,3,15,15,re_activate_from_lost,0.5877,"[1557.9, 272.5, 1606.5, 496.1]","[1549.0, 273.5, 1612.4, 495.0]",0.2652,0.7348,0.1267,,,,,,15,9,25,
50,6_revive,4,4,revived,0.9042,"[856.6, 295.5, 922.7, 505.6]",,,,,0.8414,0.7667,0.2249,1.0,0.8414,15,9,80,"[(4, 0.8413857221603394), (1, 0.616524338722229), (12, 0.5593068599700928), (7, 0.5244655013084412), (11, 0.5085533857345581)]"
51,6_revive,4,4,revived,0.9111,"[866.0, 294.0, 932.2, 507.3]",,,,,0.8376,0.7667,0.2089,1.0,0.8376,15,8,82,"[(4, 0.8376294374465942), (1, 0.6287198066711426), (12, 0.5746263265609741), (2, 0.5264132022857666), (11, 0.5225289463996887)]"
52,3,15,15,re_activate_from_lost,0.8434,"[1560.6, 269.0, 1622.7, 491.7]","[1561.8, 268.8, 1625.4, 491.5]",0.2668,0.7332,0.0918,,,,,,15,9,26,
52,6_new,15,19,gate_failed sim=0.609<theta=0.694,0.7235,"[1807.7, 267.6, 1853.6, 426.3]","[1561.8, 268.8, 1625.4, 491.5]",1.0,0.0,,0.6091,0.6937,0.0322,1.0,,15,9,27,"[(15, 0.6090794205665588), (10, 0.5768322348594666), (12, 0.5620929598808289), (11, 0.5573991537094116), (9, 0.5502023696899414)]"
52,6_revive,4,4,revived,0.914,"[871.4, 293.3, 936.2, 503.9]",,,,,0.7899,0.7667,0.1455,1.0,0.7899,15,9,84,"[(4, 0.7899456024169922), (1, 0.6444716453552246), (12, 0.5889460444450378), (2, 0.5535857677459717), (15, 0.5391620397567749)]"
53,5,19,19,unconfirmed_update,0.7854,"[1817.1, 269.3, 1863.0, 425.2]","[1815.5, 269.0, 1860.8, 425.5]",0.3508,0.6492,,,,,,,,8,,
53,6_revive,15,15,revived,0.7085,"[1541.7, 280.0, 1590.3, 486.7]",,,,,0.8494,0.6937,0.184,1.0,0.8494,15,8,28,"[(15, 0.8493709564208984), (8, 0.6653701066970825), (12, 0.6053420305252075), (1, 0.5926110744476318), (10, 0.5701812505722046)]"
53,6_revive,4,4,revived,0.9103,"[878.2, 295.7, 944.3, 504.9]",,,,,0.8022,0.7667,0.1721,1.0,0.8022,15,8,86,"[(4, 0.8022270202636719), (1, 0.6301223039627075), (12, 0.5856158137321472), (2, 0.5499565601348877), (11, 0.5459797382354736)]"
54,6_revive,4,4,revived,0.9158,"[884.2, 293.3, 949.1, 504.6]",,,,,0.7809,0.7667,0.1359,1.0,0.7809,15,7,88,"[(4, 0.7808618545532227), (1, 0.644983172416687), (12, 0.5563020706176758), (2, 0.5490186810493469), (10, 0.5422713756561279)]"
55,6_new,9,20,gate_failed sim=0.566<theta=0.729,0.7834,"[1844.1, 269.0, 1892.7, 418.5]","[1037.8, 303.1, 1106.1, 483.2]",1.0,0.0,,0.5661,0.7289,0.0064,1.0,,15,7,42,"[(9, 0.5660820603370667), (15, 0.5596439838409424), (10, 0.5569717884063721), (11, 0.5389824509620667), (2, 0.5373855233192444)]"
55,6_new,4,21,gate_failed sim=0.745<theta=0.767,0.9206,"[889.0, 294.6, 953.8, 505.9]",,,,,0.7451,0.7667,0.1104,1.0,,15,7,90,"[(4, 0.7451001405715942), (1, 0.6347000598907471), (12, 0.5871134996414185), (10, 0.5638812780380249), (3, 0.5635193586349487)]"
56,5,21,21,unconfirmed_update,0.9327,"[891.7, 295.0, 957.8, 506.3]","[891.7, 294.9, 956.5, 506.2]",0.1008,0.8992,,,,,,,,7,,
56,6_revive,11,11,revived,0.7767,"[252.8, 349.0, 304.8, 493.4]","[206.2, 349.1, 250.7, 461.2]",1.0,0.0,,0.7273,0.6602,0.0396,1.0,0.7273,15,7,25,"[(11, 0.7272801399230957), (13, 0.6877276301383972), (5, 0.6650297045707703), (7, 0.6416069865226746), (12, 0.6108073592185974)]"
57,3,19,19,re_activate_from_lost,0.6514,"[1849.5, 272.4, 1903.5, 429.6]","[1853.6, 272.7, 1899.7, 429.5]",0.1856,0.8144,0.4695,,,,,,15,7,2,
58,6_revive,11,11,revived,0.8217,"[255.2, 347.3, 312.2, 508.6]",,,,,0.8319,0.6602,0.1385,1.0,0.8319,15,6,26,"[(11, 0.8319242596626282), (12, 0.6934707164764404), (2, 0.6075208783149719), (10, 0.6000538468360901), (7, 0.5961399078369141)]"
59,5,11,11,unconfirmed_update,0.588,"[258.5, 345.9, 313.5, 503.2]","[257.6, 346.2, 313.5, 504.3]",0.118,0.882,,,,,,,,6,,
61,3,8,8,re_activate_from_lost,0.7961,"[996.3, 314.2, 1061.1, 518.1]","[998.7, 314.1, 1059.4, 516.0]",0.1423,0.8577,0.1235,,,,,,16,8,55,
61,3,19,19,re_activate_from_lost,0.8265,"[1868.4, 288.2, 1925.1, 446.9]","[1872.3, 288.0, 1920.5, 446.9]",0.1613,0.8387,0.1046,,,,,,16,8,5,
62,3,13,13,re_activate_from_lost,0.6492,"[1012.5, 294.5, 1082.7, 519.8]","[1011.0, 292.2, 1088.4, 521.9]",0.4512,0.5488,0.039,,,,,,17,6,32,
62,6_revive,11,11,revived,0.8223,"[256.7, 344.9, 312.7, 487.4]",,,,,0.8524,0.6602,0.1707,1.0,0.8524,17,6,28,"[(11, 0.8523649573326111), (12, 0.681675910949707), (2, 0.6572377681732178), (1, 0.6238330602645874), (10, 0.585567831993103)]"
63,5,11,11,unconfirmed_update,0.7954,"[250.4, 346.6, 304.8, 496.5]","[249.9, 346.3, 308.2, 494.6]",0.2763,0.7237,,,,,,,,6,,
63,6_new,6,22,gate_failed sim=0.729<theta=0.767,0.6744,"[298.4, 261.2, 444.8, 686.5]",,,,,0.7285,0.7667,0.0662,1.0,,17,6,62,"[(6, 0.7285218834877014), (12, 0.662293016910553), (2, 0.6417925953865051), (11, 0.6354739665985107), (15, 0.6262019276618958)]"
65,6_new,1,23,gate_failed sim=0.638<theta=0.767,0.6885,"[446.2, 319.4, 515.7, 517.0]",,,,,0.638,0.7667,0.0583,1.0,,17,6,26,"[(1, 0.6380051374435425), (12, 0.5796888470649719), (7, 0.5772071480751038), (2, 0.5752833485603333), (11, 0.5751647353172302)]"
66,5,23,23,unconfirmed_update,0.8745,"[444.5, 320.1, 520.1, 511.7]","[448.1, 320.0, 516.0, 512.7]",0.1064,0.8936,,,,,,,,6,,
67,3,12,12,re_activate_from_lost,0.6803,"[66.8, 350.3, 107.8, 473.2]","[66.0, 350.4, 108.8, 473.1]",0.6812,0.3188,0.7831,,,,,,17,5,26,
67,6_revive,12,12,revived,0.7894,"[104.1, 352.0, 147.0, 465.4]","[66.0, 350.4, 108.8, 473.1]",0.9444,0.0556,,0.8611,0.7667,0.1287,1.0,0.8611,17,5,27,"[(12, 0.8611454963684082), (11, 0.7324813604354858), (15, 0.6326324343681335), (18, 0.6322146654129028), (19, 0.5958752632141113)]"
69,6_revive,12,12,revived,0.7571,"[78.8, 347.6, 118.8, 459.0]",,,,,0.8653,0.7667,0.1676,1.0,0.8653,17,4,28,"[(12, 0.8652954697608948), (11, 0.6977362632751465), (15, 0.6222923994064331), (18, 0.6002476215362549), (2, 0.5861759185791016)]"
69,6_revive,12,12,revived,0.7016,"[38.2, 345.6, 85.5, 463.7]",,,,,0.8154,0.7667,0.0876,1.0,0.8154,17,4,29,"[(12, 0.815423846244812), (11, 0.727813184261322), (2, 0.6767048835754395), (18, 0.6490498781204224), (15, 0.6317313313484192)]"
71,6_revive,12,12,revived,0.8365,"[58.0, 341.7, 95.5, 456.0]",,,,,0.8735,0.7667,0.1905,1.0,0.8735,18,5,30,"[(12, 0.8735318183898926), (11, 0.6830132007598877), (15, 0.6449447870254517), (18, 0.6109809875488281), (10, 0.607856273651123)]"
71,6_revive,12,12,revived,0.8114,"[18.4, 343.4, 64.5, 460.7]",,,,,0.8517,0.7667,0.1426,1.0,0.8517,18,5,31,"[(12, 0.8516538143157959), (11, 0.7090287208557129), (18, 0.6752926111221313), (2, 0.6486307382583618), (15, 0.6468415856361389)]"
73,6_new,10,24,gate_failed sim=0.650<theta=0.663,0.7705,"[1875.2, 330.8, 1926.5, 471.8]","[946.2, 325.1, 1008.8, 514.6]",1.0,0.0,,0.6496,0.6627,0.0454,1.0,,18,5,39,"[(10, 0.6496421098709106), (2, 0.604198157787323), (11, 0.5776253342628479), (6, 0.5761414766311646), (18, 0.5747071504592896)]"
74,5,24,24,unconfirmed_update,0.7231,"[1877.9, 328.4, 1926.5, 470.1]","[1876.1, 328.9, 1927.6, 470.5]",0.0786,0.9214,,,,,,,,5,,
74,6_new,9,25,gate_failed sim=0.647<theta=0.729,0.7399,"[1433.7, 352.0, 1485.0, 528.2]","[917.1, 309.5, 985.5, 489.5]",1.0,0.0,,0.6469,0.7289,0.0016,1.0,,18,5,42,"[(9, 0.6469244360923767), (15, 0.6453497409820557), (10, 0.6330572366714478), (12, 0.6305720806121826), (3, 0.6151694059371948)]"
75,5,25,25,unconfirmed_update,0.5822,"[1422.9, 342.2, 1485.0, 525.2]","[1428.6, 344.2, 1481.5, 525.8]",0.2287,0.7713,,,,,,,,4,,
75,6_new,13,26,margin_failed margin=0.027<0.04,0.6802,"[966.6, 272.4, 1042.2, 529.5]",,,,,0.9407,0.7667,0.0273,1.0,,18,4,46,"[(13, 0.9407070875167847), (5, 0.9134278893470764), (8, 0.6810020208358765), (7, 0.6545888185501099), (11, 0.577484130859375)]"
75,6_revive,19,19,revived,0.8218,"[1798.2, 312.9, 1846.8, 467.4]",,,,,0.9422,0.7667,0.3038,1.0,0.9422,18,4,20,"[(19, 0.942206859588623), (10, 0.6383681893348694), (8, 0.6317484974861145), (15, 0.6145848035812378), (23, 0.5991557836532593)]"
76,3,10,10,re_activate_from_lost,0.9688,"[934.9, 277.1, 1052.3, 595.0]","[939.2, 277.2, 1047.8, 594.7]",0.6932,0.3068,0.7027,,,,,,18,3,39,
77,3,24,24,re_activate_from_lost,0.8024,"[1880.6, 323.5, 1931.9, 468.5]","[1879.8, 323.5, 1932.3, 468.3]",0.0681,0.9319,0.2522,,,,,,18,3,1,
79,6_revive,9,9,revived,0.8189,"[855.9, 304.6, 920.7, 502.2]",,,,,0.7733,0.7289,0.042,1.0,0.7733,18,2,42,"[(9, 0.7732748985290527), (10, 0.7312477231025696), (2, 0.6920121908187866), (8, 0.6543608903884888), (1, 0.651963472366333)]"
81,3,25,25,re_activate_from_lost,0.6861,"[1397.2, 290.6, 1494.5, 534.3]","[1410.6, 290.5, 1483.9, 531.7]",0.3324,0.6676,0.542,,,,,,18,5,4,
81,6_new,11,27,margin_failed margin=0.024<0.04,0.775,"[177.5, 318.4, 223.4, 454.3]",,,,,0.6862,0.6602,0.0236,1.0,,19,5,30,"[(11, 0.6862139701843262), (10, 0.6625774502754211), (8, 0.6120004653930664), (12, 0.6029964685440063), (7, 0.6020822525024414)]"
82,3,19,19,re_activate_from_lost,0.6321,"[1817.1, 300.4, 1873.8, 463.7]","[1818.0, 301.3, 1872.5, 463.7]",0.1078,0.8922,0.0936,,,,,,19,4,25,
82,5,27,27,unconfirmed_update,0.8427,"[175.7, 321.6, 232.0, 461.4]","[179.7, 321.0, 226.7, 459.9]",0.2411,0.7589,,,,,,,,4,,
83,6_new,13,28,margin_failed margin=0.004<0.04,0.7601,"[970.0, 263.9, 1052.3, 531.9]",,,,,0.9477,0.7667,0.0036,1.0,,19,3,54,"[(13, 0.9476969242095947), (5, 0.9441342353820801), (8, 0.6963638067245483), (7, 0.6899996995925903), (21, 0.6077038049697876)]"
84,5,28,28,unconfirmed_update,0.6825,"[973.4, 262.2, 1058.4, 535.6]","[973.1, 262.6, 1056.8, 534.9]",0.1239,0.8761,,,,,,,,3,,
85,6_revive,25,25,revived,0.7306,"[1435.1, 300.7, 1502.6, 526.2]",,,,,0.8256,0.7667,0.0931,1.0,0.8256,19,3,9,"[(25, 0.8255847692489624), (15, 0.7324481010437012), (12, 0.5779397487640381), (11, 0.5768193006515503), (2, 0.5521584749221802)]"
86,6_revive,19,19,revived,0.6879,"[1852.2, 298.2, 1908.9, 462.4]",,,,,0.862,0.7667,0.2016,1.0,0.862,19,3,30,"[(19, 0.8620201349258423), (10, 0.6603711843490601), (8, 0.64909827709198), (21, 0.6169581413269043), (15, 0.6103671789169312)]"
88,3,8,8,re_activate_from_lost,0.7427,"[888.3, 299.0, 951.8, 499.5]","[886.9, 298.9, 953.7, 497.8]",0.0774,0.9226,0.3149,,,,,,20,5,81,
88,6_revive,12,12,revived,0.8056,"[46.1, 322.5, 95.2, 438.1]",,,,,0.9019,0.7667,0.142,1.0,0.9019,20,5,32,"[(12, 0.9018701910972595), (11, 0.7599155902862549), (27, 0.7116365432739258), (25, 0.6783134937286377), (18, 0.6759400367736816)]"
88,6_revive,21,21,revived,0.7062,"[864.0, 297.2, 923.4, 494.8]",,,,,0.8742,0.7667,0.1391,1.0,0.8742,20,5,32,"[(21, 0.8741631507873535), (3, 0.7350404858589172), (13, 0.7209644913673401), (5, 0.6866089701652527), (8, 0.6706404685974121)]"
89,5,12,12,unconfirmed_update,0.8089,"[57.9, 318.6, 99.7, 429.3]","[53.5, 319.4, 100.9, 431.1]",0.3702,0.6298,,,,,,,,5,,
89,6_revive,21,21,revived,0.8549,"[859.3, 296.3, 926.8, 492.1]",,,,,0.8755,0.7667,0.1431,1.0,0.8755,21,5,34,"[(21, 0.8755378127098083), (13, 0.7324353456497192), (3, 0.7173360586166382), (5, 0.6986440420150757), (8, 0.681690514087677)]"
89,6_revive,12,12,revived,0.781,"[104.7, 322.0, 137.6, 413.8]",,,,,0.7925,0.7667,0.0657,1.0,0.7925,21,5,33,"[(12, 0.7925200462341309), (11, 0.7267957925796509), (27, 0.6639820337295532), (15, 0.6436402797698975), (18, 0.6425074934959412)]"
90,6_revive,12,12,revived,0.7932,"[114.6, 320.0, 146.5, 410.4]",,,,,0.787,0.7667,0.0918,1.0,0.787,21,5,35,"[(12, 0.7870244383811951), (11, 0.6952526569366455), (18, 0.6621759533882141), (27, 0.6410921812057495), (19, 0.6358547806739807)]"
90,6_revive,21,21,revived,0.8701,"[865.4, 295.0, 932.9, 492.1]",,,,,0.8604,0.7667,0.1764,1.0,0.8604,21,5,36,"[(21, 0.8603702783584595), (3, 0.6839279532432556), (13, 0.6804729104042053), (5, 0.6511774063110352), (8, 0.6476854681968689)]"
91,6_revive,12,12,revived,0.8047,"[122.0, 315.9, 158.5, 415.8]",,,,,0.8152,0.7667,0.102,1.0,0.8152,21,5,37,"[(12, 0.8152250051498413), (11, 0.7131878137588501), (18, 0.6782956719398499), (27, 0.6688635349273682), (15, 0.6449910402297974)]"
91,6_revive,27,27,revived,0.7341,"[252.1, 307.0, 294.0, 415.8]",,,,,0.862,0.7667,0.0479,1.0,0.862,21,5,9,"[(27, 0.862045168876648), (11, 0.8141661882400513), (12, 0.7701791524887085), (8, 0.67558354139328), (25, 0.6349808573722839)]"
92,6_revive,12,12,revived,0.7786,"[131.8, 314.6, 170.1, 416.5]",,,,,0.8583,0.7667,0.1155,1.0,0.8583,21,5,39,"[(12, 0.8583277463912964), (11, 0.7428536415100098), (18, 0.6992205381393433), (15, 0.6755660772323608), (27, 0.6555087566375732)]"
93,6_revive,12,12,revived,0.7229,"[146.6, 311.9, 183.4, 408.4]",,,,,0.817,0.7667,0.1106,1.0,0.817,21,6,41,"[(12, 0.816962480545044), (11, 0.7063729763031006), (18, 0.673082172870636), (15, 0.6397601962089539), (27, 0.6325922012329102)]"
94,6_new,12,29,gate_failed sim=0.763<theta=0.767,0.7342,"[167.2, 309.5, 203.0, 401.3]",,,,,0.7632,0.7667,0.0738,1.0,,21,5,43,"[(12, 0.7632162570953369), (11, 0.689410924911499), (18, 0.6640968322753906), (27, 0.62282395362854), (15, 0.5993139743804932)]"
95,6_revive,12,12,revived,0.8052,"[189.5, 310.8, 227.0, 417.5]",,,,,0.8936,0.7667,0.1344,1.0,0.8936,21,5,44,"[(12, 0.8936222791671753), (11, 0.759250283241272), (18, 0.7086015939712524), (27, 0.7081805467605591), (15, 0.6660381555557251)]"
96,6_revive,12,12,revived,0.8133,"[204.4, 309.7, 239.5, 399.3]",,,,,0.8111,0.7667,0.1195,1.0,0.8111,21,5,46,"[(12, 0.8110546469688416), (11, 0.6915935277938843), (18, 0.6880902051925659), (25, 0.6189844608306885), (15, 0.6119636297225952)]"
97,6_revive,21,21,revived,0.7006,"[953.8, 295.8, 1006.4, 486.0]",,,,,0.8862,0.7667,0.1321,1.0,0.8862,21,5,44,"[(21, 0.8861635327339172), (3, 0.7540872097015381), (13, 0.7121320962905884), (8, 0.7105785608291626), (5, 0.6657419204711914)]"
97,6_new,19,30,gate_failed sim=0.573<theta=0.767,0.8937,"[1726.7, 361.1, 1783.4, 511.0]","[2008.3, 293.0, 2063.7, 459.0]",1.0,0.0,,0.5735,0.7667,0.0003,1.0,,21,5,32,"[(19, 0.573481559753418), (12, 0.573161780834198), (8, 0.5571362972259521), (15, 0.5413579344749451), (23, 0.5342987179756165)]"
98,5,30,30,unconfirmed_update,0.8756,"[1746.9, 362.5, 1800.9, 515.0]","[1741.4, 362.2, 1798.9, 514.2]",0.5219,0.4781,,,,,,,,5,,
98,6_revive,21,21,revived,0.7865,"[963.9, 296.3, 1015.2, 485.3]",,,,,0.8757,0.7667,0.1253,1.0,0.8757,21,5,46,"[(21, 0.8757321834564209), (3, 0.750481128692627), (13, 0.70927894115448), (8, 0.7071719765663147), (28, 0.6518445611000061)]"
98,6_revive,12,12,revived,0.7795,"[232.9, 311.9, 267.3, 419.2]",,,,,0.8365,0.7667,0.1344,1.0,0.8365,21,5,49,"[(12, 0.8364831209182739), (11, 0.7020489573478699), (18, 0.6806211471557617), (27, 0.6278713941574097), (25, 0.6160509586334229)]"
99,6_revive,12,12,revived,0.7987,"[243.7, 312.7, 278.1, 416.5]",,,,,0.8187,0.7667,0.1087,1.0,0.8187,21,5,51,"[(12, 0.8186929225921631), (11, 0.7099646329879761), (18, 0.660973072052002), (2, 0.6253852844238281), (27, 0.6030466556549072)]"
99,6_revive,21,21,revived,0.7486,"[971.3, 299.4, 1019.9, 476.2]",,,,,0.7939,0.7667,0.0797,1.0,0.7939,21,5,48,"[(21, 0.7938559651374817), (8, 0.7141207456588745), (13, 0.657024621963501), (10, 0.6537580490112305), (3, 0.6476644277572632)]"
100,6_new,21,31,margin_failed margin=0.028<0.04,0.7218,"[972.7, 300.4, 1024.0, 484.0]",,,,,0.7756,0.7667,0.0279,1.0,,21,5,50,"[(21, 0.7755569815635681), (8, 0.7476847171783447), (10, 0.7205708026885986), (3, 0.683825671672821), (13, 0.6189694404602051)]"
100,6_revive,12,12,revived,0.8509,"[252.8, 311.2, 288.9, 417.2]",,,,,0.7994,0.7667,0.0708,1.0,0.7994,21,5,53,"[(12, 0.7993829250335693), (11, 0.728568434715271), (27, 0.645922064781189), (2, 0.6156244874000549), (18, 0.614500880241394)]"
101,5,31,31,unconfirmed_update,0.7968,"[976.7, 303.4, 1025.3, 487.7]","[974.8, 302.8, 1026.2, 486.9]",0.1332,0.8668,,,,,,,,4,,
101,6_revive,12,12,revived,0.8269,"[262.7, 311.3, 298.2, 415.8]",,,,,0.7807,0.7667,0.0665,1.0,0.7807,21,4,55,"[(12, 0.7807480096817017), (11, 0.7142335176467896), (27, 0.650185227394104), (18, 0.644591748714447), (2, 0.6347714066505432)]"
102,6_revive,12,12,revived,0.8382,"[273.9, 313.4, 309.3, 419.9]",,,,,0.8361,0.7667,0.0865,1.0,0.8361,21,4,57,"[(12, 0.8361235857009888), (11, 0.749655544757843), (27, 0.6621631383895874), (18, 0.6331677436828613), (2, 0.6277124881744385)]"
103,6_revive,12,12,revived,0.7786,"[286.0, 312.0, 320.1, 411.1]",,,,,0.8575,0.7667,0.1278,1.0,0.8575,22,4,58,"[(12, 0.8574795722961426), (11, 0.7296596765518188), (27, 0.6636013984680176), (18, 0.654395580291748), (2, 0.6277242302894592)]"
104,5,12,12,unconfirmed_update,0.8501,"[298.0, 311.2, 332.4, 418.5]","[294.6, 311.3, 331.0, 417.0]",0.5514,0.4486,,,,,,,,4,,
104,6_revive,12,12,revived,0.7829,"[215.5, 308.8, 254.3, 426.9]",,,,,0.9016,0.7667,0.1612,1.0,0.9016,22,4,59,"[(12, 0.9015504121780396), (11, 0.7403297424316406), (27, 0.6780605316162109), (8, 0.6449939608573914), (7, 0.6161672472953796)]"
105,6_revive,12,12,revived,0.6987,"[223.4, 307.5, 260.9, 416.8]",,,,,0.8739,0.7667,0.1656,1.0,0.8739,22,5,61,"[(12, 0.8739490509033203), (11, 0.7083489894866943), (27, 0.6568301916122437), (18, 0.6397765874862671), (19, 0.6380925178527832)]"
106,6_revive,12,12,revived,0.7713,"[230.9, 308.5, 268.0, 419.2]",,,,,0.8538,0.7667,0.1701,1.0,0.8538,23,5,63,"[(12, 0.8538351058959961), (11, 0.6837708353996277), (27, 0.6521751284599304), (23, 0.6323229074478149), (7, 0.6264442205429077)]"
106,6_new,25,32,gate_failed sim=0.698<theta=0.767,0.7701,"[1582.2, 334.8, 1663.2, 537.3]","[1651.2, 278.5, 1728.0, 528.4]",0.9302,0.0698,,0.6983,0.7667,0.0449,1.0,,23,5,16,"[(25, 0.698276162147522), (8, 0.6533340811729431), (15, 0.6391640901565552), (11, 0.6389761567115784), (27, 0.6367461681365967)]"
106,6_revive,12,12,revived,0.738,"[-6.5, 312.0, 25.2, 405.0]",,,,,0.77,0.7667,0.0748,1.0,0.77,23,5,64,"[(12, 0.7700337171554565), (25, 0.6952136158943176), (11, 0.6821959018707275), (15, 0.6733217239379883), (27, 0.6620450019836426)]"
107,5,32,32,unconfirmed_update,0.7769,"[1597.1, 336.3, 1672.7, 545.4]","[1590.9, 336.0, 1673.9, 543.8]",0.2971,0.7029,,,,,,,,5,,
107,6_revive,12,12,revived,0.7815,"[237.9, 306.6, 273.4, 414.5]",,,,,0.8823,0.7667,0.1767,1.0,0.8823,23,5,66,"[(12, 0.8822942972183228), (11, 0.7056170701980591), (8, 0.6655367612838745), (27, 0.6626734733581543), (7, 0.6333658695220947)]"
107,6_revive,12,12,revived,0.7329,"[-0.6, 310.2, 35.8, 410.7]",,,,,0.7727,0.7667,0.0921,1.0,0.7727,23,5,67,"[(12, 0.7726960182189941), (25, 0.6805765628814697), (11, 0.6797498464584351), (15, 0.6665428876876831), (18, 0.6580939292907715)]"
108,6_revive,12,12,revived,0.7937,"[243.3, 305.1, 279.1, 406.4]",,,,,0.8921,0.7667,0.1834,1.0,0.8921,23,5,69,"[(12, 0.8921433687210083), (11, 0.7087743282318115), (27, 0.7052165269851685), (8, 0.6804206967353821), (7, 0.6470284461975098)]"
108,6_new,12,33,gate_failed sim=0.746<theta=0.767,0.7565,"[8.3, 309.0, 46.4, 407.0]",,,,,0.7463,0.7667,0.0491,1.0,,23,5,70,"[(12, 0.7463154792785645), (11, 0.6972559690475464), (25, 0.6950198411941528), (15, 0.6547613143920898), (27, 0.6475694179534912)]"
109,5,33,33,unconfirmed_update,0.6908,"[15.7, 308.5, 52.9, 403.0]","[14.4, 308.6, 51.4, 403.8]",0.3392,0.6608,,,,,,,,6,,
109,6_revive,12,12,revived,0.7751,"[248.7, 304.1, 284.5, 398.6]",,,,,0.8737,0.7667,0.1366,1.0,0.8737,23,6,71,"[(12, 0.8737301826477051), (11, 0.7371007204055786), (27, 0.7185342907905579), (8, 0.6296383142471313), (18, 0.624021053314209)]"
110,6_revive,12,12,revived,0.819,"[251.4, 303.1, 290.2, 413.1]",,,,,0.9209,0.7667,0.1647,1.0,0.9209,23,6,73,"[(12, 0.9208880662918091), (11, 0.7562057971954346), (27, 0.7417224645614624), (18, 0.6852700710296631), (8, 0.6745342016220093)]"
111,6_revive,12,12,revived,0.8189,"[258.5, 304.4, 297.3, 413.1]",,,,,0.9191,0.7667,0.1264,1.0,0.9191,23,6,75,"[(12, 0.9191354513168335), (11, 0.7927018404006958), (27, 0.7492532730102539), (8, 0.7004575729370117), (15, 0.6941003799438477)]"
112,6_revive,12,12,revived,0.815,"[266.1, 305.3, 304.3, 413.8]",,,,,0.9015,0.7667,0.1285,1.0,0.9015,24,5,77,"[(12, 0.9014683961868286), (11, 0.7729429602622986), (27, 0.7488994002342224), (32, 0.7000184655189514), (8, 0.698766827583313)]"
112,6_revive,32,32,revived,0.7123,"[1555.2, 266.0, 1638.9, 494.8]",,,,,0.7779,0.7667,0.1101,1.0,0.7779,24,5,5,"[(32, 0.7779062986373901), (25, 0.6678228378295898), (8, 0.6463484764099121), (12, 0.6232051849365234), (11, 0.6130349040031433)]"
113,3,25,25,re_activate_from_lost,0.8263,"[1638.9, 256.7, 1755.0, 548.1]","[1649.4, 256.6, 1745.2, 547.8]",0.7034,0.2966,0.7549,,,,,,24,7,16,
113,6_revive,12,12,revived,0.8653,"[273.0, 306.5, 311.5, 419.2]",,,,,0.9101,0.7667,0.1323,1.0,0.9101,24,7,79,"[(12, 0.9101489782333374), (11, 0.7778648138046265), (27, 0.7499083280563354), (32, 0.6852455139160156), (8, 0.6747502684593201)]"
114,6_revive,12,12,revived,0.8401,"[279.3, 307.1, 319.4, 420.5]",,,,,0.861,0.7667,0.0903,1.0,0.861,24,6,81,"[(12, 0.8610489368438721), (11, 0.7707012295722961), (27, 0.7144846320152283), (8, 0.6622083187103271), (32, 0.6418377161026001)]"
114,6_revive,32,32,revived,0.7841,"[1579.5, 260.2, 1657.8, 483.6]",,,,,0.8049,0.7667,0.1379,1.0,0.8049,24,6,8,"[(32, 0.8048582077026367), (25, 0.6669101119041443), (12, 0.6327598094940186), (8, 0.6228524446487427), (11, 0.6227084398269653)]"
115,6_revive,12,12,revived,0.8277,"[286.9, 309.2, 328.7, 422.6]",,,,,0.8422,0.7667,0.1177,1.0,0.8422,24,6,83,"[(12, 0.8422036170959473), (11, 0.7245475053787231), (27, 0.6952953934669495), (32, 0.6489503383636475), (23, 0.6478614807128906)]"
116,6_revive,12,12,revived,0.878,"[295.7, 312.5, 336.2, 419.2]",,,,,0.9081,0.7667,0.1475,1.0,0.9081,24,6,85,"[(12, 0.9081223607063293), (11, 0.7606556415557861), (27, 0.7251256704330444), (32, 0.6757316589355469), (8, 0.6542760133743286)]"
116,6_new,12,34,gate_failed sim=0.746<theta=0.767,0.7411,"[-18.9, 300.4, 21.1, 423.9]",,,,,0.7458,0.7667,0.0618,1.0,,24,6,86,"[(12, 0.7458451986312866), (27, 0.6840101480484009), (11, 0.6612160801887512), (8, 0.6472277045249939), (2, 0.6413760185241699)]"
116,6_revive,32,32,revived,0.7406,"[1605.2, 254.8, 1686.2, 489.0]",,,,,0.857,0.7667,0.1588,1.0,0.857,24,6,11,"[(32, 0.8569848537445068), (25, 0.6981558799743652), (8, 0.6445069909095764), (12, 0.6341113448143005), (11, 0.6338834762573242)]"
117,5,34,34,unconfirmed_update,0.848,"[-12.7, 304.1, 31.8, 420.2]","[-11.2, 303.3, 26.9, 420.9]",0.3648,0.6352,,,,,,,,6,,
117,6_revive,12,12,revived,0.8439,"[304.9, 315.2, 345.9, 423.2]",,,,,0.8916,0.7667,0.1249,1.0,0.8916,24,6,87,"[(12, 0.8915615081787109), (11, 0.7666759490966797), (27, 0.7046467065811157), (32, 0.6646678447723389), (8, 0.6325395107269287)]"
117,6_revive,12,12,revived,0.8001,"[32.0, 315.2, 69.5, 415.1]",,,,,0.7957,0.7667,0.0739,1.0,0.7957,24,6,88,"[(12, 0.795673131942749), (18, 0.7217669486999512), (27, 0.7022024393081665), (32, 0.6962279081344604), (11, 0.6796202659606934)]"
118,6_revive,12,12,revived,0.7809,"[357.1, 312.4, 398.2, 425.6]",,,,,0.8445,0.7667,0.1322,1.0,0.8445,24,6,90,"[(12, 0.8445438146591187), (11, 0.7123734951019287), (27, 0.705215573310852), (8, 0.6858105659484863), (18, 0.6768970489501953)]"
118,6_revive,12,12,revived,0.7504,"[42.4, 306.8, 80.7, 419.5]",,,,,0.8424,0.7667,0.0944,1.0,0.8424,24,6,91,"[(12, 0.8424258232116699), (27, 0.7479813694953918), (11, 0.741418719291687), (8, 0.7409366369247437), (32, 0.7351695895195007)]"
118,6_revive,12,12,revived,0.8563,"[314.4, 315.4, 353.0, 425.9]",,,,,0.8954,0.7667,0.1122,1.0,0.8954,24,6,92,"[(12, 0.8953678607940674), (11, 0.7832010984420776), (27, 0.7486010789871216), (32, 0.720221996307373), (8, 0.6813851594924927)]"
119,6_revive,12,12,revived,0.8447,"[322.3, 315.9, 365.2, 430.7]",,,,,0.8661,0.7667,0.1082,1.0,0.8661,24,5,94,"[(12, 0.8661239147186279), (11, 0.7579081058502197), (27, 0.7503374814987183), (32, 0.6932629346847534), (8, 0.6682599782943726)]"
119,6_new,18,35,gate_failed sim=0.639<theta=0.767,0.6775,"[38.9, 643.6, 78.3, 733.1]",,,,,0.639,0.7667,0.0,1.0,,24,5,6,"[(18, 0.6389745473861694), (12, 0.638964831829071), (11, 0.594971239566803), (32, 0.5632832646369934), (27, 0.5620388984680176)]"
120,6_revive,12,12,revived,0.8336,"[332.6, 319.4, 376.0, 435.7]",,,,,0.899,0.7667,0.1424,1.0,0.899,24,4,96,"[(12, 0.899010181427002), (11, 0.7565631866455078), (27, 0.7443364858627319), (32, 0.6745430827140808), (18, 0.6644179224967957)]"
120,6_revive,12,12,revived,0.7383,"[379.0, 315.1, 420.9, 423.2]",,,,,0.8822,0.7667,0.1815,1.0,0.8822,24,4,97,"[(12, 0.8821995258331299), (11, 0.7007116079330444), (18, 0.6976257562637329), (27, 0.6944161653518677), (32, 0.6487382650375366)]"
120,6_revive,12,12,revived,0.6837,"[69.0, 308.6, 109.2, 425.2]",,,,,0.8323,0.7667,0.0805,1.0,0.8323,24,4,98,"[(12, 0.8322889804840088), (27, 0.7517814636230469), (11, 0.7124509811401367), (2, 0.7065669298171997), (8, 0.7044047117233276)]"
121,6_revive,12,12,revived,0.8356,"[343.1, 317.6, 387.5, 437.1]",,,,,0.9129,0.7667,0.1366,1.0,0.9129,24,4,100,"[(12, 0.9129253029823303), (11, 0.7763104438781738), (27, 0.761799693107605), (32, 0.6800751686096191), (18, 0.6689751744270325)]"
121,6_revive,12,12,revived,0.7685,"[391.8, 313.7, 431.7, 424.2]",,,,,0.8973,0.7667,0.1724,1.0,0.8973,24,4,101,"[(12, 0.8973087668418884), (11, 0.7249104976654053), (27, 0.7065544724464417), (18, 0.7007350325584412), (8, 0.6468227505683899)]"
121,6_new,12,36,gate_failed sim=0.735<theta=0.767,0.7477,"[15.4, 327.0, 52.1, 425.6]",,,,,0.7345,0.7667,0.0279,1.0,,24,4,102,"[(12, 0.7345406413078308), (11, 0.7066704034805298), (27, 0.6799941658973694), (8, 0.6571868658065796), (2, 0.6461994647979736)]"
121,6_revive,12,12,revived,0.728,"[85.9, 305.1, 134.5, 432.0]",,,,,0.8191,0.7667,0.0682,1.0,0.8191,24,4,102,"[(12, 0.8190589547157288), (27, 0.750822126865387), (11, 0.7195336818695068), (32, 0.696182906627655), (25, 0.6767358779907227)]"
122,6_revive,12,12,revived,0.808,"[405.0, 313.0, 444.2, 419.2]",,,,,0.9057,0.7338,0.1758,1.0,0.9057,25,4,104,"[(12, 0.9056738018989563), (11, 0.7298677563667297), (18, 0.7051448822021484), (27, 0.7032570838928223), (34, 0.6851222515106201)]"
122,6_revive,12,12,revived,0.7601,"[100.2, 305.8, 143.2, 428.0]",,,,,0.7929,0.7338,0.0631,1.0,0.7929,25,4,105,"[(12, 0.7929152250289917), (27, 0.7298173904418945), (11, 0.7252602577209473), (34, 0.6732070446014404), (18, 0.6582032442092896)]"
122,6_revive,12,12,revived,0.8332,"[356.7, 317.6, 396.6, 428.3]",,,,,0.8814,0.7338,0.1164,1.0,0.8814,25,4,106,"[(12, 0.8813531398773193), (11, 0.7649067640304565), (27, 0.7194919586181641), (32, 0.663701057434082), (18, 0.6613204479217529)]"
123,6_revive,12,12,revived,0.842,"[368.2, 316.6, 408.7, 428.0]",,,,,0.8974,0.7338,0.1299,1.0,0.8974,25,4,108,"[(12, 0.8973991274833679), (11, 0.7675288915634155), (27, 0.7380050420761108), (32, 0.6573876738548279), (18, 0.6464904546737671)]"
123,6_new,34,37,margin_failed margin=0.021<0.04,0.7614,"[44.0, 327.0, 80.7, 424.2]",,,,,0.7851,0.7667,0.0214,1.0,,25,4,6,"[(34, 0.7850668430328369), (12, 0.7636265754699707), (11, 0.6903501749038696), (27, 0.6718652248382568), (18, 0.6704005002975464)]"
123,6_revive,12,12,revived,0.7549,"[117.2, 306.1, 159.2, 429.0]",,,,,0.7907,0.7338,0.0576,1.0,0.7907,25,4,109,"[(12, 0.7906609773635864), (27, 0.7330138683319092), (11, 0.7190544605255127), (34, 0.6870481371879578), (2, 0.6782422065734863)]"
124,6_revive,12,12,revived,0.855,"[382.4, 318.8, 422.2, 427.6]",,,,,0.8313,0.7338,0.1266,1.0,0.8313,25,4,111,"[(12, 0.8313041925430298), (11, 0.7046734094619751), (27, 0.663192868232727), (7, 0.6036218404769897), (15, 0.579883337020874)]"
124,6_revive,12,12,revived,0.7617,"[61.6, 328.9, 93.7, 419.2]",,,,,0.7704,0.7338,0.0539,1.0,0.7704,25,4,112,"[(12, 0.7703774571418762), (34, 0.7165177464485168), (27, 0.6887133121490479), (18, 0.6816919445991516), (11, 0.6747192144393921)]"
125,6_revive,12,12,revived,0.8594,"[393.9, 320.0, 435.0, 434.0]",,,,,0.8175,0.7338,0.0744,1.0,0.8175,25,4,114,"[(12, 0.8175196647644043), (11, 0.7431471347808838), (27, 0.6951148509979248), (2, 0.6101987361907959), (7, 0.6089599132537842)]"
125,6_new,12,38,gate_failed sim=0.704<theta=0.734,0.8022,"[169.4, 324.3, 207.6, 424.9]",,,,,0.704,0.7338,0.0345,1.0,,25,4,115,"[(12, 0.703973650932312), (27, 0.6694425344467163), (11, 0.6325511336326599), (32, 0.6320669651031494), (18, 0.6180275082588196)]"
125,6_revive,12,12,revived,0.7828,"[151.4, 323.5, 186.6, 424.6]",,,,,0.8247,0.7338,0.0784,1.0,0.8247,25,4,115,"[(12, 0.8246601819992065), (11, 0.746256411075592), (27, 0.6955306529998779), (34, 0.6589503288269043), (32, 0.6534842848777771)]"
125,6_revive,12,12,revived,0.7388,"[71.7, 330.4, 105.1, 420.9]",,,,,0.8254,0.7338,0.0839,1.0,0.8254,25,4,116,"[(12, 0.8254392743110657), (34, 0.7415338158607483), (11, 0.7367637157440186), (18, 0.7065767049789429), (27, 0.7065334320068359)]"
126,3,31,31,re_activate_from_lost,0.5754,"[1111.1, 287.4, 1171.8, 467.8]","[1112.0, 286.5, 1176.0, 468.0]",0.3304,0.6696,0.6147,,,,,,25,5,23,
126,5,38,38,unconfirmed_update,0.7316,"[164.4, 322.7, 199.0, 423.2]","[164.0, 323.0, 202.1, 423.6]",0.3342,0.6658,,,,,,,,5,,
126,6_revive,12,12,revived,0.8678,"[404.0, 319.6, 445.2, 431.7]",,,,,0.8578,0.7338,0.1099,1.0,0.8578,25,5,118,"[(12, 0.8578039407730103), (11, 0.7478551864624023), (27, 0.7101507782936096), (32, 0.634965181350708), (8, 0.6187132000923157)]"
126,6_revive,12,12,revived,0.7577,"[82.9, 329.6, 114.2, 421.2]",,,,,0.8038,0.7338,0.0854,1.0,0.8038,25,5,119,"[(12, 0.8037844896316528), (34, 0.7184338569641113), (11, 0.7108340263366699), (18, 0.6761884689331055), (27, 0.6671571135520935)]"
127,6_revive,12,12,revived,0.8496,"[413.1, 318.4, 452.9, 426.9]",,,,,0.8397,0.7338,0.0975,1.0,0.8397,25,4,121,"[(12, 0.8397369384765625), (11, 0.7422810792922974), (27, 0.7175794839859009), (7, 0.6437229514122009), (8, 0.6312941312789917)]"
127,6_new,32,39,gate_failed sim=0.741<theta=0.767,0.7888,"[1779.3, 234.2, 1868.4, 495.5]",,,,,0.7412,0.7667,0.061,1.0,,25,4,23,"[(32, 0.7411664724349976), (15, 0.6801897287368774), (25, 0.6771765947341919), (10, 0.6641791462898254), (19, 0.6622576117515564)]"
127,6_revive,12,12,revived,0.7586,"[468.8, 312.0, 503.9, 413.4]",,,,,0.8686,0.7338,0.1624,1.0,0.8686,25,4,122,"[(12, 0.8685630559921265), (18, 0.706150233745575), (11, 0.6812235116958618), (32, 0.6734364032745361), (8, 0.653377890586853)]"
127,6_new,12,40,gate_failed sim=0.681<theta=0.734,0.7467,"[191.9, 322.3, 229.0, 420.9]",,,,,0.6807,0.7338,0.0313,1.0,,25,4,123,"[(12, 0.6807143092155457), (27, 0.6494404077529907), (11, 0.6347872018814087), (32, 0.6204665303230286), (18, 0.5925371646881104)]"
127,6_revive,12,12,revived,0.7339,"[91.8, 328.2, 122.9, 414.5]",,,,,0.7801,0.7338,0.0817,1.0,0.7801,25,4,123,"[(12, 0.7801271677017212), (34, 0.6983837485313416), (11, 0.687395453453064), (8, 0.6608791351318359), (27, 0.6599647998809814)]"
127,6_new,12,41,margin_failed margin=0.006<0.04,0.6757,"[30.1, 334.1, 71.7, 428.0]",,,,,0.7363,0.7338,0.0063,1.0,,25,4,124,"[(12, 0.7362908720970154), (11, 0.7299843430519104), (32, 0.6537306308746338), (27, 0.6486630439758301), (25, 0.6097510457038879)]"
128,5,39,39,unconfirmed_update,0.6185,"[1795.5, 233.6, 1884.6, 499.5]","[1791.6, 233.7, 1882.0, 498.7]",0.3181,0.6819,,,,,,,,5,,
128,5,40,40,unconfirmed_update,0.7652,"[203.7, 319.8, 242.2, 421.2]","[201.4, 320.3, 239.4, 421.1]",0.5076,0.4924,,,,,,,,5,,
128,6_revive,12,12,revived,0.855,"[423.2, 317.2, 461.0, 423.9]",,,,,0.852,0.7338,0.1329,1.0,0.852,25,5,125,"[(12, 0.8520380258560181), (11, 0.7191574573516846), (27, 0.692345142364502), (8, 0.6371386051177979), (7, 0.6350055932998657)]"
128,6_revive,12,12,revived,0.6862,"[478.6, 312.5, 513.7, 412.4]",,,,,0.8678,0.7338,0.1602,1.0,0.8678,25,5,126,"[(12, 0.8678170442581177), (11, 0.7075834274291992), (32, 0.6690911650657654), (8, 0.6649364233016968), (34, 0.6609708070755005)]"
129,6_revive,12,12,revived,0.8351,"[430.3, 317.4, 468.8, 428.0]",,,,,0.8476,0.7338,0.135,1.0,0.8476,25,5,128,"[(12, 0.847632646560669), (11, 0.7126784920692444), (27, 0.7055611610412598), (18, 0.6335403919219971), (7, 0.6056309342384338)]"
129,6_revive,12,12,revived,0.6825,"[109.4, 327.5, 141.2, 419.2]",,,,,0.7808,0.7338,0.0576,1.0,0.7808,25,5,129,"[(12, 0.7807724475860596), (11, 0.7231951951980591), (34, 0.6954909563064575), (27, 0.6831784248352051), (18, 0.6761118769645691)]"
130,3,8,8,re_activate_from_lost,0.6589,"[1080.7, 263.9, 1173.8, 477.2]","[1088.9, 263.9, 1165.4, 477.1]",0.3025,0.6975,0.5404,,,,,,25,6,105,
130,6_revive,12,12,revived,0.8503,"[435.7, 316.7, 476.2, 426.6]",,,,,0.8098,0.7338,0.0921,1.0,0.8098,25,6,131,"[(12, 0.8097693920135498), (11, 0.7176346182823181), (27, 0.7164902091026306), (18, 0.6668741703033447), (8, 0.6413954496383667)]"
130,6_revive,12,12,revived,0.7797,"[112.6, 325.7, 148.6, 425.6]",,,,,0.8316,0.7338,0.1116,1.0,0.8316,25,6,132,"[(12, 0.8316338658332825), (18, 0.7200418710708618), (34, 0.7037811279296875), (27, 0.6969962120056152), (11, 0.6929050087928772)]"
130,6_revive,12,12,revived,0.7292,"[492.8, 311.9, 527.2, 409.7]",,,,,0.8621,0.7338,0.1643,1.0,0.8621,25,6,133,"[(12, 0.8621492385864258), (18, 0.69783616065979), (11, 0.6746567487716675), (27, 0.6654964685440063), (32, 0.630194902420044)]"
131,6_revive,12,12,revived,0.8113,"[439.4, 317.6, 479.9, 429.0]",,,,,0.8316,0.7338,0.1294,1.0,0.8316,25,5,135,"[(12, 0.8315829038619995), (11, 0.7021373510360718), (27, 0.6924244165420532), (18, 0.622707724571228), (8, 0.607759416103363)]"
131,6_revive,12,12,revived,0.8063,"[118.7, 326.7, 153.1, 428.6]",,,,,0.7957,0.7338,0.0713,1.0,0.7957,25,5,136,"[(12, 0.7956624031066895), (18, 0.7244061827659607), (27, 0.6988013982772827), (11, 0.6948736906051636), (34, 0.690330982208252)]"
132,6_revive,12,12,revived,0.817,"[444.8, 318.9, 482.6, 424.2]",,,,,0.8307,0.7338,0.0973,1.0,0.8307,25,6,138,"[(12, 0.8306578397750854), (11, 0.7333838939666748), (27, 0.6996437311172485), (18, 0.6264420747756958), (32, 0.6007354855537415)]"
132,6_revive,12,12,revived,0.8147,"[121.2, 326.7, 159.0, 432.7]",,,,,0.8282,0.7338,0.0806,1.0,0.8282,25,6,139,"[(12, 0.828150749206543), (18, 0.7475357055664062), (27, 0.721490740776062), (34, 0.7182365655899048), (11, 0.7053953409194946)]"
133,3,32,32,re_activate_from_lost,0.7738,"[1844.1, 239.3, 1933.2, 510.6]","[1838.5, 238.5, 1939.4, 509.7]",0.1497,0.8503,0.0925,,,,,,25,7,27,
133,6_revive,12,12,revived,0.8594,"[447.9, 320.3, 487.7, 432.3]",,,,,0.8434,0.7338,0.0978,1.0,0.8434,26,7,141,"[(12, 0.8433985710144043), (11, 0.7455552816390991), (27, 0.7115309834480286), (18, 0.6425573825836182), (2, 0.6190744638442993)]"
133,6_revive,12,12,revived,0.8224,"[124.6, 329.1, 162.9, 431.7]",,,,,0.8278,0.7338,0.1119,1.0,0.8278,26,7,142,"[(12, 0.8278274536132812), (34, 0.7158974409103394), (18, 0.705070972442627), (27, 0.6926217675209045), (11, 0.689197301864624)]"
133,6_new,12,42,gate_failed sim=0.696<theta=0.734,0.7608,"[-11.1, 326.0, 26.1, 432.0]",,,,,0.6962,0.7338,0.1024,1.0,,26,7,143,"[(12, 0.6962450742721558), (18, 0.5938680171966553), (40, 0.5605322122573853), (11, 0.5573955178260803), (27, 0.5526615381240845)]"
133,6_new,32,43,gate_failed sim=0.683<theta=0.756,0.7506,"[110.3, 641.9, 138.8, 702.0]","[1838.5, 238.5, 1939.4, 509.7]",1.0,0.0,,0.6831,0.7556,0.0009,1.0,,26,7,28,"[(32, 0.6830653548240662), (12, 0.682194709777832), (15, 0.6629242897033691), (25, 0.6381279230117798), (11, 0.6321542263031006)]"
134,3,38,38,re_activate_from_lost,0.7281,"[227.5, 315.9, 262.9, 428.6]","[224.2, 316.0, 265.5, 428.3]",0.2178,0.7822,0.4305,,,,,,26,6,4,
134,6_revive,12,12,revived,0.7846,"[513.7, 319.1, 546.8, 415.8]",,,,,0.8819,0.7338,0.1865,1.0,0.8819,27,6,144,"[(12, 0.8818560242652893), (11, 0.6953877210617065), (38, 0.6731359362602234), (18, 0.6670372486114502), (27, 0.662693977355957)]"
134,6_revive,12,12,revived,0.736,"[130.4, 332.8, 165.2, 428.0]",,,,,0.8202,0.7338,0.0875,1.0,0.8202,27,6,145,"[(12, 0.8201854228973389), (38, 0.7326587438583374), (11, 0.7127681970596313), (27, 0.6935447454452515), (18, 0.6731258630752563)]"
134,6_revive,12,12,revived,0.841,"[451.6, 323.7, 490.1, 431.0]",,,,,0.8864,0.7338,0.1399,1.0,0.8864,27,6,146,"[(12, 0.8863629102706909), (11, 0.7465064525604248), (27, 0.7413948774337769), (38, 0.704998791217804), (32, 0.6946896314620972)]"
135,6_revive,12,12,revived,0.7406,"[132.1, 335.6, 167.1, 434.7]",,,,,0.7874,0.7338,0.0642,1.0,0.7874,27,7,148,"[(12, 0.7873907089233398), (38, 0.723183810710907), (27, 0.6973770260810852), (34, 0.6947879791259766), (11, 0.6799390316009521)]"
135,6_revive,12,12,revived,0.8336,"[452.2, 327.4, 490.7, 434.7]",,,,,0.8238,0.7338,0.0976,1.0,0.8238,27,7,149,"[(12, 0.8237563371658325), (11, 0.7261065244674683), (27, 0.715806245803833), (8, 0.6479744911193848), (38, 0.6285777688026428)]"
136,3,32,32,re_activate_from_lost,0.6975,"[1846.8, 242.3, 1960.2, 577.8]","[1842.9, 242.3, 1962.9, 568.3]",0.2807,0.7193,0.1276,,,,,,27,7,28,
136,3,40,40,re_activate_from_lost,0.7023,"[246.0, 329.7, 282.2, 432.3]","[245.0, 329.6, 283.4, 432.9]",0.1153,0.8847,0.0808,,,,,,27,7,6,
136,6_revive,12,12,revived,0.8396,"[455.0, 331.4, 492.8, 435.4]",,,,,0.8389,0.7338,0.0786,1.0,0.8389,27,7,151,"[(12, 0.8388882279396057), (11, 0.760246992111206), (27, 0.7089113593101501), (38, 0.6873109340667725), (18, 0.6494381427764893)]"
136,6_revive,12,12,revived,0.8077,"[135.6, 338.9, 169.0, 436.1]",,,,,0.7642,0.7338,0.0631,1.0,0.7642,27,7,152,"[(12, 0.7642372846603394), (11, 0.7011625170707703), (27, 0.6843402981758118), (38, 0.6823270320892334), (34, 0.6521965265274048)]"
137,6_revive,12,12,revived,0.7856,"[137.6, 343.6, 169.7, 438.8]",,,,,0.8088,0.7338,0.0551,1.0,0.8088,27,5,154,"[(12, 0.8087904453277588), (38, 0.7536505460739136), (27, 0.7096389532089233), (34, 0.7068618535995483), (11, 0.7013769149780273)]"
137,6_revive,12,12,revived,0.8642,"[456.0, 334.6, 492.4, 443.5]",,,,,0.8687,0.7338,0.1506,1.0,0.8687,27,5,155,"[(12, 0.8687166571617126), (27, 0.718116044998169), (11, 0.7172995805740356), (38, 0.6925605535507202), (32, 0.673953115940094)]"
138,3,25,25,re_activate_from_lost,0.5849,"[1857.6, 247.1, 1965.6, 582.5]","[1850.6, 248.2, 1970.2, 581.8]",0.2622,0.7378,0.1501,,,,,,27,6,37,
138,3,40,40,re_activate_from_lost,0.7908,"[247.7, 341.7, 284.2, 440.8]","[247.5, 341.0, 284.5, 440.8]",0.0824,0.9176,0.0491,,,,,,27,6,7,
138,6_revive,12,12,revived,0.8527,"[454.6, 339.2, 491.1, 437.1]",,,,,0.8276,0.7338,0.1439,1.0,0.8276,27,6,157,"[(12, 0.8276082277297974), (11, 0.6836793422698975), (27, 0.6798826456069946), (38, 0.6604472398757935), (18, 0.6454910039901733)]"
138,6_new,12,44,margin_failed margin=0.028<0.04,0.8259,"[134.1, 349.7, 169.2, 446.2]",,,,,0.7484,0.7338,0.0285,1.0,,27,6,158,"[(12, 0.7484150528907776), (11, 0.7199344635009766), (27, 0.6941850781440735), (8, 0.6386455297470093), (38, 0.6347365379333496)]"
138,6_new,12,45,margin_failed margin=0.037<0.04,0.792,"[-6.6, 347.0, 31.4, 452.9]",,,,,0.7431,0.7338,0.0365,1.0,,27,6,158,"[(12, 0.7430863380432129), (38, 0.7065368294715881), (32, 0.691362202167511), (40, 0.6657339334487915), (11, 0.64506995677948)]"
139,5,44,44,unconfirmed_update,0.7925,"[132.0, 352.4, 166.1, 443.5]","[132.8, 351.8, 166.4, 444.0]",0.1822,0.8178,,,,,,,,4,,
139,5,45,45,unconfirmed_update,0.6195,"[-9.6, 350.3, 30.3, 455.0]","[-8.0, 349.7, 29.6, 454.5]",0.1416,0.8584,,,,,,,,4,,
139,6_revive,12,12,revived,0.8634,"[451.9, 342.9, 488.4, 442.8]",,,,,0.8456,0.7338,0.1126,1.0,0.8456,27,4,159,"[(12, 0.8455674648284912), (11, 0.7330142259597778), (27, 0.6984229683876038), (38, 0.6691278219223022), (19, 0.6372685432434082)]"
140,3,25,25,re_activate_from_lost,0.7148,"[1838.7, 257.2, 1957.5, 585.9]","[1840.6, 256.3, 1959.1, 586.4]",0.1444,0.8556,0.14,,,,,,27,5,38,
140,6_revive,12,12,revived,0.6882,"[514.4, 336.8, 547.4, 432.0]",,,,,0.8307,0.7338,0.1436,1.0,0.8307,27,5,161,"[(12, 0.8306721448898315), (11, 0.6870675086975098), (38, 0.6643396615982056), (27, 0.641648530960083), (8, 0.6219114065170288)]"
140,6_revive,12,12,revived,0.8471,"[449.6, 342.2, 485.3, 446.9]",,,,,0.8749,0.7338,0.1695,1.0,0.8749,27,5,162,"[(12, 0.8749260902404785), (27, 0.7054266333580017), (11, 0.6975947022438049), (18, 0.6721874475479126), (38, 0.6704517602920532)]"
141,6_revive,12,12,revived,0.8328,"[444.8, 342.9, 482.0, 451.6]",,,,,0.8779,0.7338,0.1211,1.0,0.8779,27,6,164,"[(12, 0.8778572082519531), (11, 0.7567327618598938), (27, 0.7321466207504272), (38, 0.6753419637680054), (18, 0.6392059326171875)]"
141,6_revive,12,12,revived,0.6849,"[509.6, 336.3, 544.7, 438.8]",,,,,0.8548,0.7338,0.1389,1.0,0.8548,27,6,165,"[(12, 0.8547626733779907), (11, 0.7158914804458618), (38, 0.7101969718933105), (32, 0.6721766591072083), (27, 0.656090497970581)]"
142,3,25,25,re_activate_from_lost,0.7131,"[1838.7, 235.1, 1957.5, 605.5]","[1832.6, 240.5, 1960.6, 602.2]",0.2064,0.7936,0.0989,,,,,,27,6,39,
142,6_revive,12,12,revived,0.8551,"[438.1, 345.6, 475.9, 459.0]",,,,,0.8966,0.7338,0.1705,1.0,0.8966,27,6,167,"[(12, 0.8966180682182312), (27, 0.7260944843292236), (11, 0.7258028984069824), (38, 0.7091565132141113), (18, 0.6740782856941223)]"
142,6_revive,12,12,revived,0.6728,"[502.2, 340.2, 538.0, 444.2]",,,,,0.859,0.7338,0.1613,1.0,0.859,27,6,168,"[(12, 0.858995795249939), (11, 0.697681188583374), (38, 0.6820268034934998), (27, 0.6717135310173035), (18, 0.6575096845626831)]"
143,3,40,40,re_activate_from_lost,0.6341,"[227.6, 352.7, 265.8, 446.5]","[228.9, 352.3, 264.1, 446.5]",0.148,0.852,0.0878,,,,,,27,5,9,
143,6_revive,12,12,revived,0.8279,"[427.6, 347.3, 465.4, 454.6]",,,,,0.8857,0.7338,0.1569,1.0,0.8857,27,5,170,"[(12, 0.8857057094573975), (27, 0.7287776470184326), (11, 0.7181822061538696), (38, 0.7051612734794617), (18, 0.6945750117301941)]"
143,6_new,38,46,gate_failed sim=0.704<theta=0.767,0.756,"[68.6, 361.5, 100.1, 443.1]",,,,,0.7041,0.7667,0.0381,1.0,,27,5,14,"[(38, 0.7041200995445251), (12, 0.6660305857658386), (40, 0.6529519557952881), (32, 0.649620771408081), (11, 0.6421040296554565)]"
144,6_revive,12,12,revived,0.788,"[417.5, 348.6, 453.9, 453.3]",,,,,0.8938,0.7338,0.1439,1.0,0.8938,28,3,172,"[(12, 0.893810510635376), (11, 0.7499417066574097), (27, 0.7455496788024902), (44, 0.7254664301872253), (18, 0.6975051164627075)]"
145,3,40,40,re_activate_from_lost,0.7012,"[206.7, 344.9, 242.2, 440.8]","[206.8, 346.4, 242.5, 441.8]",0.1718,0.8282,0.0838,,,,,,28,4,10,
145,6_revive,12,12,revived,0.8642,"[406.0, 350.7, 443.1, 453.9]",,,,,0.8725,0.7157,0.134,1.0,0.8725,28,4,174,"[(12, 0.8724775314331055), (11, 0.7384339570999146), (27, 0.7106996774673462), (44, 0.7034773230552673), (38, 0.6828083992004395)]"
145,6_revive,12,12,revived,0.7604,"[474.9, 340.9, 510.6, 453.6]",,,,,0.903,0.7157,0.1318,1.0,0.903,28,4,175,"[(12, 0.9030112028121948), (44, 0.7712512612342834), (11, 0.7432458400726318), (38, 0.7338036298751831), (27, 0.7275413870811462)]"
145,6_revive,38,38,revived,0.675,"[43.5, 357.8, 79.7, 451.6]",,,,,0.7909,0.7667,0.0627,1.0,0.7909,28,4,15,"[(38, 0.7908912301063538), (40, 0.7282307147979736), (44, 0.6730282306671143), (12, 0.6670851707458496), (32, 0.6494168043136597)]"
146,3,31,31,re_activate_from_lost,0.6175,"[1061.8, 314.6, 1113.1, 500.9]","[1056.1, 314.6, 1118.5, 500.9]",0.4631,0.5369,0.1086,,,,,,28,4,24,
146,6_revive,12,12,revived,0.8128,"[394.9, 349.7, 433.4, 457.0]",,,,,0.8802,0.7157,0.1335,1.0,0.8802,28,4,177,"[(12, 0.880190908908844), (11, 0.746679425239563), (27, 0.7271694540977478), (38, 0.6988722681999207), (44, 0.6977787613868713)]"
147,3,40,40,re_activate_from_lost,0.7188,"[189.3, 350.3, 226.5, 448.9]","[189.8, 349.5, 226.5, 447.4]",0.156,0.844,0.052,,,,,,28,4,11,
147,6_new,44,47,gate_failed sim=0.674<theta=0.767,0.7986,"[1.9, 378.7, 35.2, 465.1]",,,,,0.6741,0.7667,0.0216,1.0,,28,4,8,"[(44, 0.6741435527801514), (11, 0.6525689363479614), (12, 0.6441594362258911), (27, 0.6260416507720947), (10, 0.6199732422828674)]"
147,6_revive,12,12,revived,0.7936,"[389.1, 350.0, 424.9, 452.6]",,,,,0.8287,0.6742,0.1339,1.0,0.8287,28,4,179,"[(12, 0.828738272190094), (27, 0.6948820948600769), (11, 0.6845422983169556), (38, 0.6825065612792969), (18, 0.6742572784423828)]"
147,6_revive,38,38,revived,0.7518,"[28.1, 360.1, 62.4, 452.6]","[180.7, 336.2, 222.5, 451.9]",1.0,0.0,,0.8164,0.7667,0.0762,1.0,0.8164,28,4,16,"[(38, 0.8163990378379822), (40, 0.7401899099349976), (12, 0.7002867460250854), (44, 0.6950360536575317), (11, 0.6834768056869507)]"
148,6_revive,12,12,revived,0.8244,"[381.7, 350.7, 417.5, 451.2]",,,,,0.8673,0.6742,0.1289,1.0,0.8673,28,2,181,"[(12, 0.8673027753829956), (27, 0.7383621335029602), (11, 0.733279287815094), (38, 0.7091376781463623), (18, 0.692717432975769)]"
148,6_revive,12,12,revived,0.7682,"[453.6, 343.1, 486.0, 446.2]",,,,,0.9072,0.6742,0.167,1.0,0.9072,28,2,182,"[(12, 0.9072327613830566), (44, 0.740246057510376), (11, 0.7303361296653748), (38, 0.7283809185028076), (27, 0.708553671836853)]"
149,3,39,39,re_activate_from_lost,0.6781,"[1825.2, 255.0, 1922.4, 570.4]","[1820.9, 255.0, 1926.6, 570.3]",0.4293,0.5707,0.613,,,,,,28,2,0,
149,6_revive,12,12,revived,0.808,"[375.3, 353.7, 413.1, 467.1]",,,,,0.8989,0.6742,0.1474,1.0,0.8989,28,2,184,"[(12, 0.8989229202270508), (11, 0.7515695691108704), (27, 0.7372593879699707), (44, 0.7207653522491455), (38, 0.7088515758514404)]"
150,6_revive,12,12,revived,0.834,"[370.2, 353.4, 407.4, 470.1]",,,,,0.908,0.6742,0.1427,1.0,0.908,28,1,186,"[(12, 0.90801602602005), (11, 0.7652677297592163), (27, 0.7488788366317749), (38, 0.7099654674530029), (44, 0.7093284130096436)]"
150,6_new,12,48,gate_failed sim=0.659<theta=0.674,0.7507,"[27.6, 693.2, 64.5, 754.0]",,,,,0.6588,0.6742,0.0034,1.0,,28,1,187,"[(12, 0.6587842702865601), (15, 0.6553490161895752), (32, 0.6448508501052856), (8, 0.6401479244232178), (25, 0.6162397861480713)]"
151,5,48,48,unconfirmed_update,0.8012,"[22.2, 698.0, 60.8, 756.0]","[24.6, 697.0, 60.3, 755.6]",0.2907,0.7093,,,,,,,,1,,
151,6_revive,12,12,revived,0.8296,"[365.5, 357.1, 402.6, 458.3]",,,,,0.8767,0.6742,0.1384,1.0,0.8767,28,1,187,"[(12, 0.8767350912094116), (11, 0.7383396029472351), (27, 0.7305813431739807), (44, 0.7164224982261658), (38, 0.7022755146026611)]"
151,6_revive,38,38,revived,0.7941,"[8.7, 366.2, 46.7, 468.8]",,,,,0.8068,0.7667,0.0691,1.0,0.8068,28,1,17,"[(38, 0.8067717552185059), (44, 0.7376521229743958), (12, 0.7190631628036499), (40, 0.7086798548698425), (11, 0.6716079711914062)]"
151,6_new,38,49,margin_failed margin=0.019<0.04,0.7702,"[156.9, 347.3, 197.8, 470.1]",,,,,0.8518,0.7667,0.0186,1.0,,28,1,18,"[(38, 0.8518256545066833), (40, 0.8332263231277466), (12, 0.6941366195678711), (27, 0.6635300517082214), (11, 0.6480417251586914)]"
152,5,12,12,unconfirmed_update,0.7857,"[361.5, 357.1, 399.9, 467.1]","[361.5, 357.1, 401.2, 465.3]",0.2266,0.7734,,,,,,,,1,,
152,5,38,38,unconfirmed_update,0.7125,"[7.3, 366.9, 44.6, 469.5]","[7.3, 366.7, 45.3, 469.3]",0.1015,0.8985,,,,,,,,1,,
152,5,49,49,unconfirmed_update,0.7359,"[154.8, 355.7, 195.2, 469.8]","[156.2, 354.0, 194.8, 469.9]",0.1688,0.8312,,,,,,,,1,,
153,6_new,4,50,gate_failed sim=0.689<theta=0.767,0.7038,"[1272.4, 257.3, 1357.4, 560.2]",,,,,0.6895,0.7667,0.0365,1.0,,29,1,188,"[(4, 0.6894800662994385), (13, 0.6529574990272522), (27, 0.6012723445892334), (7, 0.5949162840843201), (1, 0.5727816820144653)]"
154,5,50,50,unconfirmed_update,0.7093,"[1273.1, 256.8, 1355.4, 558.6]","[1272.0, 256.9, 1356.7, 558.9]",0.0387,0.9613,,,,,,,,1,,
154,6_new,12,51,gate_failed sim=0.634<theta=0.674,0.7622,"[63.6, 678.4, 96.4, 756.7]",,,,,0.6345,0.6742,0.0103,1.0,,29,1,190,"[(12, 0.6344912052154541), (38, 0.6242326498031616), (44, 0.6191195845603943), (40, 0.6146253347396851), (18, 0.6065808534622192)]"
154,6_new,38,52,gate_failed sim=0.747<theta=0.767,0.7534,"[5.8, 379.4, 39.8, 475.9]",,,,,0.7466,0.7667,0.0375,1.0,,29,1,18,"[(38, 0.7465836405754089), (12, 0.709087610244751), (44, 0.7045795917510986), (11, 0.6763507127761841), (18, 0.6374540328979492)]"
156,3,48,48,re_activate_from_lost,0.6738,"[23.8, 716.9, 53.6, 776.2]","[21.1, 716.8, 56.6, 776.1]",0.1728,0.8272,0.4426,,,,,,29,3,3,
156,6_new,12,53,margin_failed margin=0.003<0.04,0.702,"[935.6, 332.4, 984.2, 477.6]",,,,,0.7113,0.6742,0.0033,1.0,,29,3,192,"[(12, 0.7112770080566406), (32, 0.7079808115959167), (27, 0.6439507007598877), (8, 0.6419672966003418), (18, 0.641161322593689)]"
157,3,49,49,re_activate_from_lost,0.6001,"[154.2, 371.2, 193.7, 481.3]","[155.5, 371.2, 192.3, 481.1]",0.112,0.888,0.4671,,,,,,29,3,2,
157,3,50,50,re_activate_from_lost,0.8826,"[1273.1, 254.3, 1363.5, 558.2]","[1275.8, 254.6, 1361.2, 558.5]",0.0737,0.9263,0.1825,,,,,,29,3,1,
158,6_new,12,54,gate_failed sim=0.671<theta=0.674,0.7285,"[62.6, 687.8, 97.0, 767.5]",,,,,0.6706,0.6742,0.0267,1.0,,30,1,192,"[(12, 0.6706385612487793), (44, 0.643919825553894), (38, 0.6281566023826599), (11, 0.5819289684295654), (8, 0.5806649327278137)]"
158,6_revive,38,38,revived,0.6757,"[3.8, 385.1, 33.9, 468.8]",,,,,0.7745,0.7667,0.0761,1.0,0.7745,30,1,18,"[(38, 0.7744807004928589), (12, 0.6983588933944702), (44, 0.6946457624435425), (40, 0.6634007692337036), (11, 0.638949990272522)]"
159,5,54,54,unconfirmed_update,0.6444,"[64.0, 689.5, 97.8, 766.8]","[63.8, 689.2, 97.5, 766.9]",0.0883,0.9117,,,,,,,,2,,
159,6_revive,12,12,revived,0.7168,"[351.7, 370.2, 388.1, 476.2]",,,,,0.8888,0.6742,0.1401,1.0,0.8888,30,2,192,"[(12, 0.8887747526168823), (44, 0.7486482858657837), (27, 0.7408832311630249), (38, 0.7289541363716125), (11, 0.71129310131073)]"
160,3,44,44,re_activate_from_lost,0.6138,"[27.2, 386.8, 64.5, 489.4]","[25.9, 386.6, 64.4, 489.7]",0.1706,0.8294,0.0455,,,,,,30,4,19,
161,3,48,48,re_activate_from_lost,0.6533,"[34.6, 717.5, 65.2, 778.3]","[31.5, 717.7, 66.9, 778.3]",0.2728,0.7272,0.0969,,,,,,31,4,6,
161,6_revive,5,5,revived,0.7101,"[1353.4, 267.0, 1455.3, 565.3]",,,,,0.8583,0.7667,0.044,1.0,0.8583,31,4,160,"[(5, 0.8583311438560486), (13, 0.8142974376678467), (28, 0.6703312397003174), (8, 0.6415041089057922), (21, 0.6389080286026001)]"
162,3,54,54,re_activate_from_lost,0.8107,"[74.0, 687.8, 108.0, 766.1]","[74.0, 688.0, 107.9, 766.2]",0.1633,0.8367,0.3217,,,,,,31,3,0,
162,6_revive,12,12,revived,0.7896,"[357.1, 369.2, 392.9, 473.2]",,,,,0.8472,0.6742,0.1016,1.0,0.8472,31,3,193,"[(12, 0.8471521735191345), (11, 0.7455306053161621), (27, 0.7453278303146362), (44, 0.7164698243141174), (8, 0.6984611749649048)]"
162,6_revive,25,25,revived,0.7107,"[1765.8, 237.1, 1879.2, 589.3]",,,,,0.8543,0.7133,0.0731,1.0,0.8543,31,3,60,"[(25, 0.8543173670768738), (39, 0.781235933303833), (32, 0.7766736149787903), (15, 0.7414301037788391), (48, 0.6973418593406677)]"
162,6_revive,5,5,revived,0.695,"[1352.7, 265.3, 1458.0, 557.5]",,,,,0.8775,0.7667,0.0396,1.0,0.8775,31,3,162,"[(5, 0.8775389194488525), (13, 0.8379477858543396), (28, 0.6938433051109314), (8, 0.6655145883560181), (21, 0.6408234238624573)]"
163,5,12,12,unconfirmed_update,0.8088,"[356.4, 368.2, 394.9, 473.5]","[357.4, 368.4, 393.6, 473.4]",0.0821,0.9179,,,,,,,,3,,
163,6_revive,25,25,revived,0.8197,"[1769.9, 230.2, 1886.0, 592.7]",,,,,0.8602,0.7133,0.0655,1.0,0.8602,31,3,62,"[(25, 0.8602195978164673), (39, 0.7947371602058411), (32, 0.7500910758972168), (15, 0.7432914972305298), (48, 0.6636318564414978)]"
163,6_new,5,55,margin_failed margin=0.028<0.04,0.7648,"[1356.1, 264.1, 1456.7, 542.7]",,,,,0.8863,0.7667,0.0277,1.0,,31,3,164,"[(5, 0.8863062858581543), (13, 0.8586058616638184), (28, 0.7292131185531616), (8, 0.6962484121322632), (7, 0.6465493440628052)]"
164,5,55,55,unconfirmed_update,0.7595,"[1362.8, 261.9, 1468.8, 575.8]","[1358.6, 262.3, 1469.3, 569.2]",0.2562,0.7438,,,,,,,,3,,
164,6_revive,25,25,revived,0.7942,"[1776.6, 228.7, 1892.7, 583.9]",,,,,0.8573,0.7133,0.0643,1.0,0.8573,31,3,64,"[(25, 0.85732102394104), (39, 0.793007493019104), (15, 0.7501217126846313), (32, 0.7427453398704529), (48, 0.657914400100708)]"
164,6_new,38,56,margin_failed margin=0.030<0.04,0.7608,"[26.5, 385.1, 59.7, 479.6]",,,,,0.8214,0.7667,0.03,1.0,,31,3,19,"[(38, 0.8214027881622314), (44, 0.7914255857467651), (12, 0.7687868475914001), (11, 0.717200517654419), (40, 0.7112154364585876)]"
165,6_revive,25,25,revived,0.8297,"[1783.4, 229.0, 1899.5, 581.9]",,,,,0.8606,0.7133,0.0816,1.0,0.8606,31,3,66,"[(25, 0.8606294393539429), (39, 0.7790786623954773), (15, 0.7549413442611694), (32, 0.7516002655029297), (48, 0.670555591583252)]"
166,6_revive,25,25,revived,0.8213,"[1787.4, 226.1, 1898.1, 585.9]",,,,,0.8614,0.7133,0.1033,1.0,0.8614,32,3,68,"[(25, 0.8614106178283691), (39, 0.7581084966659546), (32, 0.7507262229919434), (15, 0.7318671941757202), (48, 0.6751983165740967)]"
167,6_revive,25,25,revived,0.8467,"[1794.2, 226.1, 1902.2, 585.9]",,,,,0.86,0.7133,0.1071,1.0,0.86,32,3,70,"[(25, 0.8600191473960876), (32, 0.7529217004776001), (39, 0.7459020018577576), (15, 0.7323079705238342), (48, 0.6882081031799316)]"
168,6_revive,25,25,revived,0.8593,"[1798.2, 225.5, 1908.9, 583.9]",,,,,0.8575,0.7133,0.1111,1.0,0.8575,32,3,72,"[(25, 0.8575043678283691), (32, 0.746421217918396), (39, 0.740143895149231), (15, 0.7363275289535522), (48, 0.669998049736023)]"
168,6_revive,12,12,revived,0.7571,"[376.0, 362.1, 411.8, 471.5]",,,,,0.8819,0.6742,0.1362,1.0,0.8819,32,3,197,"[(12, 0.8819076418876648), (11, 0.7457313537597656), (27, 0.7382926344871521), (44, 0.7288801670074463), (8, 0.7012403607368469)]"
168,6_new,54,57,gate_failed sim=0.717<theta=0.767,0.7453,"[-4.6, 401.0, 32.8, 490.1]",,,,,0.7171,0.7667,0.0424,1.0,,32,3,7,"[(54, 0.7171324491500854), (44, 0.6747492551803589), (38, 0.6557954549789429), (12, 0.6555267572402954), (11, 0.6466051340103149)]"
168,6_revive,15,15,revived,0.7108,"[638.6, 308.5, 714.2, 584.6]",,,,,0.7241,0.6937,0.0518,1.0,0.7241,32,3,37,"[(15, 0.7240594625473022), (23, 0.6722434759140015), (32, 0.615717887878418), (25, 0.5859183073043823), (48, 0.578277587890625)]"
168,6_revive,12,12,revived,0.6872,"[313.9, 365.9, 344.9, 467.8]",,,,,0.8445,0.6742,0.0722,1.0,0.8445,32,3,198,"[(12, 0.8444823026657104), (44, 0.7722938656806946), (11, 0.7367199063301086), (38, 0.7238717079162598), (18, 0.7207635641098022)]"
169,5,12,12,unconfirmed_update,0.802,"[379.4, 360.8, 413.8, 462.0]","[379.2, 361.1, 412.9, 463.9]",0.2221,0.7779,,,,,,,,3,,
169,5,57,57,unconfirmed_update,0.7918,"[-2.0, 397.9, 37.4, 489.0]","[-2.1, 398.5, 36.0, 489.2]",0.2023,0.7977,,,,,,,,3,,
169,5,15,15,unconfirmed_update,0.8298,"[636.2, 305.4, 711.5, 588.3]","[635.8, 306.0, 712.9, 587.5]",0.0865,0.9135,,,,,,,,3,,
169,6_revive,25,25,revived,0.8869,"[1802.2, 226.1, 1918.4, 597.4]",,,,,0.8581,0.7133,0.0973,1.0,0.8581,33,3,74,"[(25, 0.8581008315086365), (32, 0.7608462572097778), (15, 0.7351623177528381), (39, 0.7248280048370361), (48, 0.6781854629516602)]"
169,6_revive,12,12,revived,0.6981,"[318.1, 365.5, 350.7, 470.1]",,,,,0.8387,0.6742,0.0674,1.0,0.8387,33,3,199,"[(12, 0.8386789560317993), (44, 0.7713078260421753), (38, 0.7452110052108765), (18, 0.7319343686103821), (11, 0.7285377383232117)]"
170,6_revive,25,25,revived,0.8931,"[1803.6, 230.0, 1922.4, 598.1]",,,,,0.8501,0.7133,0.102,1.0,0.8501,33,2,76,"[(25, 0.8500844240188599), (32, 0.7481280565261841), (15, 0.7332992553710938), (39, 0.7212861776351929), (48, 0.685157060623169)]"
171,6_revive,12,12,revived,0.7259,"[323.0, 365.2, 358.8, 482.0]",,,,,0.8464,0.6742,0.0533,1.0,0.8464,33,2,202,"[(12, 0.8463863730430603), (44, 0.7930641174316406), (11, 0.7496261596679688), (38, 0.7224698066711426), (27, 0.7001424431800842)]"
171,6_revive,25,25,revived,0.8847,"[1807.7, 232.2, 1926.5, 606.2]",,,,,0.8266,0.7133,0.1039,1.0,0.8266,33,2,78,"[(25, 0.8265959024429321), (15, 0.7227396965026855), (39, 0.7217319011688232), (32, 0.721419095993042), (48, 0.6887131929397583)]"
172,6_revive,25,25,revived,0.9367,"[1814.4, 187.7, 1968.3, 629.1]",,,,,0.8148,0.7133,0.0709,1.0,0.8148,33,2,80,"[(25, 0.8147814273834229), (15, 0.743911623954773), (39, 0.7238322496414185), (32, 0.6972596645355225), (48, 0.6790271401405334)]"
173,3,48,48,re_activate_from_lost,0.7264,"[92.3, 706.7, 124.0, 771.5]","[92.1, 706.7, 124.1, 770.4]",0.1317,0.8683,0.0766,,,,,,33,4,17,
173,6_revive,25,25,revived,0.9475,"[1810.4, 196.9, 1977.8, 642.6]",,,,,0.8182,0.7133,0.0707,1.0,0.8182,33,4,82,"[(25, 0.8181504011154175), (39, 0.747480034828186), (15, 0.7099466919898987), (32, 0.7049738764762878), (8, 0.6532480716705322)]"
174,6_revive,25,25,revived,0.9291,"[1815.8, 200.1, 1977.8, 638.2]",,,,,0.7983,0.7133,0.064,1.0,0.7983,33,5,84,"[(25, 0.7982646822929382), (15, 0.7342878580093384), (39, 0.7244222164154053), (32, 0.6918480396270752), (8, 0.6689622402191162)]"
175,3,57,57,re_activate_from_lost,0.7094,"[13.6, 408.4, 49.8, 493.4]","[13.9, 408.4, 49.7, 493.4]",0.1231,0.8769,0.3779,,,,,,33,5,2,
175,3,44,44,re_activate_from_lost,0.8287,"[69.6, 379.4, 113.4, 486.0]","[69.8, 379.5, 112.0, 485.9]",0.1719,0.8281,0.0641,,,,,,33,5,32,
175,6_revive,25,25,revived,0.9182,"[1815.8, 206.4, 1983.2, 632.5]",,,,,0.8215,0.7133,0.0411,1.0,0.8215,33,5,86,"[(25, 0.8215326070785522), (15, 0.7804394960403442), (39, 0.7425315380096436), (32, 0.7178260087966919), (8, 0.7036241292953491)]"
175,6_revive,12,12,revived,0.7201,"[322.7, 357.8, 358.4, 475.2]",,,,,0.8545,0.6742,0.0594,1.0,0.8545,33,5,204,"[(12, 0.8544998168945312), (44, 0.7951381802558899), (11, 0.7653602361679077), (38, 0.7230727672576904), (27, 0.7049916386604309)]"
176,6_new,25,58,margin_failed margin=0.022<0.04,0.9303,"[1814.4, 210.9, 1984.5, 645.6]",,,,,0.8082,0.7133,0.0217,1.0,,33,3,88,"[(25, 0.8082332611083984), (15, 0.7864986658096313), (39, 0.7238062620162964), (32, 0.7142460346221924), (8, 0.6965277791023254)]"
176,6_revive,12,12,revived,0.6954,"[381.4, 370.6, 417.8, 476.6]",,,,,0.8692,0.6742,0.1229,1.0,0.8692,33,3,205,"[(12, 0.8692178726196289), (11, 0.7462708950042725), (44, 0.7381411194801331), (27, 0.7217355370521545), (38, 0.6993190050125122)]"
177,3,40,40,re_activate_from_lost,0.7969,"[207.9, 367.2, 242.7, 470.5]","[207.2, 367.5, 243.5, 470.9]",0.1855,0.8145,0.1485,,,,,,33,3,35,
177,5,58,58,unconfirmed_update,0.9215,"[1796.9, 212.8, 1980.5, 656.1]","[1804.4, 212.4, 1977.3, 654.0]",0.1388,0.8612,,,,,,,,3,,
178,3,54,54,re_activate_from_lost,0.8181,"[108.7, 679.1, 140.7, 758.7]","[108.3, 678.8, 141.4, 758.5]",0.1882,0.8118,0.1052,,,,,,34,2,11,
179,3,40,40,re_activate_from_lost,0.6517,"[200.0, 369.6, 234.1, 474.2]","[199.3, 369.2, 235.5, 473.5]",0.1454,0.8546,0.1339,,,,,,34,2,36,
179,6_revive,12,12,revived,0.6925,"[373.6, 368.9, 408.7, 472.2]",,,,,0.8288,0.6742,0.0886,1.0,0.8288,34,2,206,"[(12, 0.8288092613220215), (44, 0.7401885390281677), (11, 0.7240179777145386), (38, 0.6923538446426392), (27, 0.6819393038749695)]"
180,3,54,54,re_activate_from_lost,0.5747,"[100.2, 681.8, 132.4, 761.4]","[99.7, 681.7, 132.8, 761.3]",0.0346,0.9654,0.0902,,,,,,34,2,12,
180,5,12,12,unconfirmed_update,0.775,"[368.6, 369.2, 404.3, 475.2]","[369.5, 369.2, 405.3, 474.6]",0.257,0.743,,,,,,,,2,,
180,6_new,12,59,margin_failed margin=0.013<0.04,0.719,"[312.2, 364.8, 349.3, 475.5]",,,,,0.7475,0.6742,0.0126,1.0,,34,2,207,"[(12, 0.7474964261054993), (44, 0.7348725199699402), (40, 0.6954529285430908), (11, 0.6703550219535828), (38, 0.6702483892440796)]"
181,5,59,59,unconfirmed_update,0.6878,"[307.3, 365.2, 345.4, 479.9]","[308.1, 365.1, 346.3, 479.0]",0.2384,0.7616,,,,,,,,1,,
184,3,48,48,re_activate_from_lost,0.6141,"[66.7, 708.1, 99.3, 781.0]","[65.2, 709.4, 99.4, 781.0]",0.326,0.674,0.1513,,,,,,35,5,26,
186,3,54,54,re_activate_from_lost,0.702,"[87.8, 695.9, 121.7, 778.3]","[87.4, 696.2, 121.4, 778.4]",0.2946,0.7054,0.0841,,,,,,35,4,13,
186,6_revive,12,12,revived,0.7739,"[346.3, 382.7, 388.1, 496.8]",,,,,0.8205,0.6742,0.0667,1.0,0.8205,36,4,208,"[(12, 0.8205088376998901), (44, 0.7538455724716187), (38, 0.747644305229187), (59, 0.7288944721221924), (11, 0.7217769026756287)]"
187,5,12,12,unconfirmed_update,0.7488,"[349.7, 387.5, 388.1, 494.1]","[348.7, 386.5, 388.4, 494.6]",0.1405,0.8595,,,,,,,,3,,
188,3,57,57,re_activate_from_lost,0.7265,"[-4.5, 428.6, 29.6, 515.7]","[-5.8, 428.8, 30.3, 515.9]",0.4109,0.5891,0.0665,,,,,,36,3,8,
189,6_revive,5,5,revived,0.7411,"[676.4, 322.8, 777.6, 604.1]",,,,,0.7798,0.7667,0.0412,1.0,0.7798,36,2,190,"[(5, 0.7798042297363281), (13, 0.7386503219604492), (28, 0.6697530746459961), (55, 0.6614651679992676), (7, 0.6318854093551636)]"
190,6_new,5,60,margin_failed margin=0.034<0.04,0.8289,"[664.5, 310.2, 783.0, 624.0]",,,,,0.7988,0.7667,0.034,1.0,,36,4,192,"[(5, 0.7988072633743286), (13, 0.7647910118103027), (55, 0.718643844127655), (28, 0.6887037754058838), (7, 0.6581136584281921)]"
192,3,44,44,re_activate_from_lost,0.6705,"[53.1, 420.5, 99.8, 531.9]","[53.0, 421.0, 98.0, 531.6]",0.1985,0.8015,0.1449,,,,,,36,6,48,
193,3,55,55,re_activate_from_lost,0.5871,"[1377.0, 324.0, 1479.6, 633.8]","[1379.2, 324.1, 1478.9, 632.5]",0.1166,0.8834,0.0701,,,,,,36,6,26,
193,6_new,5,61,gate_failed sim=0.706<theta=0.767,0.7049,"[687.8, 361.8, 790.4, 623.0]",,,,,0.7062,0.7667,0.0052,1.0,,36,6,195,"[(5, 0.7062135338783264), (13, 0.7010397911071777), (28, 0.6274408102035522), (55, 0.6233618855476379), (7, 0.6160621047019958)]"
193,6_new,44,62,gate_failed sim=0.714<theta=0.720,0.6985,"[152.2, 433.4, 186.5, 529.9]",,,,,0.7143,0.7202,0.0377,1.0,,36,6,49,"[(44, 0.7142609357833862), (12, 0.676552414894104), (38, 0.661510705947876), (34, 0.6586655378341675), (27, 0.6509193181991577)]"
194,3,44,44,re_activate_from_lost,0.839,"[65.4, 425.9, 107.7, 536.0]","[64.3, 425.9, 108.9, 536.1]",0.0688,0.9312,0.0684,,,,,,36,5,49,
194,5,61,61,unconfirmed_update,0.7606,"[693.2, 363.5, 793.1, 617.3]","[692.2, 363.2, 792.5, 618.4]",0.1025,0.8975,,,,,,,,5,,
196,3,61,61,re_activate_from_lost,0.6257,"[702.7, 364.5, 801.2, 610.9]","[703.7, 364.1, 800.8, 611.3]",0.0953,0.9047,0.4339,,,,,,36,8,0,
197,6_revive,12,12,revived,0.6992,"[1030.1, 375.0, 1062.5, 472.2]",,,,,0.6925,0.6742,0.0945,1.0,0.6925,36,7,212,"[(12, 0.692521333694458), (32, 0.5980342030525208), (11, 0.5969784259796143), (48, 0.5960128903388977), (57, 0.5919169187545776)]"
198,3,57,57,re_activate_from_lost,0.6887,"[47.5, 447.5, 83.8, 535.3]","[47.3, 447.7, 83.7, 535.4]",0.2788,0.7212,0.0554,,,,,,36,7,9,
198,5,12,12,unconfirmed_update,0.7991,"[1038.8, 377.0, 1071.2, 472.2]","[1037.3, 376.6, 1069.2, 472.2]",0.4357,0.5643,,,,,,,,7,,
200,6_revive,12,12,revived,0.6747,"[518.4, 396.9, 558.9, 502.2]",,,,,0.8035,0.6742,0.1324,1.0,0.8035,37,6,215,"[(12, 0.8034709692001343), (44, 0.6710530519485474), (27, 0.6632277965545654), (48, 0.6607803106307983), (11, 0.6487082839012146)]"
201,3,55,55,re_activate_from_lost,0.5733,"[1417.5, 323.3, 1517.4, 630.5]","[1418.1, 323.7, 1517.5, 630.9]",0.1822,0.8178,0.1004,,,,,,37,7,27,
201,3,57,57,re_activate_from_lost,0.7625,"[73.3, 443.5, 108.8, 528.5]","[72.4, 443.1, 108.3, 528.9]",0.1923,0.8077,0.0661,,,,,,37,7,11,
201,6_revive,12,12,revived,0.6954,"[1028.7, 378.7, 1055.7, 467.8]",,,,,0.6997,0.6742,0.0635,1.0,0.6997,37,7,217,"[(12, 0.6996628046035767), (18, 0.6362054347991943), (48, 0.6200906038284302), (44, 0.6127410531044006), (11, 0.611051619052887)]"
201,6_revive,12,12,revived,0.6866,"[525.2, 394.5, 566.3, 512.7]",,,,,0.8477,0.6742,0.122,1.0,0.8477,37,7,218,"[(12, 0.8476989269256592), (27, 0.7257013320922852), (11, 0.7120310068130493), (44, 0.710383415222168), (38, 0.6994097828865051)]"
202,6_revive,12,12,revived,0.8183,"[530.5, 394.2, 573.1, 513.0]",,,,,0.8496,0.6742,0.1155,1.0,0.8496,37,6,220,"[(12, 0.8495872020721436), (27, 0.7340689897537231), (11, 0.7064850330352783), (44, 0.6981114149093628), (38, 0.6952248215675354)]"
203,6_revive,12,12,revived,0.7554,"[536.0, 394.5, 579.2, 514.0]",,,,,0.8404,0.6742,0.1014,1.0,0.8404,37,8,222,"[(12, 0.8404185771942139), (27, 0.7389934659004211), (11, 0.7014777064323425), (38, 0.6968543529510498), (44, 0.6832774877548218)]"
203,6_revive,12,12,revived,0.7015,"[1040.2, 379.0, 1068.5, 468.1]",,,,,0.6948,0.6742,0.0697,1.0,0.6948,37,8,223,"[(12, 0.6948357820510864), (18, 0.625150203704834), (11, 0.610654354095459), (54, 0.607252299785614), (48, 0.6006090641021729)]"
204,6_revive,12,12,revived,0.6781,"[541.0, 394.2, 583.5, 513.0]",,,,,0.8599,0.6742,0.0895,1.0,0.8599,37,8,225,"[(12, 0.8599250912666321), (27, 0.770471453666687), (11, 0.733181357383728), (44, 0.6996022462844849), (38, 0.693037211894989)]"
205,3,59,59,re_activate_from_lost,0.7221,"[405.7, 404.0, 446.9, 516.0]","[406.7, 404.1, 445.0, 516.7]",0.6304,0.3696,0.7331,,,,,,37,9,12,
205,3,57,57,re_activate_from_lost,0.6901,"[101.9, 439.1, 136.4, 527.5]","[100.9, 438.8, 137.3, 526.9]",0.1217,0.8783,0.0752,,,,,,37,9,12,
205,6_revive,12,12,revived,0.842,"[544.0, 388.1, 588.6, 516.4]",,,,,0.8275,0.6742,0.0532,1.0,0.8275,37,9,227,"[(12, 0.8275212049484253), (27, 0.7743600606918335), (11, 0.7141366004943848), (38, 0.7122713327407837), (44, 0.7054672241210938)]"
205,6_revive,12,12,revived,0.7538,"[432.7, 407.0, 468.5, 513.0]",,,,,0.8041,0.6742,0.0532,1.0,0.8041,37,9,228,"[(12, 0.8040555119514465), (59, 0.7508072257041931), (44, 0.7360748052597046), (38, 0.7326459884643555), (54, 0.7055655717849731)]"
206,6_revive,12,12,revived,0.8355,"[551.1, 392.5, 593.0, 507.9]",,,,,0.8286,0.6742,0.1015,1.0,0.8286,37,7,230,"[(12, 0.8285636901855469), (27, 0.7270987033843994), (11, 0.6810351014137268), (48, 0.6654929518699646), (38, 0.6630589962005615)]"
206,6_revive,12,12,revived,0.7917,"[441.5, 406.7, 472.5, 513.3]",,,,,0.8006,0.6742,0.0415,1.0,0.8006,37,7,231,"[(12, 0.8006446361541748), (59, 0.7591211795806885), (44, 0.7556138038635254), (54, 0.7318335771560669), (38, 0.730658769607544)]"
206,6_new,59,63,gate_failed sim=0.761<theta=0.767,0.7523,"[387.5, 401.6, 423.2, 517.0]",,,,,0.7611,0.7667,0.0008,1.0,,37,7,14,"[(59, 0.7611137628555298), (12, 0.7603493928909302), (44, 0.7425768375396729), (38, 0.7027997970581055), (11, 0.7021887898445129)]"
207,5,63,63,unconfirmed_update,0.836,"[393.2, 402.3, 426.3, 509.0]","[392.0, 402.2, 425.6, 510.6]",0.2806,0.7194,,,,,,,,9,,
207,6_revive,12,12,revived,0.8167,"[552.5, 390.2, 597.7, 509.6]",,,,,0.8288,0.6742,0.0844,1.0,0.8288,37,9,232,"[(12, 0.8288311958312988), (27, 0.7444058656692505), (11, 0.6958009004592896), (44, 0.6904506683349609), (48, 0.6863366961479187)]"
207,6_revive,12,12,revived,0.806,"[443.5, 406.7, 473.9, 507.3]",,,,,0.7843,0.6742,0.0431,1.0,0.7843,37,9,233,"[(12, 0.7842804789543152), (38, 0.7411576509475708), (44, 0.7399054765701294), (59, 0.7353495359420776), (54, 0.7129133939743042)]"
208,5,12,12,unconfirmed_update,0.8158,"[556.2, 390.8, 600.8, 510.3]","[555.2, 390.7, 600.4, 510.2]",0.1489,0.8511,,,,,,,,9,,
208,6_revive,12,12,revived,0.7812,"[444.2, 406.0, 477.9, 513.3]",,,,,0.797,0.6742,0.0426,1.0,0.797,37,9,234,"[(12, 0.7970246076583862), (59, 0.7544021606445312), (44, 0.7444772124290466), (38, 0.7296555042266846), (54, 0.7137068510055542)]"
209,6_new,12,64,margin_failed margin=0.007<0.04,0.7557,"[447.2, 408.0, 481.6, 519.4]",,,,,0.7454,0.6742,0.0074,1.0,,37,9,236,"[(12, 0.7453898191452026), (59, 0.7379885911941528), (44, 0.7097412943840027), (54, 0.6857614517211914), (32, 0.6812704801559448)]"
210,5,64,64,unconfirmed_update,0.6699,"[451.2, 407.7, 485.7, 519.8]","[450.3, 407.8, 484.9, 519.7]",0.2148,0.7852,,,,,,,,9,,
211,3,34,34,re_activate_from_lost,0.5923,"[227.1, 389.8, 276.1, 518.1]","[226.4, 389.9, 275.6, 518.3]",0.4278,0.5722,0.1096,,,,,,37,9,86,
212,3,55,55,re_activate_from_lost,0.6866,"[1431.0, 339.5, 1525.5, 635.2]","[1431.0, 339.5, 1526.5, 635.4]",0.3328,0.6672,0.1331,,,,,,37,9,28,
212,3,64,64,re_activate_from_lost,0.6779,"[447.5, 411.1, 482.0, 517.7]","[448.1, 410.9, 481.3, 518.1]",0.0669,0.9331,0.3674,,,,,,37,9,0,
212,6_revive,54,54,revived,0.7891,"[201.8, 716.9, 235.6, 800.6]","[161.4, 737.2, 197.6, 824.9]",1.0,0.0,,0.8156,0.7667,0.0748,1.0,0.8156,38,9,19,"[(54, 0.8156498670578003), (12, 0.7408339381217957), (44, 0.6855890154838562), (63, 0.6819961667060852), (11, 0.6762033104896545)]"
212,6_revive,12,12,revived,0.7878,"[570.4, 397.6, 608.9, 506.9]",,,,,0.85,0.6742,0.1274,1.0,0.85,38,9,237,"[(12, 0.8499553203582764), (63, 0.7225924730300903), (27, 0.7082346677780151), (18, 0.7072740197181702), (48, 0.698405385017395)]"
213,3,44,44,re_activate_from_lost,0.7508,"[165.6, 414.5, 202.8, 514.4]","[164.5, 414.6, 202.6, 515.2]",0.6051,0.3949,0.7035,,,,,,38,5,61,
213,5,12,12,unconfirmed_update,0.73,"[570.4, 398.2, 608.2, 503.6]","[570.7, 398.1, 608.0, 504.2]",0.0539,0.9461,,,,,,,,5,,
214,6_revive,54,54,revived,0.7307,"[198.5, 713.5, 233.6, 795.8]",,,,,0.863,0.7667,0.145,1.0,0.863,38,4,20,"[(54, 0.8630083799362183), (12, 0.7179946303367615), (44, 0.6671273112297058), (57, 0.6602525115013123), (48, 0.6478351354598999)]"
215,3,57,57,re_activate_from_lost,0.5718,"[124.2, 432.0, 160.3, 523.8]","[123.2, 432.1, 160.7, 523.8]",0.4698,0.5302,0.052,,,,,,38,7,13,
215,5,54,54,unconfirmed_update,0.7197,"[199.3, 714.2, 231.7, 797.9]","[197.8, 714.0, 233.4, 797.4]",0.1048,0.8952,,,,,,,,7,,
215,6_new,11,65,margin_failed margin=0.005<0.04,0.6925,"[815.4, 357.1, 874.8, 533.9]",,,,,0.7183,0.6602,0.0046,1.0,,38,7,30,"[(11, 0.7182894349098206), (27, 0.7136469483375549), (7, 0.5974799990653992), (12, 0.5883785486221313), (8, 0.5801563262939453)]"
216,3,55,55,re_activate_from_lost,0.6861,"[1421.6, 333.8, 1516.1, 645.0]","[1419.5, 332.0, 1518.1, 644.6]",0.1103,0.8897,0.1241,,,,,,38,6,30,
218,6_revive,12,12,revived,0.6926,"[1077.3, 377.3, 1116.5, 494.8]",,,,,0.7565,0.6742,0.0617,1.0,0.7565,38,5,243,"[(12, 0.7565405368804932), (18, 0.6948095560073853), (32, 0.6942203640937805), (48, 0.6905738115310669), (54, 0.6608516573905945)]"
219,3,13,13,re_activate_from_lost,0.8124,"[1267.7, 338.7, 1375.7, 689.9]","[1277.2, 327.6, 1392.2, 691.5]",0.7028,0.2972,0.7586,,,,,,38,6,188,
219,6_new,38,66,gate_failed sim=0.657<theta=0.767,0.8401,"[25.4, 423.2, 68.2, 529.2]",,,,,0.657,0.7667,0.0008,1.0,,38,6,19,"[(38, 0.6569556593894958), (54, 0.6561736464500427), (12, 0.6554325819015503), (11, 0.631676435470581), (63, 0.6177303194999695)]"
220,5,66,66,unconfirmed_update,0.6616,"[18.7, 422.6, 62.0, 529.2]","[20.1, 422.7, 63.1, 529.2]",0.2644,0.7356,,,,,,,,5,,
220,6_new,10,67,gate_failed sim=0.630<theta=0.650,0.6891,"[829.6, 382.1, 867.4, 509.6]",,,,,0.6299,0.65,0.0004,1.0,,38,5,44,"[(10, 0.6299402713775635), (8, 0.6295323371887207), (27, 0.6156802177429199), (19, 0.6156641840934753), (12, 0.6065346598625183)]"
221,5,67,67,unconfirmed_update,0.7406,"[827.6, 379.0, 870.8, 516.0]","[829.0, 379.6, 869.0, 514.8]",0.1853,0.8147,,,,,,,,4,,
222,3,57,57,re_activate_from_lost,0.7792,"[96.1, 425.2, 133.2, 513.0]","[97.3, 425.3, 133.5, 513.5]",0.1944,0.8056,0.0562,,,,,,38,7,19,
222,3,13,13,re_activate_from_lost,0.6755,"[1245.4, 256.2, 1436.4, 690.9]","[1264.2, 272.4, 1402.1, 689.3]",0.5392,0.4608,0.6888,,,,,,38,7,190,
223,6_revive,63,63,revived,0.7102,"[376.7, 391.8, 413.1, 506.6]",,,,,0.9006,0.7667,0.0877,1.0,0.9006,38,5,16,"[(63, 0.9006463289260864), (12, 0.8129419684410095), (59, 0.8079953193664551), (48, 0.7187274694442749), (44, 0.7142348885536194)]"
223,6_new,12,68,margin_failed margin=0.008<0.04,0.6885,"[1059.1, 370.6, 1088.8, 471.8]",,,,,0.7081,0.6742,0.0077,1.0,,38,5,249,"[(12, 0.708060622215271), (18, 0.7004050016403198), (59, 0.6698039770126343), (57, 0.6463941335678101), (44, 0.6456692218780518)]"
224,5,68,68,unconfirmed_update,0.6909,"[1057.1, 369.2, 1088.1, 467.8]","[1058.3, 369.5, 1087.4, 468.6]",0.1308,0.8692,,,,,,,,6,,
225,3,55,55,re_activate_from_lost,0.6843,"[1334.5, 287.2, 1444.5, 695.2]","[1334.6, 291.7, 1455.7, 686.2]",0.5935,0.4065,0.7218,,,,,,38,6,37,
228,3,55,55,re_activate_from_lost,0.6697,"[1336.5, 276.2, 1447.2, 699.3]","[1325.5, 279.6, 1451.6, 698.9]",0.306,0.694,0.5352,,,,,,39,7,38,
230,6_revive,54,54,revived,0.7389,"[152.6, 728.3, 190.9, 814.7]",,,,,0.8166,0.7525,0.1784,1.0,0.8166,39,7,34,"[(54, 0.8166195154190063), (12, 0.6382142305374146), (57, 0.5991328954696655), (48, 0.5901070833206177), (44, 0.5829772353172302)]"
231,6_new,8,69,margin_failed margin=0.013<0.04,0.6781,"[777.6, 349.0, 850.5, 582.5]",,,,,0.7554,0.65,0.0132,1.0,,39,8,207,"[(8, 0.7554299235343933), (27, 0.7421833276748657), (11, 0.7209986448287964), (67, 0.699716329574585), (2, 0.6759050488471985)]"
233,3,57,57,re_activate_from_lost,0.5701,"[92.6, 415.8, 140.8, 540.7]","[91.7, 416.7, 141.6, 539.9]",0.4892,0.5108,0.1063,,,,,,39,7,23,
234,3,44,44,re_activate_from_lost,0.7302,"[142.8, 413.4, 184.8, 525.5]","[142.2, 413.1, 184.6, 523.5]",0.1734,0.8266,0.0592,,,,,,39,7,81,
234,6_new,59,70,gate_failed sim=0.739<theta=0.767,0.709,"[445.8, 410.7, 475.5, 510.0]",,,,,0.7385,0.7667,0.0619,1.0,,39,7,42,"[(59, 0.738525927066803), (63, 0.676666259765625), (44, 0.6747384071350098), (12, 0.6604219675064087), (54, 0.643376350402832)]"
235,3,64,64,re_activate_from_lost,0.653,"[411.4, 414.5, 439.8, 511.0]","[410.8, 414.5, 440.4, 511.0]",0.5957,0.4043,0.736,,,,,,39,7,2,
235,3,55,55,re_activate_from_lost,0.7862,"[1360.8, 286.5, 1476.9, 707.4]","[1354.6, 286.1, 1478.1, 707.6]",0.4295,0.5705,0.5515,,,,,,39,7,40,
236,3,68,68,re_activate_from_lost,0.6396,"[1076.0, 373.6, 1108.3, 470.1]","[1077.8, 373.7, 1106.8, 470.5]",0.5862,0.4138,0.7353,,,,,,39,5,2,
236,6_revive,59,59,revived,0.7193,"[466.8, 416.5, 496.5, 510.3]",,,,,0.803,0.7667,0.0549,1.0,0.803,39,5,44,"[(59, 0.8029884099960327), (44, 0.7481158971786499), (63, 0.7468978762626648), (12, 0.7356263399124146), (38, 0.7076393961906433)]"
237,6_revive,63,63,revived,0.8395,"[398.6, 403.7, 439.8, 525.2]",,,,,0.9038,0.7667,0.0674,1.0,0.9038,40,5,31,"[(63, 0.9037675857543945), (64, 0.8364099860191345), (12, 0.7653192281723022), (59, 0.7450370192527771), (38, 0.7285106182098389)]"
237,6_revive,59,59,revived,0.7567,"[473.2, 413.8, 504.2, 516.4]",,,,,0.802,0.7667,0.0372,1.0,0.802,40,5,46,"[(59, 0.8019716739654541), (64, 0.7647309303283691), (12, 0.7566618919372559), (44, 0.7468573451042175), (11, 0.7273122668266296)]"
238,3,50,50,re_activate_from_lost,0.8619,"[1373.0, 280.0, 1529.6, 691.2]","[1378.4, 279.9, 1528.4, 691.4]",0.1642,0.8358,0.2797,,,,,,40,6,80,
238,6_revive,8,8,revived,0.7628,"[835.0, 369.9, 909.2, 577.8]",,,,,0.758,0.65,0.0528,1.0,0.758,40,6,214,"[(8, 0.7579981684684753), (67, 0.7052213549613953), (61, 0.6916261911392212), (10, 0.6861839294433594), (55, 0.6783179044723511)]"
241,6_revive,12,12,revived,0.7162,"[493.1, 403.3, 525.5, 517.4]",,,,,0.8139,0.6742,0.0507,1.0,0.8139,40,5,254,"[(12, 0.8138928413391113), (59, 0.7631618976593018), (64, 0.7517048120498657), (63, 0.7442322969436646), (11, 0.7358963489532471)]"
241,6_new,63,71,margin_failed margin=0.007<0.04,0.6764,"[399.3, 399.9, 436.4, 525.5]",,,,,0.8675,0.7667,0.0067,1.0,,40,5,36,"[(63, 0.8675448298454285), (64, 0.8608230352401733), (12, 0.8077503442764282), (59, 0.8038681149482727), (44, 0.7639899253845215)]"
242,5,12,12,unconfirmed_update,0.6756,"[493.8, 405.7, 526.2, 510.3]","[494.7, 405.2, 525.0, 511.7]",0.1188,0.8812,,,,,,,,5,,
242,5,71,71,unconfirmed_update,0.7207,"[398.6, 400.3, 435.0, 520.4]","[399.1, 400.2, 434.9, 521.4]",0.0936,0.9064,,,,,,,,5,,
242,6_new,12,72,gate_failed sim=0.633<theta=0.674,0.6712,"[537.0, 433.0, 579.5, 540.3]",,,,,0.6333,0.6742,0.0394,1.0,,40,5,255,"[(12, 0.6332530975341797), (27, 0.5938252806663513), (11, 0.5917695760726929), (58, 0.5880554914474487), (61, 0.5865305066108704)]"
242,6_new,48,73,margin_failed margin=0.022<0.04,0.6818,"[183.9, 751.3, 212.3, 812.0]",,,,,0.7704,0.6951,0.0225,1.0,,40,5,31,"[(48, 0.7704277038574219), (12, 0.7479764223098755), (63, 0.6800588965415955), (64, 0.6800095438957214), (15, 0.6742927432060242)]"
243,5,73,73,unconfirmed_update,0.6678,"[184.6, 752.0, 211.3, 811.4]","[184.1, 751.8, 211.9, 811.5]",0.0804,0.9196,,,,,,,,5,,
244,6_new,12,74,gate_failed sim=0.659<theta=0.674,0.6855,"[532.9, 432.3, 571.4, 534.9]",,,,,0.6593,0.6742,0.0078,1.0,,40,6,257,"[(12, 0.659314751625061), (61, 0.6515156626701355), (11, 0.6467714309692383), (44, 0.6382732391357422), (27, 0.636136531829834)]"
245,5,74,74,unconfirmed_update,0.7029,"[532.6, 432.7, 569.0, 539.3]","[531.2, 432.6, 570.9, 538.4]",0.1084,0.8916,,,,,,,,7,,
248,3,44,44,re_activate_from_lost,0.8595,"[174.7, 411.8, 218.9, 536.0]","[173.7, 411.9, 220.4, 535.2]",0.0773,0.9227,0.063,,,,,,41,8,94,
248,6_revive,59,59,revived,0.6944,"[475.5, 405.0, 518.1, 532.6]",,,,,0.7416,0.7179,0.0435,1.0,0.7416,41,8,58,"[(59, 0.7416191101074219), (57, 0.6980773210525513), (12, 0.6939603090286255), (54, 0.6784980297088623), (44, 0.647220253944397)]"
249,3,31,31,re_activate_from_lost,0.5727,"[856.6, 395.2, 924.1, 574.1]","[855.5, 392.0, 918.2, 574.9]",0.4278,0.5722,0.6723,,,,,,41,8,126,
254,3,67,67,re_activate_from_lost,0.6429,"[884.2, 392.9, 927.5, 515.7]","[886.7, 392.9, 925.1, 515.8]",0.5694,0.4306,0.7232,,,,,,41,8,6,
254,3,44,44,re_activate_from_lost,0.6923,"[136.8, 414.8, 172.5, 514.7]","[136.0, 414.4, 173.7, 514.8]",0.1025,0.8975,0.0621,,,,,,41,8,99,
256,6_revive,4,4,revived,0.6926,"[1326.4, 322.8, 1447.2, 719.6]",,,,,0.8234,0.7667,0.0618,1.0,0.8234,41,7,291,"[(4, 0.823387861251831), (13, 0.7615872025489807), (50, 0.6724672317504883), (55, 0.6249603033065796), (27, 0.6023491621017456)]"
257,3,57,57,re_activate_from_lost,0.7571,"[66.7, 444.8, 105.2, 543.4]","[66.3, 444.6, 105.9, 543.3]",0.7187,0.2813,0.7871,,,,,,41,8,24,
257,3,67,67,re_activate_from_lost,0.819,"[869.4, 391.8, 914.0, 516.7]","[870.9, 391.8, 911.8, 517.1]",0.1039,0.8961,0.1111,,,,,,41,8,8,
257,6_revive,4,4,revived,0.8279,"[1285.9, 281.3, 1440.5, 720.9]",,,,,0.871,0.7667,0.0851,1.0,0.871,41,8,293,"[(4, 0.8710382580757141), (13, 0.7859827280044556), (50, 0.680653989315033), (1, 0.630471408367157), (55, 0.6256070137023926)]"
259,3,34,34,re_activate_from_lost,0.6206,"[155.9, 398.2, 203.9, 542.7]","[155.9, 398.1, 203.8, 541.5]",0.1755,0.8245,0.0851,,,,,,41,6,130,
260,3,50,50,re_activate_from_lost,0.7032,"[1324.4, 336.2, 1439.1, 724.3]","[1316.6, 335.5, 1443.0, 724.2]",0.1482,0.8518,0.1593,,,,,,41,6,101,
262,3,64,64,re_activate_from_lost,0.628,"[365.5, 422.6, 396.6, 527.9]","[365.6, 423.3, 397.7, 527.1]",0.2195,0.7805,0.0606,,,,,,41,7,28,
263,3,73,73,re_activate_from_lost,0.7959,"[88.5, 764.1, 127.0, 851.9]","[87.5, 764.1, 128.0, 851.9]",0.603,0.397,0.684,,,,,,41,6,0,
264,3,34,34,re_activate_from_lost,0.6041,"[137.0, 431.7, 182.1, 559.2]","[137.8, 430.4, 181.3, 559.5]",0.1746,0.8254,0.1433,,,,,,41,5,131,
266,3,57,57,re_activate_from_lost,0.5795,"[20.5, 467.8, 66.8, 585.2]","[20.7, 468.6, 65.9, 582.5]",0.2504,0.7496,0.1001,,,,,,41,9,32,
266,3,67,67,re_activate_from_lost,0.8223,"[845.8, 409.7, 890.3, 538.0]","[847.2, 409.6, 890.3, 537.3]",0.1599,0.8401,0.0448,,,,,,41,9,16,
267,6_new,67,75,gate_failed sim=0.690<theta=0.730,0.7419,"[1100.9, 416.5, 1159.0, 567.7]",,,,,0.69,0.7299,0.0369,1.0,,41,7,18,"[(67, 0.6899595260620117), (12, 0.6530724763870239), (61, 0.6238152980804443), (13, 0.608187198638916), (27, 0.6077932119369507)]"
268,5,75,75,unconfirmed_update,0.8177,"[1094.8, 419.2, 1148.9, 567.0]","[1095.0, 418.6, 1152.0, 567.1]",0.2678,0.7322,,,,,,,,9,,
268,6_new,40,76,margin_failed margin=0.030<0.04,0.6763,"[248.4, 435.4, 293.3, 563.6]",,,,,0.7436,0.7171,0.0302,1.0,,41,9,38,"[(40, 0.7435944676399231), (63, 0.7133820056915283), (38, 0.6901390552520752), (59, 0.6894580721855164), (44, 0.680099606513977)]"
271,3,57,57,re_activate_from_lost,0.6677,"[21.6, 484.0, 60.9, 583.2]","[20.8, 483.4, 60.8, 584.2]",0.3134,0.6866,0.0761,,,,,,41,10,33,
271,3,63,63,re_activate_from_lost,0.823,"[349.7, 436.1, 393.5, 569.0]","[350.3, 436.0, 392.7, 570.0]",0.054,0.946,0.0748,,,,,,41,10,63,
271,3,71,71,re_activate_from_lost,0.6053,"[289.9, 434.7, 336.8, 571.7]","[291.4, 435.3, 335.8, 572.5]",0.1084,0.8916,0.0862,,,,,,41,10,26,
271,6_revive,40,40,revived,0.6703,"[248.1, 439.8, 293.0, 566.0]",,,,,0.8119,0.7171,0.0523,1.0,0.8119,41,10,38,"[(40, 0.8119200468063354), (38, 0.7596392631530762), (63, 0.7451876401901245), (12, 0.700007438659668), (59, 0.6993069052696228)]"
273,3,71,71,re_activate_from_lost,0.7784,"[294.6, 432.7, 340.2, 563.0]","[295.5, 432.9, 338.5, 564.6]",0.1413,0.8587,0.0517,,,,,,41,10,27,
273,6_new,4,77,margin_failed margin=0.028<0.04,0.7602,"[1204.9, 380.7, 1342.6, 743.2]",,,,,0.7673,0.7667,0.0281,1.0,,41,10,310,"[(4, 0.7672532796859741), (13, 0.7391778826713562), (50, 0.72972571849823), (1, 0.6331842541694641), (8, 0.6165027618408203)]"
274,3,57,57,re_activate_from_lost,0.7519,"[21.9, 478.6, 66.9, 589.3]","[22.6, 479.0, 65.8, 587.7]",0.1842,0.8158,0.1142,,,,,,41,10,35,
274,5,77,77,unconfirmed_update,0.9065,"[1222.4, 285.2, 1362.8, 754.7]","[1203.9, 304.3, 1373.8, 752.4]",0.3974,0.6026,,,,,,,,10,,
275,3,71,71,re_activate_from_lost,0.7286,"[292.6, 428.0, 340.5, 562.3]","[294.9, 428.6, 339.1, 562.2]",0.1264,0.8736,0.071,,,,,,41,9,28,
275,6_revive,40,40,revived,0.7139,"[254.3, 433.4, 298.2, 562.3]",,,,,0.8656,0.7171,0.0531,1.0,0.8656,41,9,39,"[(40, 0.8656092882156372), (38, 0.8124814033508301), (63, 0.7373816967010498), (59, 0.7001397609710693), (12, 0.6948522925376892)]"
276,3,77,77,re_activate_from_lost,0.916,"[1227.2, 281.3, 1355.4, 749.2]","[1204.0, 284.0, 1379.0, 749.3]",0.2706,0.7294,0.3319,,,,,,41,10,0,
276,3,57,57,re_activate_from_lost,0.5828,"[24.6, 476.2, 67.4, 586.9]","[24.1, 476.4, 67.9, 586.9]",0.0282,0.9718,0.081,,,,,,41,10,36,
277,3,71,71,re_activate_from_lost,0.7718,"[293.0, 425.6, 339.5, 555.9]","[294.9, 425.8, 338.6, 556.9]",0.1289,0.8711,0.0642,,,,,,41,10,29,
277,6_revive,40,40,revived,0.7657,"[253.8, 430.7, 300.0, 553.5]",,,,,0.8536,0.7171,0.0594,1.0,0.8536,41,10,40,"[(40, 0.8536396026611328), (38, 0.794234037399292), (63, 0.7339221835136414), (71, 0.71199631690979), (59, 0.7071853876113892)]"
278,5,40,40,unconfirmed_update,0.8187,"[252.8, 430.3, 302.7, 560.6]","[253.4, 430.4, 301.8, 559.2]",0.1271,0.8729,,,,,,,,11,,
278,6_new,67,78,gate_failed sim=0.697<theta=0.730,0.7075,"[1057.1, 381.0, 1123.2, 573.4]",,,,,0.6969,0.7299,0.0453,1.0,,41,11,29,"[(67, 0.6969422101974487), (12, 0.6516450643539429), (54, 0.6500599980354309), (8, 0.6089185476303101), (32, 0.6050373315811157)]"
280,3,57,57,re_activate_from_lost,0.7366,"[28.4, 470.1, 75.3, 589.6]","[28.2, 470.6, 75.1, 589.1]",0.1552,0.8448,0.0731,,,,,,41,10,37,
281,3,73,73,re_activate_from_lost,0.6217,"[87.1, 779.0, 125.0, 864.0]","[86.7, 778.8, 125.6, 863.9]",0.3667,0.6333,0.6063,,,,,,41,9,1,
281,3,77,77,re_activate_from_lost,0.6189,"[1252.1, 335.6, 1357.4, 712.1]","[1234.3, 332.4, 1374.8, 713.4]",0.5242,0.4758,0.7055,,,,,,41,9,1,
284,3,67,67,re_activate_from_lost,0.707,"[871.4, 402.0, 910.6, 530.9]","[870.0, 402.2, 911.6, 530.8]",0.0664,0.9336,0.075,,,,,,41,9,33,
285,3,57,57,re_activate_from_lost,0.8092,"[33.4, 465.4, 79.3, 578.1]","[34.1, 465.7, 79.0, 579.0]",0.1366,0.8634,0.0595,,,,,,42,8,39,
285,3,73,73,re_activate_from_lost,0.8268,"[88.5, 774.9, 126.3, 860.0]","[88.2, 775.0, 126.8, 860.0]",0.0511,0.9489,0.2155,,,,,,42,8,2,
285,6_new,54,79,gate_failed sim=0.741<theta=0.752,0.7649,"[68.9, 789.8, 101.2, 866.7]",,,,,0.7406,0.7525,0.014,1.0,,42,8,35,"[(54, 0.7406278252601624), (71, 0.7266338467597961), (12, 0.7177911996841431), (64, 0.6639972925186157), (11, 0.6495519876480103)]"
285,6_revive,38,38,revived,0.7161,"[14.3, 440.4, 55.4, 566.0]",,,,,0.7941,0.7667,0.0462,1.0,0.7941,42,8,19,"[(38, 0.7940856218338013), (44, 0.7478624582290649), (57, 0.7476908564567566), (12, 0.7335175275802612), (71, 0.7101417183876038)]"
286,5,79,79,unconfirmed_update,0.6648,"[68.8, 785.7, 100.3, 861.3]","[68.7, 786.5, 100.6, 862.4]",0.1418,0.8582,,,,,,,,6,,
286,5,38,38,unconfirmed_update,0.6118,"[16.9, 435.0, 56.2, 552.5]","[16.7, 436.1, 55.7, 555.2]",0.2095,0.7905,,,,,,,,6,,
289,3,50,50,re_activate_from_lost,0.9644,"[1184.0, 260.9, 1323.0, 756.0]","[1176.4, 260.7, 1329.6, 754.9]",0.1069,0.8931,0.0739,,,,,,43,7,129,
293,3,79,79,re_activate_from_lost,0.7485,"[65.6, 766.8, 97.5, 841.1]","[65.5, 766.4, 96.9, 840.9]",0.223,0.777,0.4184,,,,,,43,9,4,
293,6_new,59,80,gate_failed sim=0.566<theta=0.718,0.7426,"[764.8, 380.7, 801.2, 500.9]","[422.8, 393.2, 461.3, 511.4]",1.0,0.0,,0.566,0.7179,0.0027,1.0,,44,9,77,"[(59, 0.5659798383712769), (12, 0.5632374286651611), (67, 0.5628384351730347), (8, 0.5610798597335815), (55, 0.5563886165618896)]"
293,6_revive,40,40,revived,0.838,"[263.2, 394.2, 315.9, 536.0]",,,,,0.883,0.7171,0.1266,1.0,0.883,44,9,54,"[(40, 0.8829901814460754), (63, 0.7563577890396118), (38, 0.7512935400009155), (71, 0.6942983865737915), (64, 0.676579475402832)]"
294,5,80,80,unconfirmed_update,0.8035,"[765.5, 381.0, 801.9, 499.8]","[765.5, 381.0, 801.6, 500.0]",0.047,0.953,,,,,,,,8,,
294,5,40,40,unconfirmed_update,0.847,"[265.3, 393.2, 319.3, 536.3]","[265.2, 393.4, 318.3, 536.2]",0.1046,0.8954,,,,,,,,8,,
297,3,57,57,re_activate_from_lost,0.691,"[39.2, 430.0, 82.4, 548.1]","[37.2, 429.4, 84.6, 550.1]",0.2306,0.7694,0.0681,,,,,,44,7,50,
299,3,79,79,re_activate_from_lost,0.6483,"[87.6, 768.2, 118.3, 838.4]","[87.8, 768.2, 117.8, 838.5]",0.0511,0.9489,0.0522,,,,,,44,7,9,
303,3,80,80,re_activate_from_lost,0.7306,"[801.9, 374.0, 843.8, 500.9]","[802.9, 373.9, 842.0, 498.6]",0.4635,0.5365,0.0267,,,,,,45,8,5,
307,3,80,80,re_activate_from_lost,0.5832,"[835.7, 362.1, 873.5, 462.0]","[837.6, 361.7, 871.1, 465.4]",0.2431,0.7569,0.0479,,,,,,45,8,7,
309,6_new,73,81,gate_failed sim=0.657<theta=0.767,0.7056,"[695.2, 354.4, 746.6, 548.8]","[179.8, 720.0, 218.2, 807.3]",1.0,0.0,,0.6566,0.7667,0.0157,1.0,,45,7,8,"[(73, 0.6566404104232788), (5, 0.6409334540367126), (13, 0.6284390687942505), (61, 0.6170830130577087), (54, 0.6038480997085571)]"
310,5,81,81,unconfirmed_update,0.6733,"[698.6, 363.2, 755.3, 547.4]","[701.1, 361.4, 750.4, 547.7]",0.238,0.762,,,,,,,,7,,
310,6_new,38,82,margin_failed margin=0.030<0.04,0.721,"[100.7, 393.2, 144.2, 498.5]",,,,,0.7801,0.7667,0.0298,1.0,,45,7,20,"[(38, 0.7801331877708435), (44, 0.7503585815429688), (57, 0.7398321628570557), (12, 0.7339414358139038), (11, 0.6979992985725403)]"
311,5,82,82,unconfirmed_update,0.6307,"[115.9, 392.5, 155.2, 495.1]","[111.7, 392.6, 154.3, 495.8]",0.4979,0.5021,,,,,,,,7,,
313,3,67,67,re_activate_from_lost,0.8018,"[1024.0, 347.6, 1067.2, 483.3]","[1024.9, 348.2, 1066.4, 483.5]",0.0752,0.9248,0.1125,,,,,,45,9,61,
315,3,57,57,re_activate_from_lost,0.7843,"[214.8, 409.7, 256.7, 534.6]","[211.9, 409.7, 259.1, 534.5]",0.6709,0.3291,0.7419,,,,,,45,9,52,
315,3,80,80,re_activate_from_lost,0.6598,"[913.3, 359.4, 949.7, 458.0]","[915.4, 359.3, 948.1, 457.9]",0.3769,0.6231,0.0607,,,,,,45,9,8,
318,3,80,80,re_activate_from_lost,0.7378,"[938.9, 363.8, 980.8, 478.6]","[940.6, 364.4, 979.0, 477.9]",0.1713,0.8287,0.0461,,,,,,45,10,10,
320,3,80,80,re_activate_from_lost,0.6537,"[949.1, 372.3, 989.6, 491.1]","[949.6, 371.9, 989.4, 489.6]",0.1126,0.8874,0.0283,,,,,,45,10,11,
322,3,80,80,re_activate_from_lost,0.6883,"[959.2, 379.0, 997.0, 476.9]","[960.0, 378.7, 995.3, 481.0]",0.2515,0.7485,0.0417,,,,,,45,10,12,
325,6_new,61,83,margin_failed margin=0.036<0.04,0.6712,"[-27.7, -499.2, 895.7, 1578.2]",,,,,0.8098,0.7052,0.0359,1.0,,45,7,130,"[(61, 0.8097857236862183), (11, 0.7739101648330688), (55, 0.7464959621429443), (8, 0.7445253133773804), (27, 0.7362961769104004)]"
326,6_new,13,84,margin_failed margin=0.001<0.04,0.8495,"[789.8, 390.2, 847.8, 532.6]",,,,,0.6627,0.65,0.0011,1.0,,45,7,295,"[(13, 0.6627244353294373), (5, 0.6616158485412598), (73, 0.6504178047180176), (61, 0.6337820291519165), (67, 0.6266764402389526)]"
327,5,84,84,unconfirmed_update,0.8917,"[793.1, 394.2, 845.8, 531.2]","[791.2, 393.4, 847.4, 531.5]",0.1274,0.8726,,,,,,,,7,,
327,6_revive,61,61,revived,0.6811,"[-46.9, -561.3, 884.2, 1594.4]",,,,,0.8202,0.7052,0.0574,1.0,0.8202,45,7,132,"[(61, 0.8202031850814819), (11, 0.762782633304596), (8, 0.7459262609481812), (27, 0.7289562821388245), (28, 0.7081876993179321)]"
333,3,57,57,re_activate_from_lost,0.7619,"[255.2, 426.6, 303.1, 569.0]","[253.2, 426.7, 305.3, 569.0]",0.5438,0.4562,0.6524,,,,,,46,5,53,
335,3,57,57,re_activate_from_lost,0.7296,"[256.8, 431.3, 297.7, 552.2]","[254.4, 430.7, 299.7, 556.6]",0.3431,0.6569,0.0824,,,,,,46,6,54,
341,3,4,4,re_activate_from_lost,0.7202,"[1725.3, 41.5, 2195.1, 1270.4]","[1740.9, 31.0, 2191.8, 1302.7]",0.2171,0.7829,0.1508,,,,,,46,7,376,
344,3,80,80,re_activate_from_lost,0.6951,"[959.9, 380.0, 1009.8, 523.1]","[961.0, 380.4, 1008.0, 522.7]",0.3337,0.6663,0.5368,,,,,,46,5,27,
347,6_new,67,85,gate_failed sim=0.628<theta=0.695,0.7793,"[754.7, 403.7, 796.5, 543.4]","[1123.6, 390.0, 1166.9, 531.4]",1.0,0.0,,0.6277,0.6946,0.0056,1.0,,46,4,65,"[(67, 0.6276618242263794), (27, 0.6221027374267578), (61, 0.6194888949394226), (13, 0.616730809211731), (73, 0.6111679077148438)]"
348,5,85,85,unconfirmed_update,0.8464,"[760.1, 406.7, 799.2, 543.0]","[758.3, 406.1, 799.3, 543.1]",0.2004,0.7996,,,,,,,,4,,
350,3,4,4,re_activate_from_lost,0.6438,"[1765.8, -7.4, 2257.2, 1395.9]","[1759.6, -3.4, 2266.3, 1402.2]",0.0689,0.9311,0.1272,,,,,,46,4,384,
352,6_new,67,86,gate_failed sim=0.681<theta=0.695,0.8137,"[770.2, 412.8, 813.4, 547.8]",,,,,0.6815,0.6946,0.0406,1.0,,46,3,65,"[(67, 0.6814553737640381), (12, 0.6408663392066956), (27, 0.6334056854248047), (50, 0.6238358020782471), (32, 0.622710108757019)]"
353,3,4,4,re_activate_from_lost,0.6518,"[1783.4, 20.2, 2228.9, 1323.0]","[1774.2, 22.2, 2239.1, 1323.2]",0.0492,0.9508,0.3803,,,,,,46,4,386,
353,5,86,86,unconfirmed_update,0.8618,"[775.6, 414.1, 816.1, 550.5]","[773.3, 413.8, 816.8, 549.9]",0.1984,0.8016,,,,,,,,4,,
362,6_revive,86,86,revived,0.8268,"[747.2, 401.3, 801.2, 562.6]",,,,,0.7966,0.7667,0.0988,1.0,0.7966,48,4,9,"[(86, 0.7965548038482666), (85, 0.6977666616439819), (67, 0.6398775577545166), (31, 0.6327959299087524), (63, 0.6279939413070679)]"
363,6_new,57,87,gate_failed sim=0.670<theta=0.767,0.725,"[1389.2, 389.8, 1432.4, 503.9]","[263.9, 441.4, 306.8, 563.1]",1.0,0.0,,0.6698,0.7667,0.0195,1.0,,48,4,56,"[(57, 0.6697670221328735), (44, 0.6502758264541626), (67, 0.6480644941329956), (27, 0.645042896270752), (11, 0.6324421167373657)]"
364,5,87,87,unconfirmed_update,0.6936,"[1381.7, 389.5, 1425.6, 501.5]","[1383.8, 389.5, 1426.4, 502.0]",0.2946,0.7054,,,,,,,,4,,
364,6_revive,86,86,revived,0.8501,"[737.1, 399.6, 791.1, 567.7]",,,,,0.8371,0.7667,0.1139,1.0,0.8371,48,4,12,"[(86, 0.8371368646621704), (85, 0.7232365608215332), (31, 0.6805124282836914), (8, 0.6793434619903564), (50, 0.6556421518325806)]"
368,3,87,87,re_activate_from_lost,0.82,"[1357.4, 384.1, 1404.0, 494.8]","[1359.9, 384.1, 1402.1, 494.8]",0.3435,0.6565,0.4616,,,,,,48,5,0,
368,6_new,67,88,margin_failed margin=0.009<0.04,0.6738,"[1320.3, 381.7, 1363.5, 508.6]",,,,,0.741,0.6946,0.0094,1.0,,48,5,65,"[(67, 0.7409957051277161), (12, 0.7315871715545654), (71, 0.6718056201934814), (73, 0.6671456098556519), (18, 0.651301383972168)]"
369,5,88,88,unconfirmed_update,0.5848,"[1315.6, 380.4, 1357.4, 501.2]","[1316.8, 380.6, 1358.4, 502.7]",0.2732,0.7268,,,,,,,,3,,
369,6_new,67,89,margin_failed margin=0.002<0.04,0.7303,"[1009.8, 378.7, 1062.5, 538.0]",,,,,0.7155,0.6946,0.0024,1.0,,48,3,65,"[(67, 0.7154560685157776), (57, 0.7130975723266602), (80, 0.695837140083313), (32, 0.673545777797699), (12, 0.6605169773101807)]"
370,5,89,89,unconfirmed_update,0.862,"[1007.1, 376.7, 1055.7, 535.3]","[1006.1, 377.1, 1058.6, 535.8]",0.1931,0.8069,,,,,,,,3,,
370,6_revive,67,67,revived,0.7639,"[968.6, 375.3, 1022.6, 538.7]",,,,,0.7353,0.6946,0.0897,1.0,0.7353,48,3,65,"[(67, 0.7352970242500305), (73, 0.6456343531608582), (85, 0.6393430829048157), (32, 0.6363013982772827), (12, 0.6276946067810059)]"
370,6_new,80,90,margin_failed margin=0.020<0.04,0.9139,"[620.7, 392.9, 680.1, 591.3]","[940.4, 408.6, 990.5, 557.3]",1.0,0.0,,0.7311,0.65,0.0204,1.0,,48,3,29,"[(80, 0.7311068773269653), (85, 0.7107164859771729), (8, 0.6979592442512512), (67, 0.6374163627624512), (9, 0.601936936378479)]"
371,5,67,67,unconfirmed_update,0.783,"[961.9, 374.3, 1018.6, 539.0]","[964.1, 374.5, 1018.5, 538.9]",0.1841,0.8159,,,,,,,,4,,
371,5,90,90,unconfirmed_update,0.9183,"[612.9, 389.5, 673.7, 591.3]","[614.6, 390.2, 674.8, 591.3]",0.223,0.777,,,,,,,,4,,
374,3,89,89,re_activate_from_lost,0.5995,"[988.2, 367.5, 1043.6, 547.1]","[987.1, 367.9, 1045.1, 544.8]",0.1543,0.8457,0.493,,,,,,49,7,2,
377,3,80,80,re_activate_from_lost,0.6426,"[945.7, 359.1, 1002.4, 523.8]","[946.0, 359.2, 1001.9, 523.9]",0.5313,0.4687,0.6988,,,,,,51,6,29,
377,3,88,88,re_activate_from_lost,0.6376,"[1304.1, 362.5, 1347.3, 494.8]","[1303.4, 362.4, 1348.3, 494.7]",0.5825,0.4175,0.7338,,,,,,51,6,0,
378,3,87,87,re_activate_from_lost,0.7988,"[1354.7, 353.4, 1397.2, 470.1]","[1353.8, 353.6, 1398.4, 469.7]",0.2015,0.7985,0.0544,,,,,,51,4,5,
383,3,89,89,re_activate_from_lost,0.5871,"[1000.4, 329.7, 1049.0, 486.3]","[999.7, 328.6, 1050.9, 487.6]",0.1756,0.8244,0.1066,,,,,,52,5,10,
383,6_new,61,91,gate_failed sim=0.607<theta=0.705,0.7494,"[556.9, 412.1, 605.5, 549.1]",,,,,0.607,0.7052,0.0156,1.0,,52,5,139,"[(61, 0.6069661378860474), (7, 0.5913917422294617), (8, 0.5804033279418945), (39, 0.5655585527420044), (10, 0.5616084337234497)]"
384,5,91,91,unconfirmed_update,0.8611,"[554.5, 405.3, 606.5, 545.1]","[555.9, 406.7, 605.3, 545.9]",0.1336,0.8664,,,,,,,,4,,
386,3,87,87,re_activate_from_lost,0.6042,"[1375.0, 313.5, 1417.5, 444.5]","[1373.5, 313.0, 1418.9, 441.0]",0.1458,0.8542,0.1003,,,,,,52,7,12,
390,6_new,73,92,gate_failed sim=0.625<theta=0.767,0.689,"[-66.0, -215.7, 567.7, 1212.3]",,,,,0.6247,0.7667,0.0112,1.0,,53,6,8,"[(73, 0.6246577501296997), (5, 0.613457977771759), (13, 0.5951554775238037), (28, 0.5884249210357666), (61, 0.5665816068649292)]"
391,3,91,91,re_activate_from_lost,0.7671,"[565.3, 381.7, 616.6, 522.1]","[564.8, 381.4, 616.0, 521.8]",0.1213,0.8787,0.0939,,,,,,53,7,5,
397,6_new,48,93,margin_failed margin=0.023<0.04,0.8444,"[435.0, 300.4, 515.4, 526.5]",,,,,0.6953,0.6951,0.023,1.0,,53,7,31,"[(48, 0.6952711343765259), (67, 0.6722360849380493), (54, 0.668178379535675), (32, 0.6648933291435242), (73, 0.6619595289230347)]"
398,3,87,87,re_activate_from_lost,0.671,"[1373.6, 277.8, 1418.9, 414.1]","[1372.7, 278.1, 1420.4, 414.2]",0.48,0.52,0.1039,,,,,,53,6,13,
398,5,93,93,unconfirmed_update,0.8625,"[430.3, 297.7, 502.5, 502.9]","[431.0, 298.2, 505.4, 507.6]",0.2923,0.7077,,,,,,,,6,,
400,6_revive,80,80,revived,0.6717,"[937.6, 271.7, 986.2, 443.8]",,,,,0.7332,0.65,0.0457,1.0,0.7332,53,5,43,"[(80, 0.7331846952438354), (89, 0.6875066757202148), (87, 0.6775943040847778), (67, 0.6748400926589966), (8, 0.6698092818260193)]"
400,6_new,19,94,gate_failed sim=0.643<theta=0.767,0.8426,"[390.8, 268.6, 451.6, 489.4]",,,,,0.6427,0.7667,0.0016,1.0,,53,5,32,"[(19, 0.6426780223846436), (54, 0.6410481929779053), (71, 0.6355260610580444), (61, 0.6331468224525452), (40, 0.6193184852600098)]"
400,6_revive,67,67,revived,0.822,"[831.6, 256.0, 904.5, 498.2]",,,,,0.728,0.6826,0.0864,1.0,0.728,53,5,67,"[(67, 0.7279500961303711), (90, 0.6415787935256958), (85, 0.6338809728622437), (12, 0.6269502639770508), (8, 0.6176860928535461)]"
401,5,94,94,unconfirmed_update,0.8744,"[384.8, 264.8, 453.6, 464.4]","[391.5, 265.5, 447.7, 469.4]",0.2208,0.7792,,,,,,,,5,,
401,5,67,67,unconfirmed_update,0.8364,"[828.2, 259.0, 899.8, 496.1]","[829.0, 258.4, 900.7, 496.5]",0.1241,0.8759,,,,,,,,5,,
401,6_new,67,95,gate_failed sim=0.673<theta=0.683,0.6991,"[483.6, 305.6, 529.5, 414.1]",,,,,0.673,0.6826,0.0303,1.0,,53,5,68,"[(67, 0.6729515194892883), (48, 0.6426743268966675), (12, 0.642171323299408), (18, 0.6371400356292725), (27, 0.6333335638046265)]"
402,5,95,95,unconfirmed_update,0.7884,"[479.9, 301.2, 527.9, 409.7]","[481.5, 302.1, 527.4, 410.6]",0.1746,0.8254,,,,,,,,5,,
403,6_new,63,96,gate_failed sim=0.715<theta=0.767,0.7877,"[353.0, 308.1, 397.6, 437.7]",,,,,0.7147,0.7667,0.007,1.0,,54,4,68,"[(63, 0.714701235294342), (71, 0.7076579332351685), (12, 0.7031207084655762), (44, 0.6774805784225464), (38, 0.6644539833068848)]"
404,5,96,96,unconfirmed_update,0.6996,"[350.7, 306.5, 393.9, 438.1]","[350.3, 306.8, 395.4, 438.0]",0.1418,0.8582,,,,,,,,4,,
404,6_new,11,97,margin_failed margin=0.012<0.04,0.8678,"[309.2, 287.6, 380.0, 480.6]",,,,,0.677,0.6602,0.0116,1.0,,54,4,30,"[(11, 0.6769684553146362), (61, 0.6653371453285217), (27, 0.6571875810623169), (44, 0.6540988087654114), (8, 0.6506187915802002)]"
405,5,97,97,unconfirmed_update,0.9382,"[303.4, 284.9, 388.5, 477.2]","[310.3, 285.4, 381.1, 477.9]",0.1902,0.8098,,,,,,,,4,,
405,6_new,67,98,margin_failed margin=0.008<0.04,0.9411,"[823.5, 274.7, 897.8, 496.1]",,,,,0.7351,0.6826,0.0081,1.0,,54,4,72,"[(67, 0.7350650429725647), (84, 0.7269924283027649), (19, 0.6438218951225281), (86, 0.6296128034591675), (85, 0.601731538772583)]"
406,5,98,98,unconfirmed_update,0.945,"[823.5, 272.4, 896.4, 495.8]","[822.7, 272.8, 897.5, 495.9]",0.0298,0.9702,,,,,,,,5,,
411,3,87,87,re_activate_from_lost,0.7676,"[1361.5, 252.1, 1405.4, 379.7]","[1361.2, 252.5, 1405.5, 380.8]",0.109,0.891,0.0681,,,,,,56,8,24,
411,3,96,96,re_activate_from_lost,0.5905,"[344.8, 304.4, 391.5, 442.1]","[344.0, 304.7, 390.9, 442.4]",0.2409,0.7591,0.5518,,,,,,56,8,4,
414,6_new,50,99,margin_failed margin=0.002<0.04,0.7198,"[811.4, 181.6, 1071.9, 725.6]",,,,,0.812,0.65,0.0024,1.0,,58,9,255,"[(50, 0.8119800090789795), (55, 0.8096082210540771), (21, 0.7977999448776245), (77, 0.7637454271316528), (5, 0.7434484958648682)]"
415,5,99,99,unconfirmed_update,0.6613,"[808.7, 177.0, 1071.9, 706.7]","[813.0, 177.9, 1068.1, 710.5]",0.0522,0.9478,,,,,,,,10,,
417,6_revive,13,13,revived,0.7575,"[367.9, 148.3, 571.7, 689.2]",,,,,0.7019,0.65,0.0459,1.0,0.7019,58,8,386,"[(13, 0.7018795609474182), (4, 0.6559940576553345), (12, 0.6113297939300537), (85, 0.6029687523841858), (67, 0.6020315289497375)]"
418,3,93,93,re_activate_from_lost,0.6265,"[402.0, 236.9, 479.6, 500.2]","[394.5, 237.5, 487.1, 497.9]",0.2141,0.7859,0.5076,,,,,,58,9,13,
418,3,99,99,re_activate_from_lost,0.6133,"[780.3, 141.6, 1019.3, 667.6]","[775.3, 141.7, 1027.7, 668.6]",0.1385,0.8615,0.4717,,,,,,58,9,1,
419,3,90,90,re_activate_from_lost,0.6878,"[612.2, 229.2, 687.2, 450.9]","[611.5, 229.3, 687.8, 451.0]",0.2626,0.7374,0.4928,,,,,,58,7,23,
422,3,99,99,re_activate_from_lost,0.6764,"[816.1, 181.7, 949.7, 560.9]","[789.5, 176.7, 977.2, 574.6]",0.5541,0.4459,0.6984,,,,,,58,10,4,
423,3,90,90,re_activate_from_lost,0.8264,"[632.5, 276.1, 700.0, 469.1]","[631.0, 271.9, 698.8, 468.3]",0.4039,0.5961,0.0813,,,,,,59,9,24,
423,6_new,67,100,margin_failed margin=0.024<0.04,0.6797,"[180.4, 339.0, 324.2, 768.8]",,,,,0.7096,0.6826,0.0241,1.0,,59,9,74,"[(67, 0.709642231464386), (88, 0.6855503916740417), (12, 0.678863525390625), (13, 0.6531208753585815), (71, 0.636130690574646)]"
424,5,100,100,unconfirmed_update,0.6619,"[171.8, 345.3, 325.4, 773.6]","[177.6, 344.0, 321.0, 772.6]",0.0865,0.9135,,,,,,,,9,,
425,3,93,93,re_activate_from_lost,0.7005,"[324.0, 198.8, 500.9, 687.5]","[330.0, 203.0, 499.0, 676.9]",0.7119,0.2881,0.7982,,,,,,59,9,14,
425,3,99,99,re_activate_from_lost,0.6306,"[750.6, 199.5, 938.3, 603.8]","[751.8, 196.3, 941.2, 598.5]",0.3479,0.6521,0.1063,,,,,,59,9,5,
425,6_revive,67,67,revived,0.7107,"[1152.9, 277.4, 1196.1, 423.2]",,,,,0.8027,0.6826,0.1082,1.0,0.8027,59,9,74,"[(67, 0.8026617765426636), (12, 0.6944320201873779), (88, 0.6626759767532349), (98, 0.657573938369751), (87, 0.6468207240104675)]"
433,3,91,91,re_activate_from_lost,0.649,"[529.2, 337.2, 598.1, 535.6]","[527.9, 337.4, 599.2, 535.7]",0.6502,0.3498,0.773,,,,,,59,11,19,
433,3,90,90,re_activate_from_lost,0.8499,"[590.6, 346.6, 656.8, 528.9]","[592.1, 347.1, 656.4, 529.9]",0.1132,0.8868,0.1219,,,,,,59,11,33,
433,6_revive,67,67,revived,0.8852,"[1128.6, 332.9, 1178.6, 481.6]",,,,,0.8025,0.6826,0.061,1.0,0.8025,59,11,75,"[(67, 0.8024783134460449), (88, 0.7414981722831726), (12, 0.7218549251556396), (87, 0.6858184337615967), (38, 0.6562802791595459)]"
434,5,67,67,unconfirmed_update,0.8864,"[1123.2, 339.9, 1169.1, 486.3]","[1123.0, 338.5, 1172.3, 485.4]",0.3172,0.6828,,,,,,,,9,,
435,3,91,91,re_activate_from_lost,0.6115,"[507.9, 345.9, 575.4, 553.2]","[506.4, 345.2, 578.6, 550.6]",0.1494,0.8506,0.4798,,,,,,59,10,20,
436,6_new,87,101,gate_failed sim=0.765<theta=0.767,0.8103,"[1397.2, 353.7, 1427.0, 431.3]","[1327.5, 326.7, 1371.6, 454.6]",1.0,0.0,,0.7646,0.7667,0.019,1.0,,59,9,25,"[(87, 0.7645979523658752), (88, 0.7455825805664062), (89, 0.6993997097015381), (67, 0.6991375684738159), (12, 0.6780303120613098)]"
437,6_new,48,102,gate_failed sim=0.592<theta=0.695,0.773,"[-341.7, -351.3, 569.7, 1471.5]",,,,,0.5921,0.6951,0.009,1.0,,59,10,31,"[(48, 0.5920718908309937), (8, 0.5831048488616943), (1, 0.555804967880249), (12, 0.5555050373077393), (2, 0.5475221872329712)]"
441,6_new,67,103,gate_failed sim=0.576<theta=0.683,0.6815,"[0.7, -424.2, 968.6, 1570.1]",,,,,0.5757,0.6826,0.001,1.0,,59,12,83,"[(67, 0.5757011771202087), (8, 0.5747161507606506), (13, 0.5738807916641235), (48, 0.5534577965736389), (93, 0.5527331829071045)]"
442,5,103,103,unconfirmed_update,0.7034,"[-95.2, -571.4, 1116.5, 1618.7]","[-17.3, -542.0, 1028.1, 1608.9]",0.2725,0.7275,,,,,,,,12,,
449,3,103,103,re_activate_from_lost,0.587,"[-89.8, -678.0, 1158.3, 1634.9]","[-32.7, -675.9, 1099.5, 1634.9]",0.2228,0.7772,0.5438,,,,,,59,10,0,
451,3,103,103,re_activate_from_lost,0.7092,"[120.8, -399.6, 1241.3, 1904.9]","[87.2, -461.2, 1218.3, 1848.7]",0.381,0.619,0.561,,,,,,59,10,1,
453,6_new,73,104,gate_failed sim=0.637<theta=0.767,0.7334,"[-75.3, -187.0, 1186.7, 2284.2]",,,,,0.6365,0.7667,0.0541,1.0,,59,8,8,"[(73, 0.6365272998809814), (13, 0.5824331641197205), (67, 0.5634204149246216), (61, 0.5495190620422363), (88, 0.5395042300224304)]"
457,3,50,50,re_activate_from_lost,0.775,"[143.1, 102.9, 527.5, 1082.7]","[172.5, 103.7, 501.2, 1083.1]",0.7037,0.2963,0.7703,,,,,,60,7,280,
457,6_revive,97,97,revived,0.8991,"[108.4, 411.1, 201.5, 649.4]",,,,,0.8735,0.7667,0.1309,1.0,0.8735,60,7,14,"[(97, 0.8735150098800659), (96, 0.7426329851150513), (6, 0.7006630301475525), (44, 0.6961240768432617), (90, 0.6583253145217896)]"
458,5,97,97,unconfirmed_update,0.9304,"[107.3, 409.4, 196.4, 647.0]","[106.1, 409.7, 198.9, 647.5]",0.0807,0.9193,,,,,,,,4,,
459,6_new,57,105,gate_failed sim=0.694<theta=0.767,0.9034,"[23.1, 456.3, 100.5, 655.4]",,,,,0.6943,0.7667,0.0604,1.0,,60,4,56,"[(57, 0.6942825317382812), (90, 0.6339218616485596), (85, 0.6190758943557739), (54, 0.614647388458252), (67, 0.6088311672210693)]"
460,5,105,105,unconfirmed_update,0.9368,"[21.5, 454.6, 90.5, 654.4]","[18.4, 455.0, 95.9, 654.6]",0.1571,0.8429,,,,,,,,4,,
467,3,77,77,re_activate_from_lost,0.6963,"[372.9, 169.1, 800.6, 1325.7]","[412.3, 169.2, 761.8, 1324.5]",0.5908,0.4092,0.7151,,,,,,61,4,162,
476,6_new,87,106,gate_failed sim=0.762<theta=0.767,0.7414,"[1363.5, 384.8, 1401.3, 488.0]",,,,,0.7624,0.7667,0.0469,1.0,,61,1,25,"[(87, 0.7623656392097473), (88, 0.7154820561408997), (12, 0.6941026449203491), (67, 0.6879196166992188), (59, 0.6871083974838257)]"
477,5,106,106,unconfirmed_update,0.7572,"[1366.2, 383.4, 1404.0, 488.0]","[1365.5, 383.7, 1403.7, 488.0]",0.1438,0.8562,,,,,,,,1,,
485,6_revive,67,67,revived,0.7483,"[1000.4, 376.7, 1050.3, 535.3]",,,,,0.7504,0.6826,0.0808,1.0,0.7504,61,2,85,"[(67, 0.7503906488418579), (98, 0.669542670249939), (12, 0.6635816097259521), (54, 0.6438229084014893), (8, 0.6422719955444336)]"
486,5,67,67,unconfirmed_update,0.7317,"[1009.1, 376.7, 1053.7, 529.9]","[1005.9, 376.7, 1054.5, 531.0]",0.2525,0.7475,,,,,,,,2,,
491,6_revive,4,4,revived,0.718,"[678.4, 169.4, 1032.1, 1030.1]",,,,,0.811,0.65,0.068,1.0,0.811,61,2,389,"[(4, 0.8109689950942993), (103, 0.7429269552230835), (13, 0.722953200340271), (1, 0.68256676197052), (27, 0.6065802574157715)]"
492,6_revive,67,67,revived,0.8526,"[1115.1, 355.7, 1159.7, 512.3]",,,,,0.7351,0.6826,0.0632,1.0,0.7351,61,2,87,"[(67, 0.7350850105285645), (87, 0.671856701374054), (12, 0.6628152132034302), (88, 0.6594529747962952), (11, 0.638208270072937)]"
493,3,106,106,re_activate_from_lost,0.5974,"[1549.8, 357.1, 1593.0, 459.0]","[1552.3, 357.0, 1590.4, 458.9]",0.594,0.406,0.7575,,,,,,61,2,1,
493,5,67,67,unconfirmed_update,0.8703,"[1125.2, 352.0, 1167.1, 507.9]","[1122.2, 352.8, 1166.6, 508.8]",0.3658,0.6342,,,,,,,,2,,
493,6_revive,8,8,revived,0.8329,"[1000.4, 343.7, 1067.8, 563.0]",,,,,0.7185,0.65,0.0617,1.0,0.7185,61,2,219,"[(8, 0.7184911966323853), (10, 0.6567448377609253), (63, 0.6486901044845581), (31, 0.6484577655792236), (1, 0.6480100154876709)]"
494,5,8,8,unconfirmed_update,0.8708,"[1010.5, 340.2, 1078.0, 551.5]","[1009.4, 340.9, 1075.0, 553.8]",0.3046,0.6954,,,,,,,,1,,
494,6_revive,4,4,revived,0.8036,"[731.0, 176.9, 1068.5, 999.7]",,,,,0.8129,0.65,0.0577,1.0,0.8129,61,1,390,"[(4, 0.8128660917282104), (103, 0.7551334500312805), (13, 0.739173412322998), (1, 0.6676902770996094), (27, 0.5696365833282471)]"
495,5,4,4,unconfirmed_update,0.9301,"[776.9, 204.9, 1076.6, 985.5]","[759.6, 199.3, 1083.1, 988.3]",0.1985,0.8015,,,,,,,,2,,
495,6_revive,77,77,revived,0.7813,"[504.6, 325.7, 585.6, 557.2]",,,,,0.6693,0.65,0.0655,1.0,0.6693,61,2,191,"[(77, 0.6692925691604614), (8, 0.6038028001785278), (91, 0.569994330406189), (15, 0.5698134899139404), (67, 0.5623425245285034)]"
496,3,106,106,re_activate_from_lost,0.5916,"[1591.7, 348.3, 1634.9, 440.1]","[1595.3, 348.2, 1631.6, 441.6]",0.1949,0.8051,0.5237,,,,,,61,2,2,
496,6_revive,77,77,revived,0.8671,"[513.7, 324.8, 602.8, 559.6]",,,,,0.6821,0.65,0.0834,1.0,0.6821,61,2,193,"[(77, 0.6821411848068237), (8, 0.5986933708190918), (91, 0.5755726099014282), (15, 0.5641566514968872), (67, 0.5488097667694092)]"
497,6_revive,77,77,revived,0.878,"[518.7, 323.0, 609.9, 551.8]",,,,,0.6687,0.65,0.0645,1.0,0.6687,61,1,195,"[(77, 0.6687183380126953), (8, 0.6042419672012329), (91, 0.6035223007202148), (39, 0.5809535384178162), (15, 0.578415036201477)]"
498,6_revive,77,77,revived,0.8908,"[529.2, 320.3, 628.4, 558.6]",,,,,0.7345,0.65,0.0485,1.0,0.7345,61,2,197,"[(77, 0.7344547510147095), (8, 0.6859703063964844), (67, 0.6634520292282104), (12, 0.6627578735351562), (91, 0.6480497717857361)]"
499,6_new,85,107,gate_failed sim=0.682<theta=0.726,0.9025,"[538.7, 319.6, 631.8, 560.6]",,,,,0.6822,0.7259,0.0063,1.0,,61,2,33,"[(85, 0.6822114586830139), (77, 0.6759040355682373), (80, 0.6705906391143799), (8, 0.6697732210159302), (50, 0.6632540225982666)]"
500,5,107,107,unconfirmed_update,0.923,"[546.1, 320.0, 631.1, 556.2]","[542.1, 319.9, 633.7, 557.1]",0.1049,0.8951,,,,,,,,1,,
500,6_new,85,108,margin_failed margin=0.018<0.04,0.6849,"[1168.4, 326.2, 1237.3, 525.8]",,,,,0.7582,0.7259,0.0177,1.0,,61,1,33,"[(85, 0.7581514120101929), (86, 0.7404862642288208), (67, 0.7372575998306274), (12, 0.7054529190063477), (88, 0.7005161046981812)]"
501,5,108,108,unconfirmed_update,0.6133,"[1179.2, 324.3, 1252.1, 537.6]","[1176.8, 324.7, 1249.4, 535.3]",0.3455,0.6545,,,,,,,,1,,
503,6_new,8,109,margin_failed margin=0.015<0.04,0.7069,"[632.5, 262.6, 738.5, 549.5]",,,,,0.6536,0.65,0.0147,1.0,,61,1,223,"[(8, 0.6536482572555542), (31, 0.6389487385749817), (85, 0.6152706742286682), (13, 0.6115832328796387), (55, 0.6050417423248291)]"
504,6_new,103,110,gate_failed sim=0.689<theta=0.767,0.7503,"[723.6, 329.1, 800.6, 553.8]",,,,,0.6894,0.7667,0.0664,1.0,,61,1,55,"[(103, 0.6893600225448608), (67, 0.6229742765426636), (73, 0.6083840131759644), (12, 0.6082688570022583), (48, 0.5997208952903748)]"
504,6_revive,77,77,revived,0.7024,"[315.7, 248.4, 591.3, 978.8]",,,,,0.7588,0.65,0.1025,1.0,0.7588,61,1,204,"[(77, 0.7588276863098145), (8, 0.6563475728034973), (15, 0.6414649486541748), (25, 0.6148184537887573), (67, 0.6000929474830627)]"
505,5,110,110,unconfirmed_update,0.5961,"[729.7, 326.0, 810.7, 581.2]","[726.0, 326.6, 811.2, 575.7]",0.2769,0.7231,,,,,,,,1,,
505,6_new,8,111,margin_failed margin=0.024<0.04,0.7841,"[655.4, 326.7, 731.0, 550.8]",,,,,0.7037,0.65,0.0245,1.0,,62,1,223,"[(8, 0.7037400007247925), (63, 0.6792604923248291), (1, 0.6553698778152466), (10, 0.6551863551139832), (31, 0.6483976244926453)]"
506,5,111,111,unconfirmed_update,0.8477,"[661.5, 322.0, 734.4, 550.8]","[658.6, 322.9, 735.4, 550.8]",0.1365,0.8635,,,,,,,,1,,
507,6_revive,77,77,revived,0.813,"[439.8, 275.2, 556.5, 690.5]",,,,,0.7021,0.65,0.0549,1.0,0.7021,63,2,208,"[(77, 0.7020561695098877), (8, 0.6471927165985107), (108, 0.6316831707954407), (91, 0.6254997253417969), (67, 0.622840166091919)]"
507,6_new,39,112,gate_failed sim=0.625<theta=0.767,0.7849,"[509.6, 425.9, 637.9, 687.8]",,,,,0.6247,0.7667,0.0335,1.0,,63,2,13,"[(39, 0.6247100830078125), (13, 0.5911629796028137), (93, 0.5874297618865967), (25, 0.5857227444648743), (91, 0.581289529800415)]"
508,5,112,112,unconfirmed_update,0.7368,"[515.7, 421.2, 641.9, 697.3]","[510.9, 422.1, 644.7, 695.4]",0.1219,0.8781,,,,,,,,3,,
508,6_new,85,113,margin_failed margin=0.008<0.04,0.6914,"[542.7, 359.1, 607.5, 536.0]",,,,,0.7357,0.7259,0.0075,1.0,,63,3,33,"[(85, 0.7356753349304199), (8, 0.7281578779220581), (31, 0.6932364702224731), (108, 0.6766120195388794), (86, 0.6721189022064209)]"
508,6_revive,77,77,revived,0.861,"[445.5, 272.4, 565.7, 693.9]",,,,,0.7043,0.65,0.0635,1.0,0.7043,63,3,210,"[(77, 0.7043493986129761), (8, 0.6408665180206299), (91, 0.6264387965202332), (67, 0.6145978569984436), (15, 0.6065101623535156)]"
509,5,113,113,unconfirmed_update,0.6715,"[551.1, 358.1, 613.9, 535.6]","[548.6, 358.3, 613.5, 535.7]",0.2139,0.7861,,,,,,,,3,,
509,6_revive,77,77,revived,0.8817,"[451.6, 276.2, 571.1, 660.2]",,,,,0.73,0.65,0.0703,1.0,0.73,63,3,212,"[(77, 0.7300387024879456), (8, 0.6597832441329956), (108, 0.6296111345291138), (67, 0.6241694688796997), (15, 0.6157788038253784)]"
510,6_revive,77,77,revived,0.9033,"[455.0, 275.9, 575.8, 630.5]",,,,,0.7136,0.65,0.0636,1.0,0.7136,63,3,214,"[(77, 0.7135703563690186), (8, 0.6499652862548828), (108, 0.6294461488723755), (91, 0.6169319748878479), (67, 0.5956310629844666)]"
511,6_revive,77,77,revived,0.926,"[464.7, 275.9, 581.5, 619.0]",,,,,0.7206,0.65,0.0439,1.0,0.7206,64,3,216,"[(77, 0.7206324338912964), (8, 0.6767250299453735), (91, 0.6416538953781128), (108, 0.6207892894744873), (28, 0.62056964635849)]"
512,6_new,103,114,gate_failed sim=0.738<theta=0.767,0.7074,"[750.6, 235.6, 980.1, 712.1]",,,,,0.738,0.7667,0.094,1.0,,64,3,63,"[(103, 0.7379540205001831), (8, 0.643980860710144), (61, 0.634431779384613), (67, 0.6289095878601074), (12, 0.6177470088005066)]"
512,6_new,77,115,margin_failed margin=0.012<0.04,0.9255,"[466.8, 276.9, 588.3, 627.1]",,,,,0.6858,0.65,0.0121,1.0,,64,3,218,"[(77, 0.6857578754425049), (8, 0.6736830472946167), (28, 0.6353418231010437), (91, 0.6305384039878845), (94, 0.6157641410827637)]"
513,5,114,114,unconfirmed_update,0.7636,"[743.2, 238.8, 964.6, 702.0]","[744.0, 238.1, 968.3, 704.0]",0.1214,0.8786,,,,,,,,3,,
513,5,115,115,unconfirmed_update,0.9304,"[472.2, 274.6, 593.7, 623.0]","[471.3, 275.0, 592.4, 623.8]",0.1011,0.8989,,,,,,,,3,,
513,6_new,67,116,margin_failed margin=0.003<0.04,0.7439,"[1127.2, 337.5, 1184.0, 536.0]",,,,,0.712,0.6826,0.0026,1.0,,65,3,96,"[(67, 0.7119883298873901), (80, 0.7093806266784668), (19, 0.676254391670227), (12, 0.6720689535140991), (61, 0.6633293628692627)]"
514,5,116,116,unconfirmed_update,0.7318,"[1136.0, 336.8, 1191.4, 536.0]","[1133.7, 337.0, 1190.5, 536.0]",0.2548,0.7452,,,,,,,,3,,
515,3,108,108,re_activate_from_lost,0.8173,"[1335.2, 331.1, 1401.3, 551.1]","[1330.7, 331.1, 1405.2, 551.1]",0.2596,0.7404,0.3949,,,,,,65,4,5,
519,3,114,114,re_activate_from_lost,0.6086,"[775.6, 267.1, 967.3, 700.7]","[768.1, 266.1, 974.9, 699.4]",0.1575,0.8425,0.4872,,,,,,66,4,2,
520,6_new,93,117,margin_failed margin=0.005<0.04,0.7681,"[467.4, 364.5, 537.6, 581.9]",,,,,0.6623,0.65,0.0047,1.0,,67,3,15,"[(93, 0.662306547164917), (77, 0.6576050519943237), (115, 0.6536260843276978), (40, 0.6535205245018005), (8, 0.6533811092376709)]"
521,5,117,117,unconfirmed_update,0.7881,"[471.2, 366.2, 542.7, 580.2]","[471.4, 365.9, 540.7, 580.5]",0.1294,0.8706,,,,,,,,4,,
521,6_revive,108,108,revived,0.7318,"[1368.2, 332.9, 1422.9, 525.2]",,,,,0.7287,0.65,0.0406,1.0,0.7287,68,4,12,"[(108, 0.728696346282959), (48, 0.6881116032600403), (15, 0.6803514361381531), (86, 0.6498844027519226), (32, 0.6390150189399719)]"
522,6_revive,108,108,revived,0.8163,"[1376.3, 335.8, 1432.4, 528.2]",,,,,0.7396,0.65,0.0484,1.0,0.7396,68,4,14,"[(108, 0.7396255731582642), (67, 0.6912045478820801), (32, 0.6760508418083191), (48, 0.6590920090675354), (3, 0.6586099863052368)]"
523,6_revive,108,108,revived,0.8456,"[1380.4, 337.8, 1435.1, 541.0]",,,,,0.7333,0.65,0.0652,1.0,0.7333,68,5,16,"[(108, 0.7333454489707947), (98, 0.6681641340255737), (67, 0.6591510772705078), (32, 0.6332640647888184), (85, 0.6222028136253357)]"
524,6_revive,108,108,revived,0.867,"[1387.8, 334.5, 1439.1, 541.0]",,,,,0.7843,0.65,0.0647,1.0,0.7843,68,5,18,"[(108, 0.7843260765075684), (88, 0.7195894122123718), (67, 0.6985400319099426), (48, 0.6828405261039734), (12, 0.6763235330581665)]"
524,6_revive,77,77,revived,0.8115,"[339.7, 299.5, 490.1, 722.2]",,,,,0.7496,0.65,0.0782,1.0,0.7496,68,5,230,"[(77, 0.7496187686920166), (112, 0.6714245080947876), (8, 0.6680707335472107), (108, 0.6679346561431885), (67, 0.622560441493988)]"
525,6_revive,77,77,revived,0.8815,"[347.6, 299.9, 503.6, 692.6]",,,,,0.7818,0.65,0.0973,1.0,0.7818,68,5,232,"[(77, 0.7818371653556824), (108, 0.6845681071281433), (8, 0.6827064752578735), (67, 0.6434451937675476), (112, 0.6355385780334473)]"
525,6_revive,108,108,revived,0.8377,"[1391.9, 330.1, 1451.2, 546.1]",,,,,0.8417,0.65,0.1388,1.0,0.8417,68,5,20,"[(108, 0.8417147994041443), (67, 0.7029309272766113), (32, 0.6749954223632812), (48, 0.6742548942565918), (25, 0.6686004996299744)]"
526,3,114,114,re_activate_from_lost,0.5924,"[772.2, 312.9, 870.8, 606.5]","[756.1, 310.5, 892.8, 612.3]",0.6287,0.3713,0.7801,,,,,,68,5,5,
526,6_revive,77,77,revived,0.8838,"[350.3, 297.8, 511.0, 694.6]",,,,,0.768,0.65,0.0944,1.0,0.768,69,5,234,"[(77, 0.7679522037506104), (108, 0.6735061407089233), (8, 0.6697366237640381), (112, 0.6476914286613464), (67, 0.6374721527099609)]"
526,6_revive,108,108,revived,0.8727,"[1394.6, 332.9, 1451.2, 538.0]",,,,,0.7989,0.65,0.0815,1.0,0.7989,69,5,22,"[(108, 0.7988784909248352), (67, 0.717360258102417), (32, 0.6962045431137085), (88, 0.6931172609329224), (48, 0.6900707483291626)]"
527,3,110,110,re_activate_from_lost,0.5768,"[806.0, 274.4, 959.9, 650.4]","[816.3, 274.5, 949.6, 650.3]",0.6332,0.3668,0.7885,,,,,,69,4,0,
527,6_revive,108,108,revived,0.8672,"[1398.6, 332.3, 1458.0, 538.7]",,,,,0.7504,0.65,0.0807,1.0,0.7504,69,4,24,"[(108, 0.7503636479377747), (67, 0.669657289981842), (32, 0.662237823009491), (12, 0.6567831039428711), (48, 0.6502062678337097)]"
527,6_revive,77,77,revived,0.8989,"[352.4, 296.8, 511.7, 702.7]",,,,,0.7891,0.65,0.1036,1.0,0.7891,69,4,236,"[(77, 0.789129912853241), (8, 0.6854948401451111), (108, 0.6716651320457458), (67, 0.6351034641265869), (112, 0.6295385360717773)]"
528,6_revive,108,108,revived,0.8902,"[1401.3, 332.8, 1460.7, 536.0]",,,,,0.7919,0.65,0.0816,1.0,0.7919,69,3,26,"[(108, 0.7918667793273926), (67, 0.7102329730987549), (32, 0.676077127456665), (12, 0.6758930087089539), (88, 0.6681697368621826)]"
528,6_revive,108,108,revived,0.7064,"[1418.9, 347.6, 1467.5, 532.6]",,,,,0.8319,0.65,0.0853,1.0,0.8319,69,3,27,"[(108, 0.8318904638290405), (67, 0.7465740442276001), (12, 0.7235525846481323), (63, 0.7000151872634888), (38, 0.6974014043807983)]"
528,6_revive,77,77,revived,0.926,"[349.7, 293.1, 513.7, 733.7]",,,,,0.7855,0.65,0.1222,1.0,0.7855,69,3,238,"[(77, 0.7855401039123535), (8, 0.6633754968643188), (112, 0.6496322751045227), (108, 0.6492817997932434), (15, 0.6185266971588135)]"
529,6_revive,108,108,revived,0.8555,"[1400.0, 331.1, 1464.8, 537.0]",,,,,0.8079,0.65,0.0695,1.0,0.8079,69,4,29,"[(108, 0.8078753352165222), (67, 0.7383934855461121), (12, 0.6862295866012573), (32, 0.6813182234764099), (88, 0.6626172065734863)]"
529,6_revive,108,108,revived,0.7431,"[1421.6, 348.6, 1470.2, 531.6]",,,,,0.7987,0.65,0.0904,1.0,0.7987,69,4,30,"[(108, 0.7987018823623657), (67, 0.7083232402801514), (32, 0.6933092474937439), (12, 0.6773883104324341), (25, 0.6433752179145813)]"
529,6_revive,77,77,revived,0.896,"[350.0, 291.8, 508.6, 718.2]",,,,,0.7839,0.65,0.0963,1.0,0.7839,69,4,240,"[(77, 0.7838782072067261), (8, 0.6875367164611816), (112, 0.6455732583999634), (108, 0.6445434093475342), (15, 0.6320831179618835)]"
530,6_revive,108,108,revived,0.8133,"[1429.7, 349.7, 1475.6, 536.0]",,,,,0.809,0.65,0.0703,1.0,0.809,69,4,32,"[(108, 0.8090426921844482), (67, 0.7387455701828003), (32, 0.7386816740036011), (12, 0.722163200378418), (25, 0.7160220742225647)]"
530,6_revive,77,77,revived,0.7385,"[379.4, 316.4, 513.0, 641.2]",,,,,0.752,0.65,0.0765,1.0,0.752,69,4,242,"[(77, 0.7520476579666138), (8, 0.6755593419075012), (93, 0.6164038777351379), (112, 0.6092832684516907), (15, 0.5907348394393921)]"
530,6_new,67,118,margin_failed margin=0.030<0.04,0.6923,"[1397.2, 330.4, 1459.4, 539.7]",,,,,0.8271,0.6826,0.0304,1.0,,69,4,96,"[(67, 0.8271428346633911), (108, 0.7967265844345093), (12, 0.7594636082649231), (88, 0.7362068891525269), (114, 0.7196438312530518)]"
530,6_revive,77,77,revived,0.8872,"[344.9, 291.3, 500.2, 719.6]",,,,,0.7896,0.65,0.0966,1.0,0.7896,69,4,243,"[(77, 0.7896193861961365), (8, 0.6930088996887207), (108, 0.6400234699249268), (15, 0.6328856945037842), (112, 0.6326755285263062)]"
531,5,118,118,unconfirmed_update,0.6026,"[1390.5, 331.4, 1460.7, 552.2]","[1393.7, 331.2, 1458.6, 549.7]",0.1688,0.8312,,,,,,,,4,,
531,6_new,108,119,margin_failed margin=0.024<0.04,0.74,"[1431.0, 349.7, 1479.6, 536.6]",,,,,0.8135,0.65,0.0235,1.0,,69,4,34,"[(108, 0.8134622573852539), (67, 0.7899189591407776), (32, 0.7621324062347412), (12, 0.7342949509620667), (111, 0.7064188718795776)]"
531,6_revive,77,77,revived,0.7071,"[374.0, 314.7, 516.4, 654.8]",,,,,0.7522,0.65,0.0673,1.0,0.7522,69,4,245,"[(77, 0.7521908283233643), (8, 0.6849220991134644), (93, 0.6245715618133545), (112, 0.6019696593284607), (63, 0.598896861076355)]"
531,6_revive,77,77,revived,0.9139,"[331.9, 289.2, 495.5, 747.9]",,,,,0.7831,0.65,0.0978,1.0,0.7831,69,4,246,"[(77, 0.7830871939659119), (8, 0.685256838798523), (108, 0.6332529783248901), (112, 0.6282203793525696), (15, 0.6202244758605957)]"
532,5,119,119,unconfirmed_update,0.6057,"[1432.4, 346.3, 1486.4, 538.7]","[1433.7, 347.0, 1483.4, 538.2]",0.1697,0.8303,,,,,,,,4,,
532,6_revive,77,77,revived,0.797,"[376.7, 318.8, 517.7, 655.4]",,,,,0.7295,0.65,0.0421,1.0,0.7295,69,4,248,"[(77, 0.7295154929161072), (8, 0.6874107122421265), (93, 0.649752140045166), (94, 0.5884430408477783), (63, 0.5872646570205688)]"
532,6_revive,77,77,revived,0.9105,"[329.7, 286.5, 499.8, 742.5]",,,,,0.794,0.65,0.1046,1.0,0.794,69,4,249,"[(77, 0.7939668893814087), (8, 0.6893174052238464), (15, 0.6258814334869385), (108, 0.6240872740745544), (112, 0.6181308031082153)]"
533,3,118,118,re_activate_from_lost,0.6561,"[1394.6, 327.4, 1472.9, 544.0]","[1401.5, 327.7, 1466.3, 544.5]",0.1951,0.8049,0.4719,,,,,,69,5,0,
533,6_revive,77,77,revived,0.8319,"[378.3, 319.1, 519.4, 660.2]",,,,,0.7315,0.65,0.0474,1.0,0.7315,69,5,251,"[(77, 0.7314896583557129), (8, 0.684074878692627), (93, 0.6695165634155273), (94, 0.6179587841033936), (63, 0.608209490776062)]"
533,6_revive,77,77,revived,0.9077,"[333.5, 285.7, 511.7, 743.9]",,,,,0.774,0.65,0.0807,1.0,0.774,69,5,252,"[(77, 0.7739884257316589), (8, 0.6932862997055054), (108, 0.6226581335067749), (112, 0.6187087297439575), (63, 0.6129900217056274)]"
534,6_new,93,120,margin_failed margin=0.015<0.04,0.8269,"[387.5, 318.8, 517.7, 655.4]",,,,,0.7198,0.65,0.0149,1.0,,69,4,15,"[(93, 0.7197703123092651), (77, 0.7048848867416382), (8, 0.6737692952156067), (94, 0.6643073558807373), (40, 0.642146646976471)]"
534,6_revive,77,77,revived,0.9169,"[334.0, 285.2, 484.7, 743.9]",,,,,0.7628,0.65,0.0836,1.0,0.7628,69,4,254,"[(77, 0.7627995014190674), (8, 0.6792349815368652), (112, 0.6158163547515869), (15, 0.605938732624054), (58, 0.5955897569656372)]"
535,5,120,120,unconfirmed_update,0.845,"[389.8, 318.8, 518.1, 662.2]","[387.5, 318.8, 519.8, 660.8]",0.0396,0.9604,,,,,,,,4,,
535,6_revive,77,77,revived,0.9309,"[331.8, 284.5, 485.0, 758.7]",,,,,0.7585,0.65,0.0757,1.0,0.7585,69,4,256,"[(77, 0.7584916949272156), (8, 0.6827651858329773), (112, 0.6331243515014648), (15, 0.6120068430900574), (67, 0.6065176725387573)]"
536,6_revive,77,77,revived,0.9354,"[330.8, 284.3, 483.3, 770.2]",,,,,0.7278,0.65,0.0541,1.0,0.7278,69,4,258,"[(77, 0.727823793888092), (8, 0.6737682223320007), (93, 0.6610308885574341), (112, 0.6072449684143066), (39, 0.606592059135437)]"
537,6_revive,77,77,revived,0.9348,"[331.6, 283.5, 485.0, 750.6]",,,,,0.7368,0.65,0.0583,1.0,0.7368,70,5,260,"[(77, 0.7367755174636841), (93, 0.678490400314331), (8, 0.6784763932228088), (94, 0.6292629837989807), (39, 0.6248300075531006)]"
538,6_new,77,121,margin_failed margin=0.014<0.04,0.9484,"[320.5, 281.8, 486.3, 750.6]",,,,,0.7053,0.65,0.0136,1.0,,70,7,262,"[(77, 0.7052841186523438), (93, 0.6916843056678772), (8, 0.6666643023490906), (94, 0.6654096841812134), (58, 0.6325277090072632)]"
539,3,114,114,re_activate_from_lost,0.7752,"[816.8, 281.8, 939.6, 626.1]","[803.8, 281.3, 949.3, 625.9]",0.7399,0.2601,0.7984,,,,,,70,7,7,
539,3,110,110,re_activate_from_lost,0.7034,"[864.0, 309.2, 984.2, 605.5]","[869.2, 308.0, 978.8, 607.0]",0.3106,0.6894,0.5151,,,,,,70,7,1,
539,3,118,118,re_activate_from_lost,0.6893,"[1393.2, 320.0, 1503.9, 558.9]","[1410.4, 320.2, 1486.3, 557.8]",0.4236,0.5764,0.6027,,,,,,70,7,3,
539,5,121,121,unconfirmed_update,0.946,"[316.2, 282.5, 482.3, 773.6]","[314.0, 282.4, 486.1, 769.0]",0.0933,0.9067,,,,,,,,7,,
539,6_new,63,122,gate_failed sim=0.754<theta=0.767,0.714,"[436.7, 356.4, 515.0, 560.2]",,,,,0.7538,0.7667,0.021,1.0,,70,7,68,"[(63, 0.7538001537322998), (40, 0.7327624559402466), (48, 0.7304460406303406), (12, 0.7173618674278259), (71, 0.7092077136039734)]"
539,6_revive,114,114,revived,0.6917,"[818.1, 304.8, 909.9, 583.5]","[803.8, 281.3, 949.3, 625.9]",0.4896,0.5104,,0.7738,0.7089,0.1205,1.0,0.7738,70,7,8,"[(114, 0.7738333940505981), (103, 0.6533817052841187), (8, 0.6414980292320251), (48, 0.6370550394058228), (1, 0.6334267258644104)]"
540,5,122,122,unconfirmed_update,0.7725,"[432.7, 355.4, 513.0, 575.4]","[431.8, 355.6, 515.1, 572.4]",0.1404,0.8596,,,,,,,,4,,
540,5,114,114,unconfirmed_update,0.7077,"[805.3, 291.6, 907.9, 626.4]","[804.8, 294.2, 911.3, 617.8]",0.2832,0.7168,,,,,,,,4,,
540,6_revive,114,114,revived,0.7349,"[814.1, 279.3, 934.2, 633.8]",,,,,0.8554,0.7089,0.1878,1.0,0.8554,71,4,9,"[(114, 0.8553770780563354), (103, 0.6675432324409485), (1, 0.6508200764656067), (8, 0.6429855823516846), (48, 0.6350381374359131)]"
541,3,118,118,re_activate_from_lost,0.8569,"[1435.1, 337.0, 1513.4, 562.3]","[1432.1, 333.9, 1505.5, 562.1]",0.5308,0.4692,0.598,,,,,,71,5,4,
541,6_revive,118,118,revived,0.8086,"[1385.1, 321.6, 1458.0, 543.0]","[1432.1, 333.9, 1505.5, 562.1]",0.8026,0.1974,,0.8605,0.7667,0.1035,1.0,0.8605,72,5,5,"[(118, 0.8604750633239746), (67, 0.7570245862007141), (80, 0.749695897102356), (116, 0.7465871572494507), (108, 0.7304030656814575)]"
542,3,116,116,re_activate_from_lost,0.5907,"[1188.7, 334.5, 1253.5, 547.1]","[1184.3, 334.5, 1258.0, 547.0]",0.1365,0.8635,0.1518,,,,,,72,5,22,
542,5,118,118,unconfirmed_update,0.8236,"[1382.4, 322.7, 1458.0, 557.5]","[1382.3, 322.4, 1458.7, 554.6]",0.099,0.901,,,,,,,,5,,
542,6_revive,118,118,revived,0.898,"[1439.1, 334.1, 1514.7, 566.3]",,,,,0.8003,0.7667,0.0548,1.0,0.8003,72,5,6,"[(118, 0.8002837896347046), (116, 0.7455019950866699), (86, 0.7389117479324341), (119, 0.6763484477996826), (67, 0.6697152853012085)]"
543,6_new,118,123,margin_failed margin=0.006<0.04,0.8633,"[1441.8, 330.4, 1517.4, 561.9]",,,,,0.7741,0.7667,0.0059,1.0,,72,4,8,"[(118, 0.7740796804428101), (86, 0.7681591510772705), (119, 0.6909284591674805), (116, 0.6901670098304749), (108, 0.6640539169311523)]"
546,3,116,116,re_activate_from_lost,0.8759,"[1153.6, 327.7, 1244.0, 538.3]","[1163.3, 327.2, 1237.7, 537.0]",0.2879,0.7121,0.1149,,,,,,74,5,24,
546,6_new,93,124,margin_failed margin=0.027<0.04,0.815,"[172.5, 393.9, 296.7, 735.1]",,,,,0.7035,0.65,0.0268,1.0,,74,5,15,"[(93, 0.7034929990768433), (54, 0.6766899824142456), (118, 0.6715571880340576), (67, 0.6447482109069824), (105, 0.6423900127410889)]"
547,5,124,124,unconfirmed_update,0.8134,"[161.1, 389.5, 280.1, 728.3]","[161.7, 390.4, 285.1, 729.7]",0.2291,0.7709,,,,,,,,4,,
549,3,107,107,re_activate_from_lost,0.8515,"[565.3, 325.4, 637.5, 551.5]","[562.4, 324.9, 639.8, 551.5]",0.0889,0.9111,0.1041,,,,,,74,5,47,
549,6_revive,118,118,revived,0.6881,"[1413.5, 311.5, 1475.6, 544.4]",,,,,0.8523,0.7667,0.0411,1.0,0.8523,74,5,14,"[(118, 0.8523091673851013), (116, 0.8112051486968994), (67, 0.745003342628479), (108, 0.7152127027511597), (119, 0.7125828266143799)]"
550,6_revive,118,118,revived,0.765,"[1402.7, 312.7, 1472.9, 548.8]",,,,,0.8377,0.7445,0.0416,1.0,0.8377,74,4,16,"[(118, 0.8376622796058655), (116, 0.7960726022720337), (67, 0.7189686298370361), (108, 0.6827194690704346), (119, 0.674619197845459)]"
550,6_new,11,125,gate_failed sim=0.657<theta=0.660,0.7403,"[765.5, 805.3, 922.1, 1260.2]",,,,,0.6572,0.6602,0.0335,1.0,,74,4,30,"[(11, 0.657178521156311), (27, 0.6237146854400635), (61, 0.6212513446807861), (12, 0.615912914276123), (122, 0.6134213209152222)]"
550,6_new,116,126,margin_failed margin=0.011<0.04,0.6963,"[1225.8, 351.3, 1260.9, 458.7]",,,,,0.7527,0.7186,0.0106,1.0,,74,4,29,"[(116, 0.7527382373809814), (80, 0.7421251535415649), (86, 0.7222665548324585), (119, 0.7144073247909546), (107, 0.7013323903083801)]"
551,3,107,107,re_activate_from_lost,0.8821,"[545.4, 324.3, 621.7, 551.8]","[545.2, 324.5, 622.7, 551.7]",0.0484,0.9516,0.1217,,,,,,74,5,48,
551,6_revive,118,118,revived,0.7357,"[1387.8, 312.2, 1463.4, 547.8]",,,,,0.8171,0.6747,0.0645,1.0,0.8171,74,5,18,"[(118, 0.8171451687812805), (116, 0.7526613473892212), (5, 0.6815001964569092), (67, 0.6796377897262573), (108, 0.6521742939949036)]"
552,6_revive,118,118,revived,0.7411,"[1382.4, 311.0, 1458.0, 549.5]",,,,,0.804,0.6747,0.0685,1.0,0.804,75,3,20,"[(118, 0.8040292263031006), (116, 0.7354897856712341), (5, 0.6820271611213684), (67, 0.6743287444114685), (108, 0.649382472038269)]"
555,6_revive,118,118,revived,0.7875,"[1360.8, 308.3, 1431.0, 546.8]",,,,,0.8711,0.6747,0.0432,1.0,0.8711,75,4,24,"[(118, 0.8711065053939819), (116, 0.8279480338096619), (108, 0.7455912232398987), (67, 0.7315534353256226), (80, 0.7107363939285278)]"
557,3,122,122,re_activate_from_lost,0.7814,"[352.7, 347.6, 415.5, 534.6]","[352.1, 347.3, 416.3, 534.0]",0.0418,0.9582,0.0932,,,,,,75,8,15,
557,3,116,116,re_activate_from_lost,0.8274,"[1122.5, 318.1, 1192.7, 543.4]","[1117.7, 318.3, 1199.9, 542.6]",0.163,0.837,0.0651,,,,,,75,8,34,
557,3,107,107,re_activate_from_lost,0.6219,"[503.6, 322.0, 592.0, 553.5]","[506.6, 322.4, 587.2, 555.3]",0.1194,0.8806,0.1074,,,,,,75,8,53,
557,6_revive,118,118,revived,0.694,"[1353.4, 308.0, 1420.2, 551.5]",,,,,0.898,0.6747,0.0417,1.0,0.898,75,8,27,"[(118, 0.89802086353302), (116, 0.856352686882019), (67, 0.7777572870254517), (108, 0.770587146282196), (119, 0.7349265217781067)]"
558,3,114,114,re_activate_from_lost,0.6079,"[689.2, 321.3, 781.0, 594.7]","[690.0, 320.4, 780.4, 594.0]",0.6342,0.3658,0.7776,,,,,,75,5,13,
559,6_new,118,127,margin_failed margin=0.032<0.04,0.789,"[1352.0, 309.8, 1420.2, 555.5]",,,,,0.8733,0.6747,0.0323,1.0,,75,4,30,"[(118, 0.8733009696006775), (116, 0.841039776802063), (67, 0.7396159768104553), (108, 0.7379181385040283), (119, 0.7284334897994995)]"
560,3,117,117,re_activate_from_lost,0.7564,"[484.0, 329.6, 577.8, 621.0]","[481.8, 329.8, 579.8, 620.9]",0.4478,0.5522,0.1428,,,,,,75,5,15,
560,3,124,124,re_activate_from_lost,0.6544,"[31.4, 412.4, 150.5, 750.6]","[32.3, 409.4, 152.5, 757.2]",0.2105,0.7895,0.0963,,,,,,75,5,11,
560,5,127,127,unconfirmed_update,0.811,"[1350.7, 311.3, 1424.2, 558.2]","[1352.9, 311.0, 1421.4, 557.7]",0.0887,0.9113,,,,,,,,5,,
562,3,127,127,re_activate_from_lost,0.7423,"[1350.0, 309.3, 1420.2, 561.6]","[1350.9, 309.3, 1420.8, 561.0]",0.2039,0.7961,0.4091,,,,,,75,6,0,
563,3,117,117,re_activate_from_lost,0.6971,"[504.9, 326.7, 589.3, 569.0]","[502.9, 326.5, 588.1, 577.8]",0.319,0.681,0.1373,,,,,,75,7,16,
563,3,122,122,re_activate_from_lost,0.8366,"[341.2, 351.7, 410.7, 542.7]","[344.4, 351.5, 410.3, 542.0]",0.1855,0.8145,0.1139,,,,,,75,7,20,
563,3,124,124,re_activate_from_lost,0.6568,"[-17.6, 408.7, 121.8, 727.7]","[-6.5, 407.7, 108.8, 721.4]",0.3446,0.6554,0.0746,,,,,,75,7,13,
564,6_revive,119,119,revived,0.6968,"[1455.3, 333.8, 1517.4, 547.8]",,,,,0.8252,0.6981,0.0708,1.0,0.8252,75,4,32,"[(119, 0.8252325057983398), (89, 0.7543939352035522), (116, 0.7498390674591064), (118, 0.699247419834137), (108, 0.6786681413650513)]"
565,6_revive,119,119,revived,0.6809,"[1463.4, 327.7, 1520.1, 554.5]",,,,,0.8103,0.6981,0.0541,1.0,0.8103,75,4,34,"[(119, 0.8103231191635132), (89, 0.7562270164489746), (116, 0.7388791441917419), (118, 0.6784847974777222), (50, 0.6701091527938843)]"
566,6_revive,119,119,revived,0.7897,"[1476.9, 327.4, 1533.6, 540.0]",,,,,0.7998,0.6981,0.0697,1.0,0.7998,76,5,36,"[(119, 0.7998428344726562), (89, 0.7301356792449951), (116, 0.7057784199714661), (118, 0.6550867557525635), (50, 0.6543713808059692)]"
567,6_revive,119,119,revived,0.6999,"[1483.7, 328.2, 1540.4, 550.8]",,,,,0.8278,0.6981,0.0801,1.0,0.8278,76,6,38,"[(119, 0.8278239965438843), (89, 0.747719943523407), (116, 0.7368389368057251), (50, 0.6844638586044312), (118, 0.6704509854316711)]"
568,3,124,124,re_activate_from_lost,0.6134,"[-18.6, 391.8, 102.3, 720.9]","[-19.9, 391.9, 103.4, 719.8]",0.0252,0.9748,0.0704,,,,,,76,7,17,
568,6_revive,119,119,revived,0.6765,"[1489.1, 326.9, 1551.2, 545.4]",,,,,0.7999,0.6981,0.0663,1.0,0.7999,76,7,40,"[(119, 0.799942135810852), (89, 0.7336663603782654), (116, 0.7022635340690613), (118, 0.6471706628799438), (111, 0.6389105319976807)]"
570,3,117,117,re_activate_from_lost,0.7041,"[543.7, 321.0, 619.3, 551.1]","[543.6, 320.3, 621.3, 550.2]",0.4172,0.5828,0.1385,,,,,,76,6,18,
570,3,107,107,re_activate_from_lost,0.6474,"[505.2, 318.3, 603.1, 632.1]","[501.6, 319.1, 606.7, 632.5]",0.0988,0.9012,0.0997,,,,,,76,6,62,
576,6_revive,114,114,revived,0.6819,"[826.9, 316.1, 934.9, 610.9]","[715.8, 336.7, 805.9, 611.4]",1.0,0.0,,0.8527,0.7089,0.1047,1.0,0.8527,76,6,15,"[(114, 0.8527473211288452), (103, 0.7480971813201904), (1, 0.7368288040161133), (108, 0.7280610203742981), (124, 0.7146611213684082)]"
577,5,114,114,unconfirmed_update,0.5714,"[828.9, 316.6, 935.6, 609.5]","[828.2, 316.5, 935.7, 609.8]",0.0309,0.9691,,,,,,,,5,,
578,3,117,117,re_activate_from_lost,0.8534,"[572.7, 319.6, 653.1, 548.4]","[574.5, 319.4, 652.5, 548.3]",0.3203,0.6797,0.1178,,,,,,76,5,19,
578,6_revive,119,119,revived,0.6959,"[1563.3, 332.8, 1628.1, 527.9]",,,,,0.8415,0.6981,0.0889,1.0,0.8415,76,5,51,"[(119, 0.8414844274520874), (116, 0.752608060836792), (89, 0.710451602935791), (118, 0.6742540597915649), (67, 0.672076404094696)]"
581,3,107,107,re_activate_from_lost,0.7436,"[533.9, 317.9, 643.3, 654.1]","[532.2, 318.6, 644.0, 654.2]",0.3353,0.6647,0.0853,,,,,,76,5,63,
581,6_new,108,128,margin_failed margin=0.010<0.04,0.6927,"[885.6, 339.4, 939.6, 502.5]","[1654.0, 411.3, 1716.3, 631.5]",1.0,0.0,,0.7496,0.65,0.0101,1.0,,76,5,57,"[(108, 0.7495893239974976), (114, 0.7395240664482117), (63, 0.6991264820098877), (111, 0.6934848427772522), (118, 0.6903359889984131)]"
582,3,114,114,re_activate_from_lost,0.8368,"[893.0, 337.7, 952.4, 500.2]","[891.9, 337.2, 952.5, 502.6]",0.6937,0.3063,0.7437,,,,,,76,4,16,
583,6_revive,119,119,revived,0.7226,"[1590.3, 332.3, 1652.4, 529.2]",,,,,0.8477,0.6981,0.1509,1.0,0.8477,76,3,57,"[(119, 0.8476529121398926), (116, 0.6967869997024536), (89, 0.6897628307342529), (98, 0.6254223585128784), (50, 0.6228578090667725)]"
585,3,114,114,re_activate_from_lost,0.8702,"[901.1, 330.1, 961.9, 493.4]","[902.9, 329.5, 962.0, 490.7]",0.3484,0.6516,0.1511,,,,,,76,4,18,
589,6_new,120,129,margin_failed margin=0.002<0.04,0.8717,"[-47.3, 366.5, 148.2, 980.8]",,,,,0.6945,0.6612,0.0019,1.0,,76,3,54,"[(120, 0.6944697499275208), (108, 0.6925914287567139), (118, 0.6706769466400146), (85, 0.6558034420013428), (121, 0.6529102921485901)]"
590,5,129,129,unconfirmed_update,0.8228,"[-46.5, 365.2, 145.4, 986.2]","[-49.0, 365.4, 148.3, 985.1]",0.0294,0.9706,,,,,,,,4,,
591,6_revive,118,118,revived,0.92,"[1310.9, 284.2, 1397.2, 567.7]",,,,,0.7846,0.6747,0.0838,1.0,0.7846,76,4,62,"[(118, 0.7845652103424072), (88, 0.7007447481155396), (98, 0.6776593923568726), (12, 0.6683647632598877), (108, 0.6666425466537476)]"
593,3,114,114,re_activate_from_lost,0.7657,"[919.4, 322.0, 982.8, 490.1]","[920.4, 321.3, 982.7, 489.2]",0.4392,0.5608,0.1597,,,,,,76,5,20,
595,3,117,117,re_activate_from_lost,0.8141,"[609.5, 306.1, 677.0, 537.6]","[604.0, 306.0, 683.1, 540.3]",0.265,0.735,0.1096,,,,,,76,8,34,
595,3,118,118,re_activate_from_lost,0.933,"[1304.8, 284.2, 1409.4, 571.7]","[1312.1, 283.3, 1403.5, 570.5]",0.1705,0.8295,0.1025,,,,,,76,8,65,
595,3,116,116,re_activate_from_lost,0.8947,"[1270.4, 295.7, 1337.9, 550.8]","[1267.5, 295.1, 1337.3, 549.6]",0.2197,0.7803,0.1161,,,,,,76,8,71,
596,3,114,114,re_activate_from_lost,0.6582,"[941.6, 328.4, 1007.8, 491.7]","[943.4, 326.9, 1005.1, 491.0]",0.1707,0.8293,0.4542,,,,,,76,5,21,
599,3,114,114,re_activate_from_lost,0.8817,"[968.6, 320.8, 1034.8, 485.3]","[970.1, 320.6, 1032.5, 485.0]",0.1019,0.8981,0.1276,,,,,,76,6,22,
601,6_new,112,130,margin_failed margin=0.036<0.04,0.6841,"[-36.8, 387.8, 240.5, 1076.0]",,,,,0.8514,0.7551,0.0362,1.0,,76,6,93,"[(112, 0.8513592481613159), (91, 0.8151354789733887), (8, 0.6733691692352295), (25, 0.6677582263946533), (15, 0.6614223718643188)]"
602,6_revive,119,119,revived,0.6721,"[1765.8, 317.8, 1827.9, 519.8]",,,,,0.8449,0.6981,0.1116,1.0,0.8449,76,5,77,"[(119, 0.8449063897132874), (116, 0.7333188056945801), (89, 0.6849476099014282), (86, 0.6462883949279785), (111, 0.6433513760566711)]"
604,3,117,117,re_activate_from_lost,0.6488,"[672.0, 304.6, 727.0, 504.2]","[668.0, 303.5, 732.8, 504.9]",0.4908,0.5092,0.1313,,,,,,76,6,37,
609,3,116,116,re_activate_from_lost,0.9318,"[1376.3, 248.4, 1487.7, 562.3]","[1387.7, 249.7, 1477.3, 560.4]",0.4693,0.5307,0.5055,,,,,,76,5,79,
614,3,114,114,re_activate_from_lost,0.7906,"[1118.5, 284.2, 1183.3, 459.7]","[1116.6, 285.1, 1184.4, 460.1]",0.1135,0.8865,0.1142,,,,,,76,6,35,
622,3,114,114,re_activate_from_lost,0.638,"[1177.2, 234.6, 1243.4, 421.5]","[1175.7, 235.0, 1245.0, 420.6]",0.0571,0.9429,0.0935,,,,,,76,6,42,
627,6_revive,115,115,revived,0.8022,"[457.7, 55.4, 706.1, 739.1]",,,,,0.8281,0.7667,0.131,1.0,0.8281,76,5,114,"[(115, 0.828108549118042), (34, 0.697070837020874), (107, 0.6900198459625244), (13, 0.6540235877037048), (117, 0.6262220144271851)]"
628,6_revive,115,115,revived,0.7352,"[435.4, 51.6, 695.9, 743.9]",,,,,0.8255,0.7667,0.1231,1.0,0.8255,76,5,116,"[(115, 0.8255448341369629), (34, 0.7024266719818115), (107, 0.6917080283164978), (13, 0.6606446504592896), (117, 0.6386711597442627)]"
629,6_revive,115,115,revived,0.7852,"[436.7, 43.9, 716.9, 752.0]",,,,,0.8386,0.7667,0.1304,1.0,0.8386,76,5,118,"[(115, 0.8386073112487793), (107, 0.7082252502441406), (34, 0.691596269607544), (117, 0.6314807534217834), (114, 0.6199332475662231)]"
631,6_revive,115,115,revived,0.6745,"[404.0, 24.6, 706.1, 837.0]",,,,,0.8508,0.7667,0.117,1.0,0.8508,76,4,121,"[(115, 0.8508439064025879), (107, 0.7338006496429443), (34, 0.7060306072235107), (117, 0.6625987887382507), (122, 0.6509890556335449)]"
631,6_new,12,131,margin_failed margin=0.023<0.04,0.8929,"[749.9, 242.3, 813.4, 441.8]",,,,,0.7242,0.6742,0.0226,1.0,,76,4,257,"[(12, 0.7241635322570801), (117, 0.7015942931175232), (71, 0.6848440766334534), (64, 0.6827753782272339), (67, 0.6583557724952698)]"
632,3,118,118,re_activate_from_lost,0.7517,"[1663.2, 162.0, 1768.5, 491.4]","[1658.2, 162.3, 1773.4, 491.4]",0.1163,0.8837,0.3357,,,,,,76,4,89,
632,5,131,131,unconfirmed_update,0.927,"[762.8, 241.7, 824.9, 442.8]","[759.4, 241.8, 823.3, 442.6]",0.329,0.671,,,,,,,,4,,
632,6_revive,115,115,revived,0.6971,"[411.1, 38.5, 699.3, 816.1]",,,,,0.8551,0.7667,0.1383,1.0,0.8551,76,4,123,"[(115, 0.8550678491592407), (107, 0.7167710661888123), (34, 0.7081453204154968), (117, 0.6392324566841125), (114, 0.6281136870384216)]"
633,6_revive,115,115,revived,0.7977,"[422.2, 25.3, 696.6, 789.8]",,,,,0.8639,0.7667,0.1538,1.0,0.8639,76,3,125,"[(115, 0.863879919052124), (107, 0.7100690603256226), (34, 0.6740133762359619), (117, 0.6132694482803345), (122, 0.6050608158111572)]"
636,3,118,118,re_activate_from_lost,0.5893,"[1718.6, 156.8, 1834.7, 487.3]","[1719.1, 156.7, 1834.9, 487.2]",0.0622,0.9378,0.4474,,,,,,76,4,90,
637,6_revive,115,115,revived,0.7301,"[200.6, -101.2, 627.1, 1039.5]",,,,,0.8577,0.7667,0.1457,1.0,0.8577,77,3,130,"[(115, 0.8577069640159607), (107, 0.7120195627212524), (34, 0.6985838413238525), (117, 0.6599363684654236), (111, 0.636818528175354)]"
641,3,114,114,re_activate_from_lost,0.7535,"[1422.9, 214.7, 1490.4, 387.5]","[1424.2, 214.7, 1489.4, 387.6]",0.4029,0.5971,0.1313,,,,,,77,2,43,
645,6_new,67,132,gate_failed sim=0.651<theta=0.683,0.6837,"[1169.8, 984.2, 1186.0, 1019.3]",,,,,0.6511,0.6826,0.0136,1.0,,77,2,96,"[(67, 0.651138186454773), (118, 0.6375374794006348), (114, 0.6186598539352417), (12, 0.6093676090240479), (73, 0.602539598941803)]"
647,3,114,114,re_activate_from_lost,0.8216,"[1479.6, 222.4, 1544.4, 426.3]","[1474.7, 222.8, 1547.4, 425.3]",0.1394,0.8606,0.125,,,,,,77,3,48,
649,6_new,108,133,margin_failed margin=0.026<0.04,0.7004,"[1149.5, 232.9, 1226.5, 454.6]",,,,,0.7204,0.65,0.0264,1.0,,77,2,57,"[(108, 0.7204233407974243), (8, 0.6940056085586548), (85, 0.6726535558700562), (2, 0.6715435981750488), (103, 0.670641303062439)]"
651,6_new,12,134,margin_failed margin=0.009<0.04,0.8409,"[738.5, 227.1, 828.9, 466.1]",,,,,0.728,0.6742,0.009,1.0,,77,2,257,"[(12, 0.7280097603797913), (71, 0.7190219163894653), (67, 0.6937130689620972), (131, 0.6899987459182739), (64, 0.6804361343383789)]"
652,5,134,134,unconfirmed_update,0.8816,"[741.8, 226.8, 829.6, 467.8]","[739.8, 226.9, 830.8, 467.4]",0.0522,0.9478,,,,,,,,2,,
652,6_revive,108,108,revived,0.7584,"[1153.6, 221.7, 1244.0, 467.8]",,,,,0.7618,0.65,0.0695,1.0,0.7618,77,2,57,"[(108, 0.7618129253387451), (103, 0.6922882795333862), (118, 0.6748347282409668), (85, 0.6671173572540283), (77, 0.6664095520973206)]"
653,5,108,108,unconfirmed_update,0.8433,"[1161.0, 223.4, 1247.4, 457.3]","[1159.7, 223.1, 1246.6, 459.4]",0.1573,0.8427,,,,,,,,2,,
654,3,114,114,re_activate_from_lost,0.7778,"[1520.1, 232.7, 1568.7, 425.9]","[1514.4, 232.5, 1574.9, 424.4]",0.225,0.775,0.0956,,,,,,77,3,54,
661,6_new,12,135,margin_failed margin=0.022<0.04,0.781,"[21.7, 298.7, 64.8, 422.2]",,,,,0.7945,0.6742,0.0218,1.0,,78,4,257,"[(12, 0.7944566607475281), (44, 0.7726823091506958), (59, 0.7491617202758789), (71, 0.7323761582374573), (48, 0.7090111374855042)]"
661,6_new,117,136,margin_failed margin=0.029<0.04,0.7741,"[970.7, 258.5, 1039.5, 465.8]",,,,,0.739,0.6601,0.0289,1.0,,78,4,95,"[(117, 0.7389585971832275), (67, 0.7100144028663635), (122, 0.7073778510093689), (131, 0.7045432329177856), (134, 0.6925901174545288)]"
661,6_revive,4,4,revived,0.6885,"[1074.6, 225.1, 1161.0, 487.0]",,,,,0.8081,0.65,0.0548,1.0,0.8081,78,4,418,"[(4, 0.8081334829330444), (13, 0.7533004283905029), (103, 0.7522523403167725), (117, 0.6621754169464111), (124, 0.6504479646682739)]"
662,5,135,135,unconfirmed_update,0.7317,"[18.0, 299.9, 56.7, 419.9]","[17.5, 299.6, 59.6, 420.3]",0.274,0.726,,,,,,,,4,,
662,5,136,136,unconfirmed_update,0.8309,"[968.6, 256.2, 1038.8, 465.4]","[969.3, 256.6, 1038.7, 465.5]",0.0503,0.9497,,,,,,,,4,,
662,5,4,4,unconfirmed_update,0.7041,"[1076.0, 222.1, 1159.7, 478.6]","[1075.3, 222.7, 1160.3, 480.3]",0.0729,0.9271,,,,,,,,4,,
662,6_new,12,137,margin_failed margin=0.022<0.04,0.7412,"[639.9, 316.9, 709.4, 416.8]",,,,,0.741,0.6742,0.0223,1.0,,78,4,257,"[(12, 0.7410314083099365), (107, 0.7187256813049316), (71, 0.6893476247787476), (38, 0.6859371662139893), (44, 0.6814447641372681)]"
664,3,135,135,re_activate_from_lost,0.6875,"[12.1, 301.2, 54.2, 425.2]","[12.1, 301.3, 55.2, 425.0]",0.2548,0.7452,0.4877,,,,,,78,5,0,
664,6_new,96,138,gate_failed sim=0.719<theta=0.767,0.7945,"[639.9, 275.7, 693.2, 407.7]",,,,,0.7192,0.7667,0.003,1.0,,78,5,5,"[(96, 0.7191817760467529), (44, 0.7161870002746582), (59, 0.6850662231445312), (12, 0.6712361574172974), (97, 0.6597535610198975)]"
666,6_new,12,139,margin_failed margin=0.002<0.04,0.7995,"[573.1, 320.8, 652.1, 415.1]",,,,,0.7107,0.6742,0.002,1.0,,78,4,257,"[(12, 0.7107086777687073), (44, 0.7086893320083618), (59, 0.6971669793128967), (87, 0.685327410697937), (71, 0.6704721450805664)]"
667,5,139,139,unconfirmed_update,0.8691,"[581.5, 324.2, 658.5, 412.8]","[580.9, 323.5, 656.1, 413.2]",0.2206,0.7794,,,,,,,,4,,
668,3,135,135,re_activate_from_lost,0.6805,"[15.4, 312.0, 59.9, 428.3]","[17.1, 311.5, 58.5, 429.4]",0.1113,0.8887,0.3953,,,,,,79,5,3,
668,6_revive,108,108,revived,0.8376,"[1202.2, 240.6, 1287.2, 457.3]",,,,,0.8112,0.65,0.1174,1.0,0.8112,79,5,71,"[(108, 0.8111737966537476), (117, 0.6937994956970215), (77, 0.6874498724937439), (86, 0.6858885288238525), (85, 0.6850001215934753)]"
668,6_new,44,140,margin_failed margin=0.022<0.04,0.7451,"[524.1, 304.4, 557.2, 383.7]",,,,,0.7503,0.7032,0.0221,1.0,,79,5,143,"[(44, 0.7502776384353638), (59, 0.7281532287597656), (34, 0.7135462164878845), (71, 0.7092918157577515), (12, 0.7017531991004944)]"
669,5,108,108,unconfirmed_update,0.8701,"[1211.6, 246.0, 1294.0, 460.0]","[1209.1, 245.0, 1293.3, 459.5]",0.2044,0.7956,,,,,,,,4,,
669,5,140,140,unconfirmed_update,0.7651,"[529.2, 307.3, 563.6, 388.1]","[528.5, 306.7, 562.1, 387.2]",0.344,0.656,,,,,,,,4,,
669,6_new,12,141,margin_failed margin=0.010<0.04,0.7961,"[656.1, 336.3, 729.0, 428.3]",,,,,0.7323,0.6742,0.0103,1.0,,80,4,257,"[(12, 0.7322525978088379), (44, 0.7219139337539673), (71, 0.7205576300621033), (64, 0.7151390910148621), (122, 0.7138832807540894)]"
669,6_revive,12,12,revived,0.7544,"[494.4, 303.9, 528.9, 395.6]",,,,,0.8158,0.6742,0.08,1.0,0.8158,80,4,257,"[(12, 0.8158419728279114), (11, 0.7358009815216064), (48, 0.7304791808128357), (27, 0.7302814722061157), (64, 0.7264015078544617)]"
669,6_revive,12,12,revived,0.7095,"[465.8, 304.8, 495.5, 386.4]",,,,,0.8189,0.6742,0.0726,1.0,0.8189,80,4,258,"[(12, 0.8189153671264648), (44, 0.7462889552116394), (59, 0.7424052953720093), (71, 0.7296147346496582), (67, 0.7229709625244141)]"
670,5,12,12,unconfirmed_update,0.635,"[503.9, 303.8, 535.6, 387.1]","[502.2, 303.8, 534.1, 388.8]",0.4417,0.5583,,,,,,,,4,,
674,3,140,140,re_activate_from_lost,0.6456,"[566.0, 314.4, 599.1, 396.2]","[565.6, 314.3, 599.6, 396.0]",0.2118,0.7882,0.4911,,,,,,80,7,1,
675,3,139,139,re_activate_from_lost,0.8395,"[640.2, 337.2, 714.8, 430.3]","[638.8, 337.2, 716.6, 430.1]",0.0813,0.9187,0.2287,,,,,,80,5,4,
675,6_new,12,142,margin_failed margin=0.006<0.04,0.7287,"[593.0, 347.0, 668.6, 428.0]",,,,,0.7833,0.6742,0.0062,1.0,,81,5,259,"[(12, 0.7832567095756531), (139, 0.7771027088165283), (71, 0.764487624168396), (59, 0.7542458176612854), (64, 0.7484900951385498)]"
677,6_new,139,143,gate_failed sim=0.696<theta=0.767,0.7304,"[553.5, 321.6, 622.4, 423.6]","[660.7, 334.6, 738.8, 427.9]",1.0,0.0,,0.6957,0.7667,0.0159,1.0,,82,6,5,"[(139, 0.6957167387008667), (12, 0.6798179149627686), (59, 0.662918746471405), (71, 0.6586034297943115), (67, 0.6437450647354126)]"
677,6_new,12,144,margin_failed margin=0.026<0.04,0.6819,"[617.6, 344.8, 685.8, 427.6]",,,,,0.7559,0.6742,0.0255,1.0,,82,6,259,"[(12, 0.7558640241622925), (139, 0.7303464412689209), (64, 0.7213036417961121), (71, 0.7207940220832825), (38, 0.7093274593353271)]"
677,6_revive,12,12,revived,0.6757,"[551.8, 306.5, 582.2, 393.5]",,,,,0.8374,0.6742,0.0691,1.0,0.8374,82,6,259,"[(12, 0.8373630046844482), (71, 0.768309473991394), (64, 0.7533557415008545), (59, 0.7422187328338623), (107, 0.7350246906280518)]"
679,6_new,12,145,margin_failed margin=0.026<0.04,0.7861,"[637.2, 340.5, 708.1, 419.5]",,,,,0.7707,0.6742,0.0256,1.0,,82,6,260,"[(12, 0.7706577777862549), (71, 0.7450839281082153), (64, 0.7315851449966431), (59, 0.7311766147613525), (38, 0.730496883392334)]"
680,3,135,135,re_activate_from_lost,0.7871,"[115.2, 298.7, 155.2, 414.8]","[114.4, 298.7, 155.3, 414.7]",0.6069,0.3931,0.6906,,,,,,82,6,5,
682,6_new,89,146,gate_failed sim=0.745<theta=0.767,0.9168,"[1385.1, 253.8, 1458.0, 474.5]",,,,,0.7449,0.7667,0.0092,1.0,,82,6,11,"[(89, 0.7448819875717163), (108, 0.7357174158096313), (12, 0.7069626450538635), (107, 0.7040256261825562), (116, 0.7009569406509399)]"
683,3,139,139,re_activate_from_lost,0.8545,"[723.6, 322.7, 804.6, 418.5]","[724.1, 322.6, 804.4, 418.3]",0.1583,0.8417,0.062,,,,,,82,6,5,
683,3,140,140,re_activate_from_lost,0.8019,"[660.8, 293.0, 695.2, 389.5]","[659.2, 293.3, 697.8, 388.2]",0.3223,0.6777,0.0855,,,,,,82,6,7,
683,5,146,146,unconfirmed_update,0.9323,"[1402.7, 252.8, 1475.6, 469.5]","[1399.7, 253.0, 1471.5, 470.5]",0.4016,0.5984,,,,,,,,6,,
683,6_new,12,147,margin_failed margin=0.015<0.04,0.8371,"[685.1, 330.8, 754.0, 407.0]",,,,,0.742,0.6742,0.0154,1.0,,82,6,260,"[(12, 0.7420459389686584), (139, 0.7266870141029358), (71, 0.7003192901611328), (64, 0.6980642080307007), (117, 0.6900634765625)]"
683,6_new,135,148,margin_failed margin=0.003<0.04,0.7119,"[1.8, 289.1, 38.6, 401.3]",,,,,0.7956,0.7667,0.0032,1.0,,82,6,9,"[(135, 0.7955965399742126), (44, 0.7923734188079834), (140, 0.7738046646118164), (38, 0.7401735186576843), (12, 0.7356991767883301)]"
683,6_new,139,149,gate_failed sim=0.750<theta=0.767,0.6916,"[632.1, 326.7, 703.4, 407.7]","[724.1, 322.6, 804.4, 418.3]",1.0,0.0,,0.7503,0.7667,0.0114,1.0,,82,6,6,"[(139, 0.7503167986869812), (12, 0.7389630079269409), (59, 0.70340895652771), (71, 0.7027735710144043), (54, 0.6898912191390991)]"
683,6_revive,12,12,revived,0.6741,"[631.1, 291.9, 660.2, 388.1]",,,,,0.8159,0.6742,0.0431,1.0,0.8159,82,6,260,"[(12, 0.8159031867980957), (71, 0.7727800011634827), (67, 0.7593283653259277), (117, 0.7535701990127563), (107, 0.7363734245300293)]"
684,5,147,147,unconfirmed_update,0.5866,"[697.3, 329.4, 764.8, 404.3]","[694.8, 329.7, 762.7, 404.9]",0.3203,0.6797,,,,,,,,4,,
686,6_new,44,150,margin_failed margin=0.008<0.04,0.6867,"[29.6, 276.9, 73.9, 385.1]",,,,,0.7369,0.7032,0.0084,1.0,,82,7,143,"[(44, 0.7368759512901306), (34, 0.7284847497940063), (135, 0.7259206771850586), (140, 0.7139337062835693), (38, 0.6732703447341919)]"
687,5,150,150,unconfirmed_update,0.7362,"[35.0, 274.7, 80.6, 414.1]","[29.4, 275.2, 83.8, 408.3]",0.3933,0.6067,,,,,,,,6,,
688,3,139,139,re_activate_from_lost,0.8966,"[767.5, 315.4, 845.8, 407.4]","[767.5, 315.4, 845.1, 407.7]",0.1318,0.8682,0.0491,,,,,,82,5,6,
688,3,135,135,re_activate_from_lost,0.5997,"[178.5, 278.6, 214.7, 391.5]","[177.9, 278.1, 215.9, 390.9]",0.2023,0.7977,0.1182,,,,,,82,5,10,
688,3,147,147,re_activate_from_lost,0.6047,"[730.4, 318.8, 791.1, 399.6]","[724.5, 318.9, 796.8, 399.6]",0.1623,0.8377,0.4935,,,,,,82,5,0,
688,6_new,12,151,margin_failed margin=0.028<0.04,0.7241,"[673.7, 281.1, 708.8, 394.2]",,,,,0.739,0.6742,0.0277,1.0,,83,5,261,"[(12, 0.7389686107635498), (71, 0.7113084197044373), (67, 0.6989291906356812), (59, 0.6937615871429443), (117, 0.6910312175750732)]"
690,3,147,147,re_activate_from_lost,0.8482,"[730.4, 316.7, 800.6, 392.2]","[731.9, 316.0, 800.6, 392.5]",0.1826,0.8174,0.3067,,,,,,83,5,1,
690,6_new,87,152,gate_failed sim=0.754<theta=0.767,0.7551,"[1584.9, 252.6, 1674.0, 475.2]",,,,,0.7538,0.7667,0.0089,1.0,,83,5,25,"[(87, 0.7538371086120605), (146, 0.7449201941490173), (111, 0.7195587754249573), (140, 0.7138656377792358), (114, 0.70059734582901)]"
690,6_new,4,153,margin_failed margin=0.000<0.04,0.6971,"[1691.6, 200.1, 1910.3, 698.0]",,,,,0.7615,0.65,0.0005,1.0,,83,5,447,"[(4, 0.7615435123443604), (103, 0.7610815763473511), (116, 0.7026609182357788), (13, 0.6694971323013306), (118, 0.6567634344100952)]"
690,6_revive,134,134,revived,0.6747,"[845.1, 231.5, 914.0, 415.5]",,,,,0.8009,0.7667,0.0531,1.0,0.8009,83,5,38,"[(134, 0.8009358644485474), (122, 0.7478501200675964), (107, 0.6655240058898926), (127, 0.6523654460906982), (89, 0.6509720087051392)]"
691,5,153,153,unconfirmed_update,0.7338,"[1694.2, 200.5, 1910.3, 709.4]","[1690.7, 200.4, 1913.2, 707.1]",0.035,0.965,,,,,,,,4,,
691,6_revive,134,134,revived,0.7884,"[841.7, 235.2, 911.9, 421.9]",,,,,0.8092,0.7667,0.0546,1.0,0.8092,83,4,40,"[(134, 0.809190034866333), (122, 0.7545859813690186), (97, 0.7128745913505554), (107, 0.6870635747909546), (115, 0.680957555770874)]"
692,3,150,150,re_activate_from_lost,0.7215,"[41.5, 260.6, 80.4, 374.0]","[38.3, 260.2, 84.1, 373.7]",0.3496,0.6504,0.5307,,,,,,83,5,1,
692,3,147,147,re_activate_from_lost,0.8559,"[735.1, 313.7, 805.3, 391.2]","[735.9, 313.5, 805.2, 390.6]",0.1077,0.8923,0.2362,,,,,,83,5,2,
692,6_new,111,154,margin_failed margin=0.001<0.04,0.8779,"[1595.7, 251.4, 1684.8, 472.2]",,,,,0.7575,0.6663,0.0008,1.0,,83,5,77,"[(111, 0.7574738264083862), (140, 0.7566803097724915), (87, 0.7322821617126465), (146, 0.7304105758666992), (114, 0.7218143343925476)]"
692,6_new,134,155,gate_failed sim=0.763<theta=0.767,0.7267,"[844.4, 238.6, 913.3, 412.1]",,,,,0.7626,0.7667,0.0501,1.0,,83,5,42,"[(134, 0.7626445293426514), (122, 0.7125582695007324), (97, 0.6979304552078247), (115, 0.6750689148902893), (140, 0.6669257879257202)]"
693,5,154,154,unconfirmed_update,0.9224,"[1602.5, 259.9, 1688.9, 469.8]","[1601.8, 258.2, 1687.4, 470.3]",0.1574,0.8426,,,,,,,,3,,
693,5,155,155,unconfirmed_update,0.732,"[845.8, 260.6, 914.6, 409.1]","[849.4, 256.2, 910.4, 409.7]",0.1746,0.8254,,,,,,,,3,,
693,6_revive,140,140,revived,0.6856,"[729.0, 277.1, 756.0, 366.2]",,,,,0.8101,0.7667,0.0442,1.0,0.8101,83,3,18,"[(140, 0.8100614547729492), (139, 0.7658652067184448), (64, 0.7374283671379089), (71, 0.7304856777191162), (12, 0.7208186388015747)]"
693,6_new,136,156,gate_failed sim=0.710<theta=0.767,0.6761,"[1001.7, 295.1, 1026.0, 365.9]",,,,,0.7101,0.7667,0.0541,1.0,,83,3,31,"[(136, 0.7101412415504456), (131, 0.6560727953910828), (59, 0.6515030860900879), (64, 0.6393346786499023), (117, 0.6290234327316284)]"
694,3,153,153,re_activate_from_lost,0.6241,"[1703.7, 197.1, 1930.5, 714.2]","[1703.6, 196.9, 1931.0, 715.5]",0.0512,0.9488,0.4079,,,,,,83,4,1,
695,6_revive,140,140,revived,0.7459,"[733.1, 273.2, 760.1, 354.4]",,,,,0.7841,0.7661,0.0719,1.0,0.7841,84,3,21,"[(140, 0.7840579152107239), (63, 0.7121221423149109), (64, 0.708915114402771), (71, 0.7022562026977539), (139, 0.6975802183151245)]"
696,3,135,135,re_activate_from_lost,0.7044,"[167.8, 258.2, 210.9, 377.3]","[169.9, 258.3, 210.4, 377.2]",0.6357,0.3643,0.7434,,,,,,84,8,11,
696,3,154,154,re_activate_from_lost,0.8697,"[1622.7, 254.1, 1706.4, 466.1]","[1621.2, 254.5, 1707.3, 467.7]",0.141,0.859,0.2529,,,,,,84,8,1,
696,6_revive,140,140,revived,0.7608,"[735.8, 272.0, 762.8, 353.7]",,,,,0.823,0.7661,0.0984,1.0,0.823,84,8,23,"[(140, 0.8230178356170654), (64, 0.7245792150497437), (139, 0.7199795246124268), (63, 0.7117413878440857), (59, 0.69905686378479)]"
697,3,146,146,re_activate_from_lost,0.823,"[1514.7, 242.3, 1582.2, 459.7]","[1512.1, 243.8, 1582.9, 460.3]",0.2216,0.7784,0.0698,,,,,,84,7,11,
697,3,150,150,re_activate_from_lost,0.7397,"[39.7, 251.9, 82.1, 354.7]","[39.2, 252.0, 81.0, 357.1]",0.3241,0.6759,0.5,,,,,,84,7,4,
697,6_revive,140,140,revived,0.7138,"[742.5, 271.5, 768.2, 349.7]",,,,,0.8067,0.7661,0.1008,1.0,0.8067,85,7,25,"[(140, 0.8066871166229248), (12, 0.7059054374694824), (63, 0.7045114636421204), (139, 0.7038871049880981), (59, 0.7008975744247437)]"
698,6_revive,140,140,revived,0.7531,"[747.2, 270.0, 772.9, 345.9]",,,,,0.8531,0.7661,0.0526,1.0,0.8531,85,6,27,"[(140, 0.8531085848808289), (12, 0.8005002737045288), (71, 0.7754474878311157), (135, 0.7630977034568787), (44, 0.7628338932991028)]"
698,6_new,140,157,gate_failed sim=0.731<theta=0.766,0.7003,"[679.4, 247.4, 727.7, 389.1]",,,,,0.731,0.7661,0.0314,1.0,,85,6,28,"[(140, 0.7309832572937012), (147, 0.6996195316314697), (63, 0.690875768661499), (107, 0.6900629997253418), (117, 0.6859900951385498)]"
699,3,154,154,re_activate_from_lost,0.7928,"[1655.1, 241.7, 1733.4, 455.0]","[1651.0, 241.8, 1736.5, 454.9]",0.1473,0.8527,0.324,,,,,,85,7,2,
699,3,146,146,re_activate_from_lost,0.8576,"[1522.8, 236.3, 1598.4, 455.0]","[1525.1, 236.2, 1597.1, 454.5]",0.0723,0.9277,0.0814,,,,,,85,7,12,
699,6_new,140,158,margin_failed margin=0.009<0.04,0.7579,"[754.7, 268.8, 780.3, 348.0]",,,,,0.8086,0.7661,0.0086,1.0,,85,7,29,"[(140, 0.8086056709289551), (12, 0.800053596496582), (64, 0.7793782949447632), (135, 0.7600841522216797), (71, 0.7551637887954712)]"
699,6_new,136,159,gate_failed sim=0.656<theta=0.767,0.7261,"[1017.2, 286.7, 1041.5, 355.7]",,,,,0.6556,0.7667,0.0416,1.0,,85,7,37,"[(136, 0.655569314956665), (131, 0.6139587163925171), (117, 0.6116839647293091), (94, 0.602108895778656), (64, 0.588367223739624)]"
700,5,158,158,unconfirmed_update,0.7676,"[760.1, 266.5, 787.1, 344.4]","[759.7, 266.9, 785.0, 345.1]",0.4121,0.5879,,,,,,,,5,,
701,3,135,135,re_activate_from_lost,0.6913,"[183.3, 254.6, 221.1, 354.4]","[182.1, 254.1, 218.7, 355.7]",0.4095,0.5905,0.075,,,,,,85,7,15,
704,3,158,158,re_activate_from_lost,0.6165,"[795.2, 261.4, 823.5, 341.0]","[796.5, 261.8, 822.4, 340.9]",0.1667,0.8333,0.4862,,,,,,85,10,2,
706,3,140,140,re_activate_from_lost,0.7876,"[773.6, 249.2, 819.5, 374.3]","[773.9, 251.3, 817.9, 371.4]",0.4539,0.5461,0.0846,,,,,,85,12,33,
707,3,150,150,re_activate_from_lost,0.7044,"[96.4, 250.4, 148.8, 387.8]","[94.8, 250.6, 148.2, 387.3]",0.3017,0.6983,0.0798,,,,,,85,10,11,
707,3,158,158,re_activate_from_lost,0.7677,"[828.9, 264.4, 855.9, 342.4]","[829.5, 264.2, 855.2, 342.3]",0.0657,0.9343,0.2828,,,,,,85,10,3,
707,6_new,140,160,margin_failed margin=0.009<0.04,0.7435,"[806.0, 263.9, 834.3, 344.6]",,,,,0.7821,0.7661,0.0088,1.0,,85,10,35,"[(140, 0.782090425491333), (12, 0.7733004093170166), (48, 0.7720533013343811), (71, 0.750702440738678), (147, 0.7297674417495728)]"
708,3,135,135,re_activate_from_lost,0.6368,"[230.3, 251.3, 271.5, 350.7]","[232.3, 251.1, 269.1, 350.6]",0.2302,0.7698,0.1403,,,,,,85,7,16,
710,3,140,140,re_activate_from_lost,0.698,"[814.7, 259.5, 845.8, 347.3]","[814.6, 258.6, 847.2, 349.0]",0.3404,0.6596,0.0631,,,,,,85,9,35,
710,3,150,150,re_activate_from_lost,0.7947,"[127.0, 245.7, 177.0, 370.2]","[126.6, 246.2, 176.2, 372.7]",0.2496,0.7504,0.0577,,,,,,85,9,12,
710,3,158,158,re_activate_from_lost,0.6682,"[862.7, 259.9, 891.0, 337.2]","[864.3, 259.9, 889.9, 337.3]",0.1572,0.8428,0.4368,,,,,,85,9,4,
711,6_revive,44,44,revived,0.812,"[4.1, 615.9, 55.2, 737.8]",,,,,0.809,0.7032,0.0371,1.0,0.809,86,7,143,"[(44, 0.8089864253997803), (158, 0.7718393206596375), (139, 0.7615227699279785), (12, 0.7612950801849365), (114, 0.7540287971496582)]"
713,3,146,146,re_activate_from_lost,0.7554,"[1734.8, 232.4, 1805.0, 446.2]","[1733.8, 232.3, 1804.6, 446.5]",0.5583,0.4417,0.6663,,,,,,86,10,15,
713,3,150,150,re_activate_from_lost,0.6162,"[156.9, 245.7, 209.9, 383.7]","[156.7, 246.2, 210.1, 382.6]",0.0796,0.9204,0.0466,,,,,,86,10,14,
713,6_new,44,161,margin_failed margin=0.024<0.04,0.8461,"[27.3, 615.3, 80.4, 733.1]",,,,,0.7862,0.7032,0.0239,1.0,,86,10,144,"[(44, 0.7862197160720825), (135, 0.7623122334480286), (12, 0.7559918165206909), (158, 0.7518501281738281), (114, 0.7511184215545654)]"
714,3,140,140,re_activate_from_lost,0.6777,"[855.2, 263.9, 884.9, 347.0]","[855.2, 263.7, 885.4, 347.4]",0.2031,0.7969,0.0922,,,,,,86,8,36,
714,3,158,158,re_activate_from_lost,0.6842,"[912.6, 263.2, 939.6, 335.5]","[913.9, 263.3, 938.4, 336.0]",0.1306,0.8694,0.0722,,,,,,86,8,5,
714,5,161,161,unconfirmed_update,0.7737,"[41.7, 615.6, 89.8, 731.0]","[37.2, 615.5, 89.4, 731.4]",0.3911,0.6089,,,,,,,,8,,
716,3,150,150,re_activate_from_lost,0.8102,"[193.4, 247.4, 242.0, 385.1]","[190.7, 247.9, 243.9, 385.5]",0.129,0.871,0.0533,,,,,,86,9,15,
717,3,147,147,re_activate_from_lost,0.7858,"[925.4, 302.2, 995.6, 381.4]","[925.0, 302.3, 996.1, 381.4]",0.0905,0.9095,0.0599,,,,,,86,8,6,
717,6_revive,158,158,revived,0.7458,"[924.8, 263.2, 953.1, 353.4]",,,,,0.8504,0.7667,0.0517,1.0,0.8504,86,8,9,"[(158, 0.8503972291946411), (12, 0.7986803650856018), (140, 0.782397449016571), (44, 0.7746655344963074), (147, 0.7710710167884827)]"
718,6_new,158,162,margin_failed margin=0.012<0.04,0.7939,"[936.9, 264.3, 966.6, 358.8]",,,,,0.8206,0.7667,0.0124,1.0,,86,7,11,"[(158, 0.8205623626708984), (12, 0.8081501722335815), (71, 0.7713495492935181), (147, 0.7641720771789551), (140, 0.7331246733665466)]"
718,6_new,139,163,gate_failed sim=0.752<theta=0.767,0.8264,"[1071.9, 303.8, 1132.7, 396.9]","[993.7, 299.5, 1065.9, 386.2]",1.0,0.0,,0.752,0.7667,0.0342,1.0,,86,7,20,"[(139, 0.7520469427108765), (140, 0.7178218364715576), (147, 0.6936163902282715), (135, 0.6832395195960999), (59, 0.6817528009414673)]"
719,3,146,146,re_activate_from_lost,0.8492,"[1832.0, 237.3, 1918.4, 468.1]","[1836.2, 237.1, 1914.1, 466.8]",0.2662,0.7338,0.1361,,,,,,86,8,16,
719,5,162,162,unconfirmed_update,0.7754,"[949.1, 264.4, 978.8, 356.4]","[946.9, 264.4, 976.0, 356.9]",0.5887,0.4113,,,,,,,,8,,
719,5,163,163,unconfirmed_update,0.7652,"[1086.1, 304.1, 1144.1, 399.3]","[1081.7, 304.0, 1143.4, 398.8]",0.37,0.63,,,,,,,,8,,
720,3,147,147,re_activate_from_lost,0.7695,"[955.1, 304.6, 1029.4, 384.1]","[956.5, 304.5, 1028.5, 383.9]",0.068,0.932,0.0464,,,,,,87,7,7,
722,3,150,150,re_activate_from_lost,0.5861,"[238.6, 256.3, 289.2, 391.2]","[240.8, 256.2, 289.6, 390.2]",0.2399,0.7601,0.0646,,,,,,87,10,20,
723,3,161,161,re_activate_from_lost,0.5716,"[123.4, 612.9, 190.7, 748.6]","[126.0, 613.1, 187.7, 747.5]",0.1566,0.8434,0.0919,,,,,,87,12,7,
724,6_new,140,164,margin_failed margin=0.032<0.04,0.8392,"[965.3, 260.6, 1008.5, 391.2]",,,,,0.8465,0.7661,0.0322,1.0,,87,11,47,"[(140, 0.8465455174446106), (12, 0.8143513798713684), (158, 0.8025302886962891), (147, 0.7954679727554321), (71, 0.7852025628089905)]"
725,5,164,164,unconfirmed_update,0.7152,"[965.3, 257.2, 1013.9, 396.2]","[966.3, 257.9, 1011.7, 395.2]",0.165,0.835,,,,,,,,11,,
726,3,163,163,re_activate_from_lost,0.7914,"[1123.9, 317.9, 1187.3, 409.7]","[1125.6, 317.8, 1185.7, 409.7]",0.1452,0.8548,0.3235,,,,,,87,13,1,
726,3,147,147,re_activate_from_lost,0.67,"[990.2, 317.1, 1061.8, 395.6]","[990.3, 317.1, 1061.5, 395.6]",0.0536,0.9464,0.0666,,,,,,87,13,8,
726,3,140,140,re_activate_from_lost,0.7443,"[936.9, 277.6, 969.3, 382.4]","[935.4, 277.7, 970.3, 382.5]",0.0895,0.9105,0.0642,,,,,,87,13,47,
727,3,164,164,re_activate_from_lost,0.8233,"[970.7, 265.3, 1015.2, 401.6]","[970.4, 265.0, 1015.5, 401.5]",0.0427,0.9573,0.2118,,,,,,87,9,0,
729,3,135,135,re_activate_from_lost,0.6245,"[347.3, 273.7, 385.8, 385.1]","[346.3, 273.6, 386.9, 384.9]",0.6113,0.3887,0.7573,,,,,,87,11,18,
729,6_new,135,165,margin_failed margin=0.023<0.04,0.75,"[126.2, 709.4, 161.0, 794.5]","[346.3, 273.6, 386.9, 384.9]",1.0,0.0,,0.8062,0.7475,0.0234,1.0,,87,11,19,"[(135, 0.8062175512313843), (12, 0.7828159332275391), (158, 0.7693924903869629), (140, 0.7232524156570435), (59, 0.7154651880264282)]"
730,3,163,163,re_activate_from_lost,0.7308,"[1132.0, 317.2, 1196.8, 412.4]","[1133.0, 317.3, 1195.4, 412.2]",0.1102,0.8898,0.3498,,,,,,87,10,2,
730,3,140,140,re_activate_from_lost,0.7219,"[940.3, 279.8, 970.0, 385.1]","[937.8, 279.9, 972.2, 385.2]",0.1613,0.8387,0.0757,,,,,,87,10,48,
732,3,163,163,re_activate_from_lost,0.6897,"[1122.5, 324.8, 1195.4, 417.2]","[1129.3, 324.6, 1191.7, 417.5]",0.2159,0.7841,0.4592,,,,,,88,9,3,
732,6_new,147,166,gate_failed sim=0.731<theta=0.767,0.7171,"[1172.5, 326.7, 1248.1, 420.5]","[998.7, 324.6, 1069.9, 403.0]",1.0,0.0,,0.7308,0.7667,0.0257,1.0,,88,9,9,"[(147, 0.7308275103569031), (139, 0.7050967216491699), (158, 0.6852328181266785), (48, 0.6739071607589722), (73, 0.6622631549835205)]"
733,5,166,166,unconfirmed_update,0.6661,"[1173.8, 327.7, 1250.8, 424.9]","[1173.0, 327.5, 1250.8, 424.0]",0.1029,0.8971,,,,,,,,8,,
733,6_new,12,167,margin_failed margin=0.003<0.04,0.7375,"[57.2, 302.4, 106.7, 449.6]",,,,,0.7006,0.6742,0.0031,1.0,,89,8,261,"[(12, 0.7005879878997803), (140, 0.6974507570266724), (122, 0.6957636475563049), (64, 0.6914954781532288), (147, 0.687892496585846)]"
736,6_new,135,168,margin_failed margin=0.022<0.04,0.7754,"[63.1, 321.8, 100.7, 429.6]","[333.7, 312.5, 374.6, 424.8]",1.0,0.0,,0.8079,0.7475,0.0216,1.0,,89,9,19,"[(135, 0.8079022169113159), (114, 0.7862746119499207), (12, 0.7758530378341675), (63, 0.7412552833557129), (140, 0.7405946254730225)]"
737,5,168,168,unconfirmed_update,0.7907,"[66.3, 326.2, 102.1, 432.7]","[65.1, 325.3, 102.4, 432.1]",0.1739,0.8261,,,,,,,,9,,
738,3,164,164,re_activate_from_lost,0.7689,"[980.1, 288.9, 1031.4, 428.6]","[980.7, 288.9, 1027.5, 427.1]",0.3109,0.6891,0.0328,,,,,,89,10,10,
742,3,140,140,re_activate_from_lost,0.7391,"[938.3, 325.0, 970.7, 423.6]","[938.9, 325.6, 970.2, 425.8]",0.1436,0.8564,0.0603,,,,,,89,10,59,
744,3,140,140,re_activate_from_lost,0.7403,"[947.7, 339.4, 977.4, 415.8]","[948.9, 338.7, 975.0, 419.9]",0.3533,0.6467,0.1114,,,,,,89,13,60,
746,3,150,150,re_activate_from_lost,0.6854,"[240.1, 368.6, 279.3, 471.2]","[239.6, 368.6, 279.8, 473.5]",0.3568,0.6432,0.0849,,,,,,89,12,40,
746,3,168,168,re_activate_from_lost,0.745,"[118.4, 377.0, 161.6, 488.4]","[120.0, 376.8, 158.9, 487.5]",0.5164,0.4836,0.6397,,,,,,89,12,4,
747,6_revive,140,140,revived,0.7217,"[1258.2, 335.5, 1287.9, 421.9]",,,,,0.7948,0.7661,0.0657,1.0,0.7948,90,10,64,"[(140, 0.794826865196228), (158, 0.7291151285171509), (150, 0.7246017456054688), (44, 0.6940921545028687), (34, 0.687435507774353)]"
747,6_revive,168,168,revived,0.8374,"[106.3, 371.6, 145.8, 487.7]",,,,,0.8503,0.7667,0.0409,1.0,0.8503,90,10,6,"[(168, 0.8503212928771973), (135, 0.8094634413719177), (12, 0.7294548749923706), (161, 0.7291451096534729), (140, 0.7237532138824463)]"
747,6_new,38,169,gate_failed sim=0.749<theta=0.767,0.803,"[815.4, 348.6, 854.6, 447.9]",,,,,0.749,0.7667,0.0094,1.0,,90,10,20,"[(38, 0.7490280866622925), (12, 0.7396368384361267), (146, 0.7340779304504395), (11, 0.7323211431503296), (63, 0.7267087697982788)]"
748,3,163,163,re_activate_from_lost,0.7156,"[1192.1, 367.2, 1256.9, 465.1]","[1191.4, 367.3, 1257.1, 465.1]",0.3897,0.6103,0.0571,,,,,,90,10,5,
748,3,164,164,re_activate_from_lost,0.631,"[1019.3, 370.9, 1073.2, 455.3]","[1029.8, 367.8, 1063.2, 454.5]",0.5472,0.4528,0.7143,,,,,,90,10,15,
748,5,169,169,unconfirmed_update,0.8325,"[826.9, 349.7, 864.7, 448.9]","[824.0, 349.4, 863.2, 448.7]",0.4473,0.5527,,,,,,,,10,,
748,6_revive,140,140,revived,0.7383,"[1268.3, 336.2, 1298.0, 421.2]",,,,,0.7977,0.7661,0.0927,1.0,0.7977,90,10,66,"[(140, 0.7977471351623535), (150, 0.7050009369850159), (127, 0.6791204214096069), (107, 0.6746457815170288), (158, 0.6695748567581177)]"
748,6_new,168,170,margin_failed margin=0.024<0.04,0.8203,"[120.3, 371.2, 159.5, 494.8]",,,,,0.8742,0.7667,0.024,1.0,,90,10,8,"[(168, 0.8742157816886902), (135, 0.8501735925674438), (161, 0.7730724811553955), (12, 0.7663578987121582), (114, 0.7640320062637329)]"
748,6_new,136,171,margin_failed margin=0.021<0.04,0.7822,"[1333.8, 335.8, 1358.1, 412.1]",,,,,0.7742,0.7667,0.0213,1.0,,90,10,86,"[(136, 0.774185299873352), (117, 0.7529118061065674), (131, 0.7453180551528931), (64, 0.7158991098403931), (94, 0.702517569065094)]"
749,5,170,170,unconfirmed_update,0.8137,"[133.1, 374.6, 171.4, 497.5]","[130.3, 373.9, 169.2, 496.9]",0.5018,0.4982,,,,,,,,8,,
749,6_revive,140,140,revived,0.7944,"[1277.1, 337.5, 1305.5, 420.5]",,,,,0.7969,0.7661,0.1045,1.0,0.7969,90,8,68,"[(140, 0.7969160079956055), (150, 0.6924384236335754), (127, 0.6906057596206665), (107, 0.6877591609954834), (117, 0.6841109991073608)]"
750,3,163,163,re_activate_from_lost,0.7245,"[1187.3, 369.9, 1275.1, 472.5]","[1197.8, 370.3, 1269.5, 471.9]",0.2909,0.7091,0.0523,,,,,,90,9,6,
750,6_new,12,172,margin_failed margin=0.008<0.04,0.7533,"[815.4, 355.1, 850.5, 454.3]",,,,,0.7841,0.6742,0.0082,1.0,,90,9,261,"[(12, 0.7840763330459595), (158, 0.7758851051330566), (135, 0.7679381370544434), (71, 0.7655016183853149), (114, 0.7543522119522095)]"
751,6_new,140,173,gate_failed sim=0.711<theta=0.766,0.7181,"[1292.0, 339.9, 1317.6, 418.2]",,,,,0.711,0.7661,0.051,1.0,,90,8,71,"[(140, 0.711028516292572), (127, 0.6599880456924438), (117, 0.6372387409210205), (150, 0.6199096441268921), (111, 0.6097261905670166)]"
752,3,166,166,re_activate_from_lost,0.6496,"[1260.2, 372.9, 1335.8, 476.2]","[1257.1, 372.9, 1339.0, 476.2]",0.092,0.908,0.4102,,,,,,90,7,0,
752,5,173,173,unconfirmed_update,0.6573,"[1298.0, 339.9, 1325.0, 422.2]","[1296.8, 339.9, 1323.5, 421.4]",0.4321,0.5679,,,,,,,,7,,
753,6_new,140,174,gate_failed sim=0.713<theta=0.766,0.7798,"[834.3, 358.1, 868.1, 453.9]",,,,,0.7126,0.7661,0.0286,1.0,,91,6,73,"[(140, 0.7125660181045532), (135, 0.6839585304260254), (146, 0.6746841073036194), (11, 0.6730682253837585), (71, 0.668703556060791)]"
754,3,163,163,re_activate_from_lost,0.7952,"[1219.1, 376.0, 1297.4, 473.2]","[1220.9, 375.6, 1295.4, 473.5]",0.0636,0.9364,0.0396,,,,,,91,7,9,
754,6_new,63,175,margin_failed margin=0.004<0.04,0.6986,"[1705.1, 329.4, 1732.1, 401.0]",,,,,0.7716,0.7667,0.0043,1.0,,92,7,68,"[(63, 0.7715892791748047), (64, 0.767261803150177), (71, 0.7615277767181396), (12, 0.7611518502235413), (158, 0.7409433722496033)]"
754,6_new,120,176,margin_failed margin=0.004<0.04,0.6911,"[1177.2, 368.6, 1231.2, 471.8]",,,,,0.7483,0.6612,0.0036,1.0,,92,7,107,"[(120, 0.748252272605896), (107, 0.7446615695953369), (117, 0.7241195440292358), (147, 0.7212377786636353), (85, 0.7109482884407043)]"
755,6_new,136,177,margin_failed margin=0.027<0.04,0.7074,"[1383.8, 341.9, 1410.8, 433.0]",,,,,0.7181,0.6927,0.0267,1.0,,92,6,93,"[(136, 0.7181142568588257), (131, 0.6914620399475098), (117, 0.6695863008499146), (94, 0.6206506490707397), (7, 0.6164063811302185)]"
756,3,164,164,re_activate_from_lost,0.718,"[1044.2, 378.0, 1122.5, 469.1]","[1054.9, 378.7, 1110.2, 469.2]",0.4339,0.5661,0.0751,,,,,,92,6,20,
756,5,177,177,unconfirmed_update,0.7126,"[1386.5, 342.4, 1421.6, 458.3]","[1386.2, 342.3, 1419.1, 453.3]",0.4912,0.5088,,,,,,,,6,,
756,6_new,139,178,margin_failed margin=0.025<0.04,0.7964,"[1190.0, 369.9, 1240.0, 474.5]",,,,,0.783,0.7667,0.0253,1.0,,92,6,20,"[(139, 0.782968282699585), (120, 0.757674515247345), (122, 0.7412086725234985), (107, 0.7373991012573242), (164, 0.731675386428833)]"
756,6_new,140,179,gate_failed sim=0.706<theta=0.766,0.7886,"[853.9, 358.4, 886.3, 454.3]",,,,,0.7063,0.7661,0.0506,1.0,,92,6,76,"[(140, 0.706342339515686), (80, 0.6557084321975708), (164, 0.653359055519104), (11, 0.6484216451644897), (67, 0.6444129943847656)]"
756,6_revive,170,170,revived,0.6975,"[181.7, 370.9, 225.6, 487.7]",,,,,0.8726,0.7667,0.1082,1.0,0.8726,92,6,7,"[(170, 0.8726015090942383), (168, 0.7644175291061401), (135, 0.7420770525932312), (12, 0.705134928226471), (161, 0.701973557472229)]"
756,6_new,168,180,margin_failed margin=0.009<0.04,0.69,"[1340.6, 345.9, 1366.2, 425.6]",,,,,0.7744,0.7667,0.0087,1.0,,92,6,16,"[(168, 0.7743961811065674), (12, 0.7657222747802734), (158, 0.7610191106796265), (140, 0.7598757147789001), (71, 0.7507511377334595)]"
757,3,166,166,re_activate_from_lost,0.6031,"[1302.1, 378.3, 1379.0, 480.3]","[1299.7, 378.3, 1380.0, 480.3]",0.1973,0.8027,0.5159,,,,,,92,4,1,
757,5,178,178,unconfirmed_update,0.7504,"[1195.4, 371.9, 1248.1, 479.9]","[1194.8, 371.5, 1246.0, 478.8]",0.2792,0.7208,,,,,,,,4,,
757,5,179,179,unconfirmed_update,0.7678,"[860.0, 357.8, 891.0, 441.5]","[859.8, 357.9, 889.0, 444.0]",0.3789,0.6211,,,,,,,,4,,
757,5,180,180,unconfirmed_update,0.5839,"[1347.3, 348.3, 1371.6, 423.9]","[1345.9, 347.8, 1370.5, 424.2]",0.4171,0.5829,,,,,,,,4,,
762,3,179,179,re_activate_from_lost,0.5732,"[870.8, 365.2, 903.2, 459.7]","[870.9, 365.2, 902.9, 459.5]",0.2396,0.7604,0.5641,,,,,,93,15,0,
762,3,180,180,re_activate_from_lost,0.6469,"[1353.4, 356.7, 1383.8, 437.7]","[1355.5, 356.7, 1381.8, 437.6]",0.4198,0.5802,0.6247,,,,,,93,15,0,
762,3,178,178,re_activate_from_lost,0.7138,"[1206.9, 380.4, 1260.9, 479.6]","[1209.9, 380.1, 1257.8, 479.2]",0.2827,0.7173,0.488,,,,,,93,15,1,
762,3,173,173,re_activate_from_lost,0.627,"[1338.5, 353.7, 1365.5, 432.0]","[1339.7, 353.1, 1366.3, 433.3]",0.4462,0.5538,0.0699,,,,,,93,15,7,
762,3,163,163,re_activate_from_lost,0.7882,"[1248.8, 385.4, 1331.1, 485.3]","[1249.8, 384.8, 1330.0, 485.1]",0.0665,0.9335,0.0561,,,,,,93,15,15,
762,3,136,136,re_activate_from_lost,0.7979,"[1611.9, 265.1, 1782.0, 802.6]","[1618.0, 262.8, 1773.2, 798.6]",0.1497,0.8503,0.1466,,,,,,93,15,98,
762,3,170,170,re_activate_from_lost,0.5958,"[226.1, 373.3, 264.3, 479.9]","[227.6, 373.7, 262.7, 481.6]",0.1259,0.8741,0.1319,,,,,,93,15,12,
763,3,169,169,re_activate_from_lost,0.6919,"[910.6, 367.2, 940.3, 457.7]","[908.8, 366.9, 941.6, 457.7]",0.1982,0.8018,0.0707,,,,,,93,8,10,
763,3,166,166,re_activate_from_lost,0.6265,"[1302.1, 387.1, 1381.7, 492.4]","[1302.3, 387.2, 1382.9, 492.0]",0.2268,0.7732,0.5156,,,,,,93,8,3,
766,3,179,179,re_activate_from_lost,0.7107,"[832.3, 364.8, 867.4, 450.6]","[835.3, 364.9, 865.2, 450.6]",0.1688,0.8312,0.4093,,,,,,94,13,3,
766,3,173,173,re_activate_from_lost,0.7538,"[1296.7, 353.0, 1326.4, 429.3]","[1298.3, 353.3, 1324.7, 430.3]",0.1606,0.8394,0.0628,,,,,,94,13,10,
766,6_new,170,181,margin_failed margin=0.018<0.04,0.8053,"[167.4, 373.6, 225.1, 501.9]","[206.2, 367.3, 241.2, 474.7]",0.7938,0.2062,,0.8087,0.7667,0.0184,1.0,,94,13,13,"[(170, 0.8087319135665894), (168, 0.7902857065200806), (135, 0.7784231901168823), (12, 0.7415717840194702), (140, 0.7249174118041992)]"
766,6_new,114,182,gate_failed sim=0.644<theta=0.691,0.7865,"[-51.3, 458.3, 536.0, 1817.1]",,,,,0.6438,0.6914,0.0345,1.0,,94,13,56,"[(114, 0.6437777280807495), (108, 0.6092487573623657), (67, 0.6017394661903381), (150, 0.5962646007537842), (168, 0.5956798195838928)]"
767,3,180,180,re_activate_from_lost,0.5706,"[1302.1, 358.4, 1331.8, 440.1]","[1303.3, 358.4, 1330.5, 440.7]",0.099,0.901,0.4859,,,,,,94,11,2,
767,5,182,182,unconfirmed_update,0.6808,"[-186.0, 466.8, 419.8, 1818.4]","[-150.5, 465.1, 434.5, 1818.2]",0.3512,0.6488,,,,,,,,11,,
768,3,169,169,re_activate_from_lost,0.6687,"[867.4, 362.5, 894.4, 448.9]","[865.2, 362.7, 895.7, 449.5]",0.3027,0.6973,0.096,,,,,,95,10,12,
769,3,166,166,re_activate_from_lost,0.7252,"[1238.0, 391.5, 1310.9, 487.4]","[1237.3, 391.0, 1311.3, 487.5]",0.1809,0.8191,0.406,,,,,,95,12,4,
769,3,178,178,re_activate_from_lost,0.7681,"[1124.6, 379.0, 1190.7, 477.6]","[1131.4, 378.9, 1184.4, 476.9]",0.2663,0.7337,0.0567,,,,,,95,12,7,
769,3,180,180,re_activate_from_lost,0.5948,"[1277.1, 355.4, 1308.2, 443.1]","[1278.1, 356.1, 1306.9, 442.7]",0.1906,0.8094,0.5186,,,,,,95,12,3,
770,6_new,135,183,margin_failed margin=0.018<0.04,0.7224,"[1412.1, 353.7, 1439.1, 428.6]",,,,,0.7979,0.7475,0.0184,1.0,,97,9,19,"[(135, 0.7979488372802734), (168, 0.7795038223266602), (170, 0.7773325443267822), (180, 0.7600041031837463), (12, 0.7518048286437988)]"
770,6_new,59,184,margin_failed margin=0.014<0.04,0.7936,"[1494.5, 354.0, 1521.5, 424.2]",,,,,0.7317,0.7179,0.014,1.0,,97,9,77,"[(59, 0.7317381501197815), (158, 0.7176917791366577), (136, 0.7038878202438354), (64, 0.7009334564208984), (63, 0.6897143125534058)]"
771,3,164,164,re_activate_from_lost,0.803,"[982.8, 338.7, 1059.8, 478.9]","[979.3, 339.6, 1062.8, 479.1]",0.6696,0.3304,0.7347,,,,,,97,9,21,
771,5,183,183,unconfirmed_update,0.7075,"[1406.7, 353.7, 1431.0, 421.2]","[1407.8, 353.7, 1432.6, 422.7]",0.4657,0.5343,,,,,,,,9,,
771,5,184,184,unconfirmed_update,0.6977,"[1489.1, 353.7, 1516.1, 422.6]","[1490.3, 353.8, 1516.9, 422.9]",0.3494,0.6506,,,,,,,,9,,
771,6_new,158,185,margin_failed margin=0.003<0.04,0.7855,"[1127.9, 349.3, 1153.6, 413.4]",,,,,0.7994,0.7667,0.0026,1.0,,97,9,14,"[(158, 0.799441397190094), (12, 0.7968494296073914), (63, 0.783319354057312), (71, 0.7813635468482971), (168, 0.7608155012130737)]"
772,3,173,173,re_activate_from_lost,0.7308,"[1246.1, 354.4, 1269.0, 430.7]","[1244.4, 354.2, 1270.5, 431.0]",0.1765,0.8235,0.0747,,,,,,97,10,15,
772,3,166,166,re_activate_from_lost,0.6752,"[1218.4, 395.6, 1296.7, 490.1]","[1220.8, 394.8, 1294.8, 490.3]",0.0804,0.9196,0.0603,,,,,,97,10,6,
772,5,185,185,unconfirmed_update,0.7633,"[1121.2, 348.6, 1146.8, 421.5]","[1121.1, 348.8, 1149.6, 419.9]",0.4737,0.5263,,,,,,,,10,,
774,3,164,164,re_activate_from_lost,0.7759,"[964.6, 336.5, 1048.3, 479.6]","[963.3, 335.3, 1048.9, 479.1]",0.0801,0.9199,0.0967,,,,,,97,9,23,
774,6_new,77,186,margin_failed margin=0.002<0.04,0.8194,"[1512.0, 342.4, 1544.4, 423.6]",,,,,0.683,0.65,0.002,1.0,,97,9,276,"[(77, 0.6830124258995056), (12, 0.6809936761856079), (117, 0.6674082279205322), (180, 0.6527209281921387), (67, 0.649310827255249)]"
774,6_new,173,187,gate_failed sim=0.753<theta=0.767,0.7538,"[1541.7, 341.9, 1568.7, 419.5]",,,,,0.7534,0.7667,0.0018,1.0,,97,9,18,"[(173, 0.753441572189331), (59, 0.751598596572876), (158, 0.732140064239502), (170, 0.7175087928771973), (140, 0.7159115076065063)]"
775,3,136,136,re_activate_from_lost,0.7528,"[1563.3, 216.3, 1825.2, 951.8]","[1582.8, 218.0, 1803.7, 949.3]",0.5676,0.4324,0.6745,,,,,,97,8,99,
775,5,186,186,unconfirmed_update,0.8264,"[1510.7, 340.2, 1540.4, 421.9]","[1509.8, 340.6, 1542.3, 422.2]",0.1959,0.8041,,,,,,,,8,,
775,5,187,187,unconfirmed_update,0.7622,"[1537.7, 341.0, 1564.7, 420.5]","[1538.2, 341.2, 1565.7, 420.3]",0.2759,0.7241,,,,,,,,8,,
777,3,163,163,re_activate_from_lost,0.8689,"[1141.4, 386.8, 1225.1, 496.1]","[1140.0, 386.9, 1227.1, 495.0]",0.0759,0.9241,0.0392,,,,,,98,13,29,
778,3,180,180,re_activate_from_lost,0.6542,"[1229.9, 356.7, 1255.5, 438.4]","[1229.2, 356.9, 1256.2, 438.1]",0.0755,0.9245,0.0904,,,,,,99,13,9,
778,3,173,173,re_activate_from_lost,0.7853,"[1211.6, 355.1, 1238.6, 434.7]","[1211.7, 355.1, 1238.5, 434.6]",0.0497,0.9503,0.0865,,,,,,99,13,18,
778,3,140,140,re_activate_from_lost,0.6869,"[903.8, 358.4, 933.5, 442.8]","[903.4, 358.5, 933.2, 443.5]",0.1272,0.8728,0.0896,,,,,,99,13,96,
780,3,183,183,re_activate_from_lost,0.7172,"[1356.8, 356.4, 1383.8, 428.6]","[1357.4, 356.5, 1383.4, 428.4]",0.2201,0.7799,0.4406,,,,,,99,21,4,
780,3,187,187,re_activate_from_lost,0.7353,"[1508.0, 345.6, 1537.7, 432.0]","[1507.9, 345.7, 1537.9, 431.9]",0.3152,0.6848,0.4965,,,,,,99,21,0,
780,3,179,179,re_activate_from_lost,0.7634,"[736.4, 377.3, 775.6, 467.1]","[738.3, 377.1, 773.6, 469.8]",0.1403,0.8597,0.037,,,,,,99,21,16,
780,3,178,178,re_activate_from_lost,0.8576,"[1051.7, 389.5, 1138.1, 490.1]","[1058.7, 389.5, 1129.5, 490.4]",0.2065,0.7935,0.0608,,,,,,99,21,17,
780,3,184,184,re_activate_from_lost,0.7585,"[1445.9, 359.1, 1470.2, 425.2]","[1445.2, 359.3, 1471.0, 426.2]",0.1709,0.8291,0.0181,,,,,,99,21,7,
780,3,180,180,re_activate_from_lost,0.6124,"[1217.7, 360.5, 1243.4, 438.8]","[1217.4, 360.9, 1243.6, 439.9]",0.1346,0.8654,0.0503,,,,,,99,21,10,
780,3,173,173,re_activate_from_lost,0.6712,"[1200.2, 361.8, 1224.5, 430.7]","[1200.3, 361.6, 1224.4, 432.7]",0.2165,0.7835,0.057,,,,,,99,21,19,
780,3,140,140,re_activate_from_lost,0.7351,"[887.6, 363.5, 925.4, 451.2]","[890.4, 363.8, 921.8, 450.9]",0.24,0.76,0.062,,,,,,99,21,97,
780,6_new,180,188,margin_failed margin=0.008<0.04,0.6951,"[1240.7, 360.8, 1265.0, 433.7]","[1217.4, 360.9, 1243.6, 439.9]",0.9415,0.0585,,0.8032,0.7667,0.0084,1.0,,100,21,11,"[(180, 0.8031877875328064), (173, 0.7947773933410645), (140, 0.793627142906189), (158, 0.7643892765045166), (135, 0.7582675218582153)]"
780,6_new,158,189,margin_failed margin=0.010<0.04,0.6869,"[1065.8, 357.4, 1094.2, 433.7]",,,,,0.8063,0.7667,0.0104,1.0,,100,21,14,"[(158, 0.8062645196914673), (44, 0.7958314418792725), (173, 0.7928494811058044), (185, 0.7863832712173462), (140, 0.7675054669380188)]"
780,6_new,158,190,margin_failed margin=0.003<0.04,0.6827,"[1532.2, 348.3, 1562.0, 430.7]",,,,,0.8345,0.7667,0.0025,1.0,,100,21,14,"[(158, 0.8344508409500122), (64, 0.8319299221038818), (12, 0.8217317461967468), (59, 0.815295934677124), (185, 0.810943603515625)]"
781,3,186,186,re_activate_from_lost,0.6069,"[1494.5, 343.1, 1518.8, 425.9]","[1490.5, 343.1, 1522.7, 426.0]",0.2877,0.7123,0.5677,,,,,,100,13,2,
781,3,169,169,re_activate_from_lost,0.5944,"[803.9, 376.3, 830.9, 460.0]","[803.4, 376.3, 831.2, 461.9]",0.2379,0.7621,0.0505,,,,,,100,13,23,
781,3,185,185,re_activate_from_lost,0.657,"[1086.8, 355.4, 1117.8, 436.4]","[1086.0, 355.8, 1117.7, 436.3]",0.2007,0.7993,0.076,,,,,,100,13,6,
781,3,163,163,re_activate_from_lost,0.8507,"[1121.9, 394.2, 1209.6, 498.2]","[1123.4, 394.2, 1207.9, 498.4]",0.0454,0.9546,0.0305,,,,,,100,13,31,
781,5,188,188,unconfirmed_update,0.6961,"[1237.3, 360.5, 1258.9, 429.3]","[1237.4, 360.5, 1260.6, 430.2]",0.3788,0.6212,,,,,,,,13,,
781,5,189,189,unconfirmed_update,0.7118,"[1061.8, 357.4, 1092.8, 440.4]","[1062.7, 357.4, 1093.0, 439.1]",0.2318,0.7682,,,,,,,,13,,
781,5,190,190,unconfirmed_update,0.661,"[1528.2, 348.6, 1555.2, 427.6]","[1528.4, 348.6, 1557.1, 428.2]",0.3446,0.6554,,,,,,,,13,,
783,3,186,186,re_activate_from_lost,0.6773,"[1497.2, 343.1, 1521.5, 424.2]","[1493.4, 342.3, 1524.5, 423.8]",0.2985,0.7015,0.5248,,,,,,100,12,3,
783,6_revive,150,150,revived,0.7078,"[1557.9, 342.7, 1584.9, 420.5]","[117.9, 391.5, 153.2, 495.0]",1.0,0.0,,0.7169,0.6818,0.0394,1.0,0.7169,100,12,54,"[(150, 0.716910719871521), (173, 0.6774656176567078), (140, 0.6773119568824768), (44, 0.6664420962333679), (34, 0.6655957102775574)]"
785,3,185,185,re_activate_from_lost,0.6069,"[1090.1, 353.7, 1121.2, 442.8]","[1088.9, 354.5, 1122.2, 440.7]",0.1968,0.8032,0.0684,,,,,,100,15,9,
785,3,186,186,re_activate_from_lost,0.7177,"[1495.8, 344.6, 1522.8, 429.0]","[1494.1, 344.2, 1525.7, 428.0]",0.2499,0.7501,0.4616,,,,,,100,15,4,
786,3,180,180,re_activate_from_lost,0.5786,"[1208.2, 361.8, 1233.9, 438.1]","[1208.6, 361.6, 1233.4, 437.7]",0.1035,0.8965,0.0492,,,,,,101,14,14,
786,3,184,184,re_activate_from_lost,0.7781,"[1439.1, 354.4, 1466.1, 421.2]","[1439.9, 354.5, 1465.2, 420.7]",0.1425,0.8575,0.0153,,,,,,101,14,12,
787,3,190,190,re_activate_from_lost,0.7028,"[1522.8, 347.3, 1549.8, 427.6]","[1521.9, 347.3, 1550.8, 427.6]",0.255,0.745,0.4764,,,,,,102,11,0,
787,3,188,188,re_activate_from_lost,0.6483,"[1225.1, 360.8, 1249.4, 430.3]","[1225.7, 360.8, 1249.0, 430.7]",0.2023,0.7977,0.4828,,,,,,102,11,2,
787,6_new,44,191,margin_failed margin=0.020<0.04,0.7348,"[1555.2, 343.1, 1582.2, 422.9]",,,,,0.7034,0.7032,0.0202,1.0,,102,11,144,"[(44, 0.703385055065155), (185, 0.6832066774368286), (59, 0.6806463599205017), (140, 0.6713044047355652), (150, 0.6636970639228821)]"
788,3,164,164,re_activate_from_lost,0.6342,"[910.6, 315.2, 994.3, 513.7]","[897.9, 315.6, 1007.2, 512.9]",0.3516,0.6484,0.5888,,,,,,102,13,24,
788,3,184,184,re_activate_from_lost,0.7497,"[1431.0, 359.4, 1458.0, 424.9]","[1432.7, 359.0, 1458.0, 424.7]",0.2861,0.7139,0.0164,,,,,,102,13,13,
788,5,191,191,unconfirmed_update,0.6137,"[1552.5, 345.1, 1579.5, 426.6]","[1552.8, 344.7, 1580.3, 425.9]",0.2332,0.7668,,,,,,,,13,,
789,3,163,163,re_activate_from_lost,0.8076,"[1108.3, 396.2, 1198.8, 504.2]","[1108.7, 396.4, 1198.7, 504.4]",0.0389,0.9611,0.0415,,,,,,102,11,37,
789,3,180,180,re_activate_from_lost,0.5791,"[1196.8, 367.9, 1222.4, 446.9]","[1197.0, 367.7, 1222.6, 446.3]",0.1518,0.8482,0.0482,,,,,,102,11,15,
789,3,190,190,re_activate_from_lost,0.6711,"[1514.7, 351.7, 1539.0, 429.3]","[1513.3, 351.9, 1541.0, 430.0]",0.2057,0.7943,0.467,,,,,,102,11,1,
790,3,166,166,re_activate_from_lost,0.691,"[1166.4, 403.0, 1243.4, 511.0]","[1164.2, 403.0, 1245.8, 510.9]",0.2242,0.7758,0.0307,,,,,,103,7,10,
791,3,140,140,re_activate_from_lost,0.6553,"[833.6, 379.4, 878.2, 499.5]","[835.2, 379.1, 878.6, 496.8]",0.5899,0.4101,0.7313,,,,,,103,7,104,
791,3,190,190,re_activate_from_lost,0.5746,"[1503.9, 357.1, 1530.9, 435.4]","[1503.3, 357.3, 1531.0, 435.5]",0.1181,0.8819,0.4932,,,,,,103,7,2,
791,6_revive,147,147,revived,0.677,"[996.3, 409.7, 1053.0, 502.9]",,,,,0.8474,0.7667,0.0432,1.0,0.8474,103,7,9,"[(147, 0.8474211692810059), (178, 0.8042012453079224), (164, 0.7971682548522949), (158, 0.7911320924758911), (139, 0.7788933515548706)]"
792,3,173,173,re_activate_from_lost,0.6314,"[1156.3, 375.3, 1181.9, 444.8]","[1157.2, 375.2, 1181.2, 444.9]",0.1915,0.8085,0.0854,,,,,,103,7,23,
792,5,147,147,unconfirmed_update,0.7176,"[989.6, 411.8, 1044.9, 501.5]","[991.2, 411.3, 1046.2, 501.8]",0.2589,0.7411,,,,,,,,7,,
793,3,180,180,re_activate_from_lost,0.5756,"[1169.1, 370.2, 1196.1, 448.5]","[1169.6, 371.5, 1195.3, 449.6]",0.2403,0.7597,0.0814,,,,,,103,7,17,
795,3,189,189,re_activate_from_lost,0.7041,"[995.0, 382.1, 1019.3, 444.8]","[995.0, 381.4, 1018.4, 445.3]",0.2042,0.7958,0.0605,,,,,,105,17,12,
796,3,179,179,re_activate_from_lost,0.5917,"[623.0, 403.3, 654.8, 492.4]","[621.5, 403.0, 656.1, 491.8]",0.1278,0.8722,0.0919,,,,,,105,16,30,
796,3,186,186,re_activate_from_lost,0.7555,"[1406.7, 371.9, 1436.4, 454.3]","[1407.9, 371.9, 1436.7, 454.3]",0.274,0.726,0.0739,,,,,,105,16,13,
796,3,191,191,re_activate_from_lost,0.6124,"[1437.8, 371.9, 1470.2, 455.6]","[1441.2, 372.1, 1469.7, 455.1]",0.6002,0.3998,0.7552,,,,,,105,16,5,
796,3,180,180,re_activate_from_lost,0.6349,"[1094.8, 382.1, 1121.9, 457.0]","[1095.7, 381.9, 1120.9, 457.3]",0.0848,0.9152,0.0985,,,,,,105,16,18,
797,6_new,4,192,margin_failed margin=0.007<0.04,0.785,"[1845.5, 271.2, 1950.8, 673.0]",,,,,0.7285,0.65,0.0068,1.0,,105,13,505,"[(4, 0.7285424470901489), (108, 0.7217069864273071), (118, 0.7110925912857056), (64, 0.706220269203186), (71, 0.7016364336013794)]"
798,3,186,186,re_activate_from_lost,0.7693,"[1350.7, 377.7, 1382.4, 463.4]","[1352.8, 377.3, 1382.8, 462.3]",0.378,0.622,0.0828,,,,,,105,18,14,
798,3,191,191,re_activate_from_lost,0.7028,"[1383.8, 375.3, 1416.2, 464.4]","[1384.8, 375.5, 1415.2, 463.5]",0.1682,0.8318,0.079,,,,,,105,18,6,
798,5,192,192,unconfirmed_update,0.9021,"[1810.4, 283.3, 1931.9, 638.6]","[1828.6, 280.9, 1924.4, 645.4]",0.4397,0.5603,,,,,,,,18,,
801,3,192,192,re_activate_from_lost,0.6771,"[1694.2, 291.4, 1810.4, 627.8]","[1710.0, 291.5, 1799.8, 627.2]",0.4709,0.5291,0.6418,,,,,,105,18,1,
801,6_new,12,193,margin_failed margin=0.003<0.04,0.7862,"[1852.2, 316.9, 1927.8, 534.9]",,,,,0.8085,0.6742,0.0026,1.0,,105,18,261,"[(12, 0.8085043430328369), (135, 0.8059052228927612), (158, 0.7910295128822327), (71, 0.787286639213562), (164, 0.7827355861663818)]"
802,5,193,193,unconfirmed_update,0.8374,"[1810.4, 316.2, 1904.9, 528.2]","[1827.0, 316.4, 1901.1, 529.5]",0.5619,0.4381,,,,,,,,17,,
803,3,178,178,re_activate_from_lost,0.6494,"[718.2, 423.6, 810.0, 527.5]","[722.0, 423.6, 805.6, 527.6]",0.2682,0.7318,0.0594,,,,,,105,18,30,
803,3,184,184,re_activate_from_lost,0.7428,"[1111.7, 393.9, 1137.4, 458.0]","[1112.5, 394.1, 1137.3, 458.2]",0.6897,0.3103,0.7695,,,,,,105,18,18,
803,3,173,173,re_activate_from_lost,0.6712,"[860.0, 395.6, 884.2, 461.0]","[860.4, 395.6, 883.3, 461.1]",0.5952,0.4048,0.7283,,,,,,105,18,24,
803,3,179,179,re_activate_from_lost,0.7275,"[387.8, 407.0, 426.9, 505.6]","[388.2, 407.0, 426.5, 505.0]",0.2221,0.7779,0.0765,,,,,,105,18,31,
803,3,180,180,re_activate_from_lost,0.5708,"[878.9, 396.2, 903.2, 462.4]","[879.6, 395.7, 902.3, 462.3]",0.2086,0.7914,0.0893,,,,,,105,18,19,
803,3,191,191,re_activate_from_lost,0.6538,"[1222.4, 381.0, 1250.8, 462.0]","[1223.1, 381.5, 1251.3, 463.2]",0.4781,0.5219,0.0421,,,,,,105,18,7,
803,3,186,186,re_activate_from_lost,0.7816,"[1196.1, 380.4, 1223.1, 464.7]","[1196.0, 380.8, 1225.5, 465.2]",0.5447,0.4553,0.6441,,,,,,105,18,16,
803,6_new,139,194,gate_failed sim=0.737<theta=0.767,0.7754,"[1861.7, 342.6, 1921.1, 520.8]",,,,,0.7366,0.7667,0.0183,1.0,,105,18,20,"[(139, 0.7366442680358887), (122, 0.7183400392532349), (64, 0.708120584487915), (164, 0.703445553779602), (117, 0.7008424401283264)]"
803,6_revive,147,147,revived,0.7173,"[665.9, 431.7, 755.3, 526.2]",,,,,0.8549,0.7667,0.0519,1.0,0.8549,105,18,10,"[(147, 0.8548593521118164), (178, 0.8029265999794006), (158, 0.7930344939231873), (164, 0.7738111019134521), (189, 0.7649945020675659)]"
804,3,183,183,re_activate_from_lost,0.6278,"[1022.0, 393.2, 1046.2, 458.0]","[1022.3, 393.3, 1046.1, 458.4]",0.4152,0.5848,0.0452,,,,,,105,11,17,
804,3,188,188,re_activate_from_lost,0.6365,"[891.0, 395.9, 915.3, 470.8]","[890.7, 396.0, 915.6, 470.9]",0.1612,0.8388,0.0788,,,,,,105,11,8,
804,3,185,185,re_activate_from_lost,0.696,"[782.3, 388.5, 814.7, 479.6]","[781.0, 388.4, 815.0, 479.0]",0.6079,0.3921,0.7271,,,,,,105,11,21,
804,5,194,194,unconfirmed_update,0.8668,"[1849.5, 343.9, 1900.8, 513.3]","[1849.9, 343.6, 1906.9, 514.8]",0.4754,0.5246,,,,,,,,11,,
804,5,147,147,unconfirmed_update,0.8492,"[657.1, 433.7, 738.5, 524.8]","[656.9, 433.3, 743.8, 525.1]",0.2853,0.7147,,,,,,,,11,,
805,3,166,166,re_activate_from_lost,0.5842,"[847.8, 430.3, 938.3, 539.0]","[850.6, 430.4, 935.0, 539.1]",0.3443,0.6557,0.0529,,,,,,105,9,11,
805,6_new,185,195,margin_failed margin=0.032<0.04,0.7743,"[755.3, 387.5, 786.4, 474.5]",,,,,0.7937,0.7667,0.0319,1.0,,105,9,23,"[(185, 0.7937043905258179), (189, 0.7618271708488464), (64, 0.7132658958435059), (12, 0.710548460483551), (158, 0.70255047082901)]"
805,6_new,189,196,margin_failed margin=0.003<0.04,0.7295,"[1318.3, 371.6, 1346.6, 460.7]","[744.7, 387.4, 767.9, 450.7]",1.0,0.0,,0.8058,0.7667,0.0025,1.0,,105,9,13,"[(189, 0.8057697415351868), (44, 0.803220808506012), (168, 0.7989225387573242), (158, 0.7969632148742676), (12, 0.7936388254165649)]"
805,6_revive,186,186,revived,0.6948,"[1161.0, 382.7, 1184.0, 453.6]",,,,,0.8197,0.7667,0.0455,1.0,0.8197,105,9,19,"[(186, 0.8196974992752075), (190, 0.7741671800613403), (59, 0.7588845491409302), (188, 0.7563126087188721), (191, 0.7443386316299438)]"
806,3,163,163,re_activate_from_lost,0.7326,"[776.9, 427.3, 863.3, 535.3]","[776.0, 427.2, 863.9, 535.4]",0.2237,0.7763,0.0252,,,,,,105,10,42,
806,3,173,173,re_activate_from_lost,0.6386,"[826.2, 394.5, 851.9, 470.1]","[825.9, 394.5, 851.9, 469.3]",0.1005,0.8995,0.0661,,,,,,105,10,26,
806,5,195,195,unconfirmed_update,0.7865,"[743.2, 385.4, 774.2, 475.2]","[745.2, 385.8, 777.0, 475.1]",0.572,0.428,,,,,,,,10,,
806,6_new,54,197,gate_failed sim=0.736<theta=0.752,0.7534,"[1433.7, 370.6, 1458.0, 444.2]",,,,,0.7362,0.7525,0.0039,1.0,,105,10,35,"[(54, 0.7362323999404907), (79, 0.7323662042617798), (71, 0.7076285481452942), (44, 0.6911701560020447), (38, 0.6871824860572815)]"
806,6_revive,186,186,revived,0.6851,"[1148.2, 382.1, 1171.1, 450.9]",,,,,0.8342,0.7667,0.0602,1.0,0.8342,105,10,21,"[(186, 0.8341823816299438), (190, 0.7739454507827759), (188, 0.7590247392654419), (59, 0.7541358470916748), (150, 0.7415765523910522)]"
807,6_new,158,198,margin_failed margin=0.013<0.04,0.7164,"[880.2, 393.2, 905.9, 466.1]",,,,,0.8167,0.7667,0.0126,1.0,,105,8,14,"[(158, 0.8166841268539429), (189, 0.8041212558746338), (185, 0.8009358644485474), (71, 0.7787503004074097), (12, 0.7687796354293823)]"
807,6_revive,186,186,revived,0.6977,"[1136.7, 380.4, 1161.0, 452.6]",,,,,0.9007,0.7667,0.0756,1.0,0.9007,105,8,23,"[(186, 0.9006823301315308), (190, 0.8250904083251953), (189, 0.790473997592926), (185, 0.7871500253677368), (59, 0.7842977046966553)]"
807,6_revive,79,79,revived,0.6765,"[1421.6, 367.9, 1448.6, 444.8]",,,,,0.7779,0.7667,0.0568,1.0,0.7779,105,8,10,"[(79, 0.7778826355934143), (54, 0.7211048603057861), (71, 0.7208395004272461), (38, 0.6922112703323364), (12, 0.6802192330360413)]"
808,3,183,183,re_activate_from_lost,0.5974,"[984.8, 388.8, 1009.1, 457.0]","[983.8, 388.8, 1008.8, 457.0]",0.2249,0.7751,0.0263,,,,,,105,12,20,
808,3,173,173,re_activate_from_lost,0.644,"[805.3, 391.5, 832.3, 465.8]","[805.4, 391.7, 831.4, 466.2]",0.1567,0.8433,0.079,,,,,,105,12,27,
808,6_revive,186,186,revived,0.7785,"[1126.6, 377.0, 1153.6, 454.6]",,,,,0.8495,0.7667,0.0827,1.0,0.8495,105,12,25,"[(186, 0.8495115041732788), (190, 0.7668483853340149), (59, 0.7467149496078491), (185, 0.7318155765533447), (191, 0.7310644388198853)]"
809,3,188,188,re_activate_from_lost,0.5816,"[834.3, 389.8, 858.6, 464.1]","[834.3, 389.9, 858.9, 464.2]",0.1528,0.8472,0.0712,,,,,,105,12,9,
809,3,163,163,re_activate_from_lost,0.8233,"[741.2, 422.2, 833.0, 533.6]","[742.4, 422.6, 832.5, 533.3]",0.072,0.928,0.0242,,,,,,105,12,44,
809,6_new,158,199,margin_failed margin=0.011<0.04,0.6796,"[860.6, 390.5, 884.9, 461.4]",,,,,0.829,0.7667,0.0111,1.0,,105,12,14,"[(158, 0.8290181159973145), (189, 0.8178759813308716), (185, 0.8049190044403076), (12, 0.796493649482727), (71, 0.7843462228775024)]"
810,3,173,173,re_activate_from_lost,0.6971,"[779.6, 390.2, 806.6, 465.8]","[780.2, 390.3, 806.7, 465.6]",0.115,0.885,0.0667,,,,,,105,11,28,
810,6_new,180,200,gate_failed sim=0.723<theta=0.767,0.7962,"[1487.7, 361.8, 1512.0, 440.1]","[798.5, 390.1, 820.9, 456.0]",1.0,0.0,,0.723,0.7667,0.021,1.0,,105,11,20,"[(180, 0.7229654788970947), (44, 0.7020015120506287), (173, 0.7013083696365356), (188, 0.6952286958694458), (140, 0.6892345547676086)]"
810,6_revive,79,79,revived,0.7412,"[1389.2, 362.5, 1413.5, 441.5]",,,,,0.7792,0.7667,0.0607,1.0,0.7792,105,11,11,"[(79, 0.7792255878448486), (54, 0.7184971570968628), (71, 0.7171522378921509), (168, 0.6958653926849365), (12, 0.6734972596168518)]"
810,6_new,158,201,margin_failed margin=0.002<0.04,0.7322,"[847.1, 388.8, 872.8, 465.1]",,,,,0.8063,0.7667,0.0023,1.0,,105,11,14,"[(158, 0.8063135743141174), (189, 0.8039779663085938), (185, 0.7960479259490967), (180, 0.784774899482727), (59, 0.7528927326202393)]"
810,6_revive,79,79,revived,0.7241,"[1444.5, 361.1, 1468.8, 431.3]",,,,,0.779,0.7667,0.0621,1.0,0.779,105,11,12,"[(79, 0.7789831161499023), (12, 0.7169290781021118), (71, 0.7122304439544678), (54, 0.7104432582855225), (180, 0.6920714974403381)]"
811,3,166,166,re_activate_from_lost,0.6644,"[784.4, 429.0, 865.4, 534.9]","[783.8, 428.6, 866.0, 534.9]",0.0662,0.9338,0.0458,,,,,,105,10,14,
811,3,163,163,re_activate_from_lost,0.7003,"[719.6, 422.2, 814.1, 535.6]","[720.4, 422.1, 812.6, 535.0]",0.0706,0.9294,0.0333,,,,,,105,10,45,
811,5,200,200,unconfirmed_update,0.8151,"[1475.6, 361.1, 1502.6, 438.8]","[1479.1, 361.3, 1503.3, 439.0]",0.5999,0.4001,,,,,,,,10,,
811,6_new,173,202,gate_failed sim=0.763<theta=0.767,0.7322,"[1505.2, 353.0, 1535.0, 444.2]",,,,,0.7628,0.7667,0.0032,1.0,,106,10,29,"[(173, 0.7627912759780884), (140, 0.7595585584640503), (150, 0.7354227304458618), (188, 0.7190572023391724), (34, 0.7066577076911926)]"
811,6_new,158,203,margin_failed margin=0.010<0.04,0.7187,"[834.3, 387.5, 861.3, 464.4]",,,,,0.8421,0.7667,0.0095,1.0,,106,10,14,"[(158, 0.8421245813369751), (185, 0.8326046466827393), (189, 0.8123352527618408), (71, 0.8059414625167847), (12, 0.7874780893325806)]"
811,6_revive,164,164,revived,0.7094,"[543.4, 426.3, 601.4, 525.5]","[430.2, 345.3, 553.8, 600.0]",0.9713,0.0287,,0.8384,0.65,0.096,1.0,0.8384,106,10,28,"[(164, 0.8383843302726746), (124, 0.7424179315567017), (12, 0.7409366369247437), (178, 0.7289028167724609), (71, 0.7135267853736877)]"
811,6_revive,79,79,revived,0.6955,"[1433.7, 361.8, 1458.0, 431.3]",,,,,0.7806,0.7667,0.0436,1.0,0.7806,106,10,13,"[(79, 0.7805744409561157), (71, 0.7369985580444336), (12, 0.7350685596466064), (180, 0.7181550860404968), (54, 0.7129530906677246)]"
811,6_new,150,204,margin_failed margin=0.008<0.04,0.6954,"[1254.8, 364.5, 1283.2, 446.9]",,,,,0.7947,0.6818,0.0079,1.0,,106,10,55,"[(150, 0.7947060465812683), (168, 0.7867663502693176), (189, 0.7846612930297852), (44, 0.7760917544364929), (185, 0.771276593208313)]"
811,6_revive,184,184,revived,0.6809,"[1041.5, 386.8, 1061.8, 453.6]",,,,,0.9069,0.7667,0.1427,1.0,0.9069,106,10,27,"[(184, 0.9069066643714905), (186, 0.7642119526863098), (64, 0.7375321388244629), (136, 0.718155026435852), (59, 0.6931226253509521)]"
812,5,202,202,unconfirmed_update,0.7268,"[1498.5, 352.4, 1530.9, 440.8]","[1501.3, 352.5, 1530.3, 441.5]",0.3222,0.6778,,,,,,,,9,,
812,5,79,79,unconfirmed_update,0.6732,"[1422.9, 361.8, 1449.9, 432.7]","[1425.9, 361.8, 1450.6, 432.4]",0.5453,0.4547,,,,,,,,9,,
813,3,186,186,re_activate_from_lost,0.7571,"[1115.1, 373.6, 1140.8, 451.9]","[1114.6, 373.4, 1140.2, 452.1]",0.1856,0.8144,0.1035,,,,,,106,13,29,
814,3,166,166,re_activate_from_lost,0.726,"[758.0, 425.6, 839.0, 538.3]","[755.7, 426.1, 841.2, 537.9]",0.0715,0.9285,0.0488,,,,,,106,13,15,
814,3,178,178,re_activate_from_lost,0.8699,"[607.2, 417.2, 707.4, 532.6]","[609.2, 417.2, 704.9, 533.3]",0.0579,0.9421,0.0461,,,,,,106,13,40,
814,6_new,117,205,margin_failed margin=0.003<0.04,0.8389,"[1555.2, 293.5, 1660.5, 596.7]",,,,,0.6689,0.65,0.0026,1.0,,106,13,191,"[(117, 0.6689234972000122), (114, 0.6663261651992798), (136, 0.6559956073760986), (164, 0.6506583094596863), (122, 0.6484779119491577)]"
814,6_new,147,206,margin_failed margin=0.026<0.04,0.7097,"[584.2, 425.2, 652.4, 525.8]",,,,,0.8493,0.7667,0.0258,1.0,,106,13,19,"[(147, 0.8492920994758606), (158, 0.8234829902648926), (185, 0.7876234650611877), (178, 0.7822481393814087), (189, 0.7791281342506409)]"
814,6_revive,79,79,revived,0.702,"[1352.0, 361.1, 1379.0, 452.2]",,,,,0.8098,0.7667,0.1007,1.0,0.8098,106,13,14,"[(79, 0.8098334074020386), (71, 0.7091662883758545), (44, 0.6986293196678162), (54, 0.6745351552963257), (158, 0.6744081974029541)]"
815,3,173,173,re_activate_from_lost,0.6701,"[727.0, 388.5, 758.0, 474.2]","[727.5, 388.7, 757.5, 473.5]",0.2491,0.7509,0.0804,,,,,,106,14,29,
815,3,183,183,re_activate_from_lost,0.6852,"[916.0, 387.5, 943.0, 460.4]","[916.1, 387.2, 942.6, 460.1]",0.0688,0.9312,0.0402,,,,,,106,14,26,
815,3,186,186,re_activate_from_lost,0.7224,"[1103.6, 374.0, 1127.9, 453.6]","[1102.2, 373.6, 1127.9, 453.0]",0.2815,0.7185,0.0832,,,,,,106,14,30,
815,5,205,205,unconfirmed_update,0.8951,"[1545.8, 290.6, 1653.8, 607.2]","[1546.9, 291.2, 1655.9, 605.1]",0.1753,0.8247,,,,,,,,14,,
815,5,79,79,unconfirmed_update,0.6763,"[1343.2, 361.8, 1368.9, 452.2]","[1344.6, 361.7, 1371.4, 452.2]",0.5309,0.4691,,,,,,,,14,,
816,6_revive,79,79,revived,0.7396,"[1387.8, 361.8, 1412.1, 438.8]",,,,,0.804,0.7667,0.1522,1.0,0.804,107,11,15,"[(79, 0.8039712905883789), (200, 0.651772141456604), (54, 0.6489328742027283), (71, 0.6043865084648132), (180, 0.5945287942886353)]"
817,3,193,193,re_activate_from_lost,0.9038,"[1660.5, 312.7, 1736.1, 521.8]","[1660.9, 312.9, 1734.7, 521.9]",0.6151,0.3849,0.6522,,,,,,107,12,4,
817,3,163,163,re_activate_from_lost,0.8705,"[661.5, 427.6, 760.1, 540.3]","[664.2, 427.6, 757.4, 540.4]",0.0685,0.9315,0.0287,,,,,,107,12,46,
817,3,166,166,re_activate_from_lost,0.7112,"[729.7, 430.3, 816.1, 541.7]","[729.8, 430.5, 815.2, 542.0]",0.0776,0.9224,0.0355,,,,,,107,12,16,
817,3,173,173,re_activate_from_lost,0.5942,"[706.7, 393.2, 736.4, 480.3]","[706.4, 393.3, 736.9, 480.0]",0.0346,0.9654,0.0745,,,,,,107,12,30,
817,5,79,79,unconfirmed_update,0.762,"[1380.4, 366.9, 1404.0, 433.7]","[1382.9, 365.9, 1404.6, 434.7]",0.5425,0.4575,,,,,,,,12,,
817,6_new,117,207,margin_failed margin=0.021<0.04,0.8267,"[1625.4, 342.9, 1668.6, 484.7]",,,,,0.6646,0.65,0.021,1.0,,109,12,191,"[(117, 0.6646213531494141), (64, 0.6436570286750793), (2, 0.640369176864624), (12, 0.6357086896896362), (131, 0.6350334286689758)]"
817,6_revive,147,147,revived,0.8011,"[519.8, 433.4, 611.6, 536.6]",,,,,0.9334,0.7667,0.1146,1.0,0.9334,109,12,19,"[(147, 0.9333505630493164), (178, 0.8187074661254883), (139, 0.7919714450836182), (164, 0.7754281759262085), (185, 0.7732757329940796)]"
817,6_new,189,208,margin_failed margin=0.031<0.04,0.7341,"[1204.9, 371.2, 1230.5, 449.6]","[627.2, 381.1, 650.4, 444.4]",1.0,0.0,,0.8459,0.7667,0.0307,1.0,,109,12,13,"[(189, 0.8458890914916992), (185, 0.8151922225952148), (158, 0.8138006925582886), (150, 0.8000897169113159), (168, 0.7985188961029053)]"
817,6_revive,186,186,revived,0.7252,"[1042.9, 380.0, 1068.5, 459.7]",,,,,0.8538,0.7667,0.0722,1.0,0.8538,109,12,33,"[(186, 0.8538159132003784), (190, 0.7816481590270996), (191, 0.7816029787063599), (185, 0.7778793573379517), (150, 0.7774488925933838)]"
818,3,194,194,re_activate_from_lost,0.8876,"[1734.8, 304.1, 1810.4, 525.5]","[1735.6, 304.3, 1809.1, 525.3]",0.6768,0.3232,0.7131,,,,,,109,9,2,
818,3,184,184,re_activate_from_lost,0.5919,"[970.0, 389.8, 992.9, 455.3]","[969.5, 389.9, 993.4, 456.4]",0.1597,0.8403,0.1198,,,,,,109,9,33,
818,5,207,207,unconfirmed_update,0.8278,"[1617.3, 343.4, 1660.5, 476.9]","[1619.9, 343.3, 1661.1, 478.4]",0.3497,0.6503,,,,,,,,9,,
818,5,147,147,unconfirmed_update,0.8459,"[514.7, 432.7, 598.4, 533.9]","[513.2, 432.8, 603.5, 534.5]",0.2127,0.7873,,,,,,,,9,,
818,5,208,208,unconfirmed_update,0.6301,"[1196.8, 370.2, 1225.1, 448.5]","[1199.5, 370.4, 1225.1, 448.7]",0.4123,0.5877,,,,,,,,9,,
818,6_revive,164,164,revived,0.9032,"[436.1, 430.0, 530.5, 533.9]",,,,,0.782,0.65,0.0436,1.0,0.782,109,9,29,"[(164, 0.7820209264755249), (178, 0.7384601831436157), (147, 0.7121656537055969), (139, 0.7084425687789917), (158, 0.6942612528800964)]"
818,6_revive,186,186,revived,0.7378,"[1034.8, 378.0, 1060.4, 457.7]",,,,,0.8779,0.7667,0.081,1.0,0.8779,109,9,35,"[(186, 0.8779217600822449), (190, 0.7969046831130981), (185, 0.7782350182533264), (189, 0.7649463415145874), (59, 0.755663275718689)]"
819,6_new,85,209,gate_failed sim=0.681<theta=0.726,0.8926,"[1713.2, 336.5, 1767.2, 497.8]",,,,,0.6806,0.7259,0.0051,1.0,,109,8,33,"[(85, 0.6806397438049316), (164, 0.6755660176277161), (8, 0.6734308004379272), (90, 0.6710461378097534), (107, 0.646083652973175)]"
819,6_revive,186,186,revived,0.7712,"[1028.7, 379.4, 1051.7, 452.9]",,,,,0.8855,0.7667,0.0641,1.0,0.8855,109,8,37,"[(186, 0.885517954826355), (190, 0.8214607834815979), (191, 0.7953507900238037), (150, 0.7606919407844543), (189, 0.7592170238494873)]"
819,6_revive,79,79,revived,0.7469,"[1310.2, 365.2, 1334.5, 448.9]",,,,,0.7795,0.7667,0.0501,1.0,0.7795,109,8,18,"[(79, 0.7794921398162842), (168, 0.7294195890426636), (54, 0.703999400138855), (158, 0.6928493976593018), (71, 0.6851179003715515)]"
819,6_revive,79,79,revived,0.7228,"[1433.7, 367.2, 1455.3, 434.7]",,,,,0.8571,0.7667,0.1503,1.0,0.8571,109,8,19,"[(79, 0.8571339845657349), (202, 0.7068419456481934), (71, 0.7021646499633789), (12, 0.6899702548980713), (180, 0.683525562286377)]"
819,6_new,178,210,gate_failed sim=0.757<theta=0.767,0.68,"[417.5, 397.6, 462.0, 529.9]",,,,,0.7575,0.7667,0.0142,1.0,,109,8,46,"[(178, 0.7574927806854248), (164, 0.7432838678359985), (140, 0.7396479845046997), (146, 0.721157968044281), (180, 0.7168105840682983)]"
820,3,173,173,re_activate_from_lost,0.6035,"[679.1, 392.5, 708.8, 482.3]","[678.5, 392.5, 709.6, 481.8]",0.0882,0.9118,0.0659,,,,,,109,9,31,
820,5,209,209,unconfirmed_update,0.881,"[1706.4, 337.8, 1755.0, 497.1]","[1705.9, 337.6, 1759.3, 497.3]",0.3188,0.6812,,,,,,,,9,,
820,5,210,210,unconfirmed_update,0.7389,"[405.7, 396.9, 450.9, 533.2]","[407.8, 397.0, 453.4, 532.6]",0.4214,0.5786,,,,,,,,9,,
820,6_revive,186,186,revived,0.7112,"[1022.0, 379.7, 1046.2, 449.9]",,,,,0.8879,0.7667,0.0613,1.0,0.8879,111,9,39,"[(186, 0.8879076242446899), (190, 0.8266268968582153), (191, 0.8166706562042236), (185, 0.7701997756958008), (189, 0.7695968747138977)]"
820,6_revive,79,79,revived,0.7003,"[1422.9, 369.2, 1444.5, 436.7]",,,,,0.8628,0.7667,0.1152,1.0,0.8628,111,9,20,"[(79, 0.862808883190155), (12, 0.7475816011428833), (150, 0.7443711161613464), (202, 0.7426303029060364), (71, 0.7389665842056274)]"
821,5,79,79,unconfirmed_update,0.7195,"[1418.9, 368.9, 1443.2, 441.8]","[1420.0, 369.0, 1443.0, 440.8]",0.2661,0.7339,,,,,,,,10,,
821,6_new,12,211,margin_failed margin=0.020<0.04,0.7001,"[1150.9, 383.1, 1171.1, 447.2]",,,,,0.821,0.6742,0.0202,1.0,,111,10,261,"[(12, 0.8209870457649231), (158, 0.8008054494857788), (189, 0.7874952554702759), (173, 0.772438108921051), (195, 0.7722559571266174)]"
821,6_new,190,212,margin_failed margin=0.000<0.04,0.7836,"[1035.5, 382.7, 1061.1, 459.7]",,,,,0.858,0.7667,0.0001,1.0,,111,10,7,"[(190, 0.8580359816551208), (186, 0.8579014539718628), (189, 0.7469841241836548), (185, 0.7267117500305176), (158, 0.7103630900382996)]"
822,3,208,208,re_activate_from_lost,0.5737,"[1167.8, 369.9, 1196.1, 452.2]","[1168.4, 370.1, 1195.5, 452.3]",0.1596,0.8404,0.5178,,,,,,111,10,0,
822,3,166,166,re_activate_from_lost,0.6765,"[689.2, 430.7, 775.6, 545.4]","[688.6, 430.5, 777.6, 545.6]",0.1132,0.8868,0.0419,,,,,,111,10,19,
822,5,212,212,unconfirmed_update,0.7059,"[1029.4, 386.8, 1053.7, 459.7]","[1030.6, 386.0, 1055.2, 459.7]",0.4502,0.5498,,,,,,,,10,,
822,6_revive,164,164,revived,0.8692,"[398.6, 431.3, 495.8, 534.6]",,,,,0.8128,0.65,0.1,1.0,0.8128,111,10,30,"[(164, 0.8127537965774536), (178, 0.7127306461334229), (12, 0.705284833908081), (147, 0.6886314749717712), (166, 0.6829001903533936)]"
822,6_revive,186,186,revived,0.7517,"[1004.4, 381.7, 1030.1, 456.6]",,,,,0.8615,0.7667,0.0751,1.0,0.8615,111,10,42,"[(186, 0.8615219593048096), (190, 0.7864077091217041), (188, 0.7676727175712585), (191, 0.766810417175293), (185, 0.7645066380500793)]"
823,5,164,164,unconfirmed_update,0.8161,"[385.1, 421.2, 486.3, 536.6]","[384.9, 423.2, 491.1, 536.2]",0.2843,0.7157,,,,,,,,8,,
823,6_new,158,213,margin_failed margin=0.013<0.04,0.6941,"[1599.8, 345.3, 1643.0, 480.9]",,,,,0.7673,0.7667,0.013,1.0,,112,8,14,"[(158, 0.7673369646072388), (12, 0.7543431520462036), (71, 0.748635470867157), (168, 0.7388591766357422), (54, 0.7261064052581787)]"
824,3,210,210,re_activate_from_lost,0.7242,"[367.9, 397.2, 405.7, 518.7]","[366.7, 397.0, 407.0, 517.6]",0.1459,0.8541,0.3814,,,,,,112,10,2,
824,5,213,213,unconfirmed_update,0.7065,"[1590.3, 343.6, 1633.5, 482.6]","[1591.8, 343.9, 1635.8, 482.3]",0.3718,0.6282,,,,,,,,10,,
824,6_new,164,214,margin_failed margin=0.010<0.04,0.8031,"[1752.3, 348.6, 1795.5, 497.1]",,,,,0.7913,0.65,0.0098,1.0,,112,10,32,"[(164, 0.7913346290588379), (12, 0.7815456390380859), (117, 0.7785887718200684), (158, 0.7705094814300537), (108, 0.7553385496139526)]"
825,5,214,214,unconfirmed_update,0.826,"[1742.9, 353.0, 1788.8, 495.5]","[1746.5, 352.1, 1788.3, 495.8]",0.3311,0.6689,,,,,,,,9,,
825,6_revive,79,79,revived,0.7461,"[1318.3, 375.6, 1342.6, 441.8]",,,,,0.8538,0.7667,0.0441,1.0,0.8538,113,9,22,"[(79, 0.8537773489952087), (202, 0.8096703290939331), (150, 0.737640917301178), (71, 0.7342353463172913), (135, 0.7251384258270264)]"
825,6_revive,205,205,revived,0.6963,"[1476.9, 350.7, 1544.4, 517.4]",,,,,0.8038,0.7667,0.076,1.0,0.8038,113,9,10,"[(205, 0.8038462400436401), (103, 0.7278730869293213), (116, 0.7084680795669556), (108, 0.6677205562591553), (118, 0.6607083678245544)]"
825,6_revive,186,186,revived,0.6955,"[981.5, 383.1, 1008.5, 458.0]",,,,,0.8611,0.7667,0.0731,1.0,0.8611,113,9,46,"[(186, 0.861092209815979), (190, 0.7879936695098877), (191, 0.7868187427520752), (188, 0.7540702819824219), (59, 0.7412406206130981)]"
826,3,173,173,re_activate_from_lost,0.5848,"[625.1, 393.2, 652.7, 476.2]","[624.9, 393.0, 653.4, 476.8]",0.1153,0.8847,0.0826,,,,,,113,10,36,
826,3,210,210,re_activate_from_lost,0.6392,"[345.6, 395.2, 384.8, 521.4]","[344.1, 394.8, 386.0, 520.4]",0.1055,0.8945,0.4282,,,,,,113,10,3,
826,5,79,79,unconfirmed_update,0.6674,"[1308.8, 377.3, 1334.5, 443.5]","[1311.2, 377.0, 1335.6, 443.1]",0.5379,0.4621,,,,,,,,10,,
826,6_new,205,215,gate_failed sim=0.721<theta=0.767,0.7291,"[1468.8, 350.3, 1530.9, 513.7]",,,,,0.7213,0.7667,0.0487,1.0,,113,10,12,"[(205, 0.721278965473175), (108, 0.6725525856018066), (207, 0.6722034215927124), (103, 0.6615533828735352), (117, 0.6581895351409912)]"
826,6_revive,79,79,revived,0.7194,"[1390.5, 377.0, 1414.8, 453.3]",,,,,0.8807,0.7667,0.1377,1.0,0.8807,113,10,23,"[(79, 0.8806658983230591), (71, 0.7430152297019958), (202, 0.7323328256607056), (12, 0.7317507266998291), (158, 0.7178155779838562)]"
827,3,207,207,re_activate_from_lost,0.6232,"[1545.8, 360.8, 1589.0, 510.6]","[1544.1, 361.5, 1588.9, 507.9]",0.2655,0.7345,0.1203,,,,,,113,9,7,
827,5,215,215,unconfirmed_update,0.8557,"[1456.7, 356.1, 1521.5, 515.4]","[1460.8, 354.9, 1521.7, 515.0]",0.318,0.682,,,,,,,,9,,
828,3,213,213,re_activate_from_lost,0.7652,"[1560.6, 363.5, 1598.4, 493.8]","[1558.7, 362.6, 1600.2, 493.5]",0.1741,0.8259,0.3681,,,,,,114,10,2,
828,3,214,214,re_activate_from_lost,0.7816,"[1707.8, 360.8, 1759.1, 520.1]","[1710.8, 361.5, 1757.2, 520.0]",0.2343,0.7657,0.4015,,,,,,114,10,1,
828,6_revive,164,164,revived,0.8665,"[334.8, 404.0, 438.1, 538.3]",,,,,0.8545,0.65,0.1457,1.0,0.8545,114,10,34,"[(164, 0.8544846773147583), (147, 0.708816409111023), (178, 0.6927446126937866), (139, 0.6843832731246948), (195, 0.6827152967453003)]"
828,6_new,114,216,margin_failed margin=0.023<0.04,0.8047,"[1852.2, 307.3, 1962.9, 649.4]",,,,,0.7446,0.6914,0.0231,1.0,,114,10,56,"[(114, 0.7445627450942993), (12, 0.7214937806129456), (158, 0.7132657170295715), (164, 0.7113780379295349), (168, 0.7103801369667053)]"
828,6_new,79,217,margin_failed margin=0.019<0.04,0.7211,"[1242.0, 384.1, 1265.0, 457.7]",,,,,0.7745,0.7667,0.0186,1.0,,114,10,26,"[(79, 0.7744677066802979), (168, 0.7558802366256714), (158, 0.733540952205658), (212, 0.7292232513427734), (44, 0.7250232696533203)]"
829,3,210,210,re_activate_from_lost,0.6179,"[312.0, 400.6, 352.4, 522.1]","[311.8, 400.1, 352.4, 522.2]",0.0756,0.9244,0.4288,,,,,,114,10,4,
829,5,216,216,unconfirmed_update,0.8623,"[1844.1, 308.6, 1965.6, 653.4]","[1849.6, 308.4, 1961.1, 652.6]",0.1028,0.8972,,,,,,,,10,,
829,6_new,189,218,margin_failed margin=0.022<0.04,0.7176,"[664.5, 401.0, 693.9, 486.0]",,,,,0.8456,0.7667,0.0218,1.0,,115,10,13,"[(189, 0.8455896377563477), (180, 0.823817253112793), (158, 0.8189072608947754), (185, 0.8147627115249634), (169, 0.7913468480110168)]"
830,3,208,208,re_activate_from_lost,0.6317,"[1112.4, 395.9, 1136.7, 468.1]","[1112.4, 395.5, 1136.3, 468.1]",0.4826,0.5174,0.6732,,,,,,115,9,1,
830,3,212,212,re_activate_from_lost,0.7562,"[965.3, 399.6, 990.9, 476.6]","[965.3, 400.2, 990.7, 475.8]",0.2688,0.7312,0.0354,,,,,,115,9,5,
830,6_revive,186,186,revived,0.7478,"[942.3, 395.6, 969.3, 473.2]",,,,,0.8756,0.7667,0.0671,1.0,0.8756,116,9,52,"[(186, 0.8755667805671692), (190, 0.8084658980369568), (212, 0.7864365577697754), (191, 0.7611398100852966), (185, 0.7487995624542236)]"
830,6_revive,79,79,revived,0.6974,"[1360.1, 391.5, 1383.8, 459.0]",,,,,0.8461,0.7667,0.0509,1.0,0.8461,116,9,28,"[(79, 0.846118688583374), (12, 0.7952169179916382), (71, 0.7762266397476196), (158, 0.7661663293838501), (212, 0.7584560513496399)]"
831,3,173,173,re_activate_from_lost,0.6715,"[574.1, 401.6, 606.5, 496.1]","[574.2, 401.9, 605.7, 494.4]",0.1828,0.8172,0.0729,,,,,,116,9,40,
831,6_revive,191,191,revived,0.7075,"[985.5, 401.6, 1008.5, 473.2]",,,,,0.8252,0.7667,0.0473,1.0,0.8252,117,9,15,"[(191, 0.8251557350158691), (186, 0.7778348922729492), (190, 0.745542585849762), (185, 0.7246912717819214), (212, 0.7130814790725708)]"
831,6_revive,79,79,revived,0.7376,"[1351.4, 395.2, 1375.7, 470.1]",,,,,0.8315,0.7641,0.1128,1.0,0.8315,117,9,30,"[(79, 0.8314622044563293), (135, 0.7186844348907471), (12, 0.7157226800918579), (59, 0.7021760940551758), (71, 0.6965168714523315)]"
832,3,163,163,re_activate_from_lost,0.5813,"[527.2, 441.8, 632.5, 561.9]","[528.6, 441.8, 630.1, 562.6]",0.0637,0.9363,0.064,,,,,,117,11,60,
832,5,191,191,unconfirmed_update,0.6438,"[978.1, 405.0, 1002.4, 477.2]","[980.0, 404.3, 1003.1, 476.4]",0.4879,0.5121,,,,,,,,11,,
832,6_revive,79,79,revived,0.7629,"[1343.2, 400.6, 1367.6, 470.8]",,,,,0.8858,0.7641,0.1705,1.0,0.8858,118,11,31,"[(79, 0.885844349861145), (12, 0.7153689861297607), (54, 0.708095908164978), (71, 0.6987203359603882), (158, 0.6893725395202637)]"
833,5,79,79,unconfirmed_update,0.6104,"[1334.5, 402.0, 1360.1, 470.8]","[1336.9, 401.7, 1360.9, 470.8]",0.497,0.503,,,,,,,,13,,
834,3,183,183,re_activate_from_lost,0.6022,"[749.2, 414.8, 777.6, 495.8]","[749.4, 414.7, 778.0, 494.3]",0.2475,0.7525,0.0394,,,,,,118,21,43,
834,3,212,212,re_activate_from_lost,0.6171,"[930.2, 414.8, 954.5, 489.7]","[930.3, 414.6, 955.5, 489.4]",0.2903,0.7097,0.0326,,,,,,118,21,7,
834,3,195,195,re_activate_from_lost,0.6328,"[518.4, 407.7, 550.8, 496.1]","[517.4, 406.7, 549.0, 496.1]",0.3483,0.6517,0.1015,,,,,,118,21,26,
834,3,202,202,re_activate_from_lost,0.7745,"[1350.0, 401.0, 1378.4, 477.9]","[1351.7, 401.4, 1377.2, 477.3]",0.2309,0.7691,0.0765,,,,,,118,21,20,
834,3,186,186,re_activate_from_lost,0.6655,"[986.9, 407.7, 1012.5, 486.0]","[983.8, 407.1, 1011.7, 485.3]",0.5229,0.4771,0.6825,,,,,,118,21,55,
834,3,184,184,re_activate_from_lost,0.665,"[849.2, 419.9, 869.4, 478.6]","[849.3, 419.4, 870.3, 477.9]",0.2989,0.7011,0.0326,,,,,,118,21,48,
834,3,213,213,re_activate_from_lost,0.5753,"[1501.2, 380.7, 1549.8, 525.2]","[1502.3, 381.9, 1547.9, 525.8]",0.1307,0.8693,0.1041,,,,,,118,21,7,
834,3,191,191,re_activate_from_lost,0.6969,"[961.2, 408.0, 986.9, 487.0]","[961.4, 408.1, 986.6, 486.4]",0.1767,0.8233,0.0525,,,,,,118,21,16,
834,6_new,150,219,margin_failed margin=0.017<0.04,0.7395,"[1180.6, 403.0, 1214.3, 496.1]",,,,,0.7744,0.6818,0.0169,1.0,,119,21,55,"[(150, 0.7743690013885498), (173, 0.7574963569641113), (44, 0.7342444062232971), (185, 0.7264691591262817), (168, 0.7212669849395752)]"
835,3,200,200,re_activate_from_lost,0.6833,"[1277.8, 412.4, 1302.1, 477.2]","[1278.5, 412.3, 1301.1, 477.4]",0.091,0.909,0.0389,,,,,,119,14,21,
835,3,178,178,re_activate_from_lost,0.9048,"[407.0, 445.2, 510.3, 562.6]","[408.7, 445.2, 510.5, 562.3]",0.1321,0.8679,0.0584,,,,,,119,14,59,
835,3,163,163,re_activate_from_lost,0.8676,"[494.1, 453.3, 600.1, 573.4]","[497.0, 453.1, 598.7, 573.3]",0.1003,0.8997,0.0596,,,,,,119,14,61,
835,3,173,173,re_activate_from_lost,0.5882,"[533.2, 402.6, 565.7, 508.6]","[532.1, 401.9, 569.5, 513.1]",0.3711,0.6289,0.0673,,,,,,119,14,43,
835,6_revive,147,147,revived,0.7957,"[334.6, 454.6, 446.2, 560.6]",,,,,0.9078,0.7667,0.0892,1.0,0.9078,119,14,34,"[(147, 0.9078056216239929), (178, 0.8186154365539551), (139, 0.7638920545578003), (164, 0.7620855569839478), (163, 0.7485979795455933)]"
835,6_new,212,220,margin_failed margin=0.019<0.04,0.7173,"[1038.8, 424.2, 1063.1, 487.0]",,,,,0.8072,0.7667,0.0194,1.0,,119,14,9,"[(212, 0.8072249889373779), (186, 0.787788450717926), (158, 0.7865177392959595), (189, 0.7698042392730713), (169, 0.7569762468338013)]"
836,3,214,214,re_activate_from_lost,0.7069,"[1636.2, 392.5, 1692.9, 542.4]","[1641.5, 392.5, 1687.5, 542.5]",0.2091,0.7909,0.0907,,,,,,119,12,5,
836,3,184,184,re_activate_from_lost,0.6929,"[835.7, 420.9, 858.6, 483.0]","[834.6, 421.5, 856.7, 482.9]",0.5065,0.4935,0.6581,,,,,,119,12,49,
837,3,212,212,re_activate_from_lost,0.7124,"[899.8, 420.5, 926.8, 494.1]","[900.8, 420.4, 925.9, 494.1]",0.0789,0.9211,0.042,,,,,,119,16,9,
837,3,200,200,re_activate_from_lost,0.6521,"[1256.2, 410.4, 1283.2, 487.4]","[1256.6, 410.6, 1282.6, 485.1]",0.2924,0.7076,0.0866,,,,,,119,16,22,
837,3,178,178,re_activate_from_lost,0.8696,"[384.1, 446.9, 491.4, 563.0]","[386.4, 446.2, 488.3, 562.6]",0.0879,0.9121,0.0418,,,,,,119,16,60,
837,3,163,163,re_activate_from_lost,0.5915,"[475.9, 453.9, 584.6, 572.7]","[478.2, 453.6, 580.0, 572.7]",0.113,0.887,0.038,,,,,,119,16,62,
837,3,173,173,re_activate_from_lost,0.5987,"[506.3, 413.8, 542.7, 509.0]","[508.2, 411.0, 541.8, 509.3]",0.237,0.763,0.0748,,,,,,119,16,44,
838,3,195,195,re_activate_from_lost,0.6617,"[477.2, 409.7, 506.9, 504.9]","[475.6, 410.1, 508.5, 504.6]",0.1108,0.8892,0.0924,,,,,,119,12,28,
838,3,214,214,re_activate_from_lost,0.7735,"[1624.1, 393.2, 1672.7, 540.3]","[1624.6, 393.6, 1670.2, 541.2]",0.2106,0.7894,0.0852,,,,,,119,12,6,
838,6_revive,147,147,revived,0.8283,"[304.1, 455.6, 404.7, 561.6]",,,,,0.9214,0.7667,0.1245,1.0,0.9214,119,12,35,"[(147, 0.92143714427948), (178, 0.796981155872345), (195, 0.7968912124633789), (164, 0.7859950661659241), (166, 0.7859504222869873)]"
838,6_new,140,221,margin_failed margin=0.028<0.04,0.7373,"[89.5, 408.4, 135.1, 536.0]",,,,,0.8269,0.7352,0.0278,1.0,,119,12,105,"[(140, 0.826859176158905), (173, 0.799083948135376), (158, 0.7858362197875977), (188, 0.7747809886932373), (179, 0.7565710544586182)]"
839,3,166,166,re_activate_from_lost,0.6412,"[520.8, 463.4, 622.7, 581.5]","[524.9, 463.3, 618.8, 581.4]",0.224,0.776,0.048,,,,,,119,14,20,
839,3,183,183,re_activate_from_lost,0.8043,"[695.9, 423.9, 721.6, 490.7]","[696.4, 424.0, 721.0, 492.0]",0.2711,0.7289,0.08,,,,,,119,14,44,
839,3,191,191,re_activate_from_lost,0.7506,"[909.9, 418.2, 932.9, 491.7]","[909.3, 418.4, 933.1, 492.6]",0.1433,0.8567,0.0534,,,,,,119,14,20,
839,3,184,184,re_activate_from_lost,0.769,"[793.8, 431.0, 812.7, 491.7]","[793.3, 429.9, 814.8, 490.4]",0.4151,0.5849,0.0813,,,,,,119,14,51,
839,3,212,212,re_activate_from_lost,0.6689,"[881.6, 420.2, 907.2, 497.1]","[880.7, 420.9, 906.6, 497.2]",0.2804,0.7196,0.0349,,,,,,119,14,10,
839,3,200,200,re_activate_from_lost,0.7039,"[1234.6, 413.8, 1257.5, 480.6]","[1234.4, 413.7, 1258.4, 482.5]",0.2289,0.7711,0.0577,,,,,,119,14,23,
839,5,147,147,unconfirmed_update,0.8756,"[292.8, 457.3, 389.5, 561.3]","[294.3, 457.0, 393.3, 561.3]",0.2499,0.7501,,,,,,,,14,,
839,5,221,221,unconfirmed_update,0.8296,"[69.8, 410.1, 120.7, 537.0]","[75.9, 409.7, 121.4, 536.8]",0.5303,0.4697,,,,,,,,14,,
839,6_revive,164,164,revived,0.8205,"[204.9, 439.1, 312.5, 566.7]",,,,,0.8519,0.65,0.1195,1.0,0.8519,119,14,35,"[(164, 0.8518881797790527), (12, 0.7323952913284302), (147, 0.7242690324783325), (178, 0.7150300145149231), (158, 0.7094685435295105)]"
839,6_revive,184,184,revived,0.6714,"[805.3, 424.9, 824.2, 486.3]","[793.3, 429.9, 814.8, 490.4]",0.7207,0.2793,,0.9432,0.7667,0.2637,1.0,0.9432,119,14,52,"[(184, 0.9431597590446472), (186, 0.6794613599777222), (64, 0.6548649072647095), (190, 0.6434155702590942), (59, 0.6430495381355286)]"
840,3,210,210,re_activate_from_lost,0.7101,"[159.2, 420.5, 199.1, 518.4]","[162.4, 420.3, 196.6, 518.4]",0.5605,0.4395,0.6879,,,,,,119,8,6,
840,5,164,164,unconfirmed_update,0.8049,"[185.5, 447.5, 295.8, 569.0]","[192.4, 445.8, 296.1, 568.6]",0.3355,0.6645,,,,,,,,8,,
840,6_new,202,222,margin_failed margin=0.031<0.04,0.7817,"[1181.9, 416.5, 1204.9, 487.4]",,,,,0.8156,0.7667,0.0311,1.0,,119,8,27,"[(202, 0.8156343698501587), (140, 0.784521222114563), (188, 0.7712288498878479), (173, 0.7683241963386536), (180, 0.7415198087692261)]"
840,6_new,168,223,margin_failed margin=0.013<0.04,0.7782,"[1130.6, 415.1, 1152.2, 485.3]",,,,,0.7773,0.7667,0.0133,1.0,,119,8,20,"[(168, 0.7772754430770874), (12, 0.763994574546814), (189, 0.7614493370056152), (185, 0.7538924217224121), (158, 0.7534278631210327)]"
840,6_revive,184,184,revived,0.7774,"[791.1, 426.6, 811.4, 490.1]",,,,,0.9354,0.7667,0.1997,1.0,0.9354,119,8,53,"[(184, 0.9354138374328613), (186, 0.7357441782951355), (64, 0.7243771553039551), (79, 0.714372992515564), (136, 0.7045396566390991)]"
840,6_revive,79,79,revived,0.7718,"[1249.4, 417.8, 1271.0, 482.6]",,,,,0.8948,0.7641,0.1107,1.0,0.8948,119,8,39,"[(79, 0.8948051929473877), (158, 0.7840612530708313), (200, 0.7777451276779175), (12, 0.7738068103790283), (44, 0.7735867500305176)]"
840,6_revive,210,210,revived,0.6986,"[130.2, 421.5, 168.2, 518.7]","[162.4, 420.3, 196.6, 518.4]",0.9147,0.0853,,0.8021,0.7667,0.0368,1.0,0.8021,119,8,7,"[(210, 0.8021005392074585), (185, 0.7652694582939148), (135, 0.7627413272857666), (168, 0.748060941696167), (158, 0.7442134618759155)]"
841,3,188,188,re_activate_from_lost,0.6428,"[504.6, 422.2, 532.9, 500.5]","[505.4, 422.2, 532.0, 500.5]",0.2076,0.7924,0.0607,,,,,,119,8,12,
841,5,210,210,unconfirmed_update,0.7035,"[140.5, 419.9, 182.9, 522.5]","[139.4, 420.2, 179.0, 521.7]",0.4977,0.5023,,,,,,,,8,,
841,6_new,202,224,margin_failed margin=0.007<0.04,0.8195,"[1169.1, 414.8, 1193.4, 489.0]",,,,,0.8475,0.7667,0.0072,1.0,,119,8,28,"[(202, 0.8474884033203125), (140, 0.8403257131576538), (188, 0.8112237453460693), (173, 0.7822248935699463), (180, 0.7677305936813354)]"
841,6_revive,164,164,revived,0.7946,"[167.2, 457.0, 271.9, 569.7]",,,,,0.8247,0.65,0.1329,1.0,0.8247,119,8,37,"[(164, 0.8247267007827759), (124, 0.6918209791183472), (209, 0.6702358722686768), (12, 0.659249484539032), (59, 0.6574358940124512)]"
841,6_revive,210,210,revived,0.7279,"[116.4, 420.9, 154.1, 522.8]",,,,,0.8441,0.7667,0.0815,1.0,0.8441,119,8,8,"[(210, 0.8441064357757568), (185, 0.7625617980957031), (135, 0.7545785307884216), (158, 0.752862274646759), (180, 0.7432267665863037)]"
841,6_revive,79,79,revived,0.7069,"[1236.6, 418.5, 1256.9, 486.0]",,,,,0.898,0.7641,0.09,1.0,0.898,119,8,41,"[(79, 0.8980206251144409), (12, 0.8080108165740967), (71, 0.7918954491615295), (158, 0.782133936882019), (44, 0.7550824284553528)]"
841,6_new,189,225,margin_failed margin=0.022<0.04,0.7061,"[525.5, 423.6, 553.2, 499.2]",,,,,0.8634,0.7667,0.0223,1.0,,119,8,13,"[(189, 0.8633553981781006), (158, 0.8410360813140869), (180, 0.8368548154830933), (195, 0.8351777791976929), (185, 0.8243722915649414)]"
841,6_new,168,226,gate_failed sim=0.719<theta=0.767,0.6756,"[1119.8, 415.8, 1141.4, 484.7]",,,,,0.7189,0.7667,0.0062,1.0,,119,8,20,"[(168, 0.7188514471054077), (12, 0.712604284286499), (158, 0.7080264687538147), (44, 0.7064921855926514), (195, 0.6991013288497925)]"
842,6_new,202,227,margin_failed margin=0.027<0.04,0.7818,"[1157.6, 415.1, 1183.3, 493.4]",,,,,0.8134,0.7667,0.0266,1.0,,119,7,29,"[(202, 0.8134264945983887), (140, 0.7868438959121704), (188, 0.7776365280151367), (79, 0.7562143802642822), (180, 0.7485024929046631)]"
842,6_revive,79,79,revived,0.7312,"[1224.5, 417.5, 1247.4, 490.4]",,,,,0.9118,0.7641,0.1464,1.0,0.9118,119,7,43,"[(79, 0.911770761013031), (71, 0.7654098868370056), (12, 0.7643164396286011), (158, 0.7638000249862671), (44, 0.7392333745956421)]"
842,6_new,184,228,margin_failed margin=0.026<0.04,0.725,"[754.0, 430.3, 776.9, 493.8]",,,,,0.8333,0.7667,0.0263,1.0,,119,7,54,"[(184, 0.8333166241645813), (64, 0.8070420026779175), (186, 0.7766260504722595), (212, 0.75016850233078), (136, 0.7468560934066772)]"
842,6_revive,164,164,revived,0.7181,"[154.7, 458.3, 268.1, 571.7]",,,,,0.8382,0.65,0.1263,1.0,0.8382,119,7,39,"[(164, 0.8381530046463013), (12, 0.7118636965751648), (158, 0.6852915287017822), (59, 0.6843100190162659), (67, 0.6767489910125732)]"
842,6_revive,184,184,revived,0.7043,"[769.5, 427.6, 789.8, 493.8]",,,,,0.8977,0.7667,0.1792,1.0,0.8977,119,7,54,"[(184, 0.8976560235023499), (186, 0.7185031175613403), (64, 0.6869137287139893), (190, 0.6763585209846497), (59, 0.6707913875579834)]"
842,6_revive,210,210,revived,0.688,"[101.2, 423.2, 140.4, 521.1]",,,,,0.8802,0.7667,0.084,1.0,0.8802,119,7,10,"[(210, 0.8802070617675781), (158, 0.7961595058441162), (180, 0.7690610885620117), (185, 0.7637162208557129), (135, 0.7553796768188477)]"
842,6_new,215,229,margin_failed margin=0.034<0.04,0.6713,"[1362.2, 402.6, 1402.7, 530.9]",,,,,0.7577,0.7302,0.0342,1.0,,119,7,15,"[(215, 0.7576758861541748), (213, 0.7234556674957275), (207, 0.7206772565841675), (120, 0.7108683586120605), (117, 0.6919548511505127)]"
843,3,195,195,re_activate_from_lost,0.6077,"[415.1, 413.8, 447.5, 515.0]","[413.3, 414.1, 449.1, 516.1]",0.1715,0.8285,0.1445,,,,,,119,10,32,
843,5,227,227,unconfirmed_update,0.8091,"[1148.2, 415.5, 1173.8, 495.8]","[1149.8, 415.4, 1176.0, 495.3]",0.5499,0.4501,,,,,,,,10,,
843,5,228,228,unconfirmed_update,0.743,"[758.0, 428.0, 778.3, 498.2]","[755.2, 428.4, 780.0, 497.3]",0.2856,0.7144,,,,,,,,10,,
843,5,229,229,unconfirmed_update,0.6881,"[1354.1, 403.7, 1393.2, 531.2]","[1355.2, 403.4, 1395.5, 531.2]",0.3667,0.6333,,,,,,,,10,,
843,6_revive,79,79,revived,0.6924,"[1213.0, 419.2, 1235.9, 492.1]",,,,,0.9102,0.7641,0.0998,1.0,0.9102,119,10,45,"[(79, 0.9102250933647156), (12, 0.8104648590087891), (71, 0.80293869972229), (158, 0.7925727963447571), (44, 0.7782254219055176)]"
843,6_revive,184,184,revived,0.6799,"[744.5, 431.0, 766.1, 498.5]",,,,,0.848,0.7667,0.0634,1.0,0.848,119,10,55,"[(184, 0.8480005860328674), (64, 0.7846007347106934), (136, 0.7661901712417603), (186, 0.7586655020713806), (59, 0.7445675134658813)]"
844,6_revive,79,79,revived,0.7258,"[1204.2, 419.2, 1225.8, 488.0]",,,,,0.9043,0.7641,0.0978,1.0,0.9043,120,9,47,"[(79, 0.9043483734130859), (12, 0.8065900802612305), (71, 0.7974423170089722), (158, 0.7962449789047241), (44, 0.7946743965148926)]"
844,6_new,186,230,margin_failed margin=0.026<0.04,0.7251,"[808.0, 416.5, 835.0, 502.2]",,,,,0.8589,0.7667,0.0262,1.0,,120,9,66,"[(186, 0.8589328527450562), (212, 0.8327317237854004), (185, 0.8175951242446899), (191, 0.7968941926956177), (150, 0.7966358661651611)]"
844,6_new,158,231,margin_failed margin=0.004<0.04,0.688,"[487.4, 425.6, 515.0, 503.2]",,,,,0.8287,0.7667,0.004,1.0,,120,9,14,"[(158, 0.8286583423614502), (12, 0.8246843814849854), (71, 0.8113483190536499), (189, 0.8044825792312622), (180, 0.8034664392471313)]"
844,6_new,12,232,margin_failed margin=0.013<0.04,0.6845,"[1088.8, 417.2, 1110.4, 482.0]",,,,,0.7527,0.6742,0.013,1.0,,120,9,261,"[(12, 0.7526589035987854), (168, 0.7397012114524841), (135, 0.7322567701339722), (195, 0.7310994267463684), (158, 0.7160878777503967)]"
845,3,210,210,re_activate_from_lost,0.7967,"[64.0, 421.9, 158.8, 575.1]","[81.0, 422.4, 140.1, 569.2]",0.6605,0.3395,0.7295,,,,,,120,11,12,
845,6_revive,79,79,revived,0.7179,"[1194.8, 420.9, 1216.4, 483.0]",,,,,0.9182,0.7641,0.1925,1.0,0.9182,120,11,49,"[(79, 0.9181579947471619), (71, 0.7256340980529785), (44, 0.7254279851913452), (12, 0.7252296209335327), (158, 0.711471676826477)]"
845,6_new,158,233,margin_failed margin=0.022<0.04,0.7093,"[476.6, 426.6, 502.9, 501.5]",,,,,0.8362,0.7667,0.022,1.0,,120,11,14,"[(158, 0.8361868858337402), (189, 0.8141697645187378), (168, 0.8136820793151855), (188, 0.8076901435852051), (180, 0.8053470849990845)]"
845,6_revive,184,184,revived,0.6855,"[578.8, 430.7, 603.1, 499.5]",,,,,0.8771,0.7667,0.1107,1.0,0.8771,120,11,56,"[(184, 0.8771404027938843), (136, 0.7664737701416016), (131, 0.743833601474762), (117, 0.7425903081893921), (64, 0.7359548807144165)]"
845,6_revive,79,79,revived,0.6749,"[1078.7, 416.1, 1100.2, 487.0]",,,,,0.7973,0.7641,0.0501,1.0,0.7973,120,11,50,"[(79, 0.797295093536377), (54, 0.7471590042114258), (12, 0.7413334846496582), (168, 0.7410831451416016), (44, 0.7386918663978577)]"
846,3,202,202,re_activate_from_lost,0.761,"[1242.7, 405.7, 1272.4, 497.5]","[1242.3, 405.8, 1271.7, 495.6]",0.2322,0.7678,0.0598,,,,,,120,13,31,
847,3,163,163,re_activate_from_lost,0.766,"[341.6, 464.4, 455.0, 588.6]","[344.0, 464.4, 453.7, 588.5]",0.0699,0.9301,0.051,,,,,,120,14,70,
847,3,183,183,re_activate_from_lost,0.7258,"[601.1, 425.2, 629.4, 506.3]","[600.6, 425.8, 629.8, 506.1]",0.06,0.94,0.0925,,,,,,120,14,51,
847,3,212,212,re_activate_from_lost,0.5806,"[798.5, 428.6, 822.8, 502.2]","[798.3, 428.9, 823.3, 502.8]",0.0966,0.9034,0.0836,,,,,,120,14,17,
847,6_new,158,234,margin_failed margin=0.003<0.04,0.7175,"[452.6, 428.3, 480.3, 507.3]",,,,,0.814,0.7667,0.0028,1.0,,120,14,14,"[(158, 0.8139731884002686), (180, 0.8111665844917297), (168, 0.8107211589813232), (189, 0.8001246452331543), (12, 0.7997168302536011)]"
848,6_new,158,235,margin_failed margin=0.012<0.04,0.6886,"[442.8, 429.3, 467.8, 504.2]",,,,,0.8332,0.7667,0.0116,1.0,,123,12,14,"[(158, 0.8331766724586487), (12, 0.8216114044189453), (168, 0.8190038800239563), (195, 0.8091651201248169), (185, 0.8075058460235596)]"
849,6_revive,164,164,revived,0.7251,"[101.1, 464.1, 184.1, 578.8]",,,,,0.8586,0.65,0.0986,1.0,0.8586,123,14,45,"[(164, 0.8586194515228271), (12, 0.7599963545799255), (147, 0.7181236743927002), (71, 0.7171460390090942), (158, 0.710700273513794)]"
849,6_revive,164,164,revived,0.7004,"[65.9, 466.4, 179.0, 582.5]",,,,,0.8378,0.65,0.135,1.0,0.8378,123,14,46,"[(164, 0.8378233909606934), (12, 0.7028440237045288), (59, 0.6962120532989502), (158, 0.6957698464393616), (71, 0.6802443265914917)]"
850,3,173,173,re_activate_from_lost,0.7705,"[346.6, 428.6, 379.7, 530.5]","[346.0, 428.9, 380.2, 530.2]",0.1208,0.8792,0.0898,,,,,,123,17,52,
850,3,191,191,re_activate_from_lost,0.6357,"[801.9, 426.9, 827.6, 503.2]","[802.8, 426.7, 826.6, 502.6]",0.1409,0.8591,0.0731,,,,,,123,17,30,
850,5,164,164,unconfirmed_update,0.7057,"[93.3, 440.1, 176.5, 578.5]","[88.2, 444.9, 184.7, 578.5]",0.3045,0.6955,,,,,,,,17,,
852,3,166,166,re_activate_from_lost,0.5927,"[379.7, 471.8, 489.0, 601.4]","[383.0, 471.9, 485.4, 601.3]",0.1961,0.8039,0.067,,,,,,123,17,23,
852,3,212,212,re_activate_from_lost,0.6064,"[761.4, 432.0, 788.4, 507.6]","[762.2, 432.2, 787.9, 507.6]",0.1748,0.8252,0.0657,,,,,,123,17,18,
852,3,214,214,re_activate_from_lost,0.5755,"[1494.5, 396.2, 1543.1, 542.7]","[1494.1, 396.2, 1543.2, 543.7]",0.0851,0.9149,0.0864,,,,,,123,17,18,
852,3,191,191,re_activate_from_lost,0.7276,"[791.8, 430.0, 817.4, 505.6]","[792.6, 429.6, 816.5, 505.3]",0.1057,0.8943,0.0967,,,,,,123,17,31,
852,6_revive,79,79,revived,0.6986,"[1022.6, 423.2, 1049.6, 500.9]",,,,,0.8603,0.7641,0.0839,1.0,0.8603,123,17,58,"[(79, 0.8603253960609436), (212, 0.7764682173728943), (54, 0.7342209219932556), (12, 0.7262668609619141), (158, 0.7100152373313904)]"
853,3,186,186,re_activate_from_lost,0.7219,"[832.3, 424.2, 859.3, 508.6]","[830.7, 424.4, 860.6, 508.6]",0.1748,0.8252,0.0853,,,,,,123,15,68,
853,3,227,227,re_activate_from_lost,0.7535,"[1073.9, 421.9, 1099.6, 503.6]","[1073.7, 421.8, 1100.1, 503.1]",0.2632,0.7368,0.067,,,,,,123,15,5,
853,3,228,228,re_activate_from_lost,0.5891,"[679.7, 439.1, 701.3, 507.3]","[678.5, 438.9, 702.4, 506.8]",0.1893,0.8107,0.0288,,,,,,123,15,5,
853,3,183,183,re_activate_from_lost,0.6643,"[558.2, 435.4, 585.9, 513.0]","[557.9, 435.3, 585.9, 512.5]",0.1491,0.8509,0.1,,,,,,123,15,54,
853,3,200,200,re_activate_from_lost,0.7617,"[1115.1, 425.2, 1136.7, 496.1]","[1114.9, 425.2, 1137.4, 496.2]",0.1051,0.8949,0.0735,,,,,,123,15,36,
853,3,173,173,re_activate_from_lost,0.7903,"[324.2, 433.7, 356.7, 535.6]","[323.4, 433.9, 357.6, 536.2]",0.0969,0.9031,0.0813,,,,,,123,15,54,
853,6_new,185,236,margin_failed margin=0.015<0.04,0.7454,"[401.0, 438.8, 428.6, 515.0]","[377.3, 418.9, 408.3, 513.9]",0.8777,0.1223,,0.8587,0.7667,0.0153,1.0,,123,15,47,"[(185, 0.8586514592170715), (158, 0.8433855175971985), (195, 0.8370612263679504), (189, 0.8248273730278015), (12, 0.811042845249176)]"
853,6_new,158,237,margin_failed margin=0.017<0.04,0.6958,"[1137.4, 428.6, 1157.6, 493.4]",,,,,0.8523,0.7667,0.0166,1.0,,123,15,14,"[(158, 0.852289617061615), (12, 0.8357324600219727), (79, 0.8100493550300598), (168, 0.8005852103233337), (180, 0.7944335341453552)]"
853,6_new,184,238,margin_failed margin=0.033<0.04,0.7923,"[521.1, 439.8, 547.4, 514.7]",,,,,0.8804,0.7667,0.0331,1.0,,123,15,57,"[(184, 0.8804050087928772), (228, 0.8473392128944397), (136, 0.7386609315872192), (64, 0.7259054183959961), (117, 0.7187992334365845)]"
854,3,212,212,re_activate_from_lost,0.6088,"[756.7, 438.8, 781.0, 509.6]","[756.3, 437.8, 780.8, 509.7]",0.1645,0.8355,0.0621,,,,,,123,13,19,
854,5,236,236,unconfirmed_update,0.7767,"[396.6, 438.4, 423.6, 519.4]","[396.5, 438.5, 425.5, 518.5]",0.3297,0.6703,,,,,,,,13,,
854,5,237,237,unconfirmed_update,0.5818,"[1133.3, 428.3, 1153.6, 488.4]","[1134.7, 428.4, 1153.8, 489.4]",0.38,0.62,,,,,,,,13,,
854,5,238,238,unconfirmed_update,0.7314,"[517.0, 440.1, 544.0, 514.4]","[518.2, 440.0, 544.4, 514.4]",0.2504,0.7496,,,,,,,,13,,
854,6_new,210,239,margin_failed margin=0.030<0.04,0.6869,"[-5.0, 437.4, 40.4, 560.9]","[-30.8, 439.0, 15.3, 556.4]",0.7245,0.2755,,0.8118,0.7667,0.0302,1.0,,123,13,20,"[(210, 0.8117892146110535), (168, 0.7815950512886047), (180, 0.7686766982078552), (169, 0.7653742432594299), (158, 0.7603716850280762)]"
855,3,228,228,re_activate_from_lost,0.6408,"[674.3, 437.1, 696.6, 504.6]","[673.4, 437.3, 697.1, 505.0]",0.1163,0.8837,0.0366,,,,,,123,13,6,
855,5,239,239,unconfirmed_update,0.6791,"[-8.9, 436.4, 35.2, 565.3]","[-9.4, 436.6, 37.6, 564.4]",0.2147,0.7853,,,,,,,,13,,
856,3,213,213,re_activate_from_lost,0.5843,"[1292.6, 398.6, 1354.7, 563.3]","[1296.5, 398.6, 1351.0, 563.2]",0.3871,0.6129,0.1518,,,,,,123,18,8,
856,3,212,212,re_activate_from_lost,0.6682,"[751.3, 433.4, 776.9, 510.3]","[751.3, 434.1, 777.0, 510.0]",0.1175,0.8825,0.0608,,,,,,123,18,20,
856,6_new,135,240,margin_failed margin=0.015<0.04,0.7408,"[870.1, 436.1, 891.7, 504.2]",,,,,0.7599,0.7475,0.015,1.0,,123,18,19,"[(135, 0.7598531246185303), (189, 0.7448143362998962), (158, 0.740636944770813), (173, 0.7403687238693237), (195, 0.7327179312705994)]"
857,3,238,238,re_activate_from_lost,0.6001,"[515.4, 438.8, 542.4, 513.7]","[515.5, 438.7, 541.8, 513.6]",0.2738,0.7262,0.5642,,,,,,123,21,0,
857,3,227,227,re_activate_from_lost,0.637,"[1066.5, 419.9, 1093.5, 498.2]","[1067.1, 419.8, 1092.7, 497.5]",0.1563,0.8437,0.0787,,,,,,123,21,7,
857,3,163,163,re_activate_from_lost,0.6785,"[283.7, 472.8, 400.3, 604.5]","[283.8, 473.1, 399.0, 604.8]",0.0645,0.9355,0.0534,,,,,,123,21,79,
857,3,236,236,re_activate_from_lost,0.6904,"[385.1, 435.7, 416.8, 528.2]","[384.7, 435.8, 417.6, 526.7]",0.2538,0.7462,0.4848,,,,,,123,21,1,
857,3,173,173,re_activate_from_lost,0.7593,"[311.2, 431.0, 342.9, 529.5]","[310.6, 431.1, 343.4, 529.7]",0.0458,0.9542,0.0608,,,,,,123,21,57,
857,3,228,228,re_activate_from_lost,0.6715,"[673.7, 436.1, 694.6, 501.5]","[672.7, 436.2, 695.6, 502.1]",0.1568,0.8432,0.0405,,,,,,123,21,7,
857,5,240,240,unconfirmed_update,0.6507,"[870.1, 434.7, 893.0, 505.6]","[870.3, 435.0, 892.6, 505.3]",0.0947,0.9053,,,,,,,,21,,
858,3,237,237,re_activate_from_lost,0.6041,"[1134.7, 423.9, 1157.6, 490.7]","[1135.6, 423.9, 1156.5, 490.6]",0.3314,0.6686,0.5961,,,,,,123,15,0,
858,3,183,183,re_activate_from_lost,0.6416,"[544.7, 434.0, 574.4, 511.7]","[545.9, 434.1, 574.0, 511.5]",0.2163,0.7837,0.1268,,,,,,123,15,56,
858,3,200,200,re_activate_from_lost,0.6677,"[1108.3, 422.9, 1132.7, 494.4]","[1108.9, 422.7, 1131.8, 493.7]",0.2327,0.7673,0.0723,,,,,,123,15,38,
858,6_revive,164,164,revived,0.7563,"[14.6, 471.8, 134.3, 595.4]",,,,,0.8534,0.65,0.1298,1.0,0.8534,123,15,52,"[(164, 0.8534443378448486), (12, 0.7236769199371338), (67, 0.699510931968689), (158, 0.6983816623687744), (124, 0.6910702586174011)]"
859,3,188,188,re_activate_from_lost,0.6589,"[371.6, 422.2, 399.9, 510.6]","[371.1, 422.3, 400.5, 510.6]",0.3704,0.6296,0.0924,,,,,,123,14,13,
859,3,195,195,re_activate_from_lost,0.6149,"[339.2, 432.3, 370.2, 524.1]","[338.7, 432.3, 370.7, 524.2]",0.2553,0.7447,0.0973,,,,,,123,14,33,
859,3,166,166,re_activate_from_lost,0.8689,"[367.9, 477.2, 484.0, 602.8]","[374.1, 477.0, 477.5, 602.8]",0.1406,0.8594,0.0575,,,,,,123,14,24,
859,3,239,239,re_activate_from_lost,0.7211,"[3.4, 431.3, 46.9, 559.6]","[0.1, 431.6, 47.9, 563.2]",0.3792,0.6208,0.5523,,,,,,123,14,2,
859,3,236,236,re_activate_from_lost,0.664,"[391.8, 433.0, 418.2, 512.7]","[390.1, 433.2, 419.8, 515.6]",0.3673,0.6327,0.5799,,,,,,123,14,2,
859,5,164,164,unconfirmed_update,0.8825,"[15.8, 468.1, 143.6, 592.3]","[18.5, 468.9, 138.8, 592.9]",0.1281,0.8719,,,,,,,,14,,
860,3,185,185,re_activate_from_lost,0.6405,"[393.9, 431.3, 420.2, 504.9]","[394.7, 431.3, 419.3, 504.9]",0.4785,0.5215,0.0857,,,,,,123,11,47,
860,3,202,202,re_activate_from_lost,0.6931,"[1225.8, 401.3, 1254.2, 493.8]","[1225.0, 401.4, 1254.7, 493.8]",0.3422,0.6578,0.0995,,,,,,123,11,33,
860,3,186,186,re_activate_from_lost,0.7884,"[848.5, 417.2, 871.4, 496.1]","[846.5, 417.0, 873.1, 496.2]",0.1968,0.8032,0.1178,,,,,,123,11,71,
860,3,191,191,re_activate_from_lost,0.781,"[791.8, 422.9, 816.1, 498.5]","[791.9, 422.9, 816.1, 499.1]",0.06,0.94,0.0419,,,,,,123,11,38,
860,3,237,237,re_activate_from_lost,0.5778,"[1139.4, 418.2, 1161.0, 482.3]","[1141.0, 418.4, 1161.5, 483.2]",0.4754,0.5246,0.6969,,,,,,123,11,1,
860,6_revive,79,79,revived,0.6879,"[1024.7, 415.8, 1049.0, 489.4]",,,,,0.8491,0.7641,0.1032,1.0,0.8491,123,11,67,"[(79, 0.8490973711013794), (227, 0.7459419965744019), (54, 0.7367294430732727), (44, 0.6933674812316895), (12, 0.6887310743331909)]"
863,3,183,183,re_activate_from_lost,0.5717,"[552.2, 428.0, 579.8, 506.9]","[552.1, 428.2, 580.5, 507.0]",0.2051,0.7949,0.5455,,,,,,125,15,58,
863,3,195,195,re_activate_from_lost,0.7055,"[340.9, 428.0, 370.6, 518.4]","[341.1, 428.2, 372.3, 518.7]",0.5202,0.4798,0.6615,,,,,,125,15,34,
863,3,166,166,re_activate_from_lost,0.7804,"[370.9, 476.2, 486.3, 598.4]","[377.1, 476.1, 481.0, 598.7]",0.1273,0.8727,0.0643,,,,,,125,15,25,
863,3,228,228,re_activate_from_lost,0.6785,"[684.1, 430.7, 704.7, 496.1]","[684.0, 430.4, 706.0, 495.3]",0.2787,0.7213,0.0262,,,,,,125,15,12,
863,3,186,186,re_activate_from_lost,0.7119,"[855.2, 418.8, 880.9, 497.8]","[855.2, 418.0, 881.5, 498.0]",0.1434,0.8566,0.0825,,,,,,125,15,73,
863,6_revive,79,79,revived,0.6825,"[1031.4, 414.5, 1055.7, 492.8]",,,,,0.8656,0.7641,0.1082,1.0,0.8656,125,15,71,"[(79, 0.86561119556427), (227, 0.7573986649513245), (54, 0.7442930340766907), (12, 0.738318145275116), (71, 0.7227650880813599)]"
864,3,202,202,re_activate_from_lost,0.6432,"[1236.6, 401.3, 1263.6, 487.7]","[1236.4, 401.3, 1264.3, 488.4]",0.212,0.788,0.1098,,,,,,125,9,34,
864,6_new,195,241,margin_failed margin=0.002<0.04,0.6801,"[668.9, 431.0, 690.5, 494.4]",,,,,0.8027,0.7259,0.0025,1.0,,125,9,36,"[(195, 0.8026827573776245), (158, 0.8002224564552307), (189, 0.7884825468063354), (180, 0.7871675491333008), (212, 0.7822803854942322)]"
865,3,188,188,re_activate_from_lost,0.629,"[368.2, 422.9, 396.6, 510.0]","[368.2, 422.4, 397.1, 509.6]",0.2953,0.7047,0.1086,,,,,,125,10,14,
865,3,191,191,re_activate_from_lost,0.7285,"[795.2, 422.6, 818.1, 496.8]","[795.1, 422.5, 818.3, 496.6]",0.0433,0.9567,0.054,,,,,,125,10,42,
867,3,240,240,re_activate_from_lost,0.5849,"[884.9, 427.6, 909.2, 495.8]","[886.1, 427.5, 908.0, 495.6]",0.5542,0.4458,0.7393,,,,,,125,11,1,
867,3,183,183,re_activate_from_lost,0.6605,"[545.4, 426.3, 575.8, 503.9]","[546.4, 426.2, 574.8, 503.9]",0.0776,0.9224,0.3907,,,,,,125,11,59,
867,6_revive,79,79,revived,0.6731,"[1032.1, 415.8, 1056.4, 493.4]",,,,,0.8682,0.7641,0.1054,1.0,0.8682,125,11,76,"[(79, 0.86818528175354), (227, 0.7628322839736938), (54, 0.7353848218917847), (12, 0.7149531841278076), (44, 0.7108862400054932)]"
869,3,212,212,re_activate_from_lost,0.6556,"[757.4, 422.6, 787.1, 505.6]","[758.5, 422.7, 786.5, 505.4]",0.4377,0.5623,0.0516,,,,,,125,12,26,
870,3,183,183,re_activate_from_lost,0.6052,"[538.7, 425.6, 569.7, 503.2]","[539.8, 425.5, 568.6, 503.1]",0.0966,0.9034,0.4533,,,,,,125,15,60,
870,3,239,239,re_activate_from_lost,0.7054,"[24.1, 420.5, 61.3, 525.8]","[21.9, 420.9, 62.5, 532.1]",0.3882,0.6118,0.0955,,,,,,125,15,12,
870,3,195,195,re_activate_from_lost,0.791,"[321.8, 420.5, 351.7, 509.0]","[322.6, 420.5, 352.4, 508.5]",0.2347,0.7653,0.0949,,,,,,125,15,40,
870,3,228,228,re_activate_from_lost,0.6602,"[670.6, 424.9, 700.0, 498.5]","[673.4, 425.2, 698.1, 498.2]",0.2334,0.7666,0.0568,,,,,,125,15,18,
870,6_revive,79,79,revived,0.7484,"[1028.7, 415.8, 1055.7, 491.4]",,,,,0.8749,0.7641,0.0858,1.0,0.8749,125,15,80,"[(79, 0.874874472618103), (227, 0.7890443801879883), (54, 0.6939414143562317), (71, 0.6591519713401794), (158, 0.6504861116409302)]"
871,3,200,200,re_activate_from_lost,0.7162,"[1119.8, 417.5, 1145.5, 495.8]","[1120.1, 417.7, 1145.5, 495.9]",0.1208,0.8792,0.0791,,,,,,125,13,48,
871,3,240,240,re_activate_from_lost,0.5877,"[877.5, 425.2, 900.5, 496.8]","[877.6, 425.4, 900.5, 496.5]",0.0767,0.9233,0.4573,,,,,,125,13,3,
871,6_revive,79,79,revived,0.7029,"[1025.3, 416.5, 1051.0, 494.1]",,,,,0.8786,0.7641,0.1074,1.0,0.8786,125,13,82,"[(79, 0.8786011934280396), (227, 0.7712142467498779), (54, 0.7300311923027039), (212, 0.6816211938858032), (12, 0.6619526147842407)]"
872,3,163,163,re_activate_from_lost,0.8059,"[263.9, 456.3, 387.1, 592.7]","[264.9, 456.3, 385.8, 592.2]",0.0635,0.9365,0.0414,,,,,,125,15,92,
872,3,178,178,re_activate_from_lost,0.9119,"[160.0, 448.2, 293.0, 578.5]","[163.0, 448.2, 289.8, 578.7]",0.0538,0.9462,0.0602,,,,,,125,15,94,
872,3,229,229,re_activate_from_lost,0.7131,"[1284.5, 401.0, 1319.6, 516.4]","[1284.0, 400.9, 1320.4, 521.6]",0.2976,0.7024,0.0849,,,,,,125,15,27,
872,3,227,227,re_activate_from_lost,0.8098,"[1073.9, 417.5, 1099.6, 489.7]","[1073.8, 417.5, 1099.4, 491.0]",0.1304,0.8696,0.0428,,,,,,125,15,21,
872,3,185,185,re_activate_from_lost,0.6893,"[375.3, 412.4, 407.0, 501.5]","[374.3, 411.6, 406.0, 502.9]",0.3067,0.6933,0.0736,,,,,,125,15,58,
872,6_revive,79,79,revived,0.7072,"[1022.6, 418.2, 1046.9, 494.4]",,,,,0.8846,0.7641,0.1073,1.0,0.8846,125,15,84,"[(79, 0.8845584392547607), (227, 0.7772522568702698), (212, 0.747575044631958), (54, 0.745196521282196), (12, 0.73056560754776)]"
872,6_revive,164,164,revived,0.9061,"[-6.2, 453.3, 115.3, 579.5]",,,,,0.8758,0.65,0.1316,1.0,0.8758,125,15,61,"[(164, 0.8758389949798584), (12, 0.7442728281021118), (158, 0.7255473136901855), (178, 0.7026636004447937), (124, 0.6941169500350952)]"
872,6_revive,147,147,revived,0.8928,"[81.3, 458.0, 199.6, 572.7]",,,,,0.9235,0.7667,0.1184,1.0,0.9235,125,15,66,"[(147, 0.9235070943832397), (164, 0.8051514625549316), (158, 0.772397518157959), (12, 0.7654186487197876), (185, 0.7604984045028687)]"
873,3,238,238,re_activate_from_lost,0.7535,"[518.1, 425.6, 551.8, 503.2]","[520.8, 425.5, 548.7, 502.8]",0.3113,0.6887,0.1054,,,,,,125,11,11,
873,5,164,164,unconfirmed_update,0.9151,"[-10.9, 452.2, 107.7, 576.5]","[-10.4, 452.5, 109.6, 577.1]",0.126,0.874,,,,,,,,11,,
873,5,147,147,unconfirmed_update,0.9299,"[74.1, 458.0, 195.2, 574.8]","[75.8, 458.0, 195.8, 574.4]",0.1079,0.8921,,,,,,,,11,,
873,6_new,213,242,margin_failed margin=0.009<0.04,0.7725,"[1339.2, 395.6, 1381.1, 536.0]",,,,,0.7849,0.7531,0.009,1.0,,125,11,26,"[(213, 0.7848583459854126), (229, 0.7758768796920776), (207, 0.7742738723754883), (117, 0.7359960675239563), (120, 0.6934358477592468)]"
873,6_revive,79,79,revived,0.7176,"[1018.6, 418.2, 1044.2, 492.4]",,,,,0.8963,0.7641,0.1193,1.0,0.8963,125,11,86,"[(79, 0.8962713479995728), (227, 0.7769918441772461), (54, 0.7386558055877686), (12, 0.7076084613800049), (71, 0.704958438873291)]"
874,3,188,188,re_activate_from_lost,0.6715,"[331.1, 407.7, 361.5, 504.9]","[330.5, 407.9, 362.1, 504.7]",0.1497,0.8503,0.0843,,,,,,125,10,15,
874,5,242,242,unconfirmed_update,0.61,"[1336.5, 392.5, 1378.4, 532.9]","[1337.0, 393.1, 1378.9, 533.5]",0.1563,0.8437,,,,,,,,10,,
875,3,216,216,re_activate_from_lost,0.5745,"[1875.2, 370.2, 2004.8, 735.8]","[1881.2, 368.5, 2001.7, 740.2]",0.1704,0.8296,0.1265,,,,,,125,12,44,
875,3,227,227,re_activate_from_lost,0.5986,"[1065.8, 412.8, 1088.8, 480.9]","[1065.0, 412.8, 1088.8, 481.4]",0.169,0.831,0.0459,,,,,,125,12,23,
875,3,238,238,re_activate_from_lost,0.6057,"[510.3, 417.8, 540.0, 495.5]","[511.2, 418.1, 539.5, 495.7]",0.0789,0.9211,0.0497,,,,,,125,12,12,
875,6_revive,79,79,revived,0.707,"[1009.8, 413.1, 1035.5, 486.7]",,,,,0.902,0.7528,0.1042,1.0,0.902,125,12,89,"[(79, 0.9019759297370911), (227, 0.7977770566940308), (54, 0.7624964714050293), (212, 0.7280759215354919), (158, 0.7236223220825195)]"
876,3,212,212,re_activate_from_lost,0.5768,"[736.4, 411.8, 762.1, 492.8]","[735.3, 411.9, 762.4, 493.0]",0.44,0.56,0.0364,,,,,,125,9,27,
876,6_revive,79,79,revived,0.7655,"[1007.1, 410.1, 1032.8, 485.0]",,,,,0.8569,0.7528,0.058,1.0,0.8569,125,9,91,"[(79, 0.8568903207778931), (227, 0.798897385597229), (54, 0.7238199710845947), (158, 0.6861297488212585), (44, 0.6824204921722412)]"
877,3,183,183,re_activate_from_lost,0.6442,"[499.8, 411.1, 529.5, 491.4]","[499.8, 411.2, 529.6, 491.4]",0.0685,0.9315,0.3999,,,,,,125,9,61,
877,6_revive,79,79,revived,0.6714,"[1004.4, 409.4, 1027.3, 481.6]",,,,,0.8529,0.7528,0.0769,1.0,0.8529,125,9,93,"[(79, 0.8529486656188965), (227, 0.7760895490646362), (54, 0.7178238034248352), (158, 0.7054002285003662), (183, 0.704136848449707)]"
878,6_revive,164,164,revived,0.7013,"[-12.3, 435.7, 85.9, 559.2]",,,,,0.8674,0.65,0.1224,1.0,0.8674,125,11,64,"[(164, 0.8673684597015381), (12, 0.7449695467948914), (239, 0.7215988636016846), (147, 0.7173517942428589), (229, 0.7157644033432007)]"
878,6_revive,79,79,revived,0.7004,"[999.0, 406.0, 1024.7, 482.3]",,,,,0.8219,0.7528,0.0883,1.0,0.8219,125,11,95,"[(79, 0.8219088315963745), (227, 0.7336479425430298), (54, 0.7052481174468994), (212, 0.6955935955047607), (158, 0.686699390411377)]"
878,6_new,185,243,margin_failed margin=0.008<0.04,0.7202,"[327.4, 394.2, 355.4, 486.7]",,,,,0.8613,0.7667,0.0076,1.0,,125,11,65,"[(185, 0.8613393306732178), (195, 0.8537784814834595), (158, 0.8365368843078613), (189, 0.8087931871414185), (12, 0.7952408790588379)]"
879,3,166,166,re_activate_from_lost,0.6,"[301.4, 451.9, 422.9, 580.2]","[304.8, 452.0, 419.8, 580.2]",0.1927,0.8073,0.0526,,,,,,125,12,28,
879,3,163,163,re_activate_from_lost,0.8992,"[215.3, 436.4, 341.9, 579.5]","[215.6, 436.8, 343.1, 579.0]",0.1462,0.8538,0.0408,,,,,,125,12,96,
879,3,178,178,re_activate_from_lost,0.8537,"[109.4, 428.0, 251.8, 563.6]","[113.1, 428.1, 248.8, 563.3]",0.0876,0.9124,0.0502,,,,,,125,12,99,
879,3,209,209,re_activate_from_lost,0.7701,"[1429.7, 395.2, 1478.2, 537.0]","[1430.1, 394.6, 1478.2, 536.7]",0.0635,0.9365,0.0853,,,,,,125,12,57,
879,5,164,164,unconfirmed_update,0.7981,"[-29.9, 430.0, 67.7, 551.5]","[-26.0, 431.1, 70.9, 553.0]",0.3712,0.6288,,,,,,,,12,,
879,5,243,243,unconfirmed_update,0.7905,"[321.0, 390.2, 350.3, 484.7]","[322.5, 391.0, 351.0, 485.1]",0.3689,0.6311,,,,,,,,12,,
879,6_revive,79,79,revived,0.7707,"[995.6, 402.3, 1019.9, 480.6]",,,,,0.8857,0.7528,0.1162,1.0,0.8857,125,12,97,"[(79, 0.8856881856918335), (12, 0.7694597840309143), (227, 0.7586100697517395), (158, 0.7445515394210815), (212, 0.7432494163513184)]"
879,6_new,228,244,margin_failed margin=0.015<0.04,0.7416,"[456.3, 404.0, 480.6, 484.3]",,,,,0.8972,0.7667,0.0151,1.0,,125,12,28,"[(228, 0.8971812129020691), (238, 0.8820868730545044), (184, 0.8819242119789124), (136, 0.6671624183654785), (117, 0.655351996421814)]"
880,3,188,188,re_activate_from_lost,0.5955,"[288.1, 393.2, 316.4, 478.2]","[288.7, 393.1, 316.6, 478.2]",0.3121,0.6879,0.0778,,,,,,125,11,17,
880,3,227,227,re_activate_from_lost,0.7293,"[1044.2, 397.2, 1069.9, 474.9]","[1043.4, 397.4, 1069.7, 473.4]",0.25,0.75,0.036,,,,,,125,11,27,
880,5,244,244,unconfirmed_update,0.7593,"[451.9, 401.0, 476.9, 482.0]","[453.0, 401.6, 477.4, 482.4]",0.3227,0.6773,,,,,,,,11,,
880,6_revive,79,79,revived,0.7448,"[990.9, 398.6, 1015.2, 472.2]",,,,,0.8788,0.7528,0.1075,1.0,0.8788,125,11,99,"[(79, 0.8787732124328613), (227, 0.7713092565536499), (54, 0.743727445602417), (12, 0.7418286800384521), (212, 0.7252800464630127)]"
881,3,228,228,re_activate_from_lost,0.7304,"[620.3, 401.6, 641.9, 469.8]","[619.5, 401.5, 642.7, 470.3]",0.1439,0.8561,0.0616,,,,,,125,11,28,
881,3,166,166,re_activate_from_lost,0.6265,"[277.4, 442.1, 407.7, 572.4]","[284.3, 442.7, 403.5, 572.6]",0.1393,0.8607,0.0663,,,,,,125,11,29,
881,6_revive,79,79,revived,0.7471,"[986.9, 394.2, 1011.2, 469.8]",,,,,0.9001,0.7528,0.1416,1.0,0.9001,125,11,101,"[(79, 0.9001263380050659), (227, 0.7584823369979858), (54, 0.757774829864502), (12, 0.7413671612739563), (212, 0.7315579056739807)]"
882,3,242,242,re_activate_from_lost,0.7891,"[1300.1, 371.2, 1343.2, 510.3]","[1301.3, 371.2, 1343.0, 510.9]",0.2736,0.7264,0.4269,,,,,,125,10,4,
882,6_revive,79,79,revived,0.7638,"[980.8, 391.5, 1005.1, 469.8]",,,,,0.9072,0.7528,0.1095,1.0,0.9072,126,10,103,"[(79, 0.9071760177612305), (227, 0.7976993918418884), (54, 0.7437580227851868), (212, 0.7423809766769409), (12, 0.7335122227668762)]"
883,3,163,163,re_activate_from_lost,0.7783,"[187.3, 427.3, 317.2, 567.0]","[190.0, 427.2, 315.9, 566.7]",0.0601,0.9399,0.0413,,,,,,126,11,99,
883,6_new,116,245,margin_failed margin=0.015<0.04,0.7363,"[1818.5, 422.2, 1886.0, 512.0]",,,,,0.7775,0.65,0.015,1.0,,126,11,184,"[(116, 0.7774951457977295), (67, 0.7624857425689697), (118, 0.7549093961715698), (87, 0.7540819048881531), (119, 0.7417414784431458)]"
883,6_revive,186,186,revived,0.7256,"[680.1, 389.1, 704.7, 462.7]",,,,,0.8289,0.7188,0.0414,1.0,0.8289,126,11,94,"[(186, 0.8289090991020203), (212, 0.7875419855117798), (59, 0.7688115835189819), (190, 0.7684704661369324), (195, 0.7406802773475647)]"
883,6_revive,79,79,revived,0.7116,"[977.4, 389.1, 1001.7, 463.4]",,,,,0.887,0.7528,0.1171,1.0,0.887,126,11,105,"[(79, 0.887035608291626), (227, 0.7698917388916016), (54, 0.7449007034301758), (71, 0.7140021920204163), (183, 0.6952033638954163)]"
884,3,212,212,re_activate_from_lost,0.7767,"[702.7, 397.9, 728.3, 472.8]","[702.4, 397.3, 727.8, 472.5]",0.433,0.567,0.0451,,,,,,126,11,30,
884,3,195,195,re_activate_from_lost,0.5899,"[226.1, 384.1, 262.9, 489.4]","[226.8, 383.9, 262.2, 488.4]",0.1087,0.8913,0.0938,,,,,,126,11,53,
884,6_revive,186,186,revived,0.795,"[674.7, 387.1, 702.0, 472.2]",,,,,0.7934,0.7188,0.0449,1.0,0.7934,127,11,96,"[(186, 0.7934153079986572), (212, 0.7485127449035645), (184, 0.7434232234954834), (238, 0.739880383014679), (190, 0.7395095229148865)]"
884,6_new,242,246,margin_failed margin=0.015<0.04,0.6934,"[1317.6, 383.4, 1356.8, 510.3]",,,,,0.8096,0.7667,0.0154,1.0,,127,11,7,"[(242, 0.8096203804016113), (207, 0.7941863536834717), (213, 0.7614263296127319), (12, 0.7549388408660889), (214, 0.7427476644515991)]"
884,6_revive,193,193,revived,0.7634,"[1745.6, 355.1, 1802.2, 529.2]",,,,,0.7442,0.65,0.0588,1.0,0.7442,127,11,72,"[(193, 0.744200587272644), (122, 0.6853870749473572), (134, 0.6701892614364624), (183, 0.6677040457725525), (209, 0.6564608216285706)]"
884,6_revive,79,79,revived,0.7526,"[973.4, 388.1, 997.7, 465.8]",,,,,0.8917,0.7528,0.1156,1.0,0.8917,127,11,107,"[(79, 0.8917090892791748), (227, 0.7760766744613647), (12, 0.7634046077728271), (54, 0.7538854479789734), (212, 0.7475436329841614)]"
885,3,188,188,re_activate_from_lost,0.7481,"[248.6, 381.4, 277.9, 466.4]","[249.4, 381.5, 277.6, 466.5]",0.2134,0.7866,0.0711,,,,,,127,7,18,
885,5,246,246,unconfirmed_update,0.7939,"[1311.5, 379.7, 1352.0, 510.6]","[1312.8, 380.4, 1352.9, 510.6]",0.26,0.74,,,,,,,,7,,
885,6_revive,193,193,revived,0.8683,"[1744.2, 350.7, 1803.6, 536.3]",,,,,0.7791,0.65,0.0924,1.0,0.7791,128,7,74,"[(193, 0.7791267037391663), (122, 0.6867416501045227), (12, 0.6720477342605591), (71, 0.6716599464416504), (209, 0.6660977005958557)]"
885,6_revive,186,186,revived,0.7863,"[669.9, 386.8, 695.2, 469.1]",,,,,0.7967,0.7188,0.0422,1.0,0.7967,128,7,98,"[(186, 0.7967463135719299), (195, 0.7545285224914551), (212, 0.7478556632995605), (185, 0.7468834519386292), (191, 0.7461432814598083)]"
885,6_revive,79,79,revived,0.7459,"[968.0, 387.1, 993.6, 464.7]",,,,,0.9003,0.7528,0.1048,1.0,0.9003,128,7,109,"[(79, 0.9003220796585083), (227, 0.7955121994018555), (212, 0.7816705703735352), (12, 0.7588130235671997), (38, 0.7489145994186401)]"
885,6_new,200,247,margin_failed margin=0.012<0.04,0.6824,"[1037.5, 394.9, 1060.4, 465.8]",,,,,0.8069,0.7667,0.0117,1.0,,128,7,63,"[(200, 0.8069323301315308), (195, 0.7952132821083069), (180, 0.7917958498001099), (168, 0.7886371612548828), (44, 0.7862899303436279)]"
886,6_new,116,248,margin_failed margin=0.025<0.04,0.8295,"[1807.7, 415.8, 1872.5, 508.3]",,,,,0.7788,0.65,0.0248,1.0,,128,6,184,"[(116, 0.7787575721740723), (118, 0.7539887428283691), (88, 0.7468128204345703), (67, 0.7452027797698975), (87, 0.7344567775726318)]"
886,6_new,158,249,gate_failed sim=0.714<theta=0.767,0.9183,"[1626.8, 349.0, 1713.2, 538.7]",,,,,0.7137,0.7667,0.0038,1.0,,128,6,14,"[(158, 0.7136631011962891), (12, 0.7098873853683472), (168, 0.709389328956604), (170, 0.7014846801757812), (209, 0.6975905895233154)]"
886,6_revive,193,193,revived,0.8762,"[1741.5, 349.3, 1803.6, 533.6]",,,,,0.8088,0.65,0.0855,1.0,0.8088,128,6,76,"[(193, 0.8088077306747437), (134, 0.7233315110206604), (89, 0.7015551924705505), (146, 0.670982837677002), (122, 0.6680421233177185)]"
886,6_revive,186,186,revived,0.8032,"[664.9, 385.1, 693.2, 472.8]",,,,,0.8331,0.7188,0.039,1.0,0.8331,128,6,100,"[(186, 0.833095908164978), (212, 0.7941433191299438), (59, 0.7687049508094788), (195, 0.7685747146606445), (191, 0.7671005725860596)]"
887,3,185,185,re_activate_from_lost,0.7206,"[307.0, 376.0, 338.0, 465.8]","[306.4, 375.9, 337.6, 466.1]",0.1529,0.8471,0.0869,,,,,,128,9,72,
887,3,212,212,re_activate_from_lost,0.6213,"[688.5, 392.2, 712.8, 470.5]","[688.2, 393.0, 713.9, 470.7]",0.1832,0.8168,0.0245,,,,,,128,9,32,
887,5,248,248,unconfirmed_update,0.7997,"[1802.2, 413.8, 1869.8, 504.9]","[1804.8, 414.2, 1868.8, 505.6]",0.1629,0.8371,,,,,,,,9,,
887,5,249,249,unconfirmed_update,0.8903,"[1625.4, 348.0, 1709.1, 538.3]","[1624.5, 348.2, 1711.1, 538.4]",0.0679,0.9321,,,,,,,,9,,
887,6_new,186,250,margin_failed margin=0.036<0.04,0.8284,"[661.2, 384.8, 686.8, 471.2]",,,,,0.8547,0.7188,0.0364,1.0,,128,9,102,"[(186, 0.8546873331069946), (212, 0.8182796239852905), (64, 0.7928188443183899), (195, 0.7779684066772461), (191, 0.7751877307891846)]"
887,6_revive,193,193,revived,0.8213,"[1741.5, 349.0, 1806.3, 540.7]",,,,,0.8189,0.65,0.1026,1.0,0.8189,128,9,78,"[(193, 0.8188556432723999), (134, 0.7162820100784302), (122, 0.7157579660415649), (194, 0.6869943141937256), (89, 0.6756737232208252)]"
887,6_revive,79,79,revived,0.6777,"[960.5, 386.1, 983.5, 460.4]",,,,,0.8741,0.7528,0.1296,1.0,0.8741,128,9,112,"[(79, 0.8741100430488586), (227, 0.7445119619369507), (54, 0.701934814453125), (71, 0.6938662528991699), (212, 0.6818835735321045)]"
888,3,237,237,re_activate_from_lost,0.6487,"[1083.4, 391.8, 1103.6, 457.3]","[1083.2, 391.8, 1103.7, 457.3]",0.6693,0.3307,0.7855,,,,,,128,7,2,
888,5,250,250,unconfirmed_update,0.834,"[657.1, 384.8, 684.8, 473.9]","[658.4, 384.8, 684.7, 473.3]",0.2271,0.7729,,,,,,,,7,,
890,3,163,163,re_activate_from_lost,0.8391,"[144.5, 418.2, 277.8, 566.0]","[144.0, 418.6, 278.2, 565.6]",0.0539,0.9461,0.0639,,,,,,128,21,104,
890,3,229,229,re_activate_from_lost,0.6638,"[1206.9, 362.5, 1252.8, 520.4]","[1207.2, 362.7, 1252.8, 517.8]",0.1405,0.8595,0.0867,,,,,,128,21,44,
890,3,183,183,re_activate_from_lost,0.6281,"[424.6, 384.1, 453.6, 470.5]","[424.3, 384.1, 454.4, 469.4]",0.1276,0.8724,0.4521,,,,,,128,21,73,
890,3,178,178,re_activate_from_lost,0.8898,"[31.8, 408.0, 162.6, 548.4]","[26.2, 408.0, 168.5, 549.2]",0.1292,0.8708,0.0894,,,,,,128,21,109,
891,3,209,209,re_activate_from_lost,0.6291,"[1383.8, 371.9, 1432.4, 508.3]","[1385.8, 371.5, 1432.3, 507.9]",0.3468,0.6532,0.1009,,,,,,129,20,66,
891,3,212,212,re_activate_from_lost,0.5906,"[678.4, 388.1, 702.7, 464.4]","[677.9, 388.1, 703.0, 464.6]",0.0788,0.9212,0.0315,,,,,,129,20,33,
891,3,186,186,re_activate_from_lost,0.7976,"[810.0, 377.3, 833.0, 456.3]","[809.7, 377.2, 833.4, 455.9]",0.0782,0.9218,0.1082,,,,,,129,20,103,
891,3,243,243,re_activate_from_lost,0.7596,"[268.3, 371.2, 302.7, 468.5]","[269.7, 371.3, 301.1, 468.5]",0.0973,0.9027,0.0613,,,,,,129,20,9,
891,3,250,250,re_activate_from_lost,0.781,"[650.7, 380.4, 677.0, 458.0]","[652.1, 380.3, 675.4, 458.6]",0.2387,0.7613,0.4054,,,,,,129,20,0,
891,3,185,185,re_activate_from_lost,0.6947,"[297.2, 371.2, 329.2, 465.1]","[296.7, 371.3, 329.0, 465.1]",0.1355,0.8645,0.0734,,,,,,129,20,74,
891,3,237,237,re_activate_from_lost,0.7592,"[1078.0, 384.8, 1098.2, 450.9]","[1077.8, 384.9, 1098.4, 451.0]",0.0389,0.9611,0.2704,,,,,,129,20,3,
891,3,200,200,re_activate_from_lost,0.7747,"[1047.6, 384.1, 1069.2, 449.6]","[1047.6, 383.8, 1069.0, 450.5]",0.1254,0.8746,0.0734,,,,,,129,20,67,
891,3,228,228,re_activate_from_lost,0.7999,"[576.8, 387.1, 599.1, 451.9]","[576.7, 387.4, 598.6, 452.6]",0.1637,0.8363,0.0807,,,,,,129,20,37,
891,6_new,200,251,margin_failed margin=0.004<0.04,0.6866,"[1018.6, 385.8, 1041.5, 451.2]","[1047.6, 383.8, 1069.0, 450.5]",1.0,0.0,,0.7862,0.7667,0.0044,1.0,,129,20,68,"[(200, 0.7862122058868408), (195, 0.7818107604980469), (44, 0.7752406597137451), (150, 0.7750054597854614), (168, 0.7695143222808838)]"
891,6_new,185,252,gate_failed sim=0.701<theta=0.767,0.8088,"[1316.2, 370.6, 1364.9, 504.2]","[296.7, 371.3, 329.0, 465.1]",1.0,0.0,,0.7011,0.7667,0.0029,1.0,,129,20,75,"[(185, 0.701068639755249), (207, 0.6981539130210876), (191, 0.682854175567627), (209, 0.6790289878845215), (213, 0.6766281127929688)]"
891,6_new,79,253,margin_failed margin=0.032<0.04,0.7603,"[1090.1, 382.4, 1110.4, 450.6]",,,,,0.8439,0.7363,0.0323,1.0,,129,20,115,"[(79, 0.8438699245452881), (188, 0.8115858435630798), (140, 0.7938624620437622), (195, 0.7929110527038574), (202, 0.7887223958969116)]"
892,5,251,251,unconfirmed_update,0.672,"[1019.3, 381.7, 1042.2, 447.2]","[1019.1, 382.5, 1042.1, 448.0]",0.1642,0.8358,,,,,,,,12,,
892,5,252,252,unconfirmed_update,0.8557,"[1314.2, 363.5, 1362.8, 499.2]","[1314.3, 364.9, 1363.5, 500.2]",0.1565,0.8435,,,,,,,,12,,
892,5,253,253,unconfirmed_update,0.7434,"[1090.1, 377.7, 1111.7, 445.2]","[1090.7, 378.6, 1110.8, 446.2]",0.189,0.811,,,,,,,,12,,
893,3,195,195,re_activate_from_lost,0.751,"[168.8, 371.2, 211.1, 473.9]","[171.8, 371.4, 207.3, 474.2]",0.3128,0.6872,0.1116,,,,,,130,14,57,
893,3,163,163,re_activate_from_lost,0.9075,"[138.0, 411.1, 273.4, 559.6]","[137.2, 411.2, 272.6, 559.6]",0.0783,0.9217,0.0519,,,,,,130,14,105,
893,3,227,227,re_activate_from_lost,0.701,"[1004.4, 369.2, 1028.7, 442.1]","[1003.5, 368.9, 1029.2, 444.0]",0.2563,0.7437,0.0399,,,,,,130,14,39,
893,3,212,212,re_activate_from_lost,0.6391,"[669.9, 373.6, 696.6, 454.6]","[671.4, 374.9, 697.7, 454.9]",0.4365,0.5635,0.0594,,,,,,130,14,34,
894,3,240,240,re_activate_from_lost,0.5703,"[796.5, 377.7, 815.4, 434.4]","[796.7, 377.7, 815.2, 434.5]",0.4821,0.5179,0.7046,,,,,,130,11,4,
894,3,249,249,re_activate_from_lost,0.7627,"[1616.0, 333.5, 1683.5, 517.0]","[1608.7, 333.4, 1691.1, 517.0]",0.4241,0.5759,0.5607,,,,,,130,11,0,
894,3,209,209,re_activate_from_lost,0.7016,"[1389.2, 360.8, 1437.8, 497.1]","[1389.6, 360.7, 1436.5, 496.6]",0.093,0.907,0.1087,,,,,,130,11,68,
895,3,212,212,re_activate_from_lost,0.6458,"[663.5, 366.9, 687.8, 441.1]","[664.6, 367.3, 689.4, 442.9]",0.4471,0.5529,0.0619,,,,,,131,11,35,
896,3,163,163,re_activate_from_lost,0.7082,"[123.3, 406.7, 259.2, 555.2]","[123.9, 406.5, 259.5, 555.0]",0.0583,0.9417,0.0742,,,,,,132,12,106,
897,3,200,200,re_activate_from_lost,0.7456,"[1039.5, 365.5, 1062.5, 435.7]","[1039.6, 365.6, 1062.5, 436.2]",0.0519,0.9481,0.0415,,,,,,132,15,72,
897,3,212,212,re_activate_from_lost,0.6213,"[665.9, 371.2, 690.9, 445.5]","[664.1, 369.6, 688.6, 444.0]",0.6329,0.3671,0.7719,,,,,,132,15,36,
898,3,237,237,re_activate_from_lost,0.6489,"[1062.5, 366.5, 1085.4, 436.1]","[1063.3, 366.5, 1085.1, 435.5]",0.3477,0.6523,0.0495,,,,,,134,15,6,
898,6_new,244,254,margin_failed margin=0.029<0.04,0.6731,"[421.5, 368.6, 450.6, 444.2]",,,,,0.9299,0.7667,0.0286,1.0,,134,15,18,"[(244, 0.9299267530441284), (228, 0.9013224840164185), (238, 0.8975655436515808), (184, 0.8932898640632629), (136, 0.6815245151519775)]"
899,3,183,183,re_activate_from_lost,0.6996,"[385.1, 361.1, 414.1, 444.2]","[384.8, 361.5, 414.4, 445.1]",0.184,0.816,0.4291,,,,,,134,14,79,
900,3,195,195,re_activate_from_lost,0.7398,"[127.2, 355.7, 161.0, 447.5]","[128.4, 355.8, 160.4, 448.0]",0.3088,0.6912,0.0925,,,,,,134,16,59,
900,3,249,249,re_activate_from_lost,0.6212,"[1595.7, 327.0, 1671.3, 513.3]","[1592.1, 327.3, 1673.4, 513.5]",0.2397,0.7603,0.5277,,,,,,134,16,2,
900,3,163,163,re_activate_from_lost,0.7837,"[95.0, 398.2, 233.9, 548.1]","[96.3, 398.6, 233.3, 548.3]",0.0763,0.9237,0.0545,,,,,,134,16,107,
900,3,250,250,re_activate_from_lost,0.7372,"[625.7, 357.4, 654.8, 443.1]","[627.0, 357.4, 653.9, 443.3]",0.0824,0.9176,0.0224,,,,,,134,16,8,
900,3,237,237,re_activate_from_lost,0.7281,"[1055.0, 366.2, 1076.6, 433.7]","[1054.9, 366.0, 1076.4, 434.0]",0.0977,0.9023,0.034,,,,,,134,16,7,
900,6_new,244,255,margin_failed margin=0.005<0.04,0.759,"[411.1, 366.5, 439.4, 441.5]",,,,,0.8873,0.7667,0.0054,1.0,,134,16,20,"[(244, 0.8872939348220825), (228, 0.8818888068199158), (238, 0.8740667104721069), (184, 0.8504077196121216), (136, 0.7019286751747131)]"
900,6_new,240,256,margin_failed margin=0.008<0.04,0.7423,"[189.2, 357.8, 223.9, 446.9]","[776.0, 368.4, 792.7, 420.7]",1.0,0.0,,0.859,0.7667,0.0084,1.0,,134,16,9,"[(240, 0.8590341806411743), (195, 0.8506259918212891), (158, 0.824231743812561), (189, 0.821041464805603), (71, 0.8206424713134766)]"
900,6_new,79,257,margin_failed margin=0.036<0.04,0.7712,"[1530.9, 162.7, 1671.3, 598.1]",,,,,0.7508,0.7363,0.0356,1.0,,134,16,115,"[(79, 0.7508020997047424), (237, 0.7152508497238159), (227, 0.681022047996521), (71, 0.6778460741043091), (12, 0.6433789730072021)]"
