frame,det_score,det_box,best_lost_track_id,best_lost_track_box,iou_overlap_with_lost,could_rescue_lost_track,rescued,n_dlow_this_frame,n_newly_lost_this_frame
1,0.4414,"[1240.0, 236.1, 1272.4, 346.3]",,,0.0,False,False,4,0
1,0.3091,"[1827.9, 183.6, 1917.0, 432.0]",,,0.0,False,False,4,0
1,0.2709,"[970.0, 214.3, 1041.5, 430.7]",,,0.0,False,False,4,0
1,0.2419,"[275.1, 240.8, 411.4, 624.4]",,,0.0,False,False,4,0
2,0.3808,"[205.5, 287.9, 240.0, 390.2]",12,"[205.59333038330078, 287.97705078125, 239.68083953857422, 396.65203857421875]",0.9307,True,False,7,1
2,0.3796,"[271.7, 252.3, 411.1, 619.7]",,,0.0,False,False,7,1
2,0.3507,"[1242.0, 242.3, 1273.1, 343.6]",,,0.0,False,False,7,1
2,0.318,"[971.3, 229.7, 1041.5, 432.7]",,,0.0,False,False,7,1
2,0.2968,"[326.7, 266.5, 365.9, 385.4]",,,0.0,False,False,7,1
2,0.2017,"[313.0, 267.1, 395.2, 473.9]",,,0.0,False,False,7,1
2,0.158,"[1827.9, 167.5, 1919.7, 438.1]",,,0.0,False,False,7,1
3,0.4525,"[183.8, 288.2, 229.0, 400.6]",11,"[183.84695769479634, 287.6921810433884, 227.18471955129738, 407.3401065542678]",0.9024,True,False,9,1
3,0.4215,"[1243.4, 248.9, 1274.4, 348.3]",,,0.0,False,False,9,1
3,0.3723,"[1836.0, 154.1, 1925.1, 442.1]",,,0.0,False,False,9,1
3,0.338,"[293.5, 263.2, 386.1, 514.4]",,,0.0,False,False,9,1
3,0.2843,"[309.0, 269.5, 383.4, 471.8]",,,0.0,False,False,9,1
3,0.2,"[325.2, 271.2, 368.2, 401.6]",,,0.0,False,False,9,1
3,0.1257,"[263.1, 234.6, 382.4, 530.2]",,,0.0,False,False,9,1
3,0.1037,"[1344.6, 339.2, 1433.7, 672.0]",,,0.0,False,False,9,1
3,0.1022,"[1517.4, 301.2, 1549.8, 405.7]",,,0.0,False,False,9,1
4,0.545,"[1244.7, 253.8, 1275.8, 357.1]",,,0.0,False,False,4,0
4,0.2759,"[320.1, 277.1, 378.0, 449.9]",,,0.0,False,False,4,0
4,0.1545,"[327.0, 275.6, 371.6, 427.3]",,,0.0,False,False,4,0
4,0.1117,"[1185.3, 258.9, 1235.2, 418.2]",,,0.0,False,False,4,0
5,0.4793,"[324.0, 281.8, 375.3, 450.6]",,,0.0,False,False,3,0
5,0.1716,"[1179.2, 263.2, 1225.1, 422.2]",,,0.0,False,False,3,0
5,0.104,"[364.2, 193.4, 653.1, 1032.8]",,,0.0,False,False,3,0
6,0.332,"[1177.2, 266.3, 1221.8, 429.0]",,,0.0,False,False,2,2
6,0.1154,"[1664.6, 230.2, 1913.0, 957.8]",,,0.0,False,False,2,2
7,0.4772,"[973.4, 253.5, 1034.1, 450.6]",13,"[970.3719227863837, 253.4800631836482, 1030.7542979167413, 445.2793362304143]",0.8776,True,False,7,1
7,0.3694,"[210.8, 283.2, 369.2, 707.4]",,,0.0,False,False,7,1
7,0.1558,"[828.9, 265.6, 896.4, 448.5]",,,0.0,False,False,7,1
7,0.1291,"[1684.8, 211.8, 1782.0, 463.7]",,,0.0,False,False,7,1
7,0.1249,"[1397.2, 312.4, 1432.4, 417.8]",,,0.0,False,False,7,1
7,0.1215,"[1574.1, 265.3, 1665.9, 557.5]",,,0.0,False,False,7,1
7,0.1038,"[245.5, 294.0, 340.0, 564.6]",,,0.0,False,False,7,1
8,0.5447,"[978.1, 253.0, 1040.2, 443.5]",,,0.0,False,False,3,0
8,0.2676,"[1688.9, 211.3, 1786.1, 472.5]",,,0.0,False,False,3,0
8,0.1109,"[977.4, 257.9, 1027.3, 414.8]",,,0.0,False,False,3,0
9,0.271,"[1695.6, 214.0, 1790.1, 462.0]",,,0.0,False,False,3,1
9,0.2227,"[1260.2, 269.3, 1291.3, 370.6]",,,0.0,False,False,3,1
9,0.1045,"[833.0, 268.6, 904.5, 452.9]",,,0.0,False,False,3,1
10,0.5479,"[605.1, 251.6, 700.0, 544.7]",,,0.0,False,False,2,0
10,0.1994,"[1263.6, 272.0, 1294.7, 371.6]",,,0.0,False,False,2,0
11,0.3073,"[1271.7, 275.2, 1300.1, 372.6]",,,0.0,False,False,4,0
11,0.2621,"[602.1, 252.1, 701.3, 538.3]",,,0.0,False,False,4,0
11,0.1558,"[989.6, 264.8, 1036.8, 431.7]",,,0.0,False,False,4,0
11,0.106,"[1709.1, 335.1, 1981.8, 1165.1]",,,0.0,False,False,4,0
12,0.3707,"[1276.4, 280.8, 1306.1, 379.4]",,,0.0,False,False,5,0
12,0.2728,"[1732.1, 224.1, 1815.8, 465.1]",,,0.0,False,False,5,0
12,0.1639,"[609.2, 257.3, 705.4, 548.8]",,,0.0,False,False,5,0
12,0.1384,"[595.0, 286.2, 655.8, 486.0]",,,0.0,False,False,5,0
12,0.1039,"[78.3, 645.0, 100.2, 679.4]",,,0.0,False,False,5,0
13,0.2639,"[1732.1, 224.1, 1821.2, 472.5]",,,0.0,False,False,2,0
13,0.1223,"[1281.8, 281.8, 1311.5, 379.0]",,,0.0,False,False,2,0
14,0.4466,"[1624.1, 266.0, 1686.2, 458.3]",,,0.0,False,False,11,1
14,0.4266,"[-187.7, 250.6, 76.5, 921.4]",2,"[-181.47191310698383, 238.55568813729985, 63.777050741261206, 898.1602542455126]",0.8817,True,False,11,1
14,0.391,"[997.0, 276.4, 1057.7, 466.1]",,,0.0,False,False,11,1
14,0.2294,"[87.8, 649.0, 109.8, 686.8]",,,0.0,False,False,11,1
14,0.1744,"[85.8, 658.8, 116.0, 710.8]",,,0.0,False,False,11,1
14,0.172,"[1557.9, 801.9, 1657.8, 1085.4]",,,0.0,False,False,11,1
14,0.1342,"[86.8, 651.4, 111.8, 697.3]",,,0.0,False,False,11,1
14,0.12,"[10.2, 347.6, 54.3, 463.7]",2,"[-181.47191310698383, 238.55568813729985, 63.777050741261206, 898.1602542455126]",0.0317,False,False,11,1
14,0.111,"[1633.5, 270.8, 1679.4, 430.3]",,,0.0,False,False,11,1
14,0.1101,"[1287.2, 286.5, 1316.9, 384.8]",,,0.0,False,False,11,1
14,0.1065,"[1752.3, 227.8, 1833.3, 472.8]",,,0.0,False,False,11,1
15,0.5159,"[241.5, 337.2, 286.7, 447.9]",11,"[237.44263849021215, 336.90733508496953, 286.6520270371316, 472.2012464579993]",0.7504,True,False,9,1
15,0.4011,"[1001.7, 281.8, 1055.7, 460.7]",,,0.0,False,False,9,1
15,0.2542,"[1289.9, 291.1, 1321.0, 390.2]",,,0.0,False,False,9,1
15,0.2265,"[1763.1, 233.9, 1841.4, 471.5]",,,0.0,False,False,9,1
15,0.2153,"[1836.0, 237.9, 1917.0, 530.2]",,,0.0,False,False,9,1
15,0.1664,"[1740.2, 264.6, 1794.2, 457.7]",,,0.0,False,False,9,1
15,0.139,"[1437.8, 336.7, 1481.0, 442.5]",,,0.0,False,False,9,1
15,0.1254,"[1061.8, 286.2, 1119.8, 456.3]",,,0.0,False,False,9,1
15,0.1093,"[14.3, 352.0, 56.1, 472.8]",,,0.0,False,False,9,1
16,0.4851,"[239.1, 342.2, 287.4, 461.0]",,,0.0,False,False,4,0
16,0.3679,"[1292.6, 294.3, 1323.7, 390.8]",,,0.0,False,False,4,0
16,0.1893,"[21.1, 356.4, 58.8, 462.4]",,,0.0,False,False,4,0
16,0.1555,"[1757.7, 233.9, 1846.8, 484.3]",,,0.0,False,False,4,0
17,0.5083,"[427.3, 294.6, 539.3, 605.8]",,,0.0,False,False,4,0
17,0.3676,"[1294.7, 298.2, 1325.7, 392.9]",,,0.0,False,False,4,0
17,0.1627,"[1007.8, 287.7, 1059.1, 447.9]",,,0.0,False,False,4,0
17,0.1181,"[1771.2, 238.3, 1854.9, 483.3]",,,0.0,False,False,4,0
18,0.5496,"[1640.2, 274.7, 1699.7, 477.2]",,,0.0,False,False,2,0
18,0.2333,"[223.4, 356.4, 257.5, 461.7]",,,0.0,False,False,2,0
19,0.4569,"[1622.7, 291.9, 1671.3, 472.2]",,,0.0,False,False,3,0
19,0.1845,"[425.6, 295.3, 531.6, 624.7]",,,0.0,False,False,3,0
19,0.1196,"[603.1, 297.3, 697.3, 576.8]",,,0.0,False,False,3,0
20,0.4536,"[1622.7, 300.0, 1674.0, 461.4]",,,0.0,False,False,3,0
20,0.2468,"[1860.3, 257.3, 1962.9, 567.0]",,,0.0,False,False,3,0
20,0.2331,"[1783.4, 250.8, 1864.4, 510.0]",,,0.0,False,False,3,0
21,0.2635,"[1617.3, 298.2, 1665.9, 479.3]",,,0.0,False,False,3,0
21,0.1598,"[1867.1, 260.9, 1958.9, 564.6]",,,0.0,False,False,3,0
21,0.1498,"[1007.1, 301.4, 1065.2, 493.8]",,,0.0,False,False,3,0
22,0.3117,"[1057.1, 314.9, 1116.5, 494.4]",7,"[1041.8637841505379, 304.771032096224, 1119.8837744432121, 507.10213684908854]",0.6756,True,False,2,1
22,0.2593,"[1791.5, 240.3, 2112.8, 1217.7]",,,0.0,False,False,2,1
23,0.1333,"[21.1, 362.1, 85.1, 530.2]",,,0.0,False,False,2,0
23,0.1106,"[255.7, 367.2, 292.4, 473.2]",,,0.0,False,False,2,0
24,0.5087,"[1629.5, 297.7, 1705.1, 501.5]",15,"[1636.8723447760462, 295.9629775247072, 1702.1296083489538, 501.8584336081053]",0.8558,True,False,4,2
24,0.2689,"[-86.9, 261.9, 144.3, 953.8]",,,0.0,False,False,4,2
24,0.1505,"[-4.3, 341.9, 115.3, 632.1]",,,0.0,False,False,4,2
24,0.1356,"[17.3, 343.1, 100.3, 555.5]",,,0.0,False,False,4,2
25,0.5625,"[579.2, 306.1, 680.4, 627.4]",,,0.0,False,False,5,0
25,0.3329,"[1306.8, 325.2, 1333.8, 414.8]",,,0.0,False,False,5,0
25,0.2897,"[866.0, 327.7, 932.2, 510.0]",,,0.0,False,False,5,0
25,0.256,"[1629.5, 299.0, 1705.1, 503.6]",,,0.0,False,False,5,0
25,0.1119,"[1316.2, 779.6, 1414.8, 1072.6]",,,0.0,False,False,5,0
26,0.4585,"[98.0, 376.0, 136.2, 461.0]",,,0.0,False,False,2,0
26,0.1517,"[565.0, 296.8, 673.0, 646.7]",,,0.0,False,False,2,0
27,0.3342,"[93.2, 371.9, 134.8, 478.6]",,,0.0,False,False,8,1
27,0.3028,"[1818.5, 267.6, 2123.6, 1097.6]",,,0.0,False,False,8,1
27,0.2923,"[28.5, 376.7, 61.4, 469.8]",,,0.0,False,False,8,1
27,0.1985,"[376.3, 351.0, 445.2, 548.8]",,,0.0,False,False,8,1
27,0.1569,"[403.3, 351.3, 474.9, 542.4]",,,0.0,False,False,8,1
27,0.154,"[303.6, 383.4, 329.2, 463.7]",,,0.0,False,False,8,1
27,0.131,"[385.8, 350.7, 460.0, 556.5]",,,0.0,False,False,8,1
27,0.1067,"[551.8, 288.2, 674.0, 669.6]",,,0.0,False,False,8,1
28,0.5511,"[28.3, 373.3, 63.0, 467.8]",1,"[-224.87263525034683, 224.60585509096632, 142.93560064341324, 1104.1581829949712]",0.0101,False,False,4,1
28,0.3917,"[-307.0, -25.0, 92.0, 1149.5]",1,"[-224.87263525034683, 224.60585509096632, 142.93560064341324, 1104.1581829949712]",0.5428,True,False,4,1
28,0.2314,"[1796.9, 260.6, 2131.7, 1135.4]",,,0.0,False,False,4,1
28,0.1273,"[89.4, 369.2, 130.1, 464.4]",1,"[-224.87263525034683, 224.60585509096632, 142.93560064341324, 1104.1581829949712]",0.012,False,False,4,1
29,0.5277,"[84.7, 367.9, 124.9, 463.1]",,,0.0,False,False,10,0
29,0.4555,"[88.9, 638.6, 117.6, 700.7]",,,0.0,False,False,10,0
29,0.3704,"[1076.6, 331.8, 1123.9, 483.0]",,,0.0,False,False,10,0
29,0.2626,"[1295.3, 324.0, 1325.0, 419.9]",,,0.0,False,False,10,0
29,0.2159,"[-354.0, -18.9, 72.2, 1167.1]",,,0.0,False,False,10,0
29,0.1656,"[382.7, 346.6, 455.6, 544.4]",,,0.0,False,False,10,0
29,0.1387,"[364.8, 347.3, 438.4, 553.8]",,,0.0,False,False,10,0
29,0.1356,"[357.8, 347.0, 421.2, 544.0]",,,0.0,False,False,10,0
29,0.1023,"[-219.4, 263.2, 48.0, 1212.3]",,,0.0,False,False,10,0
29,0.101,"[1827.9, 280.1, 2103.3, 1056.4]",,,0.0,False,False,10,0
30,0.4159,"[1594.4, 301.9, 1680.8, 516.4]",15,"[1608.614042396828, 301.44412661634806, 1678.992402915672, 503.55843686021444]",0.7646,True,False,8,2
30,0.4039,"[855.9, 322.0, 915.3, 508.3]",,,0.0,False,False,8,2
30,0.2179,"[82.0, 367.9, 119.5, 461.0]",,,0.0,False,False,8,2
30,0.1578,"[1294.0, 323.8, 1322.3, 417.8]",,,0.0,False,False,8,2
30,0.1564,"[992.9, 294.3, 1065.8, 524.5]",13,"[991.5138958008828, 297.2559397242015, 1072.2737018553673, 532.4972951390797]",0.8621,True,False,8,2
30,0.1455,"[350.7, 339.0, 425.6, 540.7]",,,0.0,False,False,8,2
30,0.1066,"[334.6, 335.5, 404.7, 534.6]",,,0.0,False,False,8,2
30,0.1023,"[375.6, 347.3, 451.2, 547.8]",,,0.0,False,False,8,2
31,0.5629,"[986.2, 292.6, 1063.1, 517.4]",,,0.0,False,False,7,0
31,0.5527,"[1059.8, 328.4, 1105.7, 483.0]",,,0.0,False,False,7,0
31,0.4623,"[71.8, 362.1, 112.8, 460.0]",,,0.0,False,False,7,0
31,0.3237,"[1595.7, 321.3, 1671.3, 507.6]",,,0.0,False,False,7,0
31,0.2489,"[74.2, 635.9, 103.8, 700.7]",,,0.0,False,False,7,0
31,0.2465,"[1287.9, 323.7, 1316.2, 419.5]",,,0.0,False,False,7,0
31,0.1283,"[358.8, 337.8, 440.4, 546.4]",,,0.0,False,False,7,0
32,0.5128,"[983.5, 293.5, 1060.4, 517.7]",,,0.0,False,False,5,0
32,0.3478,"[1283.2, 322.7, 1311.5, 414.5]",,,0.0,False,False,5,0
32,0.336,"[62.4, 361.1, 104.0, 463.1]",,,0.0,False,False,5,0
32,0.151,"[65.1, 623.4, 99.7, 702.7]",,,0.0,False,False,5,0
32,0.1136,"[1440.5, 369.9, 1483.7, 482.0]",,,0.0,False,False,5,0
33,0.4932,"[974.7, 290.6, 1055.7, 516.0]",,,0.0,False,False,3,0
33,0.4839,"[57.2, 630.8, 91.0, 706.1]",,,0.0,False,False,3,0
33,0.1742,"[54.4, 359.4, 96.1, 458.7]",,,0.0,False,False,3,0
34,0.4026,"[47.9, 627.8, 81.1, 700.0]",,,0.0,False,False,1,0
35,0.3539,"[-16.1, 360.5, 20.2, 459.0]",17,"[-14.795615629782425, 360.3007782128555, 20.755302862753616, 462.152468857457]",0.9186,True,False,5,1
35,0.2925,"[1509.3, 356.1, 1549.8, 496.5]",,,0.0,False,False,5,1
35,0.2245,"[41.8, 356.4, 79.7, 451.6]",,,0.0,False,False,5,1
35,0.1938,"[332.8, 323.5, 423.9, 531.9]",,,0.0,False,False,5,1
35,0.1133,"[294.1, 328.6, 384.8, 534.6]",,,0.0,False,False,5,1
36,0.5293,"[34.3, 353.0, 75.3, 450.9]",,,0.0,False,False,3,0
36,0.5091,"[1503.9, 351.3, 1552.5, 495.8]",,,0.0,False,False,3,0
36,0.339,"[-17.6, 359.4, 17.4, 453.9]",,,0.0,False,False,3,0
37,0.3126,"[1508.0, 338.9, 1551.2, 494.8]",,,0.0,False,False,4,0
37,0.2562,"[-20.9, 355.1, 13.2, 448.9]",,,0.0,False,False,4,0
37,0.2045,"[1262.2, 315.7, 1292.0, 410.7]",,,0.0,False,False,4,0
37,0.1589,"[1508.0, 272.2, 1672.7, 905.8]",,,0.0,False,False,4,0
38,0.3466,"[167.3, 347.6, 207.4, 447.5]",11,"[165.5279873235023, 344.4955706182824, 210.0442783014977, 456.60025457703006]",0.8023,True,False,4,1
38,0.2851,"[1509.3, 321.3, 1557.9, 492.1]",,,0.0,False,False,4,1
38,0.2778,"[1514.7, 435.4, 1630.8, 792.5]",,,0.0,False,False,4,1
38,0.1935,"[26.5, 351.7, 66.4, 444.2]",,,0.0,False,False,4,1
39,0.5488,"[1509.3, 319.4, 1552.5, 491.4]",,,0.0,False,False,5,0
39,0.2311,"[1513.4, 411.4, 1640.2, 800.6]",,,0.0,False,False,5,0
39,0.1888,"[951.8, 284.5, 1046.2, 498.5]",,,0.0,False,False,5,0
39,0.1796,"[1509.3, 311.5, 1655.1, 880.2]",,,0.0,False,False,5,0
39,0.1053,"[463.4, 270.2, 587.6, 613.6]",,,0.0,False,False,5,0
40,0.5327,"[1508.0, 304.6, 1559.2, 488.0]",,,0.0,False,False,6,2
40,0.4622,"[985.5, 311.5, 1054.3, 496.5]",10,"[992.9986013729919, 313.57427954231594, 1049.1306710879455, 482.49456811393406]",0.7446,True,False,6,2
40,0.1704,"[23.5, 350.7, 62.6, 442.5]",,,0.0,False,False,6,2
40,0.1697,"[963.9, 304.8, 1040.8, 498.5]",10,"[992.9986013729919, 313.57427954231594, 1049.1306710879455, 482.49456811393406]",0.4957,True,False,6,2
40,0.1619,"[1514.7, 405.7, 1655.1, 848.5]",,,0.0,False,False,6,2
40,0.142,"[1001.0, 313.9, 1053.7, 476.6]",10,"[992.9986013729919, 313.57427954231594, 1049.1306710879455, 482.49456811393406]",0.7656,True,False,6,2
41,0.543,"[949.1, 273.4, 1038.2, 515.0]",13,"[950.3911177168706, 270.36752403061604, 1040.2499955643793, 524.2259818287589]",0.9166,True,False,8,1
41,0.4991,"[18.5, 350.3, 60.2, 446.9]",,,0.0,False,False,8,1
41,0.3572,"[449.9, 251.1, 583.5, 634.5]",,,0.0,False,False,8,1
41,0.2878,"[-23.4, 357.1, 12.3, 447.5]",,,0.0,False,False,8,1
41,0.1738,"[982.1, 310.5, 1045.6, 486.7]",13,"[950.3911177168706, 270.36752403061604, 1040.2499955643793, 524.2259818287589]",0.4312,True,False,8,1
41,0.1422,"[1506.6, 408.4, 1633.5, 786.4]",,,0.0,False,False,8,1
41,0.117,"[1505.2, 398.2, 1653.8, 892.4]",,,0.0,False,False,8,1
41,0.1107,"[40.1, 633.2, 62.1, 680.4]",,,0.0,False,False,8,1
42,0.5297,"[-18.8, 355.7, 11.0, 444.8]",,,0.0,False,False,5,0
42,0.341,"[984.2, 313.4, 1044.9, 479.6]",,,0.0,False,False,5,0
42,0.2821,"[442.8, 250.1, 580.5, 655.1]",,,0.0,False,False,5,0
42,0.1113,"[963.9, 296.5, 1039.5, 493.4]",,,0.0,False,False,5,0
42,0.1004,"[1429.7, 352.7, 1472.9, 468.8]",,,0.0,False,False,5,0
43,0.3354,"[1499.9, 272.9, 1678.1, 942.3]",,,0.0,False,False,3,1
43,0.2863,"[-20.0, 355.1, 11.0, 446.2]",,,0.0,False,False,3,1
43,0.2735,"[26.9, 633.2, 52.4, 689.9]",18,"[26.39580381587698, 634.8237639822037, 48.63352357670114, 684.5749176584212]",0.7348,True,False,3,1
44,0.4826,"[94.0, 356.7, 128.1, 452.6]",12,"[96.39082342128759, 357.8494895932047, 131.42367548007962, 456.9162574771078]",0.8037,True,False,2,3
44,0.145,"[19.4, 354.7, 61.6, 445.2]",,,0.0,False,False,2,3
45,0.3097,"[91.6, 358.8, 121.7, 442.5]",,,0.0,False,False,4,3
45,0.1981,"[1433.7, 354.4, 1482.3, 475.9]",,,0.0,False,False,4,3
45,0.1857,"[22.4, 356.4, 62.4, 446.9]",,,0.0,False,False,4,3
45,0.1013,"[1792.8, 240.6, 1887.3, 504.6]",,,0.0,False,False,4,3
46,0.4467,"[978.1, 304.6, 1060.4, 529.9]",13,"[976.3016177044689, 304.1697271854765, 1055.3849057330312, 523.9564324824923]",0.8938,True,False,6,1
46,0.3365,"[1707.8, 304.4, 1759.1, 437.4]",,,0.0,False,False,6,1
46,0.2467,"[1439.1, 354.4, 1482.3, 469.1]",,,0.0,False,False,6,1
46,0.1754,"[430.7, 265.3, 560.2, 623.7]",,,0.0,False,False,6,1
46,0.1364,"[1490.4, 219.9, 1719.9, 863.3]",,,0.0,False,False,6,1
46,0.1353,"[161.0, -511.0, 1217.7, 1806.3]",,,0.0071,False,False,6,1
47,0.5375,"[929.5, 307.8, 994.3, 498.2]",,,0.0,False,False,6,0
47,0.4203,"[976.1, 305.1, 1057.1, 532.6]",,,0.0,False,False,6,0
47,0.2222,"[1869.8, 258.2, 1940.0, 482.3]",,,0.0,False,False,6,0
47,0.176,"[1809.0, 235.1, 1898.1, 513.7]",,,0.0,False,False,6,0
47,0.1311,"[1444.5, 353.0, 1490.4, 473.2]",,,0.0,False,False,6,0
47,0.1128,"[1316.2, 354.4, 1364.9, 452.9]",,,0.0,False,False,6,0
48,0.5332,"[1501.2, 292.6, 1560.6, 482.3]",,,0.0,False,False,4,0
48,0.3582,"[1757.7, 279.6, 1803.6, 432.7]",,,0.0,False,False,4,0
48,0.1267,"[1722.6, 277.9, 1768.5, 428.0]",,,0.0,False,False,4,0
48,0.1118,"[53.0, 644.0, 76.4, 694.6]",,,0.0,False,False,4,0
49,0.4993,"[1545.8, 275.6, 1594.4, 494.8]",15,"[1532.660271971361, 278.9504902444871, 1594.7054506848892, 492.2118632711379]",0.7666,True,False,5,1
49,0.4168,"[1516.1, 291.9, 1567.4, 488.4]",15,"[1532.660271971361, 278.9504902444871, 1594.7054506848892, 492.2118632711379]",0.4131,True,False,5,1
49,0.255,"[64.1, 642.6, 88.1, 694.6]",,,0.0,False,False,5,1
49,0.2116,"[37.2, 683.1, 52.9, 714.2]",,,0.0,False,False,5,1
49,0.1075,"[1227.2, 294.3, 1281.2, 473.9]",,,0.0,False,False,5,1
50,0.1777,"[1784.7, 273.0, 1833.3, 429.6]",,,0.0,False,False,1,0
51,0.4474,"[1796.9, 269.8, 1842.8, 428.6]",,,0.0,False,False,5,1
51,0.4307,"[1559.2, 270.7, 1616.0, 491.4]",15,"[1559.763310845205, 269.7903671589371, 1623.47179657667, 492.5636367473129]",0.8669,True,False,5,1
51,0.3839,"[1533.6, 287.9, 1587.6, 479.6]",15,"[1559.763310845205, 269.7903671589371, 1623.47179657667, 492.5636367473129]",0.2778,False,False,5,1
51,0.2272,"[1807.7, 269.7, 1850.9, 427.6]",,,0.0,False,False,5,1
51,0.1451,"[1625.4, 346.6, 1687.5, 480.3]",,,0.0,False,False,5,1
52,0.4763,"[1821.2, 266.0, 1864.4, 423.9]",,,0.0,False,False,7,0
52,0.4321,"[1539.0, 285.5, 1590.3, 481.3]",,,0.0,False,False,7,0
52,0.3396,"[376.7, 347.6, 459.7, 583.2]",,,0.0,False,False,7,0
52,0.2464,"[378.7, 331.4, 482.6, 623.7]",,,0.0,False,False,7,0
52,0.1349,"[1768.5, 270.7, 1814.4, 429.3]",,,0.0,False,False,7,0
52,0.133,"[378.7, 359.4, 446.9, 555.2]",,,0.0,False,False,7,0
52,0.104,"[398.9, 302.7, 515.7, 665.2]",,,0.0,False,False,7,0
53,0.3588,"[380.4, 238.8, 551.8, 766.8]",,,0.0,False,False,5,1
53,0.2353,"[383.1, 293.8, 509.3, 635.9]",,,0.0,False,False,5,1
53,0.2041,"[1778.0, 268.1, 1823.9, 426.6]",,,0.0,False,False,5,1
53,0.1619,"[1258.9, 304.6, 1294.0, 430.7]",,,0.0,False,False,5,1
53,0.1369,"[1794.2, 294.0, 1829.2, 420.9]",,,0.0,False,False,5,1
54,0.5383,"[1837.4, 266.3, 1883.3, 423.9]",,,0.0,False,False,6,0
54,0.4067,"[393.5, 231.7, 605.5, 824.8]",,,0.0,False,False,6,0
54,0.2962,"[245.9, 348.6, 296.2, 484.3]",,,0.0,False,False,6,0
54,0.1444,"[1265.0, 291.9, 1314.9, 468.8]",,,0.0,False,False,6,0
54,0.1265,"[388.8, 322.1, 459.7, 534.6]",,,0.0,False,False,6,0
54,0.1031,"[1373.6, 586.2, 1408.1, 674.7]",,,0.0,False,False,6,0
55,0.3969,"[1792.8, 270.7, 1841.4, 424.6]",,,0.0,False,False,3,0
55,0.3754,"[438.1, 303.2, 567.0, 657.5]",,,0.0,False,False,3,0
55,0.26,"[1559.2, 284.2, 1602.5, 457.0]",,,0.0,False,False,3,0
56,0.3451,"[377.3, 272.2, 525.8, 709.4]",,,0.0,False,False,6,1
56,0.2636,"[1802.2, 271.4, 1848.2, 426.6]",19,"[1846.7305437337366, 273.5467280664966, 1891.6608136881384, 427.48934371084715]",0.0157,False,False,6,1
56,0.2577,"[1842.8, 271.4, 1891.4, 432.0]",19,"[1846.7305437337366, 273.5467280664966, 1891.6608136881384, 427.48934371084715]",0.8744,True,False,6,1
56,0.2077,"[428.6, 309.0, 567.7, 656.1]",,,0.0,False,False,6,1
56,0.1545,"[372.6, 287.6, 497.5, 652.7]",,,0.0,False,False,6,1
56,0.1237,"[1853.6, 271.0, 1899.5, 411.4]",19,"[1846.7305437337366, 273.5467280664966, 1891.6608136881384, 427.48934371084715]",0.6481,True,False,6,1
57,0.4241,"[404.7, 268.1, 561.3, 665.6]",,,0.0,False,False,4,0
57,0.377,"[1863.0, 272.0, 1906.2, 424.6]",,,0.0,False,False,4,0
57,0.3256,"[253.0, 348.3, 311.3, 515.0]",,,0.0,False,False,4,0
57,0.3161,"[1807.7, 277.4, 1850.9, 421.2]",,,0.0,False,False,4,0
58,0.4605,"[441.1, 289.4, 559.9, 644.0]",,,0.0,False,False,6,0
58,0.445,"[400.3, 262.7, 567.0, 659.5]",,,0.0,False,False,6,0
58,0.392,"[1811.7, 277.6, 1860.3, 434.4]",,,0.0,False,False,6,0
58,0.3048,"[475.5, 319.6, 534.3, 493.8]",,,0.0,False,False,6,0
58,0.1937,"[465.8, 325.0, 523.8, 491.7]",,,0.0,False,False,6,0
58,0.1084,"[1880.6, 441.5, 2074.9, 1094.8]",,,0.0,False,False,6,0
59,0.4956,"[390.8, 268.3, 551.5, 699.3]",,,0.0,False,False,7,2
59,0.4553,"[430.7, 281.6, 551.5, 648.7]",,,0.0,False,False,7,2
59,0.2881,"[468.5, 322.0, 533.2, 508.3]",,,0.0,False,False,7,2
59,0.1743,"[460.7, 320.3, 521.4, 494.4]",,,0.0,False,False,7,2
59,0.1281,"[479.9, 321.8, 539.3, 486.7]",,,0.0,False,False,7,2
59,0.1219,"[457.3, 307.5, 541.7, 581.5]",,,0.0,False,False,7,2
59,0.1163,"[1868.4, 279.8, 1922.4, 435.0]",,,0.0,False,False,7,2
60,0.4878,"[1001.7, 304.8, 1066.5, 503.2]",8,"[1000.9941289391394, 311.62651560710447, 1059.2627069983605, 506.6737163264892]",0.8357,True,False,17,2
60,0.3995,"[1362.2, 326.7, 1408.1, 467.1]",,,0.0,False,False,17,2
60,0.2879,"[1553.9, 355.1, 1602.5, 482.6]",,,0.0,False,False,17,2
60,0.2574,"[346.6, 246.9, 499.8, 754.7]",,,0.0,False,False,17,2
60,0.2417,"[1730.7, 366.9, 1784.7, 500.5]",,,0.0,False,False,17,2
60,0.2323,"[451.6, 313.9, 517.0, 488.7]",,,0.0,False,False,17,2
60,0.1779,"[428.6, 313.7, 509.6, 532.6]",,,0.0,False,False,17,2
60,0.1741,"[438.1, 313.0, 503.6, 494.8]",,,0.0,False,False,17,2
60,0.1724,"[416.8, 302.4, 519.4, 587.2]",,,0.0,False,False,17,2
60,0.1698,"[1867.1, 282.8, 1921.1, 441.5]",19,"[1868.5284264741786, 282.35746147277627, 1916.4129797758214, 442.2950043475363]",0.8803,True,False,17,2
60,0.1403,"[1263.6, 358.4, 1294.7, 442.8]",,,0.0,False,False,17,2
60,0.1338,"[1699.7, 365.5, 1775.2, 500.5]",,,0.0,False,False,17,2
60,0.124,"[394.9, 320.5, 491.4, 557.5]",,,0.0,False,False,17,2
60,0.124,"[335.6, 279.8, 463.1, 661.2]",,,0.0,False,False,17,2
60,0.122,"[439.4, 312.5, 523.8, 551.5]",,,0.0,False,False,17,2
60,0.1196,"[406.4, 317.6, 482.0, 521.4]",,,0.0,False,False,17,2
60,0.1144,"[1771.2, 393.5, 1895.4, 749.2]",19,"[1868.5284264741786, 282.35746147277627, 1916.4129797758214, 442.2950043475363]",0.0259,False,False,17,2
61,0.4316,"[259.5, 346.3, 314.2, 496.1]",11,"[258.5475448680264, 346.1760967749855, 312.66601714369233, 499.487599514077]",0.9335,True,False,10,1
61,0.4131,"[1010.5, 290.2, 1088.8, 521.8]",,,0.0,False,False,10,1
61,0.2105,"[447.5, 328.9, 511.0, 496.5]",,,0.0,False,False,10,1
61,0.2069,"[426.9, 337.8, 490.4, 512.7]",,,0.0,False,False,10,1
61,0.1736,"[423.9, 328.1, 513.0, 579.8]",,,0.0,False,False,10,1
61,0.1654,"[417.8, 315.2, 524.5, 621.7]",,,0.0,False,False,10,1
61,0.164,"[324.3, 259.9, 476.2, 726.3]",,,0.0,False,False,10,1
61,0.1576,"[392.2, 328.1, 465.1, 533.2]",,,0.0,False,False,10,1
61,0.1464,"[437.7, 331.8, 498.5, 496.5]",,,0.0,False,False,10,1
61,0.1223,"[405.0, 337.3, 482.0, 528.5]",,,0.0,False,False,10,1
62,0.3913,"[436.4, 335.6, 490.4, 501.5]",,,0.0,False,False,10,1
62,0.2878,"[1580.9, 291.9, 1661.9, 514.7]",15,"[1587.5981436048066, 291.1746550501309, 1654.9414071764431, 511.14364328971277]",0.8158,True,False,10,1
62,0.2503,"[445.8, 332.4, 504.6, 509.3]",,,0.0,False,False,10,1
62,0.2439,"[314.7, 264.3, 442.8, 644.3]",,,0.0,False,False,10,1
62,0.2153,"[422.6, 306.8, 517.7, 623.4]",,,0.0,False,False,10,1
62,0.1951,"[1364.2, 330.8, 1410.8, 469.1]",,,0.0,False,False,10,1
62,0.1941,"[385.8, 329.4, 451.2, 515.0]",,,0.0,False,False,10,1
62,0.1828,"[325.9, 255.0, 467.8, 681.1]",,,0.0,False,False,10,1
62,0.1629,"[437.1, 323.0, 513.3, 568.7]",,,0.0,False,False,10,1
62,0.1151,"[407.7, 334.3, 467.1, 516.4]",,,0.0,False,False,10,1
63,0.345,"[1568.7, 301.1, 1649.7, 522.5]",,,0.0,False,False,8,0
63,0.2973,"[424.2, 341.2, 480.9, 506.6]",,,0.0,False,False,8,0
63,0.2917,"[1875.2, 296.8, 1929.2, 456.3]",,,0.0,False,False,8,0
63,0.2688,"[348.0, 284.5, 518.1, 692.6]",,,0.0,False,False,8,0
63,0.2269,"[434.7, 335.8, 494.8, 511.3]",,,0.0,False,False,8,0
63,0.2026,"[391.8, 318.8, 514.0, 667.6]",,,0.0,False,False,8,0
63,0.1803,"[1819.8, 304.4, 1871.1, 461.0]",,,0.0,False,False,8,0
63,0.1,"[394.2, 335.5, 455.6, 506.3]",,,0.0,False,False,8,0
64,0.453,"[450.9, 316.9, 515.7, 530.2]",,,0.0,False,False,8,0
64,0.204,"[1574.1, 326.4, 1641.6, 525.5]",,,0.0,False,False,8,0
64,0.1934,"[1871.1, 301.6, 1917.0, 452.2]",,,0.0,False,False,8,0
64,0.1817,"[1815.8, 310.2, 1864.4, 462.7]",,,0.0,False,False,8,0
64,0.1306,"[414.5, 324.7, 479.3, 513.7]",,,0.0,False,False,8,0
64,0.1219,"[278.8, 273.2, 398.6, 589.3]",,,0.0,False,False,8,0
64,0.1214,"[401.0, 328.4, 463.7, 511.3]",,,0.0,False,False,8,0
64,0.1075,"[1547.1, 373.3, 1595.7, 501.5]",,,0.0,False,False,8,0
65,0.2298,"[974.7, 326.5, 1024.7, 492.1]",,,0.0,False,False,6,1
65,0.1696,"[240.1, 265.8, 381.7, 635.2]",11,"[234.18392265774514, 343.34354505306146, 292.9838629867861, 493.349936392251]",0.1491,False,False,6,1
65,0.1533,"[121.2, 353.4, 170.5, 484.3]",,,0.0,False,False,6,1
65,0.1435,"[1545.8, 372.6, 1591.7, 502.2]",,,0.0,False,False,6,1
65,0.132,"[1589.0, 344.6, 1632.2, 499.8]",,,0.0,False,False,6,1
65,0.118,"[386.1, 331.6, 454.3, 513.7]",,,0.0,False,False,6,1
66,0.5087,"[380.7, 309.3, 511.0, 664.2]",,,0.0,False,False,4,1
66,0.4359,"[351.0, 296.8, 505.6, 699.3]",,,0.0,False,False,4,1
66,0.3036,"[965.3, 322.3, 1016.6, 484.3]",,,0.0,False,False,4,1
66,0.2362,"[75.7, 351.0, 116.9, 469.1]",,,0.0,False,False,4,1
67,0.156,"[347.3, 327.5, 408.0, 509.6]",,,0.0,False,False,5,0
67,0.1139,"[336.2, 337.3, 398.2, 517.0]",,,0.0,False,False,5,0
67,0.1075,"[276.8, 320.1, 381.0, 602.1]",,,0.0,False,False,5,0
67,0.1016,"[327.9, 311.3, 416.1, 590.0]",,,0.0,False,False,5,0
67,0.1004,"[316.6, 325.7, 401.6, 584.2]",,,0.0,False,False,5,0
68,0.4418,"[50.8, 347.6, 93.7, 459.0]",,,0.0,False,False,8,0
68,0.3303,"[322.1, 334.3, 376.0, 495.1]",,,0.0,False,False,8,0
68,0.2659,"[243.7, 277.4, 417.2, 695.2]",,,0.0,False,False,8,0
68,0.1489,"[1521.5, 376.7, 1570.1, 507.6]",,,0.0,False,False,8,0
68,0.1385,"[335.3, 322.0, 395.9, 498.2]",,,0.0,False,False,8,0
68,0.1284,"[1871.1, 366.9, 2141.1, 1135.4]",,,0.0,False,False,8,0
68,0.123,"[306.5, 343.7, 364.8, 504.6]",,,0.0,False,False,8,0
68,0.1081,"[396.6, 328.7, 456.6, 496.8]",,,0.0,False,False,8,0
69,0.4507,"[-217.4, 261.9, 89.1, 968.6]",3,"[-278.0583122579096, 117.62861130823251, 104.53958972372988, 969.077809590205]",0.6648,True,False,3,1
69,0.2914,"[1510.7, 377.0, 1564.7, 507.9]",,,0.0,False,False,3,1
69,0.2428,"[1894.1, 328.1, 1945.4, 469.8]",,,0.0,False,False,3,1
70,0.5475,"[1888.7, 331.6, 1934.6, 467.8]",,,0.0,False,False,5,0
70,0.4134,"[1509.3, 378.0, 1557.9, 506.9]",,,0.0,False,False,5,0
70,0.3036,"[1819.8, 313.7, 1868.4, 467.1]",,,0.0,False,False,5,0
70,0.2918,"[-241.0, 167.4, 41.3, 1018.6]",,,0.0,False,False,5,0
70,0.2433,"[64.4, 344.1, 108.8, 469.8]",,,0.0,False,False,5,0
71,0.2496,"[1501.2, 377.7, 1555.2, 507.9]",,,0.0,False,False,3,0
71,0.1467,"[1891.4, 328.6, 1937.3, 475.2]",,,0.0,False,False,3,0
71,0.1342,"[1864.4, 306.1, 2093.9, 1108.3]",,,0.0,False,False,3,0
72,0.3937,"[305.6, 348.3, 374.0, 541.4]",,,0.0,False,False,10,0
72,0.3401,"[853.2, 313.9, 907.2, 506.3]",,,0.0,False,False,10,0
72,0.2646,"[1499.9, 376.3, 1553.9, 507.3]",,,0.0,False,False,10,0
72,0.2422,"[14.8, 340.0, 63.5, 462.7]",,,0.0,False,False,10,0
72,0.2037,"[1653.8, 399.3, 1721.2, 525.5]",,,0.0,False,False,10,0
72,0.1916,"[136.5, 214.3, 380.0, 968.0]",,,0.0,False,False,10,0
72,0.1534,"[50.0, 340.4, 87.9, 457.3]",,,0.0,False,False,10,0
72,0.1478,"[974.0, 289.1, 1059.1, 531.2]",,,0.0,False,False,10,0
72,0.1465,"[1864.4, 315.6, 2128.9, 1107.0]",,,0.0,False,False,10,0
72,0.1103,"[987.5, 316.6, 1055.0, 515.0]",,,0.0,False,False,10,0
73,0.5666,"[881.6, 324.5, 941.0, 506.3]",,,0.0,False,False,9,0
73,0.4802,"[962.6, 280.5, 1049.0, 529.5]",,,0.0,False,False,9,0
73,0.2799,"[1501.2, 376.0, 1552.5, 504.9]",,,0.0,False,False,9,0
73,0.2562,"[802.6, 328.9, 856.6, 511.7]",,,0.0,False,False,9,0
73,0.2087,"[181.9, 287.7, 362.1, 768.8]",,,0.0,False,False,9,0
73,0.2005,"[1813.1, 312.7, 1856.2, 459.0]",,,0.0,False,False,9,0
73,0.1583,"[147.3, 255.0, 347.6, 897.1]",,,0.0,False,False,9,0
73,0.1456,"[864.7, 316.7, 928.1, 511.0]",,,0.0,False,False,9,0
73,0.1137,"[220.9, 292.4, 371.9, 725.6]",,,0.0,False,False,9,0
74,0.5267,"[962.6, 277.1, 1044.9, 527.5]",,,0.0,False,False,6,1
74,0.244,"[1499.9, 376.0, 1551.2, 504.9]",,,0.0,False,False,6,1
74,0.2285,"[801.9, 325.0, 855.9, 507.9]",,,0.0,False,False,6,1
74,0.1724,"[1850.9, 289.6, 2139.8, 1144.1]",,,0.0,False,False,6,1
74,0.1548,"[1829.2, 199.8, 2209.9, 1158.3]",,,0.0,False,False,6,1
74,0.1547,"[1680.8, -151.5, 2320.7, 1331.1]",,,0.0,False,False,6,1
75,0.4396,"[1499.9, 375.0, 1551.2, 504.6]",,,0.0,False,False,2,1
75,0.3275,"[849.8, 304.4, 903.8, 511.0]",,,0.0,False,False,2,1
76,0.55,"[853.2, 300.2, 908.6, 494.8]",,,0.0,False,False,6,1
76,0.5174,"[1875.2, 325.0, 1929.2, 468.8]",24,"[1876.9670485473775, 325.08091430312095, 1928.9079514526222, 468.1789733921916]",0.9573,True,False,6,1
76,0.4588,"[1807.7, 309.2, 1856.2, 463.1]",,,0.0,False,False,6,1
76,0.1985,"[1850.9, 287.9, 2174.9, 1174.5]",24,"[1876.9670485473775, 325.08091430312095, 1928.9079514526222, 468.1789733921916]",0.0259,False,False,6,1
76,0.1367,"[635.2, 258.9, 1048.3, 1301.4]",,,0.0,False,False,6,1
76,0.1137,"[1683.5, -162.0, 2345.0, 1333.8]",,,0.0075,False,False,6,1
77,0.2401,"[1852.2, 512.3, 2027.7, 1127.9]",,,0.0,False,False,4,0
77,0.1402,"[1307.5, 329.6, 1353.4, 463.1]",,,0.0,False,False,4,0
77,0.1339,"[1498.5, 370.2, 1555.2, 503.9]",,,0.0,False,False,4,0
77,0.1144,"[1809.0, 307.1, 1854.9, 443.5]",,,0.0,False,False,4,0
78,0.3957,"[1506.6, 369.2, 1557.9, 502.9]",,,0.0,False,False,3,0
78,0.3682,"[1813.1, 307.3, 1856.2, 447.5]",,,0.0,False,False,3,0
78,0.1483,"[1309.5, 334.1, 1351.4, 472.5]",,,0.0,False,False,3,0
79,0.5586,"[1594.4, 388.8, 1818.5, 1009.8]",,,0.0,False,False,2,0
79,0.215,"[1306.8, 328.7, 1355.4, 465.1]",,,0.0,False,False,2,0
80,0.4887,"[1405.4, 297.0, 1489.1, 528.5]",25,"[1416.8645332954718, 292.41867973266034, 1485.5480643607782, 523.2199921423396]",0.789,True,False,6,3
80,0.4682,"[868.7, 315.2, 924.1, 491.4]",,,0.0,False,False,6,3
80,0.3011,"[1744.2, 394.2, 1844.1, 727.7]",19,"[1807.3911480492013, 302.80816239528076, 1859.936976950799, 460.07904463596924]",0.0618,False,False,6,3
80,0.2629,"[169.3, 315.4, 232.7, 510.3]",,,0.0,False,False,6,3
80,0.2178,"[1303.4, 326.7, 1358.8, 506.3]",,,0.0,False,False,6,3
80,0.2121,"[1568.7, 342.2, 1628.1, 498.8]",,,0.0,False,False,6,3
81,0.3897,"[1315.6, 332.9, 1360.1, 461.0]",,,0.0,False,False,6,1
81,0.2581,"[1748.2, 396.6, 1853.6, 780.3]",,,0.0,False,False,6,1
81,0.2263,"[1805.0, 300.9, 1867.1, 459.0]",,,0.0,False,False,6,1
81,0.1893,"[173.1, -395.6, 1104.3, 1841.4]",10,"[932.8320362954908, 272.5514272118693, 1051.6758982748217, 598.0253550146933]",0.0186,False,False,6,1
81,0.1602,"[388.1, 300.9, 439.4, 448.2]",,,0.0,False,False,6,1
81,0.1335,"[1571.4, 340.2, 1638.9, 497.5]",,,0.0,False,False,6,1
82,0.1639,"[1315.6, 328.7, 1365.5, 468.5]",,,0.0,False,False,1,0
83,0.1591,"[432.0, -82.4, 1148.9, 1583.6]",,,0.0,False,False,3,0
83,0.1175,"[253.5, -288.2, 1219.1, 1722.6]",,,0.0,False,False,3,0
83,0.1108,"[586.6, 330.8, 644.0, 455.6]",,,0.0,False,False,3,0
84,0.4177,"[188.0, 320.5, 228.8, 430.7]",,,0.0,False,False,3,0
84,0.2522,"[-200.5, 87.1, 197.4, 1125.9]",,,0.0,False,False,3,0
84,0.1263,"[1326.4, 323.5, 1377.7, 466.4]",,,0.0,False,False,3,0
85,0.2065,"[-257.3, 51.0, 163.2, 1174.5]",,,0.0,False,False,4,0
85,0.1288,"[1258.9, 297.0, 1321.0, 498.2]",,,0.0,False,False,4,0
85,0.1072,"[1838.7, 293.1, 1892.7, 457.7]",,,0.0,False,False,4,0
85,0.1033,"[756.0, 315.1, 816.8, 474.5]",,,0.0,False,False,4,0
86,0.3941,"[1448.6, 301.9, 1510.7, 516.4]",,,0.0,False,False,3,0
86,0.172,"[421.5, 295.5, 483.6, 449.2]",,,0.0,False,False,3,0
86,0.1253,"[1267.0, 298.2, 1323.7, 497.5]",,,0.0,False,False,3,0
87,0.5133,"[873.5, 288.4, 942.3, 497.5]",8,"[882.3986498541864, 300.4228503343481, 947.738679247376, 493.81176880627686]",0.7499,True,False,7,2
87,0.3898,"[855.9, 297.8, 918.0, 500.2]",8,"[882.3986498541864, 300.4228503343481, 947.738679247376, 493.81176880627686]",0.3759,True,False,7,2
87,0.3633,"[1454.0, 298.0, 1513.4, 505.9]",,,0.0,False,False,7,2
87,0.2657,"[-431.3, -113.1, 151.2, 1409.4]",6,"[-359.69539533052944, -35.26129675222228, 291.5487736264279, 1375.5409598381598]",0.6644,True,False,7,2
87,0.2513,"[77.1, 327.9, 115.3, 434.0]",,,0.0044,False,False,7,2
87,0.2447,"[1279.8, 291.3, 1344.6, 502.5]",,,0.0,False,False,7,2
87,0.1026,"[1854.9, 295.3, 1908.9, 462.7]",,,0.0,False,False,7,2
88,0.3442,"[1880.6, 291.9, 1929.2, 462.7]",19,"[1883.9522175132533, 294.76831310373075, 1939.2902141273714, 460.7712987126755]",0.7516,True,False,5,1
88,0.3383,"[91.3, 327.4, 125.4, 424.6]",,,0.0,False,False,5,1
88,0.3126,"[1675.4, 357.8, 1864.4, 1028.7]",,,0.0,False,False,5,1
88,0.1661,"[-451.9, -165.0, 86.7, 1431.0]",,,0.0,False,False,5,1
88,0.1297,"[287.9, -368.6, 1161.0, 1625.4]",,,0.0,False,False,5,1
89,0.2636,"[1832.0, 307.1, 1967.0, 710.8]",,,0.0,False,False,5,0
89,0.1393,"[911.2, 378.3, 954.5, 496.5]",,,0.0,False,False,5,0
89,0.1131,"[235.4, 311.5, 274.9, 421.5]",,,0.0,False,False,5,0
89,0.1111,"[1293.3, 306.8, 1329.8, 435.7]",,,0.0,False,False,5,0
89,0.1008,"[832.3, 317.6, 889.0, 485.7]",,,0.0,False,False,5,0
90,0.4458,"[1607.9, 360.8, 1661.9, 503.9]",,,0.0,False,False,4,0
90,0.3593,"[243.8, 310.5, 283.3, 417.2]",,,0.0,False,False,4,0
90,0.1523,"[1844.1, 334.8, 1976.4, 755.3]",,,0.0,False,False,4,0
90,0.1247,"[-78.7, 737.8, 108.5, 1215.7]",,,0.0,False,False,4,0
91,0.2231,"[927.5, 298.4, 986.9, 487.4]",,,0.0,False,False,3,0
91,0.1898,"[1803.6, 347.6, 1852.2, 480.6]",,,0.0,False,False,3,0
91,0.1578,"[808.7, 288.6, 884.2, 487.0]",,,0.0,False,False,3,0
92,0.4143,"[1626.8, 362.8, 1686.2, 506.6]",,,0.0,False,False,4,1
92,0.3988,"[1485.0, 276.4, 1571.4, 530.2]",25,"[1496.301693489335, 278.2142530841172, 1573.1094393231647, 528.0901292401015]",0.8394,True,False,4,1
92,0.3193,"[932.9, 291.9, 988.2, 485.0]",,,0.0,False,False,4,1
92,0.1493,"[261.7, 307.1, 292.8, 392.2]",,,0.0,False,False,4,1
93,0.1935,"[1493.1, 330.1, 1582.2, 533.2]",,,0.0,False,False,2,1
93,0.1851,"[271.4, 300.9, 318.9, 455.6]",,,0.0,False,False,2,1
94,0.1704,"[292.6, 301.4, 338.2, 456.6]",,,0.0,False,False,2,0
94,0.1219,"[293.6, 301.7, 325.4, 392.9]",,,0.0,False,False,2,0
95,0.1984,"[1688.9, 363.5, 1745.6, 509.3]",,,0.0,False,False,2,0
95,0.13,"[1499.9, 310.2, 1621.4, 534.9]",,,0.0,False,False,2,0
96,0.452,"[1707.8, 359.8, 1761.8, 507.6]",,,0.0,False,False,3,0
96,0.2244,"[1514.7, 293.0, 1633.5, 544.7]",,,0.0,False,False,3,0
96,0.1797,"[839.7, 286.9, 908.6, 465.1]",,,0.0,False,False,3,0
97,0.3,"[876.8, 279.8, 944.3, 489.0]",,,0.0,False,False,5,0
97,0.2899,"[1535.0, 342.2, 1645.7, 540.7]",,,0.0,False,False,5,0
97,0.2532,"[1405.4, 293.0, 1459.4, 482.0]",,,0.0,False,False,5,0
97,0.2399,"[890.3, 292.3, 947.0, 482.0]",,,0.0,False,False,5,0
97,0.1499,"[849.2, 285.9, 924.8, 478.2]",,,0.0,False,False,5,0
98,0.2279,"[1514.7, 319.6, 1557.9, 456.6]",,,0.0,False,False,3,0
98,0.1758,"[1418.9, 304.3, 1459.4, 435.4]",,,0.0,False,False,3,0
98,0.1001,"[209.6, 568.7, 228.8, 616.6]",,,0.0,False,False,3,0
99,0.4425,"[360.5, 297.5, 406.4, 461.0]",,,0.0,False,False,3,0
99,0.2609,"[901.1, 291.8, 961.9, 486.0]",,,0.0,False,False,3,0
99,0.1023,"[1425.6, 295.7, 1485.0, 494.8]",,,0.0,False,False,3,0
100,0.1742,"[1560.6, 662.9, 1593.0, 741.2]",,,0.0,False,False,2,1
100,0.1644,"[1684.8, 445.5, 1827.9, 889.0]",,,0.0,False,False,2,1
101,0.2706,"[1048.3, 318.1, 1105.0, 485.0]",,,0.0,False,False,3,0
101,0.2667,"[1024.0, 290.9, 1082.0, 484.0]",,,0.0,False,False,3,0
101,0.1128,"[118.6, 600.1, 145.3, 668.9]",,,0.0,False,False,3,0
102,0.2305,"[1556.6, 328.7, 1597.1, 448.2]",,,0.0,False,False,1,0
103,0.4944,"[209.2, 311.2, 246.4, 418.5]",12,"[207.73494552491263, 311.4871941693833, 252.39145828368112, 424.21348942436674]",0.7874,True,False,4,1
103,0.2444,"[1468.8, 299.0, 1533.6, 501.5]",,,0.0,False,False,4,1
103,0.1367,"[772.9, 315.9, 801.2, 382.7]",,,0.0,False,False,4,1
103,0.1202,"[1571.4, 328.6, 1606.5, 434.0]",,,0.0,False,False,4,1
104,0.3226,"[1830.6, 374.0, 1895.4, 531.9]",30,"[1832.011816364264, 374.0857070898557, 1892.5313965263608, 531.4581771874881]",0.9305,True,False,6,1
104,0.2867,"[1481.0, 299.7, 1540.4, 499.5]",,,0.0,False,False,6,1
104,0.2127,"[781.7, 314.0, 810.0, 385.8]",,,0.0,False,False,6,1
104,0.199,"[-14.3, 319.8, 18.3, 412.8]",,,0.0,False,False,6,1
104,0.1113,"[731.0, 321.0, 772.9, 441.1]",,,0.0,False,False,6,1
104,0.1095,"[1571.4, 354.0, 1638.9, 538.3]",,,0.0,False,False,6,1
105,0.4288,"[419.2, 304.1, 456.3, 422.2]",,,0.0,False,False,2,0
105,0.1015,"[936.2, 288.2, 1003.7, 489.4]",,,0.0,False,False,2,0
106,0.5452,"[428.0, 315.2, 464.4, 434.0]",,,0.0,False,False,5,0
106,0.4202,"[252.6, 305.4, 288.4, 416.8]",,,0.0,False,False,5,0
106,0.204,"[1501.2, 303.8, 1552.5, 467.8]",,,0.0,False,False,5,0
106,0.1523,"[1601.1, 328.4, 1636.2, 440.4]",,,0.0,False,False,5,0
106,0.1258,"[795.2, 313.4, 824.9, 380.4]",,,0.0,False,False,5,0
107,0.4393,"[1611.9, 324.7, 1647.0, 427.3]",,,0.0,False,False,4,0
107,0.3341,"[1510.7, 285.7, 1583.6, 513.7]",,,0.0,False,False,4,0
107,0.2747,"[1876.5, 372.3, 1933.2, 534.9]",,,0.0,False,False,4,0
107,0.1786,"[799.9, 311.7, 832.3, 389.8]",,,0.0,False,False,4,0
108,0.5469,"[440.8, 295.3, 483.3, 445.8]",27,"[442.58553151886, 294.6351961589351, 494.65555734832753, 458.57323889965863]",0.6957,True,False,7,1
108,0.3595,"[1621.4, 321.5, 1656.5, 426.9]",,,0.0,False,False,7,1
108,0.3221,"[1518.8, 291.6, 1583.6, 492.8]",,,0.0,False,False,7,1
108,0.319,"[1594.4, 329.1, 1680.8, 549.8]",,,0.0,False,False,7,1
108,0.2917,"[1879.2, 370.6, 1944.0, 531.9]",,,0.0,False,False,7,1
108,0.2546,"[-14.6, 307.8, 14.7, 397.6]",,,0.0,False,False,7,1
108,0.1825,"[440.8, 307.1, 470.5, 390.8]",27,"[442.58553151886, 294.6351961589351, 494.65555734832753, 458.57323889965863]",0.2687,False,False,7,1
109,0.4517,"[-11.3, 304.6, 26.6, 406.4]",,,0.0,False,False,6,0
109,0.3739,"[448.9, 313.2, 489.4, 434.0]",,,0.0,False,False,6,0
109,0.3034,"[1526.9, 294.3, 1578.2, 469.1]",,,0.0,False,False,6,0
109,0.1726,"[1594.4, 323.7, 1680.8, 524.8]",,,0.0,False,False,6,0
109,0.1282,"[-0.3, 319.6, 31.4, 407.4]",,,0.0,False,False,6,0
109,0.1193,"[202.3, 320.6, 228.7, 397.6]",,,0.0,False,False,6,0
110,0.3979,"[-0.9, 305.8, 34.9, 405.7]",,,0.0,False,False,5,0
110,0.3742,"[986.2, 289.7, 1042.9, 484.0]",,,0.0,False,False,5,0
110,0.3413,"[1536.3, 280.8, 1606.5, 492.1]",,,0.0,False,False,5,0
110,0.1785,"[456.0, 316.9, 491.7, 429.0]",,,0.0,False,False,5,0
110,0.1157,"[-10.2, 301.1, 32.3, 409.1]",,,0.0,False,False,5,0
111,0.5203,"[1545.8, 270.0, 1626.8, 502.2]",,,0.0,False,False,3,1
111,0.2609,"[-16.8, 300.5, 15.4, 396.2]",,,0.0,False,False,3,1
111,0.2005,"[217.0, 322.1, 244.4, 403.0]",,,0.0,False,False,3,1
112,0.5594,"[976.1, 277.8, 1044.9, 473.5]",8,"[974.1123341216702, 277.39936158030474, 1043.1535350189547, 482.71581175953895]",0.9048,True,False,3,2
112,0.3682,"[9.0, 304.1, 50.2, 404.0]",33,"[45.3293487435986, 309.6729566552482, 80.87008362944826, 401.0954149267831]",0.065,False,False,3,2
112,0.2836,"[43.9, 315.7, 77.8, 400.3]",33,"[45.3293487435986, 309.6729566552482, 80.87008362944826, 401.0954149267831]",0.8139,True,False,3,2
113,0.4878,"[17.4, 301.9, 58.4, 405.0]",,,0.0,False,False,7,0
113,0.4175,"[-17.1, 301.7, 20.8, 403.7]",,,0.0,False,False,7,0
113,0.3283,"[54.0, 314.0, 88.9, 401.6]",,,0.0,False,False,7,0
113,0.1636,"[984.2, 277.8, 1054.3, 478.2]",,,0.0,False,False,7,0
113,0.1421,"[262.9, 313.9, 297.3, 415.1]",,,0.0,False,False,7,0
113,0.1376,"[386.1, 303.8, 410.4, 383.1]",,,0.0,False,False,7,0
113,0.1339,"[836.3, 302.6, 872.8, 379.4]",,,0.0,False,False,7,0
114,0.4079,"[-7.9, 304.4, 30.6, 406.4]",,,0.0,False,False,6,0
114,0.3921,"[957.2, 252.1, 1051.7, 482.3]",,,0.0,False,False,6,0
114,0.2443,"[847.1, 301.6, 878.2, 370.2]",,,0.0,False,False,6,0
114,0.2359,"[242.8, 597.0, 262.7, 645.0]",,,0.0,False,False,6,0
114,0.1944,"[27.2, 305.1, 68.4, 407.0]",,,0.0,False,False,6,0
114,0.1734,"[920.7, 816.8, 1059.8, 1127.2]",,,0.0,False,False,6,0
115,0.4792,"[959.2, 247.1, 1057.7, 489.4]",,,0.0,False,False,10,0
115,0.4294,"[1590.3, 261.6, 1668.6, 490.4]",,,0.0,False,False,10,0
115,0.2912,"[54.7, 315.7, 86.6, 404.7]",,,0.0,False,False,10,0
115,0.2817,"[75.0, 319.3, 106.2, 402.3]",,,0.0,False,False,10,0
115,0.2017,"[688.5, 269.3, 743.9, 426.6]",,,0.0,False,False,10,0
115,0.1758,"[37.4, 308.3, 77.0, 403.0]",,,0.0,False,False,10,0
115,0.1698,"[958.5, 288.2, 1031.4, 478.6]",,,0.0,False,False,10,0
115,0.1343,"[44.8, 311.9, 82.8, 406.4]",,,0.0,False,False,10,0
115,0.1057,"[-19.4, 315.7, 14.9, 405.7]",,,0.0,False,False,10,0
115,0.1004,"[252.5, 599.1, 272.7, 649.7]",,,0.0,False,False,10,0
116,0.5159,"[47.0, 306.5, 86.2, 405.0]",,,0.0,False,False,4,0
116,0.202,"[30.4, 631.1, 58.6, 698.0]",,,0.0,False,False,4,0
116,0.167,"[67.9, 320.1, 97.6, 396.9]",,,0.0,False,False,4,0
116,0.1405,"[860.0, 301.7, 896.4, 384.1]",,,0.0,False,False,4,0
117,0.3897,"[78.3, 323.0, 106.8, 401.3]",,,0.0,False,False,3,0
117,0.2338,"[999.7, 272.5, 1076.6, 484.7]",,,0.0,False,False,3,0
117,0.143,"[58.7, 317.2, 94.4, 407.0]",,,0.0,False,False,3,0
118,0.2692,"[1026.0, 257.5, 1096.2, 485.7]",,,0.0,False,False,3,1
118,0.2453,"[1626.8, 257.2, 1699.7, 482.6]",,,0.0,False,False,3,1
118,0.1599,"[68.2, 312.9, 103.8, 411.4]",,,0.0,False,False,3,1
119,0.5681,"[80.7, 318.8, 119.5, 420.5]",,,0.0,False,False,6,1
119,0.5022,"[55.4, 316.7, 94.6, 424.6]",,,0.0,False,False,6,1
119,0.4797,"[1643.0, 256.8, 1713.2, 485.0]",,,0.0,False,False,6,1
119,0.4394,"[-11.2, 324.3, 26.6, 423.6]",,,0.0,False,False,6,1
119,0.3646,"[99.9, 324.3, 132.6, 412.8]",,,0.0,False,False,6,1
119,0.3275,"[42.0, 322.1, 82.2, 424.6]",,,0.0,False,False,6,1
120,0.1351,"[1616.0, 330.1, 1661.9, 434.7]",,,0.0,False,False,1,0
121,0.1869,"[1830.6, 287.6, 1911.6, 519.8]",,,0.0,False,False,3,0
121,0.1695,"[94.4, 308.5, 140.5, 427.3]",,,0.0,False,False,3,0
121,0.1405,"[136.6, 326.9, 171.9, 415.5]",,,0.0,False,False,3,0
122,0.4002,"[-16.1, 323.2, 18.2, 415.8]",,,0.0,False,False,2,0
122,0.1444,"[28.1, 324.5, 65.7, 421.2]",,,0.0,False,False,2,0
123,0.2422,"[135.3, 320.6, 171.6, 421.2]",,,0.0,False,False,5,0
123,0.197,"[6.0, 328.9, 39.4, 414.1]",,,0.0,False,False,5,0
123,0.1326,"[161.5, 326.7, 192.9, 413.8]",,,0.0,False,False,5,0
123,0.1207,"[-27.0, 333.8, 15.1, 432.3]",,,0.0,False,False,5,0
123,0.1035,"[1883.3, 250.1, 1972.4, 550.5]",,,0.0,False,False,5,0
124,0.5041,"[-3.7, 336.5, 21.3, 402.0]",,,0.0,False,False,6,0
124,0.4597,"[136.8, 324.0, 171.0, 423.2]",,,0.0,False,False,6,0
124,0.227,"[945.0, 301.1, 974.7, 372.6]",,,0.0,False,False,6,0
124,0.1805,"[153.6, 323.0, 190.2, 424.2]",,,0.0,False,False,6,0
124,0.1285,"[435.7, 313.4, 470.8, 416.1]",,,0.0,False,False,6,0
124,0.1218,"[30.5, 645.3, 58.4, 702.7]",,,0.0,False,False,6,0
125,0.533,"[361.1, 351.0, 388.1, 422.6]",,,0.0,False,False,9,1
125,0.4726,"[12.2, 344.1, 48.3, 428.0]",,,0.0,False,False,9,1
125,0.4244,"[45.2, 645.0, 73.9, 704.0]",,,0.0,False,False,9,1
125,0.366,"[41.7, 339.4, 63.4, 394.2]",,,0.0,False,False,9,1
125,0.3326,"[75.2, 622.7, 105.0, 696.6]",,,0.0,False,False,9,1
125,0.3159,"[1098.2, 286.5, 1163.0, 479.6]",31,"[1112.743323890578, 284.315984478307, 1178.501060875047, 469.82470155684933]",0.5949,True,False,9,1
125,0.2148,"[1072.6, 272.5, 1156.3, 497.5]",31,"[1112.743323890578, 284.315984478307, 1178.501060875047, 469.82470155684933]",0.3519,True,False,9,1
125,0.1794,"[1520.1, -156.6, 1979.1, 1192.7]",,,0.0,False,False,9,1
125,0.1066,"[194.6, 331.9, 218.5, 410.1]",,,0.0,False,False,9,1
126,0.4954,"[18.3, 335.5, 50.0, 416.5]",,,0.0,False,False,11,0
126,0.4691,"[183.6, 323.8, 220.7, 422.6]",,,0.0,False,False,11,0
126,0.4471,"[1763.1, 234.9, 1852.2, 496.1]",,,0.0,False,False,11,0
126,0.2266,"[53.7, 336.0, 78.6, 402.6]",,,0.0,False,False,11,0
126,0.2264,"[206.2, 329.1, 233.6, 411.4]",,,0.0,False,False,11,0
126,0.2106,"[22.5, 336.2, 60.6, 425.9]",,,0.0,False,False,11,0
126,0.1925,"[86.8, 621.0, 117.0, 695.9]",,,0.0,False,False,11,0
126,0.1299,"[17.9, 336.8, 44.1, 401.0]",,,0.0,False,False,11,0
126,0.1228,"[1080.0, 256.2, 1166.4, 534.9]",,,0.0,False,False,11,0
126,0.1071,"[966.6, 300.2, 996.3, 365.2]",,,0.0,False,False,11,0
126,0.1004,"[371.2, 348.6, 399.6, 426.3]",,,0.0,False,False,11,0
127,0.3449,"[-20.8, 332.8, 23.7, 443.5]",,,0.0,False,False,3,1
127,0.2118,"[67.8, 335.1, 89.5, 389.1]",,,0.0,False,False,3,1
127,0.1353,"[97.6, 618.3, 128.8, 691.2]",,,0.0,False,False,3,1
128,0.5636,"[43.6, 335.0, 76.6, 414.5]",,,0.0,False,False,8,0
128,0.3686,"[81.3, 640.2, 107.5, 697.3]",,,0.0,False,False,8,0
128,0.2372,"[41.2, 333.1, 67.3, 397.2]",,,0.0,False,False,8,0
128,0.1882,"[1087.4, 250.3, 1179.2, 523.1]",,,0.0,False,False,8,0
128,0.1646,"[-0.4, 334.3, 26.2, 401.3]",,,0.0,False,False,8,0
128,0.16,"[109.3, 616.3, 140.5, 690.5]",,,0.0,False,False,8,0
128,0.1332,"[229.5, 326.5, 254.1, 397.6]",,,0.0,False,False,8,0
128,0.1239,"[390.2, 349.0, 418.5, 421.2]",,,0.0,False,False,8,0
129,0.5683,"[1809.0, 232.9, 1900.8, 517.7]",39,"[1801.4038880435203, 233.25619812011718, 1891.7772643002297, 498.2611968994141]",0.7789,True,False,6,1
129,0.4056,"[486.3, 313.9, 520.8, 414.5]",,,0.0,False,False,6,1
129,0.404,"[56.4, 335.0, 86.2, 410.4]",,,0.0,False,False,6,1
129,0.2858,"[50.6, 332.8, 77.0, 400.3]",,,0.0,False,False,6,1
129,0.238,"[9.9, 334.0, 36.3, 400.3]",,,0.0,False,False,6,1
129,0.1945,"[90.8, 335.1, 113.2, 399.3]",,,0.0,False,False,6,1
130,0.4619,"[58.6, 331.1, 92.3, 409.4]",,,0.0,False,False,3,0
130,0.3593,"[15.0, 333.8, 49.2, 416.8]",,,0.0,False,False,3,0
130,0.2132,"[-16.9, 321.0, 18.5, 426.9]",,,0.0,False,False,3,0
131,0.4656,"[498.5, 310.7, 531.6, 410.4]",,,0.0,False,False,5,1
131,0.354,"[210.8, 318.3, 244.2, 418.2]",38,"[207.46243507404552, 312.935741852193, 247.500577621267, 420.22484164390073]",0.777,True,False,5,1
131,0.2577,"[65.8, 332.9, 96.2, 410.7]",,,0.0,False,False,5,1
131,0.1709,"[22.0, 333.1, 52.4, 414.1]",,,0.0,False,False,5,1
131,0.1203,"[-14.3, 323.2, 20.8, 424.2]",,,0.0,False,False,5,1
132,0.4769,"[26.7, 334.5, 62.6, 417.5]",,,0.0,False,False,7,1
132,0.4466,"[503.9, 315.6, 537.0, 413.4]",,,0.0,False,False,7,1
132,0.4197,"[105.1, 641.2, 133.8, 697.3]",,,0.0,False,False,7,1
132,0.2717,"[-9.5, 324.8, 27.0, 426.6]",,,0.0,False,False,7,1
132,0.253,"[214.7, 306.5, 250.8, 421.2]",,,0.0,False,False,7,1
132,0.2521,"[71.4, 333.3, 102.0, 409.4]",,,0.0,False,False,7,1
132,0.1441,"[416.1, 353.7, 439.8, 412.4]",,,0.0,False,False,7,1
133,0.2377,"[77.7, 336.2, 106.8, 412.4]",,,0.0,False,False,3,0
133,0.2366,"[222.4, 323.7, 255.2, 418.8]",,,0.0,False,False,3,0
133,0.1859,"[263.4, 330.8, 287.0, 405.0]",,,0.0,False,False,3,0
134,0.5091,"[1844.1, 238.8, 1949.4, 580.5]",25,"[1840.8268932251679, 245.95670119414203, 1955.2907825560821, 560.481287087108]",0.8522,True,False,6,2
134,0.4343,"[266.5, 334.3, 295.5, 419.2]",,,0.0,False,False,6,2
134,0.2925,"[-7.3, 329.4, 32.7, 433.4]",,,0.0,False,False,6,2
134,0.2437,"[111.3, 646.0, 139.0, 703.4]",,,0.0,False,False,6,2
134,0.1767,"[1464.8, 226.8, 1556.6, 547.4]",,,0.0,False,False,6,2
134,0.1183,"[84.5, 330.4, 120.3, 427.6]",,,0.0,False,False,6,2
135,0.5687,"[230.5, 321.3, 266.3, 430.7]",40,"[242.09040253626938, 325.45221307607716, 281.6158962918556, 431.4133875098604]",0.4583,True,False,6,2
135,0.3812,"[1836.0, 239.6, 1946.7, 567.0]",,,0.0,False,False,6,2
135,0.1852,"[201.0, 339.5, 231.0, 426.6]",,,0.0,False,False,6,2
135,0.1523,"[429.6, 555.9, 463.4, 648.3]",,,0.0,False,False,6,2
135,0.1319,"[70.5, 331.4, 110.7, 434.7]",,,0.0,False,False,6,2
135,0.1068,"[379.4, 337.2, 408.4, 422.9]",,,0.0,False,False,6,2
136,0.4622,"[-2.2, 337.5, 36.0, 442.8]",,,0.0,False,False,3,0
136,0.375,"[1098.9, 290.2, 1152.9, 473.9]",,,0.0,False,False,3,0
136,0.3708,"[273.4, 340.0, 299.0, 413.8]",,,0.0,False,False,3,0
137,0.3584,"[1852.2, 242.3, 1981.8, 585.2]",,,0.0,False,False,9,1
137,0.3313,"[379.7, 341.2, 412.1, 437.7]",,,0.0,False,False,9,1
137,0.3087,"[246.2, 330.1, 284.3, 438.1]",40,"[246.22077238974006, 332.27926014510865, 284.4530557352599, 435.1965699330163]",0.95,True,False,9,1
137,0.2443,"[514.0, 324.7, 551.1, 436.7]",,,0.0,False,False,9,1
137,0.2401,"[-4.1, 339.5, 32.1, 445.5]",,,0.0,False,False,9,1
137,0.2129,"[990.2, 320.3, 1037.5, 456.0]",,,0.0,False,False,9,1
137,0.2099,"[1854.9, 239.0, 2016.9, 762.1]",,,0.0,False,False,9,1
137,0.164,"[1850.9, 236.1, 2061.4, 863.3]",,,0.0,False,False,9,1
137,0.1218,"[1849.5, 230.9, 2108.7, 964.6]",,,0.0,False,False,9,1
138,0.3368,"[518.4, 338.9, 550.1, 424.6]",,,0.0,False,False,2,0
138,0.1828,"[288.6, 619.7, 313.5, 662.9]",,,0.0,False,False,2,0
139,0.5662,"[1856.2, 250.6, 1958.9, 590.0]",25,"[1848.446380098866, 251.9519374183637, 1968.724030057384, 587.399808187105]",0.8446,True,False,4,3
139,0.222,"[91.7, 360.1, 119.1, 424.2]",,,0.0,False,False,4,3
139,0.1548,"[272.9, 351.7, 298.2, 428.6]",,,0.0,False,False,4,3
139,0.1303,"[144.8, 97.3, 152.9, 114.3]",,,0.0,False,False,4,3
140,0.561,"[243.2, 338.2, 282.3, 444.8]",40,"[244.59689466171216, 343.58878874465864, 280.6296068031316, 440.89216828659136]",0.8397,True,False,8,2
140,0.5095,"[-11.5, 350.0, 26.6, 454.6]",45,"[-9.648585747288692, 349.34909973144534, 27.93640656332873, 454.2441009521485]",0.9113,True,False,8,2
140,0.4696,"[87.1, 352.4, 116.9, 423.9]",,,0.0,False,False,8,2
140,0.4551,"[3.6, 352.4, 38.5, 452.9]",45,"[-9.648585747288692, 349.34909973144534, 27.93640656332873, 454.2441009521485]",0.4889,True,False,8,2
140,0.2559,"[274.4, 354.0, 297.0, 420.2]",40,"[244.59689466171216, 343.58878874465864, 280.6296068031316, 440.89216828659136]",0.09,False,False,8,2
140,0.2271,"[271.5, 350.0, 297.8, 432.3]",40,"[244.59689466171216, 343.58878874465864, 280.6296068031316, 440.89216828659136]",0.1524,False,False,8,2
140,0.1343,"[71.6, 349.0, 113.1, 458.3]",,,0.0,False,False,8,2
140,0.1011,"[216.3, 357.1, 236.6, 407.7]",,,0.0,False,False,8,2
141,0.4475,"[-9.3, 352.7, 28.6, 455.3]",,,0.0,False,False,6,1
141,0.3717,"[82.8, 355.1, 116.0, 434.7]",,,0.0,False,False,6,1
141,0.2747,"[1840.1, 240.5, 1956.2, 596.0]",25,"[1837.31601126042, 257.19712546506383, 1955.6461469427047, 586.8751401599361]",0.9035,True,False,6,1
141,0.2498,"[5.5, 352.4, 40.8, 453.6]",,,0.0,False,False,6,1
141,0.1297,"[377.3, 356.7, 409.7, 451.9]",,,0.0,False,False,6,1
141,0.1274,"[141.1, 648.3, 171.8, 718.9]",,,0.0,False,False,6,1
142,0.5252,"[134.1, 649.7, 165.3, 726.3]",,,0.0,False,False,8,0
142,0.5234,"[224.8, 337.3, 263.2, 447.2]",,,0.0,False,False,8,0
142,0.4985,"[371.2, 355.4, 403.0, 447.2]",,,0.0,False,False,8,0
142,0.4917,"[74.9, 354.7, 110.9, 449.9]",,,0.0,False,False,8,0
142,0.1542,"[130.6, 648.0, 175.0, 792.5]",,,0.0,False,False,8,0
142,0.1353,"[1005.1, 325.2, 1040.2, 405.3]",,,0.0,False,False,8,0
142,0.1233,"[1035.5, 322.8, 1069.2, 413.1]",,,0.0,False,False,8,0
142,0.1164,"[219.9, 343.7, 256.7, 447.5]",,,0.0,False,False,8,0
143,0.4952,"[365.2, 358.4, 394.2, 444.2]",33,"[360.6076837347547, 315.75700206540444, 396.1484197808703, 407.17946033693937]",0.3274,True,False,7,1
143,0.2822,"[1019.9, 322.3, 1067.2, 456.6]",,,0.0,False,False,7,1
143,0.2793,"[123.8, 650.0, 155.5, 726.3]",,,0.0,False,False,7,1
143,0.2507,"[24.3, 365.2, 56.5, 449.6]",,,0.0,False,False,7,1
143,0.163,"[1092.8, 311.2, 1138.7, 486.0]",,,0.0,False,False,7,1
143,0.1549,"[-12.9, 359.4, 23.6, 462.0]",,,0.0,False,False,7,1
143,0.1317,"[105.0, 696.6, 126.6, 738.5]",,,0.0,False,False,7,1
144,0.4575,"[1019.9, 324.0, 1053.7, 419.2]",,,0.0,False,False,14,1
144,0.4355,"[1016.6, 322.7, 1058.4, 441.5]",,,0.0,False,False,14,1
144,0.4063,"[81.7, 684.5, 115.8, 770.9]",,,0.0,False,False,14,1
144,0.4041,"[217.2, 350.0, 254.3, 445.2]",40,"[218.43829885188475, 351.74329515459, 253.57839426334965, 445.60527662275376]",0.925,True,False,14,1
144,0.2947,"[1285.9, 267.8, 1375.0, 540.7]",,,0.0,False,False,14,1
144,0.2675,"[779.0, 334.6, 815.4, 448.2]",,,0.0,False,False,14,1
144,0.2516,"[112.2, 652.4, 143.4, 727.0]",,,0.0,False,False,14,1
144,0.2304,"[1084.1, 310.5, 1123.2, 462.4]",,,0.0,False,False,14,1
144,0.1777,"[485.3, 340.5, 522.5, 443.1]",,,0.0,False,False,14,1
144,0.1563,"[394.5, 656.8, 419.5, 698.0]",,,0.0,False,False,14,1
144,0.156,"[199.8, 339.7, 239.0, 448.2]",40,"[218.43829885188475, 351.74329515459, 253.57839426334965, 445.60527662275376]",0.3425,True,False,14,1
144,0.13,"[988.2, 328.4, 1020.6, 411.4]",,,0.0,False,False,14,1
144,0.1242,"[806.0, 314.4, 854.6, 465.1]",,,0.0,False,False,14,1
144,0.1172,"[-5.7, 612.9, 133.9, 1100.2]",,,0.0,False,False,14,1
145,0.5228,"[1073.2, 312.2, 1119.2, 473.5]",,,0.0,False,False,9,1
145,0.4803,"[20.5, 378.0, 58.6, 461.0]",,,0.0,False,False,9,1
145,0.4742,"[1011.8, 325.4, 1041.5, 411.1]",,,0.0,False,False,9,1
145,0.4,"[101.1, 652.1, 132.3, 731.7]",,,0.0,False,False,9,1
145,0.3687,"[383.4, 659.8, 405.0, 706.7]",,,0.0,False,False,9,1
145,0.223,"[191.7, 347.6, 226.1, 437.4]",38,"[195.70340647805756, 335.76599786229514, 237.46144947897372, 451.47741034082986]",0.5261,True,False,9,1
145,0.1319,"[99.1, 652.7, 137.7, 758.0]",,,0.0,False,False,9,1
145,0.1287,"[56.2, 678.0, 100.2, 796.5]",,,0.0,False,False,9,1
145,0.1109,"[980.8, 327.5, 1011.8, 408.7]",,,0.0,False,False,9,1
146,0.5598,"[33.8, 357.1, 69.6, 455.6]",,,0.0,False,False,9,1
146,0.4844,"[194.9, 352.0, 232.4, 444.5]",40,"[197.44662073965742, 346.43830482700105, 233.19833775643636, 442.0732918526864]",0.8413,True,False,9,1
146,0.3378,"[48.5, 682.4, 88.4, 740.5]",,,0.0,False,False,9,1
146,0.2435,"[774.2, 300.4, 829.6, 474.5]",,,0.0,False,False,9,1
146,0.2013,"[1004.4, 327.2, 1032.8, 408.4]",,,0.0,False,False,9,1
146,0.1922,"[329.4, 357.8, 354.7, 436.1]",,,0.0,False,False,9,1
146,0.141,"[338.7, 357.4, 368.9, 449.2]",,,0.0,False,False,9,1
146,0.1408,"[974.0, 329.4, 1003.7, 405.7]",,,0.0,False,False,9,1
146,0.1207,"[91.1, 652.7, 121.8, 731.0]",,,0.0,False,False,9,1
147,0.4764,"[1000.4, 327.4, 1030.1, 416.5]",,,0.0,False,False,6,0
147,0.4745,"[459.0, 342.9, 494.1, 450.9]",,,0.0,False,False,6,0
147,0.4383,"[42.3, 685.1, 79.8, 741.8]",,,0.0,False,False,6,0
147,0.308,"[968.6, 328.9, 997.0, 411.1]",,,0.0,False,False,6,0
147,0.2136,"[174.7, 350.7, 209.4, 439.8]",,,0.0,False,False,6,0
147,0.1629,"[333.6, 360.5, 361.1, 443.5]",,,0.0,False,False,6,0
148,0.5666,"[1822.5, 257.5, 1919.7, 565.3]",,,0.0,False,False,10,0
148,0.4659,"[21.7, 362.5, 57.2, 454.3]",,,0.0,False,False,10,0
148,0.4592,"[-4.8, 382.1, 29.0, 468.5]",,,0.0,False,False,10,0
148,0.1982,"[78.5, 656.8, 109.4, 735.1]",,,0.0,False,False,10,0
148,0.1958,"[965.3, 330.2, 995.0, 408.7]",,,0.0,False,False,10,0
148,0.1798,"[745.9, 278.6, 836.3, 554.2]",,,0.0,False,False,10,0
148,0.1686,"[327.0, 360.1, 356.4, 443.1]",,,0.0,False,False,10,0
148,0.1523,"[760.1, 300.7, 814.1, 466.8]",,,0.0,False,False,10,0
148,0.1484,"[995.0, 329.6, 1026.0, 413.8]",,,0.0,False,False,10,0
148,0.1007,"[166.9, 348.3, 204.7, 452.9]",,,0.0,False,False,10,0
149,0.3648,"[31.1, 693.2, 67.7, 749.9]",,,0.0,False,False,6,0
149,0.3387,"[30.8, 780.3, 95.9, 915.3]",,,0.0,False,False,6,0
149,0.1613,"[985.5, 327.4, 1027.3, 461.0]",,,0.0,False,False,6,0
149,0.1515,"[959.9, 332.1, 990.9, 412.4]",,,0.0,False,False,6,0
149,0.1359,"[580.2, 370.6, 628.8, 524.5]",,,0.0,False,False,6,0
149,0.1136,"[446.9, 346.6, 482.0, 456.6]",,,0.0,False,False,6,0
150,0.567,"[169.8, 347.3, 215.7, 468.8]",,,0.0,False,False,7,0
150,0.3284,"[-24.2, 378.7, 14.2, 471.8]",,,0.0,False,False,7,0
150,0.323,"[442.5, 348.0, 476.9, 456.0]",,,0.0,False,False,7,0
150,0.3015,"[573.4, 389.5, 625.4, 540.7]",,,0.0,False,False,7,0
150,0.2916,"[957.2, 331.8, 986.9, 414.1]",,,0.0,False,False,7,0
150,0.1802,"[985.5, 328.9, 1023.3, 447.2]",,,0.0,False,False,7,0
150,0.1313,"[1879.2, 257.9, 1968.3, 587.2]",,,0.0,False,False,7,0
151,0.3667,"[-27.1, 368.9, 11.7, 473.5]",,,0.0,False,False,5,1
151,0.2537,"[574.1, 352.4, 607.2, 454.3]",12,"[571.165236811516, 343.50022009200035, 610.7335668994215, 460.24459191971846]",0.7298,True,False,5,1
151,0.1963,"[102.8, 689.2, 126.6, 739.1]",,,0.0,False,False,5,1
151,0.1385,"[1877.9, 261.2, 1961.6, 597.4]",,,0.0,False,False,5,1
151,0.1282,"[955.1, 332.3, 986.2, 418.8]",,,0.0,False,False,5,1
152,0.4284,"[64.5, 670.3, 97.9, 749.9]",,,0.0,False,False,6,0
152,0.3823,"[48.8, 693.2, 69.9, 743.2]",,,0.0,False,False,6,0
152,0.2401,"[575.1, 818.8, 644.0, 967.3]",,,0.0,False,False,6,0
152,0.222,"[103.8, 688.5, 132.6, 743.9]",,,0.0,False,False,6,0
152,0.14,"[952.4, 333.6, 983.5, 418.8]",,,0.0,False,False,6,0
152,0.1087,"[-26.5, 370.6, 10.5, 469.1]",,,0.0,False,False,6,0
153,0.5672,"[5.3, 377.0, 43.5, 477.6]",38,"[5.619909404528027, 370.8689727783203, 43.67533290504228, 473.46897888183594]",0.8916,True,False,8,1
153,0.3659,"[45.5, 698.6, 69.5, 749.9]",,,0.0,False,False,8,1
153,0.342,"[102.1, 692.6, 128.4, 746.6]",,,0.0,False,False,8,1
153,0.3345,"[438.1, 354.0, 473.9, 458.7]",,,0.0,False,False,8,1
153,0.2776,"[62.6, 672.6, 96.4, 753.3]",,,0.0,False,False,8,1
153,0.2312,"[1349.3, 256.5, 1455.3, 587.9]",,,0.0,False,False,8,1
153,0.141,"[1357.4, 272.0, 1435.1, 546.1]",,,0.0,False,False,8,1
153,0.1322,"[1884.6, 257.9, 1976.4, 583.2]",,,0.0,False,False,8,1
154,0.3624,"[317.1, 374.3, 347.3, 462.0]",,,0.0,False,False,8,0
154,0.2106,"[1888.7, 247.2, 1983.2, 583.9]",,,0.0,False,False,8,0
154,0.2005,"[1350.0, 259.5, 1449.9, 570.7]",,,0.0,False,False,8,0
154,0.1998,"[103.2, 694.6, 128.3, 748.6]",,,0.0,False,False,8,0
154,0.1686,"[48.8, 706.7, 68.9, 754.0]",,,0.0,False,False,8,0
154,0.1449,"[1360.8, 278.1, 1431.0, 521.1]",,,0.0,False,False,8,0
154,0.1441,"[561.6, 903.8, 606.2, 1009.1]",,,0.0,False,False,8,0
154,0.1192,"[432.0, 358.4, 469.8, 463.1]",,,0.0,False,False,8,0
155,0.5211,"[938.3, 333.8, 988.2, 478.9]",,,0.0,False,False,10,2
155,0.4703,"[153.4, 368.2, 194.2, 479.6]",49,"[155.2644019753664, 364.4567611484567, 191.4148277609617, 472.779017660137]",0.807,True,False,10,2
155,0.363,"[4.6, 378.3, 39.1, 474.9]",,,0.0,False,False,10,2
155,0.3457,"[1342.6, 257.2, 1445.9, 577.1]",,,0.0,False,False,10,2
155,0.3346,"[431.3, 358.4, 469.1, 466.4]",,,0.0,False,False,10,2
155,0.314,"[62.1, 676.4, 96.9, 758.7]",,,0.0,False,False,10,2
155,0.2715,"[1814.4, 246.4, 1917.0, 582.5]",,,0.0,False,False,10,2
155,0.2659,"[23.3, 713.5, 54.8, 772.9]",48,"[22.444130609288873, 712.1365483611319, 57.74904566024237, 770.4785639435556]",0.8418,True,False,10,2
155,0.1607,"[1890.0, 234.7, 1981.8, 588.6]",,,0.0,False,False,10,2
155,0.1293,"[1068.5, 324.3, 1130.6, 499.2]",,,0.0,False,False,10,2
156,0.4448,"[1343.9, 263.9, 1443.2, 571.7]",50,"[1276.4300645824112, 255.43407470516627, 1361.4915662769638, 558.845527345615]",0.1012,False,False,7,1
156,0.2404,"[1059.8, 316.4, 1116.5, 498.2]",,,0.0,False,False,7,1
156,0.2068,"[152.6, 366.5, 195.8, 488.0]",,,0.0,False,False,7,1
156,0.2036,"[2.9, 384.4, 39.7, 485.0]",,,0.0,False,False,7,1
156,0.1888,"[1069.9, 327.4, 1126.6, 495.5]",,,0.0,False,False,7,1
156,0.1266,"[1886.0, 232.9, 1975.1, 593.3]",,,0.0,False,False,7,1
156,0.1142,"[431.0, 361.1, 467.4, 464.4]",,,0.0,False,False,7,1
157,0.508,"[1071.2, 322.1, 1130.6, 493.4]",,,0.0,False,False,9,1
157,0.474,"[1757.7, 244.5, 1868.4, 590.0]",,,0.0,False,False,9,1
157,0.4465,"[1867.1, 233.2, 1950.8, 566.7]",,,0.0,False,False,9,1
157,0.3614,"[1352.0, 276.4, 1447.2, 568.0]",,,0.0,False,False,9,1
157,0.3534,"[63.5, 687.5, 97.9, 766.1]",,,0.0,False,False,9,1
157,0.3176,"[151.8, 381.0, 186.3, 478.2]",,,0.0,False,False,9,1
157,0.1687,"[7.4, 818.8, 79.1, 951.1]",,,0.0,False,False,9,1
157,0.1683,"[938.9, 332.9, 987.5, 477.9]",,,0.0,False,False,9,1
157,0.1324,"[46.9, 710.1, 69.3, 762.8]",,,0.0,False,False,9,1
158,0.4462,"[151.9, 378.0, 186.3, 474.5]",49,"[155.7045558345887, 369.7256637652705, 192.64151350134878, 479.944136039417]",0.665,True,False,3,1
158,0.272,"[1350.0, 268.8, 1447.2, 568.4]",,,0.0,False,False,3,1
158,0.2474,"[48.6, 708.1, 70.7, 762.1]",,,0.0,False,False,3,1
159,0.4905,"[26.9, 719.6, 57.7, 779.0]",48,"[23.406838261284754, 718.8963730047907, 58.61650005658634, 778.5161025811469]",0.859,True,False,5,2
159,0.3457,"[428.3, 360.8, 466.1, 463.4]",,,0.0,False,False,5,2
159,0.321,"[2.5, 391.2, 33.9, 474.2]",44,"[23.38977460882884, 386.19781777328376, 62.709827136776624, 491.4826631837475]",0.1479,False,False,5,2
159,0.2643,"[1352.7, 270.3, 1441.8, 548.4]",,,0.0,False,False,5,2
159,0.1898,"[10.6, 814.1, 80.2, 951.8]",,,0.0,False,False,5,2
160,0.5553,"[63.7, 686.8, 101.8, 766.8]",54,"[65.35368000818059, 688.9333984375, 99.0068851773663, 766.6934326171876]",0.8588,True,False,12,1
160,0.5038,"[157.3, 366.5, 195.8, 474.5]",,,0.0,False,False,12,1
160,0.503,"[429.6, 360.5, 464.1, 455.6]",,,0.0,False,False,12,1
160,0.465,"[29.3, 716.2, 62.4, 778.3]",,,0.0,False,False,12,1
160,0.4482,"[939.6, 325.0, 1003.1, 474.9]",,,0.0,False,False,12,1
160,0.4478,"[351.3, 370.6, 387.1, 474.5]",,,0.0,False,False,12,1
160,0.4114,"[155.8, 381.4, 183.4, 457.0]",,,0.0,False,False,12,1
160,0.3726,"[1352.0, 268.6, 1458.0, 575.8]",,,0.0,False,False,12,1
160,0.3713,"[1765.8, 199.0, 1876.5, 558.2]",,,0.0,False,False,12,1
160,0.2402,"[320.3, 381.0, 351.3, 470.8]",,,0.0,False,False,12,1
160,0.2151,"[6.4, 386.4, 36.5, 470.1]",,,0.0,False,False,12,1
160,0.1915,"[293.1, 381.4, 324.5, 470.5]",,,0.0,False,False,12,1
161,0.3932,"[156.7, 376.7, 191.7, 477.2]",,,0.0,False,False,8,0
161,0.3352,"[328.2, 370.2, 364.2, 479.6]",,,0.0,False,False,8,0
161,0.2653,"[50.9, 378.0, 87.0, 484.0]",,,0.0,False,False,8,0
161,0.2331,"[1761.8, 235.9, 1880.6, 594.3]",,,0.0,False,False,8,0
161,0.2112,"[70.6, 683.1, 105.0, 764.1]",,,0.0,False,False,8,0
161,0.1822,"[10.9, 387.8, 44.5, 483.6]",,,0.0,False,False,8,0
161,0.124,"[58.0, 710.1, 79.8, 762.8]",,,0.0,False,False,8,0
161,0.119,"[1107.7, 272.0, 1198.1, 528.5]",,,0.0,False,False,8,0
162,0.4935,"[296.2, 379.7, 322.8, 466.8]",,,0.0,False,False,12,1
162,0.4577,"[161.7, 380.7, 193.1, 470.5]",,,0.0,False,False,12,1
162,0.4184,"[332.1, 371.9, 362.5, 470.5]",,,0.0,False,False,12,1
162,0.3019,"[1861.7, 255.5, 1961.6, 636.2]",39,"[1877.6961522348108, 216.65386210559458, 1969.8087305776892, 521.3065260779991]",0.5089,True,False,12,1
162,0.2694,"[1113.8, 262.1, 1208.2, 561.6]",,,0.0,False,False,12,1
162,0.1887,"[948.4, 329.4, 1001.0, 476.6]",,,0.0,False,False,12,1
162,0.1795,"[60.1, 708.8, 82.1, 765.5]",,,0.0,False,False,12,1
162,0.1774,"[339.0, 368.6, 372.3, 472.5]",,,0.0,False,False,12,1
162,0.163,"[347.0, 369.2, 378.0, 468.5]",,,0.0,False,False,12,1
162,0.1302,"[301.6, 379.4, 328.2, 465.8]",,,0.0,False,False,12,1
162,0.1102,"[-4.6, 709.4, 28.7, 775.6]",,,0.0,False,False,12,1
162,0.1086,"[1873.8, 254.5, 1952.1, 538.0]",39,"[1877.6961522348108, 216.65386210559458, 1969.8087305776892, 521.3065260779991]",0.6529,True,False,12,1
163,0.4418,"[-1.5, 706.1, 32.4, 776.2]",,,0.0,False,False,8,0
163,0.4121,"[166.3, 378.3, 200.1, 470.1]",,,0.0,False,False,8,0
163,0.2371,"[1117.1, 264.3, 1215.7, 559.9]",,,0.0,False,False,8,0
163,0.1929,"[679.1, 298.0, 788.4, 574.8]",,,0.0,False,False,8,0
163,0.1903,"[1854.9, 248.6, 1960.2, 688.5]",,,0.0,False,False,8,0
163,0.1538,"[64.2, 704.0, 87.5, 762.1]",,,0.0,False,False,8,0
163,0.1217,"[291.6, 376.7, 321.3, 471.8]",,,0.0,False,False,8,0
163,0.1169,"[303.1, 377.3, 333.8, 470.5]",,,0.0,False,False,8,0
164,0.3107,"[1120.5, 252.1, 1221.8, 563.3]",,,0.0,False,False,5,0
164,0.2757,"[170.9, 378.0, 203.0, 467.8]",,,0.0,False,False,5,0
164,0.2034,"[293.0, 370.9, 323.7, 462.0]",,,0.0,False,False,5,0
164,0.1983,"[-24.6, 396.9, 11.6, 495.5]",,,0.0,False,False,5,0
164,0.1093,"[71.8, 708.1, 93.1, 759.4]",,,0.0,False,False,5,0
165,0.4254,"[297.8, 369.9, 330.2, 470.5]",,,0.0,False,False,4,0
165,0.2329,"[176.2, 374.0, 207.2, 467.1]",,,0.0,False,False,4,0
165,0.166,"[1121.2, 257.5, 1227.8, 564.6]",,,0.0,False,False,4,0
165,0.1051,"[-21.8, 402.3, 18.5, 494.1]",,,0.0,False,False,4,0
166,0.54,"[38.9, 382.7, 75.4, 479.3]",,,0.0,False,False,7,0
166,0.4969,"[-10.5, 400.6, 23.9, 492.4]",,,0.0,False,False,7,0
166,0.2661,"[183.9, 362.5, 220.4, 467.8]",,,0.0,False,False,7,0
166,0.2431,"[1138.1, 269.7, 1231.2, 528.2]",,,0.0,False,False,7,0
166,0.1294,"[356.1, 365.9, 387.8, 465.8]",,,0.0,False,False,7,0
166,0.118,"[81.5, 703.4, 101.1, 756.0]",,,0.0,False,False,7,0
166,0.1082,"[-4.9, 718.9, 22.1, 775.6]",,,0.0,False,False,7,0
167,0.552,"[370.6, 362.8, 409.7, 476.9]",12,"[373.24604890419323, 362.4362884102254, 410.2268514864318, 469.88420719524333]",0.8615,True,False,5,1
167,0.5493,"[305.4, 367.2, 341.6, 477.9]",,,0.0,False,False,5,1
167,0.4638,"[44.1, 377.7, 79.3, 478.2]",,,0.0,False,False,5,1
167,0.3254,"[1142.1, 270.7, 1242.0, 540.0]",,,0.0,False,False,5,1
167,0.1589,"[89.9, 702.0, 110.5, 754.7]",,,0.0,False,False,5,1
168,0.4702,"[191.7, 369.2, 225.8, 463.7]",,,0.0,False,False,8,0
168,0.1917,"[465.1, 354.7, 503.6, 474.2]",,,0.0,False,False,8,0
168,0.1698,"[647.7, 325.5, 697.3, 484.0]",,,0.0,False,False,8,0
168,0.1543,"[94.0, 696.6, 111.5, 749.2]",,,0.0,False,False,8,0
168,0.139,"[672.0, 317.9, 733.1, 488.7]",,,0.0,False,False,8,0
168,0.1198,"[370.9, 364.5, 401.3, 467.8]",,,0.0,False,False,8,0
168,0.1159,"[1302.8, 995.6, 1312.2, 1018.6]",,,0.0,False,False,8,0
168,0.1078,"[329.7, 368.9, 363.5, 470.8]",,,0.0,False,False,8,0
169,0.2839,"[333.8, 367.9, 362.8, 458.3]",,,0.0,False,False,8,0
169,0.2527,"[1162.4, 283.7, 1254.2, 525.8]",,,0.0,False,False,8,0
169,0.2266,"[102.8, 702.0, 119.6, 749.2]",,,0.0,False,False,8,0
169,0.1693,"[374.6, 362.5, 404.3, 454.3]",,,0.0,False,False,8,0
169,0.1265,"[197.9, 368.2, 229.7, 463.4]",,,0.0,False,False,8,0
169,0.1169,"[344.2, 373.3, 375.3, 461.7]",,,0.0,False,False,8,0
169,0.1034,"[642.3, 323.0, 693.9, 492.4]",,,0.0,False,False,8,0
169,0.1032,"[-24.4, 392.2, 11.5, 482.6]",,,0.0,False,False,8,0
170,0.4924,"[320.0, 364.2, 355.4, 474.9]",,,0.0,False,False,3,0
170,0.3257,"[-25.4, 365.2, 14.7, 484.7]",,,0.0,False,False,3,0
170,0.1307,"[1173.2, 291.9, 1260.9, 522.1]",,,0.0,False,False,3,0
171,0.5192,"[208.6, 360.1, 245.4, 469.5]",40,"[205.2454801345808, 365.551167547709, 242.8920625900286, 472.319926202291]",0.7966,True,False,10,2
171,0.1851,"[663.9, 316.7, 733.1, 498.2]",,,0.0,False,False,10,2
171,0.1716,"[14.8, 387.5, 47.3, 465.8]",,,0.0,False,False,10,2
171,0.1479,"[32.8, 695.9, 67.0, 764.8]",,,0.0,False,False,10,2
171,0.1459,"[233.4, 688.5, 253.0, 731.7]",,,0.0,False,False,10,2
171,0.134,"[653.1, 317.9, 719.6, 502.2]",,,0.0,False,False,10,2
171,0.1296,"[733.7, 312.5, 790.4, 473.2]",,,0.0,False,False,10,2
171,0.1092,"[341.7, 368.2, 375.0, 473.5]",,,0.0,False,False,10,2
171,0.1084,"[1158.3, 260.6, 1262.2, 547.4]",,,0.0,False,False,10,2
171,0.1063,"[114.5, 383.1, 141.2, 462.7]",,,0.0,False,False,10,2
172,0.5434,"[735.8, 315.7, 791.1, 467.1]",,,0.0,False,False,12,3
172,0.5249,"[90.6, 705.4, 122.2, 768.8]",48,"[90.86087090251436, 705.5179063800932, 120.88236945393096, 765.1944959636567]",0.8948,True,False,12,3
172,0.4088,"[10.2, 399.6, 47.3, 489.4]",57,"[11.958618999788737, 403.8023449111275, 47.53752815597298, 488.3341907334037]",0.8931,True,False,12,3
172,0.3845,"[669.3, 303.1, 737.8, 497.5]",15,"[642.7408979628602, 311.06678128733734, 722.2246782090147, 600.3266513298502]",0.3734,True,False,12,3
172,0.3736,"[323.0, 366.5, 360.1, 486.0]",,,0.0,False,False,12,3
172,0.1858,"[658.5, 307.1, 722.9, 496.1]",15,"[642.7408979628602, 311.06678128733734, 722.2246782090147, 600.3266513298502]",0.5048,True,False,12,3
172,0.1757,"[640.2, 314.7, 728.3, 613.6]",15,"[642.7408979628602, 311.06678128733734, 722.2246782090147, 600.3266513298502]",0.8529,True,False,12,3
172,0.1721,"[167.4, 693.9, 191.7, 750.6]",,,0.0,False,False,12,3
172,0.1675,"[1256.2, 293.1, 1338.5, 527.9]",,,0.0,False,False,12,3
172,0.1139,"[35.6, 696.6, 71.1, 766.8]",,,0.0,False,False,12,3
172,0.1087,"[646.7, 323.0, 711.5, 502.5]",15,"[642.7408979628602, 311.06678128733734, 722.2246782090147, 600.3266513298502]",0.5061,True,False,12,3
172,0.1063,"[348.6, 368.6, 388.5, 475.9]",,,0.0,False,False,12,3
173,0.5436,"[320.3, 353.0, 358.8, 471.8]",,,0.0,False,False,10,3
173,0.4766,"[1232.6, 298.7, 1309.5, 530.9]",,,0.0,False,False,10,3
173,0.4574,"[383.1, 357.8, 424.2, 480.6]",12,"[385.9375410953736, 364.321979922895, 423.1077469905639, 477.67142828023]",0.8329,True,False,10,3
173,0.4361,"[1243.4, 284.9, 1332.5, 535.3]",,,0.0,False,False,10,3
173,0.4303,"[212.0, 371.2, 241.0, 455.6]",,,0.0,False,False,10,3
173,0.4277,"[118.8, 675.0, 151.4, 757.4]",54,"[117.34868925498316, 676.8397848894774, 150.9314010770481, 757.1666848370852]",0.9222,True,False,10,3
173,0.3704,"[74.2, 378.7, 114.3, 475.2]",44,"[67.09318345638258, 378.0757157301449, 108.60516554264086, 483.16396932844884]",0.6764,True,False,10,3
173,0.2505,"[326.9, 361.5, 365.5, 474.2]",,,0.0,False,False,10,3
173,0.2489,"[637.2, 325.5, 726.3, 607.5]",,,0.0,False,False,10,3
173,0.1073,"[640.6, 349.7, 707.4, 533.9]",,,0.0,False,False,10,3
174,0.5683,"[1228.5, 305.6, 1302.8, 533.2]",,,0.0,False,False,5,0
174,0.4502,"[110.4, 363.8, 148.4, 469.1]",,,0.0,False,False,5,0
174,0.4438,"[212.0, 367.9, 242.3, 455.6]",,,0.0,False,False,5,0
174,0.2392,"[12.0, 400.3, 48.5, 483.3]",,,0.0,False,False,5,0
174,0.1528,"[74.9, 377.7, 114.0, 474.2]",,,0.0,False,False,5,0
175,0.5638,"[386.8, 368.6, 422.6, 473.9]",,,0.0,False,False,10,0
175,0.5529,"[211.4, 374.3, 241.8, 462.7]",,,0.0,False,False,10,0
175,0.5097,"[1227.8, 306.5, 1298.0, 537.3]",,,0.0,False,False,10,0
175,0.4539,"[328.2, 365.9, 362.5, 472.5]",,,0.0,False,False,10,0
175,0.2445,"[1260.9, 300.7, 1331.1, 530.2]",,,0.0,False,False,10,0
175,0.2024,"[37.3, 700.0, 67.9, 770.2]",,,0.0,False,False,10,0
175,0.1605,"[1335.2, 272.2, 1404.0, 543.4]",,,0.0,False,False,10,0
175,0.148,"[646.7, 336.7, 713.5, 527.9]",,,0.0,False,False,10,0
175,0.1465,"[402.3, 680.4, 425.2, 722.2]",,,0.0,False,False,10,0
175,0.1201,"[25.2, 392.9, 51.2, 463.1]",,,0.0,False,False,10,0
176,0.347,"[319.4, 360.5, 356.4, 489.4]",,,0.0,False,False,4,0
176,0.3191,"[980.1, 331.4, 1027.3, 482.0]",,,0.0,False,False,4,0
176,0.2281,"[211.1, 365.2, 245.2, 475.2]",,,0.0,False,False,4,0
176,0.1525,"[988.2, 328.1, 1035.5, 490.1]",,,0.0,False,False,4,0
177,0.5114,"[113.3, 679.1, 142.8, 757.4]",,,0.0,False,False,7,0
177,0.4665,"[316.2, 356.7, 356.7, 485.7]",,,0.0,False,False,7,0
177,0.3575,"[1005.8, 329.4, 1054.3, 482.6]",,,0.0,False,False,7,0
177,0.3211,"[380.0, 368.6, 415.1, 472.5]",,,0.0,False,False,7,0
177,0.253,"[166.0, 690.5, 201.2, 760.7]",,,0.0,False,False,7,0
177,0.1137,"[625.7, 334.6, 687.8, 515.0]",,,0.0,False,False,7,0
177,0.103,"[29.9, 698.6, 67.4, 767.5]",,,0.0,False,False,7,0
178,0.5396,"[205.0, 368.9, 238.1, 470.8]",40,"[204.12704923690688, 366.6296211777058, 240.2729751771556, 469.8076957168254]",0.8871,True,False,9,1
178,0.4743,"[378.3, 367.5, 414.1, 474.9]",,,0.0,False,False,9,1
178,0.4185,"[165.7, 686.5, 199.1, 756.7]",,,0.0,False,False,9,1
178,0.2767,"[609.9, 347.0, 664.5, 511.7]",,,0.0,False,False,9,1
178,0.2665,"[617.6, 338.5, 675.7, 511.3]",,,0.0,False,False,9,1
178,0.2461,"[625.1, 350.0, 684.5, 519.4]",,,0.0,False,False,9,1
178,0.1853,"[315.9, 360.1, 352.0, 476.2]",,,0.0,False,False,9,1
178,0.1238,"[1007.1, 329.7, 1047.6, 450.6]",,,0.0,False,False,9,1
178,0.1166,"[1216.4, 315.9, 1292.0, 547.4]",,,0.0,False,False,9,1
179,0.3433,"[1247.4, 311.2, 1325.7, 542.7]",,,0.0,False,False,5,1
179,0.2096,"[106.1, 678.7, 138.9, 761.4]",54,"[104.83780276677174, 679.9162974866688, 137.97716915705638, 759.5574573961437]",0.9019,True,False,5,1
179,0.2062,"[609.5, 339.4, 660.8, 495.1]",,,0.0,False,False,5,1
179,0.1742,"[24.0, 699.3, 57.7, 769.5]",,,0.0,False,False,5,1
179,0.1241,"[1007.1, 331.8, 1046.2, 442.5]",,,0.0,False,False,5,1
180,0.521,"[1009.1, 336.8, 1041.5, 436.1]",,,0.0,False,False,3,0
180,0.3814,"[1242.0, 310.7, 1312.2, 540.7]",,,0.0,False,False,3,0
180,0.1145,"[1140.8, 329.7, 1204.2, 509.3]",,,0.0,False,False,3,0
181,0.4056,"[-3.6, 402.3, 33.9, 494.8]",57,"[-3.5583428451885375, 403.52948620642144, 33.074089915501034, 491.1025938717036]",0.9239,True,False,7,3
181,0.3754,"[1004.4, 337.5, 1038.2, 432.7]",,,0.0,False,False,7,3
181,0.329,"[612.6, 304.4, 706.1, 669.6]",,,0.0,False,False,7,3
181,0.3057,"[1176.5, 309.0, 1272.4, 558.9]",,,0.0,False,False,7,3
181,0.2827,"[1245.4, 320.3, 1310.2, 529.5]",,,0.0,False,False,7,3
181,0.1745,"[1206.2, 318.6, 1280.5, 552.2]",,,0.0,False,False,7,3
181,0.1279,"[1151.6, 307.6, 1224.5, 501.5]",,,0.0,False,False,7,3
182,0.5119,"[186.3, 362.1, 222.4, 476.9]",,,0.0,False,False,6,2
182,0.3467,"[-8.3, 399.9, 27.9, 493.8]",,,0.0,False,False,6,2
182,0.3138,"[70.5, 709.4, 99.8, 775.6]",48,"[68.80827753706822, 710.2061512156363, 100.03408391312709, 775.1524913624887]",0.9242,True,False,6,2
182,0.2039,"[1243.4, 311.2, 1310.9, 546.1]",,,0.0,False,False,6,2
182,0.1891,"[352.0, 370.2, 393.9, 487.0]",12,"[357.2553347007482, 370.9330580605851, 395.3144284828455, 483.0029770956649]",0.8124,True,False,6,2
182,0.1862,"[1178.6, 315.9, 1270.4, 560.9]",,,0.0,False,False,6,2
183,0.4687,"[1001.7, 343.9, 1032.8, 432.3]",,,0.0,False,False,4,0
183,0.4423,"[350.3, 372.3, 390.8, 489.7]",,,0.0,False,False,4,0
183,0.3902,"[1242.7, 315.7, 1321.0, 548.8]",,,0.0,False,False,4,0
183,0.3604,"[66.0, 708.8, 97.5, 779.0]",,,0.0,False,False,4,0
184,0.2885,"[182.4, 365.2, 219.9, 477.9]",,,0.0,False,False,4,0
184,0.2752,"[1236.6, 317.6, 1314.9, 561.3]",,,0.0,False,False,4,0
184,0.1422,"[1221.1, 322.5, 1299.4, 564.3]",,,0.0,False,False,4,0
184,0.1345,"[1173.2, 311.5, 1273.1, 572.7]",,,0.0,False,False,4,0
185,0.4716,"[182.6, 370.2, 218.4, 483.0]",,,0.0,False,False,5,0
185,0.3059,"[1240.7, 315.6, 1320.3, 561.9]",,,0.0,False,False,5,0
185,0.2537,"[-14.0, 406.7, 23.5, 501.2]",,,0.0,False,False,5,0
185,0.1746,"[1170.5, 304.6, 1274.4, 580.5]",,,0.0,False,False,5,0
185,0.124,"[1216.4, 321.5, 1293.3, 568.4]",,,0.0,False,False,5,0
186,0.483,"[1242.7, 311.9, 1326.4, 573.1]",,,0.0,False,False,4,0
186,0.4418,"[183.6, 377.0, 222.1, 491.7]",,,0.0,False,False,4,0
186,0.2354,"[-8.3, 416.8, 25.9, 505.2]",,,0.0,False,False,4,0
186,0.1597,"[341.7, 687.2, 361.1, 727.7]",,,0.0,False,False,4,0
187,0.2829,"[185.5, 387.8, 221.2, 495.8]",,,0.0,False,False,3,0
187,0.2506,"[-8.9, 420.5, 26.9, 512.3]",,,0.0,False,False,3,0
187,0.2199,"[1244.0, 326.2, 1312.9, 551.5]",,,0.0,False,False,3,0
188,0.3332,"[1003.1, 359.4, 1035.5, 451.9]",,,0.0,False,False,6,0
188,0.2212,"[377.3, 717.5, 395.6, 754.0]",,,0.0,False,False,6,0
188,0.1959,"[4.7, 411.1, 40.1, 506.3]",,,0.0,False,False,6,0
188,0.1678,"[188.0, 392.5, 227.5, 501.9]",,,0.0,False,False,6,0
188,0.1552,"[1242.0, 329.7, 1310.9, 552.5]",,,0.0,False,False,6,0
188,0.1448,"[411.4, 734.4, 449.2, 834.3]",,,0.0,False,False,6,0
189,0.5077,"[-5.8, 432.0, 30.8, 521.8]",57,"[-3.6866292357383124, 434.70034876180335, 32.40531057118753, 521.7587576835092]",0.8771,True,False,6,2
189,0.4733,"[74.9, 735.8, 101.1, 804.6]",48,"[74.53199461963143, 735.0938640517597, 105.17825623486075, 803.3204425888653]",0.8333,True,False,6,2
189,0.4236,"[191.0, 403.3, 223.8, 485.7]",,,0.0,False,False,6,2
189,0.421,"[5.6, 416.5, 38.9, 508.3]",57,"[-3.6866292357383124, 434.70034876180335, 32.40531057118753, 521.7587576835092]",0.4663,True,False,6,2
189,0.1447,"[1002.4, 363.8, 1036.1, 458.3]",,,0.0,False,False,6,2
189,0.1128,"[1254.2, 327.9, 1323.0, 571.1]",,,0.0,False,False,6,2
190,0.4304,"[78.1, 753.3, 102.9, 811.4]",,,0.0,False,False,5,0
190,0.3112,"[-2.6, 440.4, 32.6, 528.2]",,,0.0,False,False,5,0
190,0.2872,"[4.5, 421.9, 43.1, 524.5]",,,0.0,False,False,5,0
190,0.1547,"[1004.4, 369.6, 1043.6, 471.5]",,,0.0,False,False,5,0
190,0.1141,"[1179.2, 326.9, 1265.6, 577.1]",,,0.0,False,False,5,0
191,0.4693,"[347.6, 410.4, 386.8, 531.9]",12,"[351.7166363019157, 408.95831319906665, 391.7438739519906, 518.4077146329646]",0.7076,True,False,5,3
191,0.3894,"[1372.3, 317.1, 1470.2, 625.7]",55,"[1379.7363649082922, 316.65846337668006, 1476.6442503260828, 617.2803793967574]",0.8429,True,False,5,3
191,0.2556,"[987.5, 369.2, 1041.5, 521.8]",,,0.0,False,False,5,3
191,0.2353,"[693.2, 363.2, 779.6, 608.2]",,,0.0,False,False,5,3
191,0.1682,"[193.2, 421.9, 220.9, 493.4]",,,0.0,False,False,5,3
192,0.4764,"[147.7, 426.6, 182.6, 525.8]",,,0.0,False,False,12,1
192,0.4048,"[91.3, 730.4, 126.9, 808.7]",54,"[91.79948118108811, 728.4062604860227, 128.02376100641186, 816.1686906858523]",0.8539,True,False,12,1
192,0.3937,"[1373.6, 316.9, 1463.4, 618.6]",,,0.0,False,False,12,1
192,0.3153,"[-3.0, 446.5, 38.7, 535.6]",,,0.0,False,False,12,1
192,0.2194,"[1854.9, 236.6, 2027.7, 769.5]",,,0.0,False,False,12,1
192,0.2111,"[1150.2, 348.3, 1225.8, 553.5]",,,0.0,False,False,12,1
192,0.1693,"[191.0, 427.6, 224.1, 520.1]",,,0.0,False,False,12,1
192,0.1474,"[1358.1, 988.9, 1381.1, 1041.5]",,,0.0,False,False,12,1
192,0.1185,"[1157.0, 329.1, 1240.7, 549.1]",,,0.0,False,False,12,1
192,0.1114,"[1142.8, 354.4, 1211.6, 544.0]",,,0.0,False,False,12,1
192,0.1092,"[448.9, 352.7, 505.6, 526.2]",,,0.0,False,False,12,1
192,0.1041,"[1171.1, 333.5, 1256.2, 590.0]",,,0.0,False,False,12,1
193,0.3024,"[91.9, 731.7, 136.4, 824.9]",,,0.0,False,False,4,2
193,0.2648,"[18.5, 434.7, 54.4, 527.2]",,,0.0,False,False,4,2
193,0.2281,"[89.3, 732.4, 138.2, 852.5]",,,0.0,False,False,4,2
193,0.1589,"[1007.8, 377.3, 1045.6, 482.0]",,,0.0,False,False,4,2
194,0.5623,"[317.6, 409.7, 358.8, 541.4]",59,"[316.0538045708121, 409.6781853098894, 361.17623693309423, 544.7373420338606]",0.8893,True,False,12,3
194,0.5492,"[103.0, 731.7, 142.3, 820.8]",,,0.0,False,False,12,3
194,0.5377,"[14.8, 452.9, 50.4, 535.3]",,,0.0,False,False,12,3
194,0.5284,"[97.6, 731.0, 144.0, 847.1]",,,0.0,False,False,12,3
194,0.4302,"[26.7, 434.4, 62.6, 524.8]",,,0.0,False,False,12,3
194,0.3359,"[1387.8, 323.3, 1485.0, 629.8]",55,"[1382.554327651547, 325.15239611680033, 1482.497674301578, 634.2584925550746]",0.9062,True,False,12,3
194,0.2698,"[984.2, 378.7, 1015.2, 466.4]",,,0.0,False,False,12,3
194,0.1538,"[1171.1, 342.2, 1249.4, 548.1]",,,0.0,False,False,12,3
194,0.1366,"[1269.0, 345.9, 1336.5, 573.4]",,,0.0,False,False,12,3
194,0.1235,"[1260.9, 355.4, 1324.4, 553.2]",,,0.0,False,False,12,3
194,0.1143,"[1280.5, 350.7, 1354.7, 551.1]",,,0.0,False,False,12,3
194,0.1077,"[1015.9, 377.0, 1048.3, 469.5]",,,0.0,False,False,12,3
195,0.4374,"[35.0, 433.0, 70.5, 517.4]",,,0.0,False,False,5,1
195,0.4133,"[21.2, 442.8, 58.6, 536.0]",,,0.0,False,False,5,1
195,0.1926,"[716.9, 407.0, 800.6, 591.3]",61,"[699.0207496919436, 361.60035095214846, 799.2899192533689, 616.8853668212892]",0.5882,True,False,5,1
195,0.1862,"[1379.7, 324.0, 1474.2, 632.5]",,,0.0,False,False,5,1
195,0.1727,"[736.4, 419.9, 795.8, 525.8]",61,"[699.0207496919436, 361.60035095214846, 799.2899192533689, 616.8853668212892]",0.2459,False,False,5,1
196,0.5513,"[31.6, 431.7, 73.8, 532.2]",,,0.0,False,False,3,0
196,0.4513,"[26.7, 441.5, 66.3, 533.9]",,,0.0,False,False,3,0
196,0.1713,"[1387.8, 321.1, 1479.6, 624.4]",,,0.0,False,False,3,0
197,0.5476,"[1001.0, 378.7, 1030.7, 476.6]",,,0.0,False,False,5,0
197,0.4867,"[5.2, 425.2, 47.5, 546.1]",,,0.0,False,False,5,0
197,0.4591,"[1389.2, 322.7, 1486.4, 628.4]",,,0.0,False,False,5,0
197,0.1057,"[130.0, 727.7, 165.0, 814.1]",,,0.0,False,False,5,0
197,0.1048,"[1171.8, 345.4, 1260.9, 563.0]",,,0.0,False,False,5,0
198,0.449,"[1181.9, 350.3, 1264.3, 557.5]",,,0.0,False,False,9,0
198,0.3978,"[18.0, 427.6, 55.9, 529.5]",,,0.0,False,False,9,0
198,0.3366,"[1402.7, 327.4, 1494.5, 627.8]",,,0.0,False,False,9,0
198,0.255,"[139.8, 729.0, 170.7, 807.3]",,,0.0,False,False,9,0
198,0.2288,"[61.2, 430.3, 95.9, 521.4]",,,0.0,False,False,9,0
198,0.1521,"[1270.4, 354.4, 1341.9, 575.8]",,,0.0,False,False,9,0
198,0.1502,"[1288.6, 350.7, 1357.4, 577.5]",,,0.0,False,False,9,0
198,0.1235,"[964.6, 377.3, 1007.8, 492.1]",,,0.0,False,False,9,0
198,0.12,"[127.7, 750.6, 152.8, 815.4]",,,0.0,False,False,9,0
199,0.5389,"[1408.1, 322.7, 1502.6, 623.0]",,,0.0,False,False,6,0
199,0.3469,"[1017.9, 379.7, 1043.6, 465.4]",,,0.0,False,False,6,0
199,0.3404,"[1190.7, 350.3, 1279.8, 568.4]",,,0.0,False,False,6,0
199,0.1864,"[1278.5, 355.7, 1346.0, 567.0]",,,0.0,False,False,6,0
199,0.137,"[965.9, 374.0, 1011.8, 503.6]",,,0.0,False,False,6,0
199,0.104,"[1296.7, 357.1, 1354.7, 560.9]",,,0.0,False,False,6,0
200,0.5384,"[1413.5, 329.4, 1513.4, 618.3]",,,0.0,False,False,6,1
200,0.5086,"[1022.6, 378.7, 1049.6, 464.4]",,,0.0,False,False,6,1
200,0.3049,"[1282.5, 353.0, 1355.4, 558.9]",,,0.0,False,False,6,1
200,0.287,"[66.2, 445.5, 100.7, 533.9]",57,"[64.50048419637642, 443.6718748395798, 101.46786907510797, 531.9869386369826]",0.8948,True,False,6,1
200,0.1951,"[1199.5, 339.7, 1281.8, 555.5]",,,0.0,False,False,6,1
200,0.1086,"[145.8, 768.2, 168.9, 808.7]",,,0.0,False,False,6,1
201,0.5304,"[1814.4, 271.2, 2030.4, 749.2]",58,"[1834.4433340354979, 293.5641187011696, 1997.132593698877, 757.881804150393]",0.7083,True,False,6,1
201,0.3935,"[152.7, 763.4, 175.5, 809.3]",,,0.0,False,False,6,1
201,0.3745,"[143.9, 426.9, 175.3, 516.7]",,,0.0,False,False,6,1
201,0.2365,"[46.9, 434.0, 74.6, 511.0]",,,0.0,False,False,6,1
201,0.1912,"[1092.2, 388.5, 1142.1, 525.5]",,,0.0,False,False,6,1
201,0.1379,"[1204.9, 349.7, 1296.7, 558.9]",,,0.0,False,False,6,1
202,0.5457,"[82.1, 442.5, 117.1, 527.5]",57,"[80.82026122033817, 441.35766860015644, 116.60416199743527, 526.8593724154686]",0.9307,True,False,8,2
202,0.4973,"[1420.2, 322.7, 1522.8, 635.2]",55,"[1422.831287093721, 325.236963975957, 1522.212902359404, 632.3113148326368]",0.9517,True,False,8,2
202,0.2291,"[1215.0, 347.6, 1300.1, 549.5]",,,0.0,False,False,8,2
202,0.1598,"[143.1, 424.9, 172.5, 508.6]",,,0.0,False,False,8,2
202,0.1422,"[151.7, 425.2, 177.2, 507.6]",,,0.0,False,False,8,2
202,0.139,"[1825.2, 235.7, 2070.9, 800.6]",,,0.0,False,False,8,2
202,0.1314,"[1819.8, 308.6, 2033.1, 766.1]",,,0.0,False,False,8,2
202,0.1113,"[55.4, 431.0, 84.2, 511.3]",57,"[80.82026122033817, 441.35766860015644, 116.60416199743527, 526.8593724154686]",0.0467,False,False,8,2
203,0.5414,"[1417.5, 320.3, 1520.1, 634.2]",,,0.0,False,False,10,0
203,0.4873,"[762.1, 377.7, 839.0, 577.5]",,,0.0,False,False,10,0
203,0.3518,"[89.9, 441.8, 125.9, 530.2]",,,0.0,False,False,10,0
203,0.1832,"[769.5, 385.8, 835.7, 542.4]",,,0.0,False,False,10,0
203,0.1603,"[1231.9, 355.7, 1306.1, 552.8]",,,0.0,False,False,10,0
203,0.1515,"[16.8, 432.0, 52.0, 527.9]",,,0.0,False,False,10,0
203,0.1456,"[1234.6, 330.4, 1319.6, 561.9]",,,0.0,False,False,10,0
203,0.122,"[155.2, 427.3, 186.8, 528.5]",,,0.0,False,False,10,0
203,0.1164,"[1310.9, 359.8, 1378.4, 568.4]",,,0.0,False,False,10,0
203,0.1027,"[1330.4, 168.3, 1458.0, 462.4]",,,0.0,False,False,10,0
204,0.5446,"[1042.2, 376.7, 1073.2, 475.9]",,,0.0,False,False,7,1
204,0.5353,"[1425.6, 314.9, 1525.5, 631.5]",,,0.0,False,False,7,1
204,0.4884,"[23.7, 436.7, 59.0, 529.2]",,,0.0,False,False,7,1
204,0.4648,"[95.2, 439.1, 131.8, 528.2]",,,0.0,False,False,7,1
204,0.196,"[25.7, 940.3, 60.3, 1029.4]",,,0.0,False,False,7,1
204,0.1284,"[1304.8, 355.4, 1385.1, 598.4]",,,0.0,False,False,7,1
204,0.1028,"[1225.1, 353.7, 1306.1, 553.5]",,,0.0,False,False,7,1
205,0.3899,"[1041.5, 377.7, 1078.0, 484.3]",,,0.0,False,False,4,0
205,0.2167,"[1236.6, 354.4, 1321.7, 550.1]",,,0.0,False,False,4,0
205,0.2161,"[1431.0, 317.1, 1528.2, 621.0]",,,0.0,False,False,4,0
205,0.1067,"[1252.8, 335.0, 1340.6, 558.9]",,,0.0,False,False,4,0
206,0.3337,"[1047.6, 380.4, 1084.1, 488.4]",,,0.0,False,False,3,2
206,0.1945,"[916.7, 375.3, 968.0, 528.5]",,,0.0,False,False,3,2
206,0.1059,"[912.6, 394.9, 955.8, 525.2]",,,0.0,False,False,3,2
207,0.368,"[1083.4, 375.3, 1115.8, 477.9]",12,"[1082.3347004918771, 376.9719284445025, 1117.8630534143726, 484.6696120828412]",0.8427,True,False,3,1
207,0.2502,"[431.3, 659.1, 450.9, 702.0]",,,0.0,False,False,3,1
207,0.115,"[984.2, 372.9, 1031.4, 496.5]",,,0.0,False,False,3,1
208,0.2183,"[-14.6, 413.8, 24.5, 531.2]",,,0.0,False,False,2,0
208,0.1175,"[1125.2, 393.5, 1179.2, 519.1]",,,0.0,False,False,2,0
209,0.3636,"[915.3, 370.9, 972.0, 526.8]",,,0.0,False,False,2,0
209,0.1097,"[806.6, 362.5, 866.0, 517.7]",,,0.0,False,False,2,0
210,0.2394,"[1414.8, 344.4, 1485.0, 554.9]",,,0.0,False,False,2,0
210,0.1087,"[1428.3, 349.0, 1493.1, 548.1]",,,0.0,False,False,2,0
211,0.3312,"[816.1, 359.8, 874.1, 523.1]",,,0.0,False,False,6,2
211,0.3157,"[1132.7, 387.5, 1182.6, 523.1]",,,0.0,False,False,6,2
211,0.2643,"[567.7, 379.4, 621.0, 523.1]",12,"[561.1361362835082, 392.1174315113823, 610.6503627399292, 522.9974976878364]",0.66,True,False,6,2
211,0.2452,"[438.1, 402.6, 478.6, 524.8]",64,"[446.2418164189563, 406.82018127441404, 480.83166990916874, 518.7351776123047]",0.6958,True,False,6,2
211,0.2064,"[384.8, 374.0, 428.6, 523.1]",,,0.0,False,False,6,2
211,0.194,"[1433.7, 314.9, 1530.9, 620.7]",,,0.0,False,False,6,2
212,0.1554,"[1269.7, 354.7, 1346.6, 566.7]",,,0.0,False,False,1,1
213,0.5421,"[198.8, 717.5, 233.2, 794.5]",,,0.0,False,False,4,0
213,0.532,"[1136.0, 395.9, 1187.3, 524.1]",,,0.0,False,False,4,0
213,0.4299,"[818.1, 368.6, 876.2, 523.1]",,,0.0,False,False,4,0
213,0.1331,"[196.3, 422.6, 221.2, 491.4]",,,0.0,False,False,4,0
214,0.4411,"[-138.8, 148.2, 130.0, 961.2]",23,"[-184.1264223760325, 126.81911345011696, 163.93394991814677, 1015.5816433858206]",0.7065,True,False,3,3
214,0.4277,"[125.6, 434.4, 161.1, 524.1]",23,"[-184.1264223760325, 126.81911345011696, 163.93394991814677, 1015.5816433858206]",0.0103,False,False,3,3
214,0.2498,"[1134.0, 394.2, 1188.0, 524.5]",,,0.0,False,False,3,3
215,0.2278,"[-123.7, 175.8, 81.8, 857.2]",,,0.0,False,False,4,0
215,0.1231,"[1417.5, 314.7, 1514.7, 639.2]",,,0.0,False,False,4,0
215,0.1184,"[1134.7, 397.9, 1184.6, 525.5]",,,0.0,False,False,4,0
215,0.1137,"[1275.1, 352.7, 1362.8, 593.0]",,,0.0,False,False,4,0
216,0.5382,"[812.0, 361.1, 866.0, 526.5]",,,0.0,False,False,9,0
216,0.4418,"[438.4, 406.0, 473.5, 512.0]",,,0.0,False,False,9,0
216,0.2551,"[141.2, 419.5, 166.2, 486.3]",,,0.0,False,False,9,0
216,0.2303,"[185.3, 732.4, 212.0, 799.9]",,,0.0,False,False,9,0
216,0.2289,"[186.0, 419.2, 214.0, 500.2]",,,0.0,False,False,9,0
216,0.2205,"[1082.0, 378.7, 1117.1, 486.0]",,,0.0,False,False,9,0
216,0.1875,"[1276.4, 350.7, 1362.8, 581.5]",,,0.0,False,False,9,0
216,0.1478,"[180.6, 416.5, 209.6, 503.6]",,,0.0,False,False,9,0
216,0.1373,"[189.3, 720.2, 215.3, 799.9]",,,0.0,False,False,9,0
217,0.4442,"[382.7, 412.8, 415.8, 526.2]",,,0.0,False,False,9,0
217,0.393,"[136.9, 417.8, 161.0, 484.0]",,,0.0,False,False,9,0
217,0.3163,"[822.2, 366.5, 864.0, 513.0]",,,0.0,False,False,9,0
217,0.2886,"[459.0, 412.4, 486.0, 493.4]",,,0.0,False,False,9,0
217,0.253,"[186.8, 418.5, 208.1, 484.0]",,,0.0,False,False,9,0
217,0.1946,"[180.4, 417.8, 204.7, 491.4]",,,0.0,False,False,9,0
217,0.1885,"[181.4, 727.7, 205.7, 801.9]",,,0.0,False,False,9,0
217,0.1327,"[1275.8, 351.3, 1366.2, 595.7]",,,0.0,False,False,9,0
217,0.1313,"[190.2, 418.5, 209.1, 474.5]",,,0.0,False,False,9,0
218,0.4543,"[1319.6, 307.3, 1444.5, 699.3]",13,"[1320.9297299887585, 289.07287345894724, 1450.7458071206163, 698.299746169959]",0.8988,True,False,9,1
218,0.3259,"[132.6, 415.8, 159.0, 485.3]",,,0.0,False,False,9,1
218,0.3058,"[824.2, 385.1, 870.1, 519.4]",,,0.0,False,False,9,1
218,0.3004,"[1273.1, 338.3, 1374.3, 692.6]",13,"[1320.9297299887585, 289.07287345894724, 1450.7458071206163, 698.299746169959]",0.2697,False,False,9,1
218,0.2413,"[174.8, 729.0, 203.5, 799.2]",,,0.0,False,False,9,1
218,0.234,"[1073.9, 378.0, 1105.0, 484.0]",,,0.0,False,False,9,1
218,0.1488,"[455.3, 409.7, 480.9, 482.0]",,,0.0,False,False,9,1
218,0.1403,"[187.7, 417.2, 205.5, 465.8]",,,0.0,False,False,9,1
218,0.1132,"[34.6, 427.3, 73.4, 516.4]",,,0.0,False,False,9,1
219,0.5617,"[820.1, 367.9, 862.0, 512.3]",,,0.0,False,False,12,0
219,0.4958,"[374.0, 396.2, 407.0, 506.3]",,,0.0,False,False,12,0
219,0.481,"[826.2, 380.4, 868.1, 516.0]",,,0.0,False,False,12,0
219,0.3604,"[167.6, 727.7, 196.3, 795.2]",,,0.0,False,False,12,0
219,0.286,"[180.9, 413.8, 208.2, 506.9]",,,0.0,False,False,12,0
219,0.2323,"[1327.1, 311.5, 1443.2, 698.0]",,,0.0,False,False,12,0
219,0.2154,"[125.9, 412.1, 154.6, 494.4]",,,0.0,False,False,12,0
219,0.2076,"[176.9, 412.4, 204.2, 498.8]",,,0.0,False,False,12,0
219,0.1067,"[168.9, 411.8, 192.5, 492.8]",,,0.0,False,False,12,0
219,0.1041,"[363.2, 396.9, 403.0, 513.0]",,,0.0,False,False,12,0
219,0.1024,"[183.3, 415.8, 215.3, 509.0]",,,0.0,False,False,12,0
219,0.1012,"[1071.2, 376.0, 1098.2, 462.4]",,,0.0,False,False,12,0
220,0.4726,"[165.0, 731.7, 191.7, 796.5]",48,"[155.2324808466727, 726.6885906142597, 185.87451378223355, 794.9151691513653]",0.5267,True,False,4,1
220,0.3886,"[-4.0, 935.6, 50.1, 1069.2]",,,0.0,False,False,4,1
220,0.3294,"[47.0, 392.2, 88.6, 500.9]",,,0.0,False,False,4,1
220,0.1203,"[554.5, 385.4, 602.4, 540.7]",,,0.0,False,False,4,1
221,0.5403,"[1253.5, 259.2, 1435.1, 694.6]",13,"[1257.7360797105016, 335.7282996708287, 1367.9357952894982, 682.9375938838589]",0.484,True,False,16,3
221,0.4625,"[1252.8, 325.9, 1379.7, 680.4]",13,"[1257.7360797105016, 335.7282996708287, 1367.9357952894982, 682.9375938838589]",0.839,True,False,16,3
221,0.4244,"[101.3, 425.2, 138.3, 513.7]",57,"[103.59229399726868, 426.23508590348246, 140.14269135429385, 515.7393403660487]",0.8656,True,False,16,3
221,0.4069,"[381.0, 393.5, 417.5, 501.5]",,,0.0,False,False,16,3
221,0.3607,"[387.8, 396.9, 422.9, 501.5]",,,0.0,False,False,16,3
221,0.3448,"[68.6, 399.9, 104.7, 497.1]",57,"[103.59229399726868, 426.23508590348246, 140.14269135429385, 515.7393403660487]",0.0118,False,False,16,3
221,0.255,"[118.4, 407.4, 150.3, 495.8]",57,"[103.59229399726868, 426.23508590348246, 140.14269135429385, 515.7393403660487]",0.3307,True,False,16,3
221,0.2068,"[1119.2, 384.4, 1173.2, 521.4]",,,0.0,False,False,16,3
221,0.2031,"[161.5, 725.6, 190.9, 794.5]",,,0.0,False,False,16,3
221,0.1994,"[55.1, 398.2, 92.0, 498.2]",66,"[16.64218889763145, 421.73142395019534, 59.641227850415426, 528.2464202880859]",0.0439,False,False,16,3
221,0.1821,"[396.2, 405.0, 425.2, 498.8]",,,0.0,False,False,16,3
221,0.1492,"[1065.8, 373.6, 1091.5, 459.3]",,,0.0,False,False,16,3
221,0.1398,"[445.2, 404.3, 472.8, 485.3]",,,0.0,False,False,16,3
221,0.1303,"[1068.5, 376.7, 1114.4, 519.1]",,,0.0,False,False,16,3
221,0.1197,"[1323.7, 302.1, 1452.6, 695.2]",13,"[1257.7360797105016, 335.7282996708287, 1367.9357952894982, 682.9375938838589]",0.2088,False,False,16,3
221,0.1035,"[1066.5, 372.3, 1103.0, 475.5]",,,0.0,False,False,16,3
222,0.5573,"[374.6, 390.5, 412.4, 508.6]",,,0.0,False,False,15,0
222,0.5235,"[157.6, 724.3, 187.0, 793.1]",,,0.0,False,False,15,0
222,0.493,"[439.8, 405.3, 467.4, 485.7]",,,0.0,False,False,15,0
222,0.4905,"[166.6, 410.4, 195.8, 498.8]",,,0.0,False,False,15,0
222,0.4644,"[1060.4, 371.6, 1092.8, 477.6]",,,0.0,False,False,15,0
222,0.4551,"[115.5, 407.7, 144.7, 500.2]",,,0.0,False,False,15,0
222,0.4292,"[1394.6, 324.0, 1475.6, 601.4]",,,0.0,False,False,15,0
222,0.4068,"[1061.1, 371.2, 1101.6, 499.5]",,,0.0,False,False,15,0
222,0.2727,"[1116.5, 384.8, 1167.8, 521.1]",,,0.0,False,False,15,0
222,0.2683,"[1243.4, 308.6, 1379.7, 677.7]",,,0.0,False,False,15,0
222,0.1601,"[77.0, 407.0, 106.1, 486.7]",,,0.0,False,False,15,0
222,0.1442,"[64.7, 404.0, 97.2, 491.1]",,,0.0,False,False,15,0
222,0.1439,"[381.0, 396.2, 418.2, 506.3]",,,0.0,False,False,15,0
222,0.1228,"[44.1, 401.0, 75.8, 488.7]",,,0.0,False,False,15,0
222,0.1072,"[391.8, 403.7, 419.5, 501.5]",,,0.0,False,False,15,0
223,0.5411,"[1383.8, 316.9, 1489.1, 645.6]",55,"[1383.0541937161197, 317.8364896713417, 1483.5424859713805, 639.5593233169395]",0.9215,True,False,9,1
223,0.3149,"[1252.1, 259.0, 1435.1, 685.8]",55,"[1383.0541937161197, 317.8364896713417, 1483.5424859713805, 639.5593233169395]",0.1786,False,False,9,1
223,0.2964,"[156.4, 726.3, 182.2, 793.8]",,,0.0,False,False,9,1
223,0.2563,"[1350.7, 295.8, 1466.1, 687.8]",55,"[1383.0541937161197, 317.8364896713417, 1483.5424859713805, 639.5593233169395]",0.5253,True,False,9,1
223,0.1871,"[113.1, 409.7, 142.4, 497.5]",,,0.0,False,False,9,1
223,0.1728,"[163.9, 411.8, 190.9, 493.4]",,,0.0,False,False,9,1
223,0.1324,"[1335.8, 307.6, 1439.1, 684.5]",55,"[1383.0541937161197, 317.8364896713417, 1483.5424859713805, 639.5593233169395]",0.3388,True,False,9,1
223,0.1031,"[540.0, 389.1, 573.8, 491.7]",,,0.0,False,False,9,1
223,0.1003,"[438.1, 407.0, 467.1, 496.1]",,,0.0,False,False,9,1
224,0.4888,"[1335.2, 301.6, 1443.2, 691.9]",,,0.0,False,False,9,0
224,0.4525,"[153.3, 731.0, 179.7, 797.2]",,,0.0,False,False,9,0
224,0.4007,"[434.7, 406.0, 464.4, 495.8]",,,0.0,False,False,9,0
224,0.364,"[110.4, 411.1, 139.4, 494.8]",,,0.0,False,False,9,0
224,0.1623,"[40.5, 397.6, 76.7, 500.2]",,,0.0,False,False,9,0
224,0.1416,"[81.5, 418.5, 106.1, 483.3]",,,0.0,False,False,9,0
224,0.1192,"[534.9, 388.5, 571.4, 495.8]",,,0.0,False,False,9,0
224,0.1176,"[1300.7, 262.1, 1443.2, 692.6]",,,0.0,False,False,9,0
224,0.1023,"[160.7, 411.4, 186.6, 491.7]",,,0.0,False,False,9,0
225,0.4462,"[150.9, 733.1, 175.0, 796.5]",,,0.0,False,False,5,1
225,0.2691,"[79.6, 418.5, 103.4, 484.7]",,,0.0,False,False,5,1
225,0.1525,"[158.8, 412.4, 184.6, 490.7]",,,0.0,False,False,5,1
225,0.1127,"[774.2, 341.0, 836.3, 553.5]",,,0.0,False,False,5,1
225,0.1103,"[119.8, 409.1, 150.2, 506.9]",,,0.0,False,False,5,1
226,0.4998,"[146.6, 735.1, 169.9, 799.9]",,,0.0,False,False,8,2
226,0.4934,"[1333.8, 280.0, 1444.5, 695.2]",55,"[1326.1687783725354, 290.360308016146, 1449.4554892055896, 691.9892403236977]",0.8713,True,False,8,2
226,0.3629,"[431.0, 406.4, 458.7, 494.8]",,,0.0,False,False,8,2
226,0.1772,"[88.7, 427.6, 123.3, 514.0]",57,"[89.6438101590102, 427.5467551760162, 125.11604701872416, 514.3391090817963]",0.9188,True,False,8,2
226,0.1445,"[422.2, 402.6, 452.6, 501.2]",,,0.0,False,False,8,2
226,0.1206,"[787.1, 355.7, 837.0, 536.0]",,,0.0,False,False,8,2
226,0.1041,"[105.1, 414.1, 134.2, 497.8]",57,"[89.6438101590102, 427.5467551760162, 125.11604701872416, 514.3391090817963]",0.3422,True,False,8,2
226,0.1,"[1358.1, 293.0, 1449.9, 668.2]",55,"[1326.1687783725354, 290.360308016146, 1449.4554892055896, 691.9892403236977]",0.6901,True,False,8,2
227,0.5646,"[1049.0, 371.2, 1084.1, 482.6]",68,"[1051.4305550911467, 369.54434869827367, 1085.069444908853, 483.29079534469514]",0.8855,True,False,7,1
227,0.5606,"[374.0, 404.7, 407.0, 507.9]",,,0.0,False,False,7,1
227,0.5297,"[141.9, 739.1, 166.9, 805.3]",,,0.0,False,False,7,1
227,0.4502,"[426.3, 407.0, 456.0, 500.2]",,,0.0,False,False,7,1
227,0.4436,"[1340.6, 303.1, 1445.9, 698.0]",,,0.0,False,False,7,1
227,0.2665,"[30.0, 401.0, 64.9, 500.2]",,,0.0,False,False,7,1
227,0.1031,"[101.9, 417.2, 131.6, 502.2]",,,0.0,False,False,7,1
228,0.4579,"[366.5, 399.9, 406.4, 522.8]",,,0.0,False,False,6,1
228,0.4125,"[25.9, 397.9, 64.8, 493.1]",,,0.0,False,False,6,1
228,0.2868,"[779.0, 348.0, 835.7, 551.1]",67,"[827.3116041584096, 382.76976801710657, 870.6280931072152, 527.3659741703934]",0.0727,False,False,6,1
228,0.2407,"[1355.4, 295.8, 1460.7, 662.9]",,,0.0,False,False,6,1
228,0.1967,"[416.8, 405.7, 453.3, 517.7]",,,0.0,False,False,6,1
228,0.1388,"[374.6, 406.7, 411.8, 524.8]",,,0.0,False,False,6,1
229,0.4537,"[1055.7, 384.1, 1104.3, 538.0]",,,0.0,False,False,11,2
229,0.4358,"[135.7, 745.2, 164.9, 814.1]",54,"[152.6218274879024, 725.2828670310281, 183.6576830101445, 802.1540226174093]",0.1886,False,False,11,2
229,0.4023,"[536.0, 390.2, 580.5, 527.2]",12,"[529.1588375089283, 388.21249365348274, 577.6985843660716, 523.5702822254235]",0.784,True,False,11,2
229,0.2894,"[1180.6, 81.0, 1252.1, 266.3]",,,0.0,False,False,11,2
229,0.2865,"[154.3, 726.3, 179.9, 784.4]",54,"[152.6218274879024, 725.2828670310281, 183.6576830101445, 802.1540226174093]",0.6221,True,False,11,2
229,0.2601,"[367.2, 401.0, 407.0, 523.1]",,,0.0,False,False,11,2
229,0.2238,"[80.4, 421.5, 120.2, 520.8]",,,0.0,False,False,11,2
229,0.2217,"[26.3, 401.3, 66.8, 505.9]",,,0.0,False,False,11,2
229,0.174,"[416.5, 407.0, 451.6, 516.4]",,,0.0,False,False,11,2
229,0.1402,"[110.0, 419.9, 139.7, 506.3]",,,0.0,False,False,11,2
229,0.1394,"[1107.0, 387.5, 1163.7, 531.2]",,,0.0,False,False,11,2
230,0.4804,"[78.8, 435.0, 120.0, 523.5]",,,0.0,False,False,10,1
230,0.4581,"[777.6, 350.3, 850.5, 585.9]",,,0.0,False,False,10,1
230,0.4015,"[1325.0, 298.7, 1443.2, 672.6]",55,"[1320.6032930581605, 281.1918351136784, 1447.6642850668397, 710.2857039488215]",0.8102,True,False,10,1
230,0.3516,"[137.6, 749.9, 166.3, 816.1]",,,0.0,False,False,10,1
230,0.3306,"[349.3, 404.7, 383.7, 520.8]",,,0.0,False,False,10,1
230,0.3222,"[370.6, 407.7, 407.0, 517.7]",,,0.0,False,False,10,1
230,0.3086,"[534.3, 395.6, 576.8, 524.5]",,,0.0,False,False,10,1
230,0.2379,"[422.9, 413.1, 454.6, 514.4]",,,0.0,False,False,10,1
230,0.1877,"[530.9, 399.6, 566.0, 506.9]",,,0.0,False,False,10,1
230,0.1358,"[482.6, 432.0, 517.7, 515.7]",,,0.0,False,False,10,1
231,0.5369,"[425.9, 413.8, 456.3, 508.3]",,,0.0,False,False,9,0
231,0.5246,"[382.7, 414.5, 415.1, 511.7]",,,0.0,False,False,9,0
231,0.5024,"[155.0, 728.3, 191.2, 813.4]",,,0.0,False,False,9,0
231,0.4629,"[1325.0, 298.7, 1444.5, 669.9]",,,0.0,False,False,9,0
231,0.3387,"[351.0, 408.4, 384.8, 506.9]",,,0.0,False,False,9,0
231,0.2331,"[1108.3, 384.4, 1175.9, 530.2]",,,0.0,False,False,9,0
231,0.1443,"[138.6, 752.0, 168.0, 816.8]",,,0.0,False,False,9,0
231,0.1109,"[533.6, 403.7, 574.8, 517.0]",,,0.0,False,False,9,0
231,0.108,"[98.7, 423.6, 134.5, 514.0]",,,0.0,False,False,9,0
232,0.4449,"[383.1, 406.4, 419.5, 513.0]",,,0.0,False,False,6,1
232,0.396,"[1316.2, 293.3, 1445.9, 673.3]",,,0.0,False,False,6,1
232,0.332,"[773.6, 345.3, 843.8, 570.0]",,,0.0,False,False,6,1
232,0.1463,"[157.9, 726.3, 193.1, 811.4]",,,0.0,False,False,6,1
232,0.1427,"[35.1, 411.1, 69.7, 500.2]",,,0.0,False,False,6,1
232,0.1351,"[378.3, 406.7, 411.4, 511.3]",,,0.0,False,False,6,1
233,0.4845,"[439.1, 412.4, 471.5, 509.0]",,,0.0,False,False,8,1
233,0.4354,"[781.0, 356.4, 855.2, 581.2]",,,0.0,False,False,8,1
233,0.3719,"[766.1, 337.8, 844.4, 593.7]",,,0.0,False,False,8,1
233,0.3338,"[135.3, 415.1, 176.0, 512.3]",44,"[134.7623110445118, 412.11469239755974, 175.00883763712886, 516.6611254735341]",0.8958,True,False,8,1
233,0.3231,"[390.8, 410.4, 424.6, 513.0]",,,0.0,False,False,8,1
233,0.2096,"[165.9, 726.3, 199.6, 808.7]",,,0.0,False,False,8,1
233,0.1402,"[1327.7, 281.8, 1458.0, 690.9]",,,0.0,False,False,8,1
233,0.1173,"[498.5, 430.7, 525.5, 498.2]",,,0.0,False,False,8,1
234,0.4862,"[1061.8, 371.9, 1094.2, 469.8]",,,0.0,False,False,14,1
234,0.45,"[158.1, 745.9, 185.5, 813.4]",,,0.0,False,False,14,1
234,0.3575,"[175.5, 725.0, 207.2, 810.0]",,,0.0,False,False,14,1
234,0.313,"[399.9, 411.1, 432.3, 511.7]",,,0.0,False,False,14,1
234,0.254,"[119.9, 421.5, 150.4, 510.0]",57,"[98.58313112228166, 414.77991397764896, 149.66433591873397, 540.8676079950072]",0.4044,True,False,14,1
234,0.2472,"[1717.2, 290.8, 1873.8, 766.1]",,,0.0,False,False,14,1
234,0.2165,"[417.8, 406.0, 450.9, 511.3]",,,0.0,False,False,14,1
234,0.2032,"[1323.0, 289.6, 1455.3, 683.8]",,,0.0,False,False,14,1
234,0.1842,"[358.1, 417.2, 389.1, 515.0]",,,0.0,False,False,14,1
234,0.1668,"[137.6, 416.5, 171.4, 513.7]",57,"[98.58313112228166, 414.77991397764896, 149.66433591873397, 540.8676079950072]",0.137,False,False,14,1
234,0.1585,"[410.4, 408.7, 445.5, 512.7]",,,0.0,False,False,14,1
234,0.1576,"[363.2, 412.4, 396.2, 515.7]",,,0.0,False,False,14,1
234,0.1074,"[101.8, 428.6, 135.3, 519.1]",57,"[98.58313112228166, 414.77991397764896, 149.66433591873397, 540.8676079950072]",0.4692,True,False,14,1
234,0.1047,"[50.4, 411.4, 86.0, 507.3]",,,0.0,False,False,14,1
235,0.5655,"[125.2, 421.9, 158.1, 513.7]",,,0.0,False,False,9,0
235,0.5587,"[1070.6, 372.3, 1100.2, 469.5]",,,0.0,False,False,9,0
235,0.5541,"[457.3, 415.8, 483.6, 506.3]",,,0.0,False,False,9,0
235,0.4589,"[374.3, 406.4, 406.0, 507.6]",,,0.0,False,False,9,0
235,0.4471,"[168.1, 762.8, 191.4, 814.1]",,,0.0,False,False,9,0
235,0.3284,"[428.6, 409.1, 457.0, 503.6]",,,0.0,False,False,9,0
235,0.1615,"[184.8, 726.3, 216.5, 815.4]",,,0.0,False,False,9,0
235,0.1421,"[511.3, 434.0, 549.8, 532.6]",,,0.0,False,False,9,0
235,0.1017,"[168.8, 415.8, 201.5, 515.7]",,,0.0,False,False,9,0
236,0.5475,"[381.7, 402.6, 417.5, 518.7]",,,0.0,False,False,10,1
236,0.4638,"[135.8, 421.5, 166.2, 505.9]",,,0.0,False,False,10,1
236,0.2946,"[434.4, 409.4, 466.1, 515.4]",,,0.0,False,False,10,1
236,0.288,"[191.5, 727.0, 226.3, 814.7]",,,0.0,False,False,10,1
236,0.2674,"[1341.9, 283.8, 1479.6, 704.7]",50,"[1378.7893567965061, 276.1879365735456, 1528.5463365628689, 689.1243803209857]",0.5176,True,False,10,1
236,0.2486,"[174.2, 745.9, 202.8, 814.7]",,,0.0,False,False,10,1
236,0.226,"[1372.3, 277.9, 1512.0, 683.8]",50,"[1378.7893567965061, 276.1879365735456, 1528.5463365628689, 689.1243803209857]",0.8384,True,False,10,1
236,0.1869,"[1724.0, 253.6, 1883.3, 752.6]",,,0.0,False,False,10,1
236,0.1365,"[521.1, 434.4, 558.9, 528.2]",,,0.0,False,False,10,1
236,0.1086,"[72.0, 414.1, 103.5, 501.9]",,,0.0,False,False,10,1
237,0.4846,"[145.1, 422.2, 177.9, 507.3]",,,0.0,False,False,6,1
237,0.4451,"[1148.2, 387.8, 1202.2, 524.8]",,,0.0,False,False,6,1
237,0.2907,"[179.4, 745.2, 210.4, 814.1]",,,0.0,False,False,6,1
237,0.2689,"[845.1, 373.3, 907.2, 563.6]",,,0.0,False,False,6,1
237,0.1715,"[1337.2, 291.9, 1476.9, 704.7]",,,0.0,False,False,6,1
237,0.1007,"[443.5, 405.7, 473.9, 511.0]",,,0.0,False,False,6,1
238,0.517,"[483.6, 417.2, 518.1, 521.8]",,,0.0,False,False,9,0
238,0.4831,"[135.5, 436.4, 174.8, 532.2]",,,0.0,False,False,9,0
238,0.4584,"[151.0, 420.2, 185.6, 513.3]",,,0.0,False,False,9,0
238,0.3612,"[393.9, 401.3, 433.0, 527.5]",,,0.0,False,False,9,0
238,0.3067,"[202.8, 725.0, 240.0, 810.0]",,,0.0,False,False,9,0
238,0.2459,"[1153.6, 386.8, 1214.3, 527.9]",,,0.0,False,False,9,0
238,0.1852,"[390.2, 412.4, 424.6, 523.8]",,,0.0,False,False,9,0
238,0.1786,"[1346.6, 274.4, 1498.5, 702.0]",,,0.0,False,False,9,0
238,0.1746,"[1733.4, 283.8, 1900.8, 747.9]",,,0.0,False,False,9,0
239,0.5522,"[853.2, 382.4, 916.7, 574.8]",,,0.0,False,False,7,0
239,0.5336,"[140.6, 432.0, 177.7, 527.9]",,,0.0,False,False,7,0
239,0.4456,"[1365.5, 282.3, 1493.1, 688.5]",,,0.0,False,False,7,0
239,0.4206,"[393.9, 402.3, 433.7, 522.5]",,,0.0,False,False,7,0
239,0.2417,"[1741.5, 231.0, 1922.4, 768.8]",,,0.0,False,False,7,0
239,0.1518,"[1764.5, 293.5, 1907.6, 744.5]",,,0.0,False,False,7,0
239,0.1124,"[187.8, 756.0, 213.5, 811.4]",,,0.0,False,False,7,0
240,0.5522,"[539.3, 433.4, 580.5, 534.6]",,,0.0,False,False,11,0
240,0.5247,"[395.2, 400.3, 433.0, 523.8]",,,0.0,False,False,11,0
240,0.3919,"[158.5, 419.2, 188.0, 507.6]",,,0.0,False,False,11,0
240,0.3743,"[849.8, 380.0, 914.6, 577.8]",,,0.0,False,False,11,0
240,0.3717,"[456.0, 407.7, 486.3, 513.0]",,,0.0,False,False,11,0
240,0.2677,"[113.4, 415.8, 146.6, 502.2]",,,0.0,False,False,11,0
240,0.2218,"[1163.0, 394.2, 1215.7, 527.9]",,,0.0,False,False,11,0
240,0.2081,"[803.9, 339.9, 883.6, 593.7]",,,0.0,False,False,11,0
240,0.1952,"[1771.2, 297.3, 1922.4, 758.7]",,,0.0,False,False,11,0
240,0.1891,"[189.5, 758.7, 214.1, 811.4]",,,0.0,False,False,11,0
240,0.1283,"[141.2, 419.2, 172.2, 513.0]",,,0.0,False,False,11,0
241,0.3661,"[456.3, 407.4, 486.7, 518.7]",,,0.0,False,False,4,0
241,0.3466,"[185.8, 757.4, 212.8, 812.7]",,,0.0,False,False,4,0
241,0.1664,"[1775.2, 304.3, 1915.7, 746.6]",,,0.0,False,False,4,0
241,0.1314,"[158.3, 419.9, 187.3, 504.9]",,,0.0,False,False,4,0
242,0.5229,"[201.2, 724.3, 245.7, 847.1]",,,0.0,False,False,3,0
242,0.2456,"[1768.5, 287.6, 1922.4, 762.1]",,,0.0,False,False,3,0
242,0.2275,"[797.2, 347.6, 876.8, 605.5]",,,0.0,False,False,3,0
243,0.5632,"[533.6, 432.0, 574.1, 537.3]",,,0.0,False,False,4,1
243,0.5517,"[822.8, 354.4, 894.4, 578.5]",8,"[803.2036346191701, 341.0161365963503, 886.7564483886425, 585.9174571536497]",0.6462,True,False,4,1
243,0.4152,"[202.7, 723.6, 237.4, 811.4]",,,0.0,False,False,4,1
243,0.1295,"[114.1, 412.1, 145.3, 497.1]",,,0.0,False,False,4,1
244,0.5458,"[808.7, 336.5, 897.8, 610.5]",,,0.0,False,False,7,1
244,0.4323,"[824.9, 351.3, 897.8, 584.9]",,,0.0,False,False,7,1
244,0.4262,"[182.1, 749.2, 211.8, 811.4]",73,"[183.5192936817195, 751.74677734375, 211.3547907909368, 811.4167968749999]",0.8986,True,False,7,1
244,0.342,"[491.1, 405.0, 526.2, 519.1]",,,0.0,False,False,7,1
244,0.2273,"[114.2, 412.4, 149.6, 507.6]",,,0.0,False,False,7,1
244,0.1721,"[1786.1, 260.9, 1953.5, 814.1]",,,0.0,False,False,7,1
244,0.1406,"[455.6, 411.8, 487.4, 521.8]",,,0.0,False,False,7,1
245,0.4949,"[500.5, 412.4, 533.6, 515.7]",12,"[503.6565096092372, 415.69509286232716, 533.4863126563878, 519.9764159267354]",0.8419,True,False,5,2
245,0.3729,"[493.1, 405.7, 526.8, 515.7]",12,"[503.6565096092372, 415.69509286232716, 533.4863126563878, 519.9764159267354]",0.5145,True,False,5,2
245,0.2869,"[1788.8, 279.5, 1950.8, 823.5]",,,0.0,False,False,5,2
245,0.1632,"[150.4, 414.5, 187.8, 516.4]",,,0.0,False,False,5,2
245,0.1443,"[182.9, 752.6, 209.2, 812.0]",,,0.0,False,False,5,2
246,0.5295,"[179.0, 748.6, 209.8, 814.7]",,,0.0,False,False,7,0
246,0.4547,"[499.5, 412.1, 532.6, 512.7]",,,0.0,False,False,7,0
246,0.4389,"[457.7, 414.1, 488.0, 519.4]",,,0.0,False,False,7,0
246,0.3556,"[489.4, 407.4, 525.2, 516.7]",,,0.0,False,False,7,0
246,0.3376,"[833.0, 357.4, 904.5, 578.8]",,,0.0,False,False,7,0
246,0.1809,"[814.7, 336.5, 903.8, 593.0]",,,0.0,False,False,7,0
246,0.1276,"[903.8, 386.8, 944.3, 509.0]",,,0.0,False,False,7,0
247,0.5202,"[176.2, 755.3, 210.6, 817.4]",,,0.0,False,False,9,2
247,0.4709,"[175.3, 411.1, 219.2, 534.6]",44,"[176.11459507989002, 410.7074965596525, 222.00979456854745, 531.0147324442538]",0.8953,True,False,9,2
247,0.3251,"[814.7, 334.8, 917.3, 601.4]",,,0.0,False,False,9,2
247,0.2844,"[366.2, 395.6, 408.7, 525.8]",,,0.0,False,False,9,2
247,0.1611,"[719.6, 322.1, 823.5, 662.9]",,,0.0,False,False,9,2
247,0.1338,"[123.4, 291.6, 158.0, 353.7]",,,0.0,False,False,9,2
247,0.1317,"[506.3, 412.1, 537.3, 520.1]",74,"[528.1813586596755, 434.6544675502621, 568.3943249340743, 542.1442385044254]",0.113,False,False,9,2
247,0.1134,"[531.2, 435.0, 569.0, 541.0]",74,"[528.1813586596755, 434.6544675502621, 568.3943249340743, 542.1442385044254]",0.8974,True,False,9,2
247,0.1115,"[794.5, 369.6, 860.6, 599.1]",,,0.0,False,False,9,2
248,0.4562,"[367.2, 396.6, 406.4, 528.9]",,,0.0,False,False,9,1
248,0.4298,"[847.8, 384.8, 919.4, 572.4]",31,"[846.865837959019, 375.62239417851583, 913.6392889941061, 572.4178890246092]",0.8693,True,False,9,1
248,0.2905,"[458.3, 414.5, 488.7, 523.1]",,,0.0,False,False,9,1
248,0.2655,"[176.5, 765.5, 205.5, 819.5]",,,0.0,False,False,9,1
248,0.2629,"[99.3, 33.9, 115.0, 87.4]",,,0.0,False,False,9,1
248,0.2291,"[826.9, 346.6, 910.6, 586.2]",31,"[846.865837959019, 375.62239417851583, 913.6392889941061, 572.4178890246092]",0.6069,True,False,9,1
248,0.1569,"[112.4, 417.8, 149.5, 516.4]",,,0.0,False,False,9,1
248,0.1511,"[149.2, 417.2, 185.6, 519.1]",,,0.0,False,False,9,1
248,0.1391,"[83.0, 419.9, 114.5, 508.3]",,,0.0,False,False,9,1
249,0.4219,"[456.3, 417.5, 487.4, 527.5]",,,0.0,False,False,10,0
249,0.3212,"[187.3, 733.1, 225.8, 823.5]",,,0.0,False,False,10,0
249,0.3102,"[171.0, 756.7, 199.8, 822.8]",,,0.0,False,False,10,0
249,0.2731,"[445.8, 413.4, 481.6, 529.5]",,,0.0,False,False,10,0
249,0.1891,"[796.5, 367.9, 872.1, 597.4]",,,0.0,False,False,10,0
249,0.1859,"[485.7, 413.1, 520.1, 525.2]",,,0.0,False,False,10,0
249,0.1775,"[497.1, 419.5, 530.2, 520.1]",,,0.0,False,False,10,0
249,0.1408,"[797.2, 342.9, 893.0, 605.5]",,,0.0,False,False,10,0
249,0.1013,"[368.9, 403.7, 403.3, 521.1]",,,0.0,False,False,10,0
249,0.1002,"[130.4, 421.5, 166.5, 523.5]",,,0.0,False,False,10,0
250,0.4514,"[166.1, 752.0, 197.1, 820.8]",,,0.0,False,False,10,1
250,0.4493,"[184.8, 729.0, 218.9, 812.7]",,,0.0,False,False,10,1
250,0.4412,"[455.6, 412.8, 484.0, 510.6]",,,0.0,False,False,10,1
250,0.2794,"[795.8, 368.9, 871.4, 585.6]",31,"[850.2370387406554, 391.0351398899197, 912.4941624312196, 572.416215090549]",0.1613,False,False,10,1
250,0.2683,"[798.5, 333.1, 899.8, 592.3]",31,"[850.2370387406554, 391.0351398899197, 912.4941624312196, 572.416215090549]",0.3147,True,False,10,1
250,0.1848,"[367.5, 398.9, 402.0, 515.7]",,,0.0,False,False,10,1
250,0.1702,"[496.1, 416.5, 530.5, 509.0]",,,0.0,False,False,10,1
250,0.1317,"[824.2, 366.9, 901.1, 580.2]",31,"[850.2370387406554, 391.0351398899197, 912.4941624312196, 572.416215090549]",0.4996,True,False,10,1
250,0.1262,"[839.0, 387.1, 916.0, 576.1]",31,"[850.2370387406554, 391.0351398899197, 912.4941624312196, 572.416215090549]",0.7764,True,False,10,1
250,0.109,"[1283.2, 319.1, 1405.4, 710.8]",,,0.0,False,False,10,1
251,0.3523,"[135.7, 416.5, 175.3, 518.4]",,,0.0,False,False,14,0
251,0.3343,"[442.8, 410.1, 477.2, 523.5]",,,0.0,False,False,14,0
251,0.3216,"[451.9, 411.1, 482.3, 518.4]",,,0.0,False,False,14,0
251,0.3158,"[6.6, 420.5, 35.2, 496.1]",,,0.0,False,False,14,0
251,0.2855,"[785.7, 384.4, 850.5, 580.8]",,,0.0,False,False,14,0
251,0.2686,"[179.9, 729.7, 215.3, 814.7]",,,0.0,False,False,14,0
251,0.2334,"[362.1, 398.2, 399.3, 521.1]",,,0.0,False,False,14,0
251,0.1862,"[792.5, 330.8, 897.8, 593.3]",,,0.0,False,False,14,0
251,0.1681,"[482.3, 412.8, 516.0, 520.1]",,,0.0,False,False,14,0
251,0.1321,"[159.6, 749.2, 190.9, 819.5]",,,0.0,False,False,14,0
251,0.1246,"[820.1, 355.1, 897.1, 581.2]",,,0.0,False,False,14,0
251,0.1113,"[497.5, 417.8, 533.2, 517.0]",,,0.0,False,False,14,0
251,0.1108,"[839.7, 387.5, 905.9, 573.8]",,,0.0,False,False,14,0
251,0.1031,"[-16.6, 421.5, 11.4, 495.1]",,,0.0,False,False,14,0
252,0.4728,"[449.9, 411.4, 480.3, 514.7]",,,0.0,False,False,10,1
252,0.3236,"[785.7, 329.7, 893.7, 603.1]",,,0.0,False,False,10,1
252,0.3176,"[357.1, 397.2, 394.9, 517.4]",,,0.0,False,False,10,1
252,0.2959,"[-3.2, 416.1, 29.3, 501.9]",66,"[18.67631517936973, 440.37391052246096, 61.67535413215371, 546.8889068603515]",0.0969,False,False,10,1
252,0.2595,"[70.4, 413.4, 100.5, 494.4]",,,0.0,False,False,10,1
252,0.1913,"[812.0, 353.7, 890.3, 585.2]",,,0.0,False,False,10,1
252,0.1497,"[471.8, 406.7, 507.6, 524.1]",,,0.0,False,False,10,1
252,0.1341,"[778.3, 390.2, 833.6, 579.8]",,,0.0,False,False,10,1
252,0.125,"[78.1, 412.8, 109.6, 493.8]",,,0.0,False,False,10,1
252,0.1106,"[725.6, 332.3, 799.9, 594.0]",,,0.0,False,False,10,1
253,0.5552,"[347.0, 396.6, 384.8, 528.9]",,,0.0,False,False,4,1
253,0.4331,"[439.1, 409.1, 470.1, 519.8]",,,0.0,False,False,4,1
253,0.3735,"[147.6, 414.1, 186.6, 522.8]",44,"[147.67585424622504, 413.76097021342076, 186.42943139830624, 516.5097207045479]",0.9317,True,False,4,1
253,0.1224,"[704.0, 325.4, 790.4, 656.8]",,,0.0,False,False,4,1
254,0.4598,"[149.8, 734.4, 182.6, 819.5]",,,0.0,False,False,4,0
254,0.3914,"[434.7, 412.4, 462.4, 513.7]",,,0.0,False,False,4,0
254,0.2572,"[133.1, 768.8, 157.4, 824.2]",,,0.0,False,False,4,0
254,0.1093,"[712.1, 358.1, 772.9, 578.1]",,,0.0,False,False,4,0
255,0.4736,"[429.6, 413.1, 458.7, 513.7]",,,0.0,False,False,6,1
255,0.4129,"[186.8, 391.2, 231.7, 530.9]",34,"[185.82451104539237, 391.059035285277, 230.1993537007014, 523.936570183473]",0.8993,True,False,6,1
255,0.2549,"[753.3, 384.1, 806.0, 575.1]",,,0.0,False,False,6,1
255,0.1946,"[123.9, 764.8, 152.8, 825.5]",,,0.0,False,False,6,1
255,0.1352,"[331.6, 414.8, 360.1, 506.6]",,,0.0,False,False,6,1
255,0.1191,"[790.4, 132.4, 845.8, 340.2]",,,0.0,False,False,6,1
256,0.4271,"[874.8, 392.2, 918.0, 515.7]",67,"[874.6657647897894, 391.78118224610097, 915.1522283742732, 518.6073065234303]",0.9085,True,False,9,1
256,0.4093,"[114.2, 759.4, 145.0, 826.9]",,,0.0,False,False,9,1
256,0.2333,"[177.4, 396.2, 222.2, 532.6]",,,0.0,False,False,9,1
256,0.2012,"[745.2, 391.2, 797.9, 560.6]",,,0.0,False,False,9,1
256,0.1414,"[692.6, 347.6, 756.0, 589.3]",,,0.0,False,False,9,1
256,0.1314,"[7.5, 437.4, 36.8, 521.1]",,,0.0,False,False,9,1
256,0.1237,"[359.4, 410.1, 389.1, 512.7]",,,0.0,False,False,9,1
256,0.1155,"[75.2, 442.8, 111.1, 534.6]",,,0.0,False,False,9,1
256,0.1092,"[752.6, 385.8, 806.6, 567.3]",,,0.0,False,False,9,1
257,0.478,"[170.0, 398.2, 216.0, 532.6]",,,0.0,False,False,10,0
257,0.4748,"[733.7, 383.7, 783.7, 560.6]",,,0.0,False,False,10,0
257,0.3399,"[105.6, 760.1, 138.0, 830.2]",,,0.0,False,False,10,0
257,0.2991,"[349.7, 414.1, 379.4, 506.6]",,,0.0,False,False,10,0
257,0.2846,"[123.3, 739.1, 159.6, 835.0]",,,0.0,False,False,10,0
257,0.2552,"[114.4, 735.8, 161.7, 882.9]",,,0.0,False,False,10,0
257,0.2299,"[415.1, 419.9, 439.4, 509.6]",,,0.0,False,False,10,0
257,0.1868,"[740.5, 392.9, 791.8, 553.5]",,,0.0,False,False,10,0
257,0.1562,"[313.2, 421.9, 344.9, 513.0]",,,0.0,False,False,10,0
257,0.1197,"[729.0, 395.6, 776.2, 546.1]",,,0.0,False,False,10,0
258,0.4893,"[164.6, 397.9, 209.2, 532.9]",,,0.0,False,False,8,0
258,0.273,"[-10.7, 441.1, 19.5, 523.5]",,,0.0,False,False,8,0
258,0.2595,"[727.0, 382.1, 774.2, 546.1]",,,0.0,False,False,8,0
258,0.2546,"[308.8, 407.7, 341.2, 519.8]",,,0.0,False,False,8,0
258,0.2343,"[346.6, 416.1, 376.3, 514.0]",,,0.0,False,False,8,0
258,0.1944,"[99.9, 764.1, 130.3, 833.0]",,,0.0,False,False,8,0
258,0.1351,"[296.2, 426.6, 326.9, 517.7]",,,0.0,False,False,8,0
258,0.1004,"[316.7, 407.0, 347.3, 519.1]",,,0.0,False,False,8,0
259,0.4033,"[92.1, 768.2, 123.7, 837.0]",,,0.0,False,False,7,1
259,0.2598,"[772.2, 372.9, 838.4, 555.2]",,,0.0,False,False,7,1
259,0.1625,"[1325.7, 341.7, 1439.1, 719.6]",50,"[1311.5895741003994, 329.3978026800279, 1440.1330821496003, 720.323388726222]",0.8526,True,False,7,1
259,0.1489,"[299.2, 426.6, 327.9, 513.0]",,,0.0,False,False,7,1
259,0.1449,"[337.2, 416.5, 368.2, 515.7]",,,0.0,False,False,7,1
259,0.1444,"[109.2, 744.5, 144.6, 836.3]",,,0.0,False,False,7,1
259,0.1188,"[727.0, 382.7, 783.7, 619.0]",,,0.0,False,False,7,1
260,0.4725,"[151.6, 406.7, 193.1, 535.6]",34,"[150.40947475432586, 400.5405112971102, 198.61371860504914, 545.014969659921]",0.7669,True,False,6,1
260,0.39,"[104.3, 750.6, 137.0, 833.0]",,,0.0,False,False,6,1
260,0.3867,"[88.5, 769.5, 118.4, 841.1]",,,0.0,False,False,6,1
260,0.3234,"[707.4, 383.1, 756.0, 557.9]",,,0.0,False,False,6,1
260,0.1514,"[334.5, 421.2, 366.2, 517.7]",,,0.0,False,False,6,1
260,0.1331,"[284.9, 428.0, 314.9, 517.7]",,,0.0,False,False,6,1
261,0.562,"[81.8, 774.2, 111.9, 844.4]",,,0.0,False,False,9,1
261,0.5245,"[97.7, 753.3, 133.7, 841.1]",,,0.0,False,False,9,1
261,0.4089,"[369.9, 422.9, 401.6, 527.5]",64,"[371.811536393801, 422.8680600670054, 402.4004387038552, 521.2787294837759]",0.8637,True,False,9,1
261,0.3877,"[14.3, 427.3, 54.9, 550.1]",,,0.0,False,False,9,1
261,0.3413,"[696.6, 383.1, 749.2, 562.6]",,,0.0,False,False,9,1
261,0.3365,"[278.6, 434.7, 308.0, 522.5]",,,0.0,False,False,9,1
261,0.261,"[146.8, 413.1, 190.5, 542.0]",,,0.0,False,False,9,1
261,0.1928,"[328.7, 425.6, 361.1, 523.5]",,,0.0,False,False,9,1
261,0.1508,"[393.9, 433.7, 418.8, 522.1]",64,"[371.811536393801, 422.8680600670054, 402.4004387038552, 521.2787294837759]",0.1673,False,False,9,1
262,0.4819,"[326.7, 430.3, 357.1, 522.8]",,,0.0,False,False,12,0
262,0.3905,"[707.4, 388.1, 760.1, 592.0]",,,0.0,False,False,12,0
262,0.3886,"[10.3, 429.0, 51.3, 548.4]",,,0.0,False,False,12,0
262,0.3301,"[286.5, 436.7, 313.9, 519.1]",,,0.0,False,False,12,0
262,0.3028,"[142.1, 419.9, 183.3, 545.4]",,,0.0,False,False,12,0
262,0.2323,"[736.4, 347.6, 824.2, 606.8]",,,0.0,False,False,12,0
262,0.2255,"[77.2, 783.0, 107.7, 850.5]",,,0.0,False,False,12,0
262,0.2219,"[276.6, 437.1, 305.3, 519.4]",,,0.0,False,False,12,0
262,0.1486,"[752.6, 368.6, 821.5, 583.9]",,,0.0,False,False,12,0
262,0.1306,"[93.4, 759.4, 129.9, 847.1]",,,0.0,False,False,12,0
262,0.1196,"[696.6, 362.8, 753.3, 590.3]",,,0.0,False,False,12,0
262,0.1106,"[391.5, 434.0, 419.2, 527.9]",,,0.0,False,False,12,0
263,0.5628,"[325.5, 431.3, 353.7, 519.8]",,,0.0,False,False,8,0
263,0.5039,"[4.0, 436.7, 43.1, 555.5]",,,0.0,False,False,8,0
263,0.2222,"[268.6, 431.0, 301.7, 520.1]",,,0.0,False,False,8,0
263,0.1535,"[1281.2, 370.6, 1374.3, 630.5]",,,0.0,False,False,8,0
263,0.1486,"[1255.5, 366.9, 1346.0, 626.1]",,,0.0,False,False,8,0
263,0.1296,"[389.5, 435.4, 417.2, 524.5]",,,0.0,False,False,8,0
263,0.1142,"[1233.9, 364.2, 1324.4, 626.7]",,,0.0,False,False,8,0
263,0.1061,"[289.9, 434.0, 319.6, 520.4]",,,0.0,False,False,8,0
264,0.5667,"[694.6, 395.6, 744.5, 597.4]",,,0.0,False,False,10,1
264,0.5219,"[88.9, 769.5, 118.6, 858.6]",73,"[85.8383565140904, 768.1815945880572, 126.97501323688616, 857.2938692791301]",0.7039,True,False,10,1
264,0.4937,"[71.1, 789.8, 103.4, 860.0]",73,"[85.8383565140904, 768.1815945880572, 126.97501323688616, 857.2938692791301]",0.2494,False,False,10,1
264,0.3972,"[1223.1, 299.9, 1393.2, 748.6]",,,0.0,False,False,10,1
264,0.292,"[281.6, 444.2, 310.7, 529.9]",,,0.0,False,False,10,1
264,0.2737,"[321.0, 437.1, 352.0, 528.2]",,,0.0,False,False,10,1
264,0.1701,"[268.0, 446.9, 297.7, 531.9]",,,0.0,False,False,10,1
264,0.1699,"[387.5, 441.1, 413.1, 522.8]",,,0.0,False,False,10,1
264,0.1241,"[1238.6, 350.7, 1348.0, 658.5]",,,0.0,False,False,10,1
264,0.1128,"[1185.3, 370.6, 1256.9, 599.4]",,,0.0,False,False,10,1
265,0.5489,"[849.2, 407.7, 891.0, 532.6]",67,"[850.2343621670705, 406.86437770606165, 892.3536505282419, 532.3686545205009]",0.936,True,False,5,4
265,0.2364,"[44.6, -370.9, 783.7, 1402.7]",,,0.0042,False,False,5,4
265,0.2364,"[23.1, 461.7, 67.0, 574.4]",57,"[24.50076131843865, 467.4876257775894, 64.71451730704963, 568.7202599645981]",0.8231,True,False,5,4
265,0.1437,"[365.5, 437.4, 397.2, 539.3]",64,"[363.49610381879245, 434.3586863981978, 392.65215057573874, 527.9263477814897]",0.701,True,False,5,4
265,0.1093,"[258.4, 433.4, 294.5, 542.0]",,,0.0,False,False,5,4
266,0.1558,"[1111.1, 392.5, 1190.7, 568.0]",,,0.0,False,False,6,0
266,0.1269,"[1170.5, 367.9, 1248.8, 596.0]",,,0.0,False,False,6,0
266,0.1237,"[283.5, 430.0, 320.3, 542.7]",,,0.0,False,False,6,0
266,0.119,"[128.1, 445.2, 172.8, 573.4]",,,0.0,False,False,6,0
266,0.1172,"[1188.0, 367.9, 1256.9, 598.7]",,,0.0,False,False,6,0
266,0.1118,"[1129.3, 387.5, 1200.8, 573.8]",,,0.0,False,False,6,0
267,0.495,"[250.3, 436.1, 293.8, 558.2]",,,0.0,False,False,12,2
267,0.4443,"[123.7, 459.3, 163.9, 581.5]",,,0.0,False,False,12,2
267,0.4404,"[1246.1, 336.5, 1359.5, 653.1]",,,0.0,False,False,12,2
267,0.3904,"[1120.5, 408.0, 1179.9, 570.0]",,,0.0,False,False,12,2
267,0.2586,"[1236.6, 365.9, 1320.3, 609.5]",,,0.0,False,False,12,2
267,0.2478,"[1270.4, 375.6, 1370.2, 638.9]",,,0.0,False,False,12,2
267,0.1832,"[1127.2, 394.2, 1192.1, 587.9]",,,0.0,False,False,12,2
267,0.1753,"[1248.1, 364.5, 1338.5, 614.9]",,,0.0,False,False,12,2
267,0.1723,"[1312.2, 377.7, 1417.5, 642.9]",,,0.0,False,False,12,2
267,0.1647,"[1173.8, 379.7, 1244.0, 610.5]",,,0.0,False,False,12,2
267,0.1595,"[1188.0, 386.8, 1254.2, 614.2]",,,0.0,False,False,12,2
267,0.1557,"[1225.1, 377.3, 1298.0, 619.7]",,,0.0,False,False,12,2
268,0.3952,"[1231.9, 381.7, 1315.6, 626.1]",,,0.0,False,False,11,1
268,0.3514,"[1248.8, 366.5, 1351.4, 646.7]",,,0.0,False,False,11,1
268,0.2882,"[114.3, 462.4, 152.0, 574.4]",,,0.0,False,False,11,1
268,0.2827,"[1117.8, 401.6, 1190.7, 593.3]",,,0.0,False,False,11,1
268,0.2713,"[1179.9, 389.5, 1244.7, 617.6]",,,0.0,False,False,11,1
268,0.2517,"[1270.4, 385.4, 1362.2, 641.2]",,,0.0,False,False,11,1
268,0.2236,"[-10.1, -401.6, 808.0, 1539.0]",,,0.0,False,False,11,1
268,0.211,"[1192.1, 394.9, 1256.9, 621.0]",,,0.0,False,False,11,1
268,0.181,"[1298.0, 390.2, 1395.9, 642.6]",,,0.0,False,False,11,1
268,0.1754,"[1311.5, 387.8, 1418.9, 647.0]",,,0.0,False,False,11,1
268,0.1516,"[1215.0, 389.8, 1285.2, 623.4]",,,0.0,False,False,11,1
269,0.5365,"[118.7, 464.1, 157.9, 576.8]",,,0.0,False,False,11,2
269,0.522,"[1219.1, 403.0, 1294.7, 613.6]",,,0.0,False,False,11,2
269,0.4996,"[249.1, 437.4, 293.6, 561.6]",71,"[292.2987850874949, 435.2384168731904, 336.7734805375051, 573.7641466033721]",0.0143,False,False,11,2
269,0.4281,"[293.0, 435.4, 338.2, 566.3]",71,"[292.2987850874949, 435.2384168731904, 336.7734805375051, 573.7641466033721]",0.9045,True,False,11,2
269,0.3742,"[21.1, 478.9, 65.2, 582.9]",,,0.0,False,False,11,2
269,0.2896,"[1181.2, 394.5, 1247.4, 607.2]",,,0.0,False,False,11,2
269,0.2785,"[347.0, 435.4, 388.8, 562.3]",63,"[346.57094084255004, 433.41660705596985, 390.30918611057496, 572.3469427487178]",0.874,True,False,11,2
269,0.2249,"[-17.4, 448.9, 35.0, 587.2]",,,0.0,False,False,11,2
269,0.1591,"[1142.1, 390.8, 1215.0, 602.8]",,,0.0,False,False,11,2
269,0.1109,"[1227.2, 336.2, 1355.4, 718.2]",,,0.0,False,False,11,2
269,0.1004,"[1115.1, 392.2, 1194.8, 589.3]",,,0.0,False,False,11,2
270,0.5691,"[21.3, 481.6, 63.1, 584.2]",,,0.0,False,False,7,0
270,0.5616,"[347.0, 436.1, 390.8, 565.7]",,,0.0,False,False,7,0
270,0.4912,"[28.4, -333.8, 779.0, 1402.7]",,,0.0,False,False,7,0
270,0.4666,"[1216.4, 385.1, 1298.7, 619.3]",,,0.0,False,False,7,0
270,0.4363,"[246.7, 437.4, 295.0, 571.1]",,,0.0,False,False,7,0
270,0.1657,"[-117.8, -448.9, 854.6, 1490.4]",,,0.0,False,False,7,0
270,0.1301,"[292.1, 434.4, 338.3, 572.7]",,,0.0,False,False,7,0
271,0.395,"[1090.8, 388.5, 1171.8, 570.7]",75,"[1096.2825043788985, 377.4320679100996, 1169.5983549961015, 568.2095946875567]",0.8463,True,False,3,1
271,0.306,"[1223.8, 409.1, 1303.4, 612.9]",,,0.0,False,False,3,1
271,0.1501,"[118.0, 465.1, 160.8, 582.5]",,,0.0,False,False,3,1
272,0.5086,"[1213.7, 376.7, 1350.0, 750.6]",,,0.0,False,False,5,2
272,0.4717,"[293.0, 435.4, 339.9, 567.7]",71,"[292.59910746677235, 435.1319152286153, 336.9619887246339, 572.3024109432597]",0.9001,True,False,5,2
272,0.3964,"[251.4, 439.1, 297.0, 567.3]",71,"[292.59910746677235, 435.1319152286153, 336.9619887246339, 572.3024109432597]",0.0497,False,False,5,2
272,0.1037,"[665.6, 418.5, 729.0, 624.4]",,,0.0,False,False,5,2
272,0.1027,"[596.4, 433.0, 641.6, 563.3]",,,0.0,False,False,5,2
273,0.2948,"[1223.8, 393.2, 1321.0, 647.0]",,,0.0,False,False,3,1
273,0.2357,"[8.7, 453.6, 45.0, 555.5]",57,"[23.413787976248937, 481.4892495705232, 63.55899034406356, 582.7939535544767]",0.2591,False,False,3,1
273,0.1733,"[92.1, 457.0, 128.5, 561.6]",,,0.0,False,False,3,1
274,0.5627,"[2.8, 452.9, 42.5, 556.9]",,,0.0,False,False,4,2
274,0.5521,"[294.5, 431.3, 341.0, 558.9]",71,"[296.07560745274697, 432.07284892904556, 338.9233549495968, 563.3241847623606]",0.8863,True,False,4,2
274,0.1754,"[94.1, 456.0, 130.9, 564.6]",,,0.0,False,False,4,2
274,0.1374,"[131.8, -73.9, 728.3, 1265.0]",8,"[559.5085355799088, 358.0128406979128, 643.0736177404037, 602.9141612552122]",0.0256,False,False,4,2
275,0.5243,"[25.1, 479.9, 66.8, 588.6]",57,"[23.361154271274234, 477.84149414713954, 66.9309905041164, 587.392758782548]",0.9301,True,False,2,2
275,0.2382,"[1207.6, 364.5, 1331.8, 744.5]",77,"[1206.1316091483673, 302.7711975097656, 1375.9877756172577, 750.8362243652343]",0.6202,True,False,2,2
276,0.5086,"[361.1, 429.6, 397.6, 561.3]",63,"[361.0917967407662, 430.0598798352153, 401.18835462642136, 557.2366899890035]",0.881,True,False,4,2
276,0.4959,"[253.8, 432.0, 299.7, 555.5]",71,"[295.68407144175063, 427.25088600454114, 339.8908797301244, 561.1800832337401]",0.0447,False,False,4,2
276,0.421,"[292.6, 425.9, 341.9, 558.2]",71,"[295.68407144175063, 427.25088600454114, 339.8908797301244, 561.1800832337401]",0.8707,True,False,4,2
276,0.1,"[96.5, 454.6, 131.5, 561.9]",,,0.0,False,False,4,2
277,0.2236,"[362.5, 431.3, 396.2, 549.5]",,,0.0,False,False,7,2
277,0.1684,"[1092.8, 383.1, 1153.6, 559.2]",,,0.0,False,False,7,2
277,0.157,"[1304.1, 361.5, 1398.6, 645.0]",77,"[1204.3997137950873, 278.19015669872044, 1381.404241283038, 748.8977339262797]",0.2485,False,False,7,2
277,0.1475,"[1257.5, 363.2, 1348.0, 662.2]",77,"[1204.3997137950873, 278.19015669872044, 1381.404241283038, 748.8977339262797]",0.3246,True,False,7,2
277,0.1252,"[1275.1, 363.2, 1379.0, 652.1]",77,"[1204.3997137950873, 278.19015669872044, 1381.404241283038, 748.8977339262797]",0.3604,True,False,7,2
277,0.1173,"[25.8, 475.2, 69.9, 594.0]",57,"[24.705553574786105, 476.28853907558243, 68.50007386662014, 586.828038072855]",0.881,True,False,7,2
277,0.1001,"[1312.9, 349.0, 1427.0, 654.8]",77,"[1204.3997137950873, 278.19015669872044, 1381.404241283038, 748.8977339262797]",0.2155,False,False,7,2
278,0.4249,"[38.3, 445.5, 82.4, 569.0]",,,0.0,False,False,12,1
278,0.3169,"[29.7, 459.3, 76.9, 575.4]",,,0.0,False,False,12,1
278,0.2548,"[1250.1, 359.1, 1335.2, 675.7]",,,0.0,False,False,12,1
278,0.2487,"[1259.6, 361.8, 1355.4, 663.5]",,,0.0,False,False,12,1
278,0.2393,"[1315.6, 353.7, 1421.6, 648.0]",,,0.0,False,False,12,1
278,0.2321,"[1090.1, 378.7, 1153.6, 571.7]",,,0.0,False,False,12,1
278,0.1911,"[1269.7, 355.4, 1379.0, 658.5]",,,0.0,False,False,12,1
278,0.1854,"[26.8, 474.5, 69.6, 575.1]",,,0.0,False,False,12,1
278,0.1851,"[363.2, 437.4, 395.6, 548.1]",,,0.0,False,False,12,1
278,0.1302,"[1298.0, 341.0, 1402.7, 657.5]",,,0.0,False,False,12,1
278,0.1169,"[593.0, 436.1, 647.7, 585.2]",,,0.0,False,False,12,1
278,0.1072,"[5.8, 448.5, 45.0, 564.6]",,,0.0,False,False,12,1
279,0.3909,"[955.8, 24.2, 976.1, 93.4]",,,0.0,False,False,10,0
279,0.3775,"[1055.7, 382.7, 1124.6, 565.0]",,,0.0,False,False,10,0
279,0.3186,"[1244.7, 359.1, 1339.2, 667.6]",,,0.0,False,False,10,0
279,0.3053,"[1265.0, 348.3, 1382.4, 667.6]",,,0.0,False,False,10,0
279,0.2602,"[1298.7, 342.9, 1408.1, 648.7]",,,0.0,False,False,10,0
279,0.2202,"[1323.0, 348.3, 1425.6, 643.3]",,,0.0,False,False,10,0
279,0.1721,"[26.6, 468.5, 74.7, 591.3]",,,0.0,False,False,10,0
279,0.1499,"[9.8, 447.5, 50.8, 567.7]",,,0.0,False,False,10,0
279,0.1064,"[1078.7, 369.9, 1157.0, 565.7]",,,0.0,False,False,10,0
279,0.1032,"[1341.2, 342.7, 1445.9, 637.9]",,,0.0,False,False,10,0
280,0.4717,"[1229.2, 345.6, 1356.1, 696.6]",,,0.0,False,False,4,0
280,0.3985,"[1263.6, 351.7, 1374.3, 662.2]",,,0.0,False,False,4,0
280,0.2984,"[1294.0, 349.7, 1409.4, 650.7]",,,0.0,False,False,4,0
280,0.2134,"[1325.7, 343.7, 1441.8, 653.4]",,,0.0,False,False,4,0
281,0.368,"[63.7, 797.2, 101.7, 870.1]",,,0.0,False,False,11,1
281,0.2313,"[1066.5, 382.7, 1135.4, 560.2]",,,0.0,False,False,11,1
281,0.1722,"[355.4, 420.2, 375.6, 480.3]",,,0.0,False,False,11,1
281,0.163,"[19.2, 459.0, 55.5, 567.0]",,,0.0,False,False,11,1
281,0.1535,"[1296.0, 353.7, 1405.4, 662.2]",,,0.0,False,False,11,1
281,0.1511,"[294.6, 444.5, 316.9, 512.0]",,,0.0,False,False,11,1
281,0.1367,"[1076.0, 373.3, 1150.2, 564.3]",,,0.0,False,False,11,1
281,0.1342,"[1325.7, 361.5, 1428.3, 651.0]",,,0.0,False,False,11,1
281,0.1165,"[583.2, 442.5, 635.9, 589.6]",,,0.0,False,False,11,1
281,0.1146,"[1232.6, 333.3, 1340.6, 717.5]",,,0.0,False,False,11,1
281,0.107,"[1337.9, 346.6, 1451.2, 660.5]",,,0.0,False,False,11,1
282,0.4702,"[88.7, 778.3, 125.3, 864.7]",73,"[88.05866514629304, 778.2989647821398, 126.91145814472259, 863.1941992803602]",0.927,True,False,6,2
282,0.4667,"[31.1, 469.1, 73.7, 575.8]",57,"[31.880386166456717, 470.00530438576624, 78.40390796196125, 588.1574153407963]",0.7874,True,False,6,2
282,0.2746,"[66.4, 796.5, 101.4, 870.8]",73,"[88.05866514629304, 778.2989647821398, 126.91145814472259, 863.1941992803602]",0.1779,False,False,6,2
282,0.1927,"[1057.1, 378.7, 1134.0, 573.1]",,,0.0,False,False,6,2
282,0.1399,"[296.3, 442.1, 320.0, 517.7]",,,0.0,False,False,6,2
282,0.1353,"[1268.3, 343.7, 1376.3, 691.9]",,,0.0,False,False,6,2
283,0.5036,"[870.1, 404.3, 910.6, 530.5]",67,"[868.4414938129639, 403.9597710999998, 909.9514505229736, 531.5061102476565]",0.9368,True,False,9,1
283,0.2772,"[1347.3, 349.0, 1460.7, 658.1]",,,0.0,False,False,9,1
283,0.2499,"[1287.2, 359.4, 1393.2, 670.6]",,,0.0,False,False,9,1
283,0.2415,"[3.2, 441.1, 41.5, 551.8]",,,0.0,False,False,9,1
283,0.2292,"[1264.3, 353.4, 1368.2, 681.4]",,,0.0,False,False,9,1
283,0.1826,"[1329.1, 364.5, 1433.7, 655.4]",,,0.0,False,False,9,1
283,0.1555,"[85.7, 773.6, 128.0, 862.7]",,,0.0,False,False,9,1
283,0.1522,"[-145.5, 232.0, 45.6, 865.4]",,,0.0,False,False,9,1
283,0.1129,"[30.2, 457.0, 78.2, 581.9]",,,0.0,False,False,9,1
284,0.5365,"[30.7, 463.1, 78.2, 575.1]",,,0.0,False,False,7,0
284,0.3095,"[1346.0, 350.0, 1470.2, 668.6]",,,0.0,False,False,7,0
284,0.1955,"[1331.1, 370.6, 1429.7, 657.5]",,,0.0,False,False,7,0
284,0.1821,"[1295.3, 366.5, 1395.9, 662.2]",,,0.0,False,False,7,0
284,0.1659,"[1063.1, 362.8, 1149.5, 587.6]",,,0.0,False,False,7,0
284,0.1656,"[1301.4, 339.0, 1462.1, 741.2]",,,0.0,False,False,7,0
284,0.1468,"[1367.6, 342.4, 1491.8, 679.1]",,,0.0,False,False,7,0
285,0.2974,"[1354.7, 365.9, 1467.5, 664.9]",,,0.0,False,False,7,0
285,0.2331,"[1341.2, 375.3, 1441.8, 660.2]",,,0.0,False,False,7,0
285,0.1799,"[299.4, 440.8, 323.0, 510.3]",,,0.0,False,False,7,0
285,0.1625,"[1300.7, 369.2, 1404.0, 673.7]",,,0.0,False,False,7,0
285,0.1597,"[1327.1, 385.1, 1422.9, 665.2]",,,0.0,False,False,7,0
285,0.1465,"[1385.1, 350.7, 1509.3, 683.4]",,,0.0,False,False,7,0
285,0.1356,"[1306.1, 346.3, 1471.5, 737.1]",,,0.0,False,False,7,0
286,0.3123,"[299.0, 433.7, 322.3, 499.8]",,,0.0,False,False,5,0
286,0.3009,"[263.8, 423.2, 295.8, 521.1]",,,0.0,False,False,5,0
286,0.1655,"[1336.5, 367.2, 1444.5, 671.6]",,,0.0,False,False,5,0
286,0.1291,"[1296.7, 349.7, 1418.9, 698.0]",,,0.0,False,False,5,0
286,0.1002,"[1356.8, 341.7, 1478.2, 681.1]",,,0.0,False,False,5,0
287,0.4829,"[15.6, 430.0, 54.6, 550.8]",38,"[16.049257204142904, 431.5673889160156, 55.038000181111, 550.6373840332031]",0.9637,True,False,4,1
287,0.3801,"[298.0, 429.3, 322.0, 495.5]",,,0.0,False,False,4,1
287,0.3304,"[1613.2, 325.0, 1845.5, 939.6]",,,0.0,False,False,4,1
287,0.1313,"[1656.5, 361.8, 1872.5, 938.9]",,,0.0,False,False,4,1
288,0.3573,"[300.5, 425.6, 322.1, 487.0]",,,0.0,False,False,7,1
288,0.3406,"[18.4, 427.3, 55.0, 539.3]",,,0.0,False,False,7,1
288,0.306,"[760.7, 123.2, 826.9, 316.2]",,,0.0,False,False,7,1
288,0.1977,"[259.0, 430.7, 297.2, 536.6]",,,0.0,False,False,7,1
288,0.1453,"[1338.5, 357.8, 1451.2, 671.6]",,,0.0,False,False,7,1
288,0.1195,"[1347.3, 332.6, 1482.3, 681.1]",,,0.0,False,False,7,1
288,0.1064,"[1302.8, 351.0, 1421.6, 678.4]",50,"[1176.7937298090828, 262.86372871013657, 1330.7638873784172, 754.0226848640823]",0.0871,False,False,7,1
289,0.4286,"[763.4, 390.5, 798.5, 504.6]",,,0.0,False,False,7,0
289,0.3331,"[299.7, 421.5, 321.3, 487.7]",,,0.0,False,False,7,0
289,0.3029,"[1333.8, 332.1, 1458.0, 667.6]",,,0.0,False,False,7,0
289,0.1744,"[586.2, 341.0, 712.1, 790.4]",,,0.0,False,False,7,0
289,0.1296,"[-5.9, 461.0, 32.0, 556.2]",,,0.0,False,False,7,0
289,0.1119,"[1308.8, 331.9, 1437.8, 681.1]",,,0.0,False,False,7,0
289,0.1033,"[1352.7, 312.4, 1517.4, 704.0]",,,0.0,False,False,7,0
290,0.3861,"[762.1, 388.8, 798.5, 509.0]",,,0.0,False,False,5,0
290,0.1868,"[299.4, 419.9, 322.3, 483.3]",,,0.0,False,False,5,0
290,0.1174,"[-30.5, 430.0, 15.2, 551.5]",,,0.0,False,False,5,0
290,0.114,"[-19.3, 432.7, 22.5, 549.5]",,,0.0,False,False,5,0
290,0.1017,"[1323.0, 351.0, 1444.5, 666.9]",,,0.0,False,False,5,0
291,0.531,"[762.8, 384.4, 799.2, 501.2]",,,0.0,False,False,5,3
291,0.4699,"[65.4, 768.8, 98.0, 844.4]",79,"[64.21734294521345, 767.1701209803086, 96.32437458408343, 843.4474327306289]",0.8835,True,False,5,3
291,0.3142,"[314.7, 394.9, 350.3, 518.4]",71,"[313.08356103429276, 397.56528020833645, 352.94921484461355, 513.2474028971324]",0.8422,True,False,5,3
291,0.287,"[86.2, 749.2, 125.7, 837.0]",73,"[85.76883144160402, 749.542485240051, 124.13676243046629, 836.8492383927614]",0.9441,True,False,5,3
291,0.1127,"[19.9, 417.2, 58.6, 532.6]",,,0.0,False,False,5,3
292,0.5601,"[265.1, 395.6, 317.4, 525.2]",40,"[265.52122419138, 396.9964660972074, 314.12733537893246, 523.7961364418551]",0.9091,True,False,7,1
292,0.4789,"[65.7, 769.5, 97.9, 843.8]",,,0.0,False,False,7,1
292,0.4111,"[764.8, 383.7, 801.2, 490.4]",,,0.0,False,False,7,1
292,0.3259,"[1341.2, 332.6, 1474.2, 668.9]",,,0.0,False,False,7,1
292,0.3179,"[754.0, 389.8, 787.7, 486.3]",,,0.0,False,False,7,1
292,0.1748,"[1331.1, 354.4, 1444.5, 665.6]",,,0.0,False,False,7,1
292,0.1722,"[1362.8, 315.6, 1512.0, 695.2]",,,0.0,False,False,7,1
293,0.4884,"[84.3, 745.2, 124.3, 833.0]",,,0.0,False,False,3,0
293,0.3292,"[752.0, 390.2, 784.4, 492.1]",,,0.0,False,False,3,0
293,0.2403,"[1333.8, 329.6, 1463.4, 674.3]",,,0.0,False,False,3,0
294,0.4898,"[755.3, 390.8, 786.4, 493.4]",,,0.0,False,False,5,0
294,0.3481,"[1287.2, 282.8, 1490.4, 747.2]",,,0.0,False,False,5,0
294,0.2605,"[88.3, 744.5, 125.3, 832.3]",,,0.0,False,False,5,0
294,0.2153,"[1339.2, 329.9, 1466.1, 671.6]",,,0.0,False,False,5,0
294,0.1063,"[1356.1, 301.6, 1518.8, 724.3]",,,0.0,False,False,5,0
295,0.3159,"[755.3, 389.1, 789.1, 498.5]",,,0.0,False,False,6,0
295,0.2085,"[1336.5, 323.5, 1466.1, 676.4]",,,0.0,False,False,6,0
295,0.2032,"[1295.3, 308.5, 1485.0, 726.3]",,,0.0,False,False,6,0
295,0.1554,"[1032.8, 361.1, 1109.7, 536.6]",,,0.0,False,False,6,0
295,0.1132,"[1361.5, 293.0, 1525.5, 731.0]",,,0.0,False,False,6,0
295,0.1026,"[710.1, 395.9, 747.9, 510.0]",,,0.0,False,False,6,0
296,0.5581,"[34.5, 429.3, 81.4, 556.2]",57,"[32.46383229117004, 428.3704974185024, 83.70220622201356, 557.5664532650912]",0.8997,True,False,10,3
296,0.3216,"[760.7, 391.8, 789.1, 476.9]",,,0.0,False,False,10,3
296,0.2613,"[718.2, 388.5, 752.0, 483.0]",,,0.0,False,False,10,3
296,0.2434,"[1294.7, 310.2, 1486.4, 727.7]",,,0.0,False,False,10,3
296,0.2003,"[1331.8, 326.2, 1462.1, 666.9]",,,0.0,False,False,10,3
296,0.1984,"[1358.8, 323.2, 1489.1, 666.2]",,,0.0,False,False,10,3
296,0.141,"[240.1, 398.2, 276.6, 521.8]",,,0.0,False,False,10,3
296,0.1368,"[1365.5, 293.3, 1518.8, 706.1]",,,0.0,False,False,10,3
296,0.1303,"[80.8, 735.1, 140.6, 916.0]",,,0.0,False,False,10,3
296,0.1044,"[1042.9, 343.7, 1127.9, 556.2]",,,0.0,False,False,10,3
297,0.3143,"[242.8, 400.6, 279.6, 516.0]",,,0.0,False,False,2,0
297,0.1334,"[1298.7, 315.1, 1487.7, 729.7]",,,0.0,False,False,2,0
298,0.5128,"[79.9, 760.7, 113.7, 837.7]",79,"[82.19511613555918, 767.6262062056587, 112.24807539276114, 838.4594871537163]",0.8023,True,False,9,3
298,0.2595,"[248.9, 401.3, 286.0, 530.9]",,,0.0,False,False,9,3
298,0.1649,"[111.5, 405.3, 147.3, 510.6]",44,"[107.64884059001693, 404.76519330609005, 147.07764561603776, 523.519230522035]",0.7948,True,False,9,3
298,0.1623,"[100.1, 738.5, 139.1, 833.0]",79,"[82.19511613555918, 767.6262062056587, 112.24807539276114, 838.4594871537163]",0.1586,False,False,9,3
298,0.1357,"[1362.8, 338.5, 1489.1, 665.9]",,,0.0,False,False,9,3
298,0.1339,"[1067.2, 341.2, 1157.6, 566.0]",,,0.0,False,False,9,3
298,0.1311,"[713.5, 388.1, 745.9, 489.4]",,,0.0,False,False,9,3
298,0.1065,"[1382.4, 325.5, 1512.0, 675.7]",,,0.0,False,False,9,3
298,0.1063,"[1040.2, 342.2, 1130.6, 562.3]",,,0.0,False,False,9,3
299,0.2943,"[251.4, 399.6, 290.6, 519.1]",,,0.0,False,False,1,1
300,0.3764,"[261.6, 400.6, 291.9, 485.0]",,,0.0,False,False,3,2
300,0.1603,"[285.7, 389.5, 312.7, 467.8]",,,0.0,False,False,3,2
300,0.118,"[785.7, 376.3, 826.2, 487.7]",80,"[787.3095476725719, 381.5257058473844, 817.1374738118031, 477.1553244260531]",0.6324,True,False,3,2
301,0.4122,"[96.0, 766.1, 130.8, 837.7]",,,0.0,False,False,4,1
301,0.4035,"[291.3, 384.8, 329.7, 492.1]",40,"[287.533131281023, 385.3554268210598, 341.2557481135083, 532.2386893898778]",0.5188,True,False,4,1
301,0.258,"[298.0, 382.4, 328.4, 463.4]",40,"[287.533131281023, 385.3554268210598, 341.2557481135083, 532.2386893898778]",0.297,False,False,4,1
301,0.1733,"[288.2, 386.1, 337.5, 548.1]",40,"[287.533131281023, 385.3554268210598, 341.2557481135083, 532.2386893898778]",0.8303,True,False,4,1
302,0.5115,"[66.7, 427.3, 111.6, 544.7]",,,0.0,False,False,6,1
302,0.4922,"[795.8, 375.6, 835.0, 495.8]",,,0.0,False,False,6,1
302,0.2521,"[297.3, 387.1, 342.6, 528.9]",,,0.0,False,False,6,1
302,0.2028,"[735.1, 386.1, 766.1, 488.7]",,,0.0,False,False,6,1
302,0.1246,"[6.0, 424.9, 41.1, 528.9]",,,0.0,False,False,6,1
302,0.107,"[319.3, 436.7, 635.9, 1285.9]",,,0.0,False,False,6,1
303,0.2355,"[303.4, 382.4, 350.3, 530.9]",,,0.0,False,False,6,1
303,0.1845,"[1825.2, 83.2, 1960.2, 544.0]",,,0.0,False,False,6,1
303,0.152,"[1329.1, 283.2, 1522.8, 766.8]",,,0.0,False,False,6,1
303,0.1393,"[1369.6, 316.6, 1503.9, 679.1]",,,0.0,False,False,6,1
303,0.1209,"[1394.6, 313.2, 1526.9, 678.4]",,,0.0,False,False,6,1
303,0.1016,"[795.2, 381.0, 827.6, 487.0]",,,0.0,False,False,6,1
304,0.4221,"[314.7, 380.0, 348.0, 486.7]",,,0.0,False,False,7,0
304,0.222,"[289.1, 394.9, 320.1, 484.0]",,,0.0,False,False,7,0
304,0.1637,"[324.7, 432.0, 653.4, 1240.7]",,,0.0,False,False,7,0
304,0.1432,"[1342.6, 301.1, 1524.2, 745.2]",,,0.0,False,False,7,0
304,0.1416,"[1402.7, 342.6, 1518.8, 663.9]",,,0.0,False,False,7,0
304,0.1284,"[1379.7, 324.8, 1503.9, 673.0]",,,0.0,False,False,7,0
304,0.1006,"[31.4, 417.8, 59.1, 486.0]",,,0.0,False,False,7,0
305,0.5542,"[817.4, 365.9, 853.9, 463.1]",80,"[818.3741379043811, 363.56503701427164, 857.7251052596814, 487.51296591541586]",0.6943,True,False,9,2
305,0.3718,"[298.4, 393.5, 327.4, 469.1]",,,0.0,False,False,9,2
305,0.3666,"[1853.6, 144.8, 2218.1, 1216.4]",5,"[1819.4874889151322, 10.740550115746714, 2292.0725696786176, 1219.2958268373782]",0.6839,True,False,9,2
305,0.2314,"[1346.0, 302.9, 1535.0, 743.2]",,,0.0,False,False,9,2
305,0.1279,"[765.5, 370.2, 806.0, 486.3]",,,0.0,False,False,9,2
305,0.1193,"[1444.5, 298.0, 1571.4, 686.8]",,,0.0,False,False,9,2
305,0.1176,"[680.7, 383.7, 720.2, 495.1]",,,0.0,False,False,9,2
305,0.1141,"[320.8, 389.8, 346.3, 464.7]",,,0.0,False,False,9,2
305,0.112,"[1394.6, 316.6, 1564.7, 715.5]",,,0.0,False,False,9,2
306,0.5671,"[307.3, 390.5, 336.3, 465.4]",,,0.0,False,False,5,0
306,0.41,"[826.9, 364.5, 862.0, 461.0]",,,0.0,False,False,5,0
306,0.1926,"[52.7, 408.7, 81.2, 480.9]",,,0.0,False,False,5,0
306,0.1833,"[329.6, 388.5, 353.7, 464.1]",,,0.0,False,False,5,0
306,0.1365,"[139.3, 754.0, 171.7, 818.8]",,,0.0,False,False,5,0
307,0.541,"[316.2, 388.8, 344.9, 461.0]",,,0.0,False,False,6,1
307,0.184,"[25.9, 402.6, 54.6, 479.6]",,,0.0,False,False,6,1
307,0.1832,"[1464.8, 275.7, 1602.5, 647.0]",,,0.0,False,False,6,1
307,0.1573,"[785.0, 365.9, 821.5, 461.7]",,,0.0,False,False,6,1
307,0.1177,"[1489.1, 273.9, 1626.8, 643.3]",,,0.0,False,False,6,1
307,0.1103,"[825.5, 370.6, 855.2, 452.9]",,,0.0,False,False,6,1
308,0.4978,"[843.8, 361.1, 878.9, 455.6]",80,"[847.39388613486, 360.8803546135651, 880.3796734354526, 462.7436077887787]",0.8025,True,False,6,1
308,0.4931,"[323.7, 386.8, 352.7, 462.4]",,,0.0,False,False,6,1
308,0.1808,"[1126.6, 324.7, 1204.9, 549.5]",,,0.0,False,False,6,1
308,0.1596,"[690.9, 363.5, 738.5, 551.1]",,,0.0,False,False,6,1
308,0.1507,"[781.7, 374.6, 820.8, 480.6]",,,0.0,False,False,6,1
308,0.1249,"[1089.5, 327.0, 1175.9, 555.2]",,,0.0,False,False,6,1
309,0.4911,"[850.5, 359.1, 891.0, 462.4]",,,0.0,False,False,3,0
309,0.3589,"[787.1, 372.9, 830.2, 481.6]",,,0.0,False,False,3,0
309,0.1699,"[88.9, 394.2, 130.1, 494.8]",,,0.0,False,False,3,0
310,0.5636,"[344.9, 384.8, 368.6, 445.5]",,,0.0,False,False,4,0
310,0.5244,"[860.6, 359.1, 899.8, 454.3]",,,0.0,False,False,4,0
310,0.4486,"[141.8, 387.8, 180.7, 483.6]",,,0.0,False,False,4,0
310,0.148,"[795.2, 374.0, 837.0, 471.2]",,,0.0,False,False,4,0
311,0.5599,"[872.1, 359.1, 908.6, 457.0]",,,0.0,False,False,2,0
311,0.2162,"[241.3, 425.6, 266.6, 480.9]",,,0.0,False,False,2,0
312,0.5134,"[1011.2, 350.0, 1057.1, 485.7]",67,"[1014.6083154542893, 350.9446968565812, 1055.5674657957106, 485.09851603404377]",0.8824,True,False,6,2
312,0.5088,"[882.2, 357.4, 920.0, 458.0]",,,0.0,False,False,6,2
312,0.3088,"[726.3, 369.2, 772.2, 542.0]",81,"[726.7417106422804, 372.91912422416357, 771.7233772483446, 542.8699382758364]",0.9545,True,False,6,2
312,0.2808,"[56.2, 408.0, 99.2, 507.3]",,,0.0,False,False,6,2
312,0.1534,"[177.0, 407.7, 219.9, 507.6]",,,0.0,False,False,6,2
312,0.1338,"[90.6, 404.3, 119.6, 480.6]",,,0.0,False,False,6,2
313,0.5575,"[142.1, 388.8, 179.4, 492.8]",82,"[139.17179807725964, 389.80941909794456, 180.48362794813102, 490.0231004333055]",0.8733,True,False,8,1
313,0.5103,"[887.6, 358.8, 928.1, 453.3]",,,0.0,False,False,8,1
313,0.4568,"[100.1, 396.2, 132.8, 483.3]",,,0.0,False,False,8,1
313,0.3357,"[186.8, 405.7, 229.3, 506.9]",,,0.0,False,False,8,1
313,0.2075,"[728.3, 365.2, 778.3, 546.1]",,,0.0,False,False,8,1
313,0.1876,"[-37.4, 571.7, 126.9, 1028.0]",,,0.0,False,False,8,1
313,0.1268,"[1196.1, 354.4, 1250.1, 525.8]",,,0.0,False,False,8,1
313,0.1226,"[68.1, 411.1, 108.3, 499.5]",,,0.0,False,False,8,1
314,0.4952,"[198.8, 406.4, 250.1, 534.6]",,,0.0,False,False,5,0
314,0.4411,"[727.0, 361.1, 785.0, 540.0]",,,0.0,False,False,5,0
314,0.256,"[902.5, 356.4, 938.9, 452.9]",,,0.0,False,False,5,0
314,0.2421,"[155.2, 390.8, 190.7, 494.8]",,,0.0,False,False,5,0
314,0.2119,"[-20.2, 396.2, 18.9, 507.6]",,,0.0,False,False,5,0
315,0.3063,"[657.1, 277.8, 793.1, 730.4]",,,0.0,False,False,7,0
315,0.2331,"[1533.6, 289.2, 1741.5, 777.6]",,,0.0,False,False,7,0
315,0.1812,"[1514.7, 224.9, 1760.4, 878.8]",,,0.0,False,False,7,0
315,0.1578,"[1118.5, 343.2, 1194.1, 546.4]",,,0.0,False,False,7,0
315,0.1267,"[1530.9, 279.6, 1687.5, 725.6]",,,0.0,False,False,7,0
315,0.1244,"[733.7, 357.8, 791.8, 542.0]",,,0.0,False,False,7,0
315,0.1054,"[1614.6, 295.8, 1757.7, 686.5]",,,0.0,False,False,7,0
316,0.401,"[1510.7, 144.1, 1834.7, 1046.2]",,,0.0,False,False,9,1
316,0.3188,"[225.6, 412.1, 269.5, 539.7]",57,"[225.26213222789892, 411.62885600418247, 272.6524185533511, 536.80241840988]",0.9033,True,False,9,1
316,0.2288,"[1126.6, 344.8, 1192.7, 524.5]",,,0.0,False,False,9,1
316,0.1891,"[1524.2, 230.3, 1802.2, 836.3]",,,0.0,False,False,9,1
316,0.1625,"[1110.4, 346.6, 1172.5, 509.3]",,,0.0,False,False,9,1
316,0.154,"[1073.2, 357.1, 1123.2, 519.8]",,,0.0,False,False,9,1
316,0.1423,"[1115.8, 343.1, 1181.9, 533.9]",,,0.0,False,False,9,1
316,0.1415,"[104.6, 408.7, 154.2, 554.5]",,,0.0,False,False,9,1
316,0.1003,"[1137.4, 339.9, 1203.5, 542.4]",,,0.0,False,False,9,1
317,0.5406,"[1535.0, 160.0, 1842.8, 1034.8]",,,0.0,False,False,7,2
317,0.2808,"[928.1, 360.5, 971.3, 487.4]",80,"[932.9734133932078, 362.55752613193056, 969.3947506692922, 471.83108470791325]",0.726,True,False,7,2
317,0.2559,"[1535.0, 229.5, 1805.0, 805.3]",,,0.0,False,False,7,2
317,0.2056,"[1108.3, 352.0, 1182.6, 555.9]",67,"[1069.1323188052565, 355.24299046191413, 1112.4187065853687, 496.62077906933587]",0.0278,False,False,7,2
317,0.1852,"[1077.3, 350.3, 1139.4, 544.0]",67,"[1069.1323188052565, 355.24299046191413, 1112.4187065853687, 496.62077906933587]",0.3766,True,False,7,2
317,0.1777,"[1082.7, 342.2, 1158.3, 560.9]",67,"[1069.1323188052565, 355.24299046191413, 1112.4187065853687, 496.62077906933587]",0.2277,False,False,7,2
317,0.1201,"[1105.7, 361.5, 1170.5, 537.0]",67,"[1069.1323188052565, 355.24299046191413, 1112.4187065853687, 496.62077906933587]",0.0552,False,False,7,2
318,0.4869,"[1553.9, 208.9, 1823.9, 815.4]",,,0.0,False,False,8,0
318,0.3456,"[1082.0, 385.4, 1118.5, 496.1]",,,0.0,False,False,8,0
318,0.2784,"[1556.6, 181.9, 1842.8, 988.2]",,,0.0,False,False,8,0
318,0.1834,"[29.7, 412.4, 68.5, 507.6]",,,0.0,False,False,8,0
318,0.152,"[1118.5, 359.1, 1188.7, 544.7]",,,0.0,False,False,8,0
318,0.1411,"[142.2, 405.0, 179.0, 506.3]",,,0.0,False,False,8,0
318,0.1188,"[386.8, 294.6, 671.0, 977.4]",,,0.0,False,False,8,0
318,0.1107,"[124.9, 415.1, 170.8, 546.1]",,,0.0,False,False,8,0
319,0.5326,"[946.4, 365.9, 989.6, 500.9]",80,"[946.5549553944928, 366.2873915504254, 985.0215826914448, 480.20064555894965]",0.7513,True,False,8,1
319,0.4285,"[1574.1, 177.9, 1863.0, 1026.0]",,,0.0,False,False,8,1
319,0.3207,"[1570.1, 219.2, 1832.0, 799.2]",,,0.0,False,False,8,1
319,0.2792,"[1124.6, 361.1, 1194.8, 546.8]",,,0.0,False,False,8,1
319,0.1667,"[-17.0, -63.8, 367.9, 328.1]",,,0.0,False,False,8,1
319,0.1618,"[1099.6, 361.5, 1167.1, 535.6]",,,0.0,False,False,8,1
319,0.1355,"[1140.1, 361.8, 1210.3, 544.0]",,,0.0,False,False,8,1
319,0.1167,"[39.3, 413.4, 75.3, 507.3]",,,0.0,False,False,8,1
320,0.2129,"[43.4, 416.5, 79.8, 513.7]",,,0.0,False,False,5,0
320,0.1746,"[217.7, -12.8, 837.0, 1235.2]",,,0.0,False,False,5,0
320,0.1743,"[658.1, 270.8, 824.2, 763.4]",,,0.0,False,False,5,0
320,0.1051,"[619.7, 315.9, 716.2, 598.1]",,,0.0,False,False,5,0
320,0.1001,"[1121.9, 367.5, 1189.4, 542.4]",,,0.0,False,False,5,0
321,0.4493,"[1595.7, 185.0, 1898.1, 1040.8]",,,0.0,False,False,11,1
321,0.3765,"[1122.5, 363.5, 1191.4, 555.9]",,,0.0,False,False,11,1
321,0.3553,"[955.8, 376.7, 995.0, 492.1]",80,"[952.8551204666109, 376.6692566860489, 992.7814762130766, 494.7499938022323]",0.8595,True,False,11,1
321,0.2786,"[47.8, 417.8, 83.4, 514.4]",,,0.0,False,False,11,1
321,0.2776,"[85.4, -166.7, 869.4, 1346.6]",,,0.0,False,False,11,1
321,0.221,"[1137.4, 360.5, 1203.5, 552.2]",,,0.0,False,False,11,1
321,0.1675,"[334.5, 324.8, 543.0, 905.2]",,,0.0,False,False,11,1
321,0.1541,"[1101.6, 358.8, 1166.4, 539.7]",,,0.0,False,False,11,1
321,0.1222,"[627.1, 335.5, 734.4, 639.9]",,,0.0,False,False,11,1
321,0.1104,"[663.5, 302.2, 813.4, 712.8]",,,0.0,False,False,11,1
321,0.104,"[619.0, 336.2, 711.5, 607.5]",,,0.0,False,False,11,1
322,0.5043,"[434.7, 376.3, 639.9, 908.6]",71,"[527.4097444898839, 362.14758611653957, 567.2782437913661, 477.8297088053355]",0.0369,False,False,15,2
322,0.3891,"[267.8, 410.7, 306.6, 522.1]",,,0.0,False,False,15,2
322,0.246,"[256.8, 413.8, 290.6, 512.3]",,,0.0,False,False,15,2
322,0.2456,"[253.6, -55.4, 824.8, 1285.9]",,,0.006,False,False,15,2
322,0.2318,"[337.0, 102.6, 733.7, 1133.3]",71,"[527.4097444898839, 362.14758611653957, 567.2782437913661, 477.8297088053355]",0.0113,False,False,15,2
322,0.2244,"[1121.2, 362.1, 1188.7, 568.0]",,,0.0,False,False,15,2
322,0.2087,"[1100.2, 365.2, 1170.5, 564.3]",,,0.0,False,False,15,2
322,0.2005,"[409.7, 301.4, 631.8, 961.2]",71,"[527.4097444898839, 362.14758611653957, 567.2782437913661, 477.8297088053355]",0.0315,False,False,15,2
322,0.1848,"[41.4, 425.2, 70.2, 512.3]",,,0.0,False,False,15,2
322,0.1595,"[643.3, 339.2, 766.1, 669.9]",,,0.0,False,False,15,2
322,0.1458,"[620.7, 333.6, 749.2, 683.1]",,,0.0,False,False,15,2
322,0.1333,"[135.7, -227.5, 853.9, 1385.1]",,,0.004,False,False,15,2
322,0.1307,"[308.6, 304.3, 515.7, 870.8]",73,"[302.9896996482187, 728.700444224426, 341.35606451193763, 816.0071973771364]",0.0242,False,False,15,2
322,0.1268,"[652.4, 310.7, 799.2, 716.9]",,,0.0,False,False,15,2
322,0.1065,"[1611.9, 109.0, 1949.4, 1043.6]",,,0.0,False,False,15,2
323,0.5228,"[143.8, 422.2, 197.4, 566.7]",,,0.0,False,False,10,0
323,0.3612,"[32.1, -390.5, 882.9, 1512.0]",,,0.0,False,False,10,0
323,0.3141,"[56.9, 419.2, 93.5, 512.3]",,,0.0,False,False,10,0
323,0.2652,"[1121.2, 372.3, 1188.7, 565.3]",,,0.0,False,False,10,0
323,0.2585,"[957.8, 384.1, 988.9, 474.5]",,,0.0,False,False,10,0
323,0.2001,"[46.7, 424.9, 76.1, 508.6]",,,0.0,False,False,10,0
323,0.1697,"[1098.9, 371.9, 1161.0, 547.4]",,,0.0,False,False,10,0
323,0.1483,"[145.7, 423.9, 191.9, 541.4]",,,0.0,False,False,10,0
323,0.1442,"[1625.4, 127.9, 1960.2, 1035.5]",,,0.0,False,False,10,0
323,0.107,"[767.5, 390.8, 824.2, 538.7]",,,0.0,False,False,10,0
324,0.5101,"[145.4, 423.6, 204.5, 587.6]",,,0.0,False,False,9,0
324,0.3487,"[51.1, 427.3, 80.7, 502.2]",,,0.0,False,False,9,0
324,0.3228,"[1626.8, 146.5, 1975.1, 1063.1]",,,0.0,False,False,9,0
324,0.2645,"[1115.8, 374.0, 1187.3, 580.5]",,,0.0,False,False,9,0
324,0.2114,"[1637.6, 191.7, 1913.0, 966.6]",,,0.0,False,False,9,0
324,0.1984,"[1098.9, 379.7, 1155.6, 553.2]",,,0.0,False,False,9,0
324,0.1433,"[625.1, 296.2, 846.5, 756.0]",,,0.0,False,False,9,0
324,0.1406,"[1105.0, 376.3, 1168.4, 572.1]",,,0.0,False,False,9,0
324,0.1135,"[-55.7, -499.8, 889.7, 1549.8]",,,0.0,False,False,9,0
325,0.4563,"[774.9, 363.5, 846.5, 532.2]",,,0.0,False,False,10,0
325,0.231,"[-198.1, -908.6, 982.8, 1838.7]",,,0.0,False,False,10,0
325,0.2112,"[1101.6, 366.9, 1163.7, 543.0]",,,0.0,False,False,10,0
325,0.207,"[726.3, 350.3, 839.7, 690.5]",,,0.0,False,False,10,0
325,0.1985,"[1119.2, 368.9, 1188.0, 563.3]",,,0.0,False,False,10,0
325,0.1979,"[1095.5, 375.6, 1150.9, 532.2]",,,0.0,False,False,10,0
325,0.194,"[63.4, 420.9, 99.7, 518.1]",,,0.0,False,False,10,0
325,0.1866,"[1112.4, 371.2, 1177.2, 545.4]",,,0.0,False,False,10,0
325,0.1698,"[959.9, 388.1, 989.6, 476.6]",,,0.0,False,False,10,0
325,0.1549,"[-403.3, -1070.6, 1143.5, 2091.2]",,,0.0,False,False,10,0
326,0.4887,"[40.5, -444.8, 855.9, 1487.7]",,,0.0,False,False,10,0
326,0.336,"[59.5, 419.9, 93.9, 509.0]",,,0.0,False,False,10,0
326,0.177,"[-242.7, -830.9, 1012.5, 1719.9]",,,0.0,False,False,10,0
326,0.1746,"[1100.9, 363.8, 1167.1, 554.2]",,,0.0,False,False,10,0
326,0.1718,"[1109.0, 368.2, 1181.9, 572.1]",,,0.0,False,False,10,0
326,0.1575,"[1090.1, 372.6, 1146.8, 530.5]",,,0.0,False,False,10,0
326,0.148,"[957.8, 387.5, 988.9, 485.3]",,,0.0,False,False,10,0
326,0.1236,"[-388.1, -1058.4, 1122.5, 2016.9]",,,0.0,False,False,10,0
326,0.1215,"[1121.2, 380.7, 1187.3, 561.6]",,,0.0,False,False,10,0
326,0.1199,"[50.1, 426.6, 74.5, 491.4]",,,0.0,False,False,10,0
327,0.4995,"[56.6, 419.2, 92.4, 511.7]",,,0.0,False,False,3,0
327,0.4681,"[-248.1, -854.6, 982.8, 1838.7]",,,0.0,False,False,3,0
327,0.2803,"[956.5, 389.8, 984.8, 475.5]",,,0.0,False,False,3,0
328,0.2253,"[954.5, 389.5, 984.2, 477.9]",,,0.0,False,False,5,0
328,0.1985,"[1069.9, 355.1, 1152.2, 575.1]",,,0.0,False,False,5,0
328,0.1724,"[900.5, 388.1, 935.6, 497.5]",,,0.0,False,False,5,0
328,0.1414,"[-300.2, -917.3, 986.8, 1871.1]",,,0.0,False,False,5,0
328,0.1309,"[-150.2, -682.8, 942.3, 1563.3]",,,0.0,False,False,5,0
329,0.3823,"[953.8, 391.5, 982.1, 477.9]",,,0.0,False,False,2,1
329,0.1395,"[1069.9, 357.4, 1138.7, 560.6]",,,0.0,False,False,2,1
330,0.2696,"[951.8, 388.5, 980.1, 476.9]",,,0.0,False,False,1,0
331,0.1567,"[952.4, 391.2, 979.4, 479.6]",,,0.0,False,False,4,1
331,0.1446,"[-87.8, 188.0, 331.8, 1219.1]",,,0.0049,False,False,4,1
331,0.1391,"[301.7, -244.0, 840.4, 1314.9]",,,0.0011,False,False,4,1
331,0.1094,"[1055.0, 354.7, 1130.6, 566.0]",,,0.0,False,False,4,1
332,0.3938,"[951.8, 389.8, 977.4, 473.5]",,,0.0,False,False,5,0
332,0.2086,"[274.1, -188.0, 836.3, 1238.0]",,,0.0,False,False,5,0
332,0.1285,"[113.4, -339.9, 852.5, 1684.8]",,,0.0,False,False,5,0
332,0.1166,"[262.4, 768.8, 285.7, 830.9]",,,0.0,False,False,5,0
332,0.113,"[1054.3, 359.4, 1127.2, 565.3]",,,0.0,False,False,5,0
333,0.3215,"[949.7, 392.2, 975.4, 473.2]",,,0.0,False,False,4,0
333,0.2794,"[214.5, 413.1, 261.4, 555.5]",,,0.0,False,False,4,0
333,0.2165,"[259.2, 770.9, 281.8, 831.6]",,,0.0,False,False,4,0
333,0.1989,"[1059.8, 358.8, 1120.5, 534.3]",,,0.0,False,False,4,0
334,0.5379,"[-344.6, 20.9, 170.4, 1595.7]",61,"[-310.79224897048965, 22.795841058836004, 188.52915692947403, 1423.6078454646015]",0.806,True,False,5,2
334,0.3017,"[256.3, 429.0, 300.2, 555.9]",57,"[251.5092819180807, 426.68106748618595, 303.9812576327006, 569.8269281192828]",0.7413,True,False,5,2
334,0.2364,"[1051.7, 351.7, 1123.2, 559.6]",,,0.0,False,False,5,2
334,0.1913,"[257.2, 771.5, 280.8, 833.6]",,,0.0,False,False,5,2
334,0.1474,"[-270.3, 90.5, 177.2, 1340.6]",61,"[-310.79224897048965, 22.795841058836004, 188.52915692947403, 1423.6078454646015]",0.7998,True,False,5,2
335,0.3924,"[255.0, 776.2, 279.6, 835.7]",,,0.0,False,False,8,0
335,0.3601,"[-367.2, 8.8, 118.5, 1291.3]",,,0.0,False,False,8,0
335,0.2337,"[156.2, 419.5, 186.6, 505.9]",,,0.0,False,False,8,0
335,0.2052,"[-80.7, -750.6, 900.5, 1426.9]",,,0.0,False,False,8,0
335,0.1804,"[65.8, -425.2, 858.6, 1233.9]",,,0.0,False,False,8,0
335,0.1774,"[1054.3, 338.2, 1134.0, 547.4]",,,0.0,False,False,8,0
335,0.1604,"[1067.2, 340.7, 1150.9, 556.2]",,,0.0,False,False,8,0
335,0.1095,"[-474.5, -151.9, 118.6, 1601.1]",,,0.0,False,False,8,0
336,0.4617,"[253.5, 776.9, 278.1, 839.0]",,,0.0,False,False,12,1
336,0.451,"[117.5, 434.0, 154.4, 530.5]",,,0.0,False,False,12,1
336,0.3745,"[33.4, -595.4, 866.7, 1321.6]",,,0.0,False,False,12,1
336,0.3224,"[1038.2, 346.6, 1113.8, 557.9]",,,0.0,False,False,12,1
336,0.2314,"[1068.5, 336.5, 1161.7, 570.0]",,,0.0,False,False,12,1
336,0.209,"[1050.3, 342.7, 1130.0, 560.2]",,,0.0,False,False,12,1
336,0.1897,"[245.2, 425.2, 274.2, 515.7]",,,0.0,False,False,12,1
336,0.1561,"[945.7, 392.9, 974.0, 479.3]",,,0.0,False,False,12,1
336,0.1406,"[1718.6, 151.0, 1880.6, 513.7]",,,0.0,False,False,12,1
336,0.1168,"[1275.8, 322.7, 1379.7, 658.1]",,,0.0,False,False,12,1
336,0.112,"[1084.7, 338.7, 1180.6, 574.4]",,,0.0,False,False,12,1
336,0.1048,"[242.2, -235.9, 830.2, 1283.9]",,,0.0,False,False,12,1
337,0.5277,"[257.2, 433.7, 297.7, 547.8]",57,"[255.5746884175448, 434.38956092404965, 298.4976382426114, 556.0279805798566]",0.8747,True,False,13,2
337,0.4183,"[38.2, 428.6, 72.6, 511.7]",,,0.0,False,False,13,2
337,0.2495,"[1053.0, 344.4, 1130.0, 556.9]",,,0.0,False,False,13,2
337,0.247,"[1033.4, 351.7, 1103.6, 538.7]",,,0.0,False,False,13,2
337,0.2312,"[1069.9, 338.9, 1161.7, 567.7]",,,0.0,False,False,13,2
337,0.2025,"[246.4, 426.9, 273.0, 499.8]",57,"[255.5746884175448, 434.38956092404965, 298.4976382426114, 556.0279805798566]",0.1898,False,False,13,2
337,0.199,"[276.6, 770.2, 290.1, 801.2]",,,0.0,False,False,13,2
337,0.1774,"[117.3, 434.0, 150.7, 528.5]",,,0.0,False,False,13,2
337,0.1557,"[159.6, 425.6, 186.6, 497.1]",,,0.0,False,False,13,2
337,0.1502,"[231.4, 427.6, 254.6, 491.7]",,,0.0,False,False,13,2
337,0.137,"[202.2, -305.4, 800.6, 1017.9]",,,0.0066,False,False,13,2
337,0.1355,"[190.0, 754.0, 250.4, 872.8]",,,0.0,False,False,13,2
337,0.1083,"[1084.7, 344.2, 1177.9, 572.4]",,,0.0,False,False,13,2
338,0.3592,"[254.8, 435.0, 293.0, 543.0]",,,0.0,False,False,13,0
338,0.3588,"[36.1, 432.3, 70.1, 514.7]",,,0.0,False,False,13,0
338,0.2756,"[241.0, 428.0, 270.0, 509.6]",,,0.0,False,False,13,0
338,0.2132,"[1031.4, 356.7, 1097.6, 531.6]",,,0.0,False,False,13,0
338,0.2069,"[948.4, 380.7, 994.3, 519.8]",,,0.0,False,False,13,0
338,0.1907,"[247.4, 777.6, 274.7, 845.1]",,,0.0,False,False,13,0
338,0.1515,"[1053.7, 349.3, 1126.6, 546.4]",,,0.0,False,False,13,0
338,0.136,"[212.8, -225.5, 797.9, 1158.3]",,,0.0,False,False,13,0
338,0.1326,"[1732.1, 145.1, 1880.6, 540.0]",,,0.0,False,False,13,0
338,0.132,"[159.6, 427.6, 183.8, 496.5]",,,0.0,False,False,13,0
338,0.1031,"[230.2, 429.0, 254.8, 495.8]",,,0.0,False,False,13,0
338,0.1024,"[1038.8, 350.7, 1110.4, 545.1]",,,0.0,False,False,13,0
338,0.1014,"[1074.6, 338.7, 1159.7, 562.3]",,,0.0,False,False,13,0
339,0.4655,"[206.6, -214.7, 805.3, 1118.5]",,,0.0,False,False,12,0
339,0.3565,"[-158.0, -714.8, 915.3, 1436.4]",,,0.0,False,False,12,0
339,0.3369,"[36.6, 437.4, 69.1, 515.0]",,,0.0,False,False,12,0
339,0.2913,"[44.6, -452.2, 828.2, 1293.3]",,,0.0,False,False,12,0
339,0.289,"[1014.5, 353.7, 1096.9, 567.0]",,,0.0,False,False,12,0
339,0.17,"[116.2, 439.4, 146.2, 521.8]",,,0.0,False,False,12,0
339,0.161,"[1048.3, 342.2, 1133.3, 569.7]",,,0.0,False,False,12,0
339,0.1526,"[-350.7, -918.7, 1062.5, 1601.1]",,,0.0,False,False,12,0
339,0.1462,"[-11.4, 448.9, 20.9, 530.5]",,,0.0,False,False,12,0
339,0.1326,"[244.7, 785.7, 274.1, 850.5]",,,0.0,False,False,12,0
339,0.1307,"[1730.7, 150.2, 1892.7, 616.6]",,,0.0,False,False,12,0
339,0.1135,"[90.9, 437.4, 117.2, 511.7]",,,0.0,False,False,12,0
340,0.5327,"[1722.6, -24.0, 2235.6, 1351.4]",4,"[1727.9640174376577, -3.6830131437451428, 2224.2049278748423, 1408.5710746671825]",0.9162,True,False,13,1
340,0.5252,"[113.9, 438.8, 150.2, 536.6]",,,0.0,False,False,13,1
340,0.3582,"[1737.5, 147.5, 1899.5, 560.6]",4,"[1727.9640174376577, -3.6830131437451428, 2224.2049278748423, 1408.5710746671825]",0.0955,False,False,13,1
340,0.3128,"[197.9, -243.3, 808.7, 1185.3]",,,0.0,False,False,13,1
340,0.2664,"[34.6, 437.4, 67.9, 515.7]",,,0.0,False,False,13,1
340,0.2654,"[36.1, -359.1, 814.1, 1255.5]",,,0.0,False,False,13,1
340,0.2576,"[91.2, 435.4, 119.9, 513.0]",,,0.0,False,False,13,1
340,0.216,"[-153.6, -584.6, 878.9, 1401.3]",,,0.0,False,False,13,1
340,0.2024,"[1011.8, 353.4, 1084.7, 543.7]",,,0.0,False,False,13,1
340,0.1898,"[-296.3, -791.8, 1011.2, 1566.0]",,,0.0,False,False,13,1
340,0.1512,"[236.8, 430.7, 269.5, 514.4]",,,0.0,False,False,13,1
340,0.111,"[1025.3, 346.3, 1105.0, 556.9]",,,0.0,False,False,13,1
340,0.1077,"[1711.8, -172.8, 2305.8, 1566.0]",4,"[1727.9640174376577, -3.6830131437451428, 2224.2049278748423, 1408.5710746671825]",0.6785,True,False,13,1
341,0.5196,"[114.2, 440.4, 149.1, 526.8]",,,0.0,False,False,14,0
341,0.4485,"[246.2, -127.9, 819.5, 1117.8]",,,0.0,False,False,14,0
341,0.3928,"[232.2, 428.0, 271.4, 523.8]",,,0.0,False,False,14,0
341,0.3856,"[1740.2, 147.2, 1894.1, 556.2]",,,0.0,False,False,14,0
341,0.3837,"[-205.9, -344.2, 793.1, 1367.6]",,,0.0,False,False,14,0
341,0.3818,"[204.5, 424.9, 239.0, 524.8]",,,0.0,False,False,14,0
341,0.3599,"[386.8, -48.9, 812.0, 1046.2]",,,0.0,False,False,14,0
341,0.32,"[90.9, 436.1, 121.1, 514.4]",,,0.0,False,False,14,0
341,0.2739,"[1013.9, 371.9, 1078.7, 534.6]",,,0.0,False,False,14,0
341,0.2096,"[1027.3, 369.9, 1092.2, 538.7]",,,0.0,False,False,14,0
341,0.179,"[32.8, 437.7, 67.9, 522.1]",,,0.0,False,False,14,0
341,0.1164,"[474.5, 335.1, 622.4, 743.9]",,,0.0,False,False,14,0
341,0.1137,"[111.5, 438.8, 141.2, 515.0]",,,0.0,False,False,14,0
341,0.1098,"[1001.7, 369.9, 1067.8, 532.6]",,,0.0,False,False,14,0
342,0.4573,"[205.5, 425.9, 243.0, 533.2]",,,0.0,False,False,9,0
342,0.3932,"[233.0, 429.0, 270.8, 528.9]",,,0.0,False,False,9,0
342,0.3696,"[114.7, 439.1, 152.5, 537.0]",,,0.0,False,False,9,0
342,0.2583,"[219.7, -278.8, 814.1, 1214.3]",,,0.0,False,False,9,0
342,0.2486,"[258.0, 445.5, 290.8, 536.0]",,,0.0,False,False,9,0
342,0.2445,"[-91.1, -546.1, 867.4, 1327.7]",,,0.0,False,False,9,0
342,0.2433,"[1745.6, 144.8, 1904.9, 538.3]",,,0.0,False,False,9,0
342,0.1652,"[1011.8, 350.7, 1092.8, 545.1]",,,0.0,False,False,9,0
342,0.1524,"[-12.6, 1013.9, 45.2, 1162.4]",,,0.0,False,False,9,0
343,0.4646,"[120.8, 441.1, 155.1, 534.9]",,,0.0,False,False,8,1
343,0.3424,"[246.5, 435.0, 273.9, 509.3]",,,0.0,False,False,8,1
343,0.1856,"[216.0, -191.7, 798.5, 1170.5]",,,0.0,False,False,8,1
343,0.173,"[235.1, 437.1, 258.0, 501.9]",,,0.0,False,False,8,1
343,0.1477,"[1405.4, 372.3, 1440.5, 462.7]",,,0.0,False,False,8,1
343,0.1259,"[165.8, 436.7, 189.7, 501.5]",,,0.0,False,False,8,1
343,0.1245,"[1730.7, -86.4, 2303.1, 1566.0]",,,0.0,False,False,8,1
343,0.1142,"[727.0, 387.1, 789.1, 576.8]",,,0.0,False,False,8,1
344,0.4117,"[124.2, 444.2, 160.5, 538.7]",,,0.0,False,False,10,1
344,0.4084,"[247.1, 434.4, 276.1, 510.6]",82,"[246.68045053241613, 409.83331436161643, 287.99227895977134, 510.0469956969774]",0.5284,True,False,10,1
344,0.3771,"[736.4, 390.8, 790.4, 558.9]",,,0.0,False,False,10,1
344,0.331,"[103.4, 439.8, 127.4, 501.2]",,,0.0,False,False,10,1
344,0.1497,"[1014.5, 352.7, 1086.1, 549.1]",,,0.0,False,False,10,1
344,0.1388,"[171.0, 437.4, 193.2, 497.5]",,,0.0,False,False,10,1
344,0.1235,"[44.6, 437.4, 78.2, 529.2]",,,0.0,False,False,10,1
344,0.1208,"[1028.0, 350.3, 1107.7, 548.8]",,,0.0,False,False,10,1
344,0.1126,"[238.8, 437.7, 260.7, 503.9]",82,"[246.68045053241613, 409.83331436161643, 287.99227895977134, 510.0469956969774]",0.1992,False,False,10,1
344,0.102,"[81.0, -462.4, 828.9, 1242.7]",,,0.0032,False,False,10,1
345,0.474,"[1410.8, 368.2, 1448.6, 463.4]",,,0.0,False,False,8,0
345,0.4488,"[741.2, 391.8, 791.1, 553.8]",,,0.0,False,False,8,0
345,0.3939,"[106.0, 437.7, 131.1, 501.2]",,,0.0,False,False,8,0
345,0.3321,"[51.0, 437.7, 79.2, 514.0]",,,0.0,False,False,8,0
345,0.3296,"[247.1, 428.3, 278.4, 514.0]",,,0.0,False,False,8,0
345,0.198,"[204.4, -195.1, 814.7, 1191.4]",,,0.0,False,False,8,0
345,0.1423,"[895.7, 390.2, 934.9, 515.0]",,,0.0,False,False,8,0
345,0.1318,"[1009.8, 354.4, 1077.3, 529.9]",,,0.0,False,False,8,0
346,0.3661,"[167.7, -372.3, 828.9, 1211.0]",,,0.0,False,False,6,1
346,0.2327,"[1007.1, 351.0, 1078.7, 533.9]",80,"[968.5227717739094, 377.25872147125966, 1018.6897526401532, 525.9670475717091]",0.0916,False,False,6,1
346,0.2084,"[1413.5, 367.5, 1451.2, 462.7]",,,0.0,False,False,6,1
346,0.1615,"[108.8, 437.4, 132.6, 502.2]",,,0.0,False,False,6,1
346,0.1072,"[1768.5, 136.7, 1922.4, 526.2]",,,0.0,False,False,6,1
346,0.1006,"[1742.9, -91.8, 2291.0, 1664.6]",,,0.0,False,False,6,1
347,0.207,"[1009.1, 353.7, 1082.0, 540.0]",,,0.0,False,False,4,0
347,0.1292,"[1738.8, -137.0, 2327.4, 1714.5]",,,0.0,False,False,4,0
347,0.1206,"[56.3, 438.4, 87.8, 527.5]",,,0.0,False,False,4,0
347,0.1004,"[1028.0, 350.7, 1109.0, 547.1]",,,0.0,False,False,4,0
348,0.4393,"[1418.9, 366.9, 1456.7, 466.8]",,,0.0,False,False,8,1
348,0.2581,"[1006.4, 359.8, 1071.2, 538.0]",,,0.0,False,False,8,1
348,0.231,"[994.3, 364.5, 1057.7, 532.6]",,,0.0,False,False,8,1
348,0.1904,"[-3.9, 442.8, 18.4, 506.3]",,,0.0,False,False,8,1
348,0.1768,"[1788.8, 132.1, 1931.9, 509.6]",,,0.0,False,False,8,1
348,0.1569,"[113.3, 436.7, 138.1, 501.5]",,,0.0,False,False,8,1
348,0.1154,"[1009.1, 351.3, 1087.4, 551.8]",,,0.0,False,False,8,1
348,0.1005,"[11.3, 443.1, 33.5, 505.9]",,,0.0,False,False,8,1
349,0.5367,"[1756.4, 60.4, 2209.9, 1286.6]",4,"[1755.4573072343703, 5.307586377498865, 2266.60812245313, 1418.6210024896886]",0.7699,True,False,11,1
349,0.4449,"[62.7, 437.4, 88.8, 500.9]",,,0.0,False,False,11,1
349,0.418,"[1420.2, 367.9, 1458.0, 464.4]",,,0.0,False,False,11,1
349,0.2857,"[749.2, 395.2, 799.2, 570.0]",,,0.0,False,False,11,1
349,0.2757,"[990.2, 356.4, 1060.4, 559.6]",,,0.0,False,False,11,1
349,0.2618,"[1002.4, 352.0, 1076.6, 573.4]",,,0.0,False,False,11,1
349,0.2305,"[155.2, 437.7, 180.7, 510.0]",,,0.0,False,False,11,1
349,0.2282,"[-2.1, 443.5, 22.5, 504.2]",,,0.0,False,False,11,1
349,0.1223,"[1796.9, 129.1, 1931.9, 507.6]",4,"[1755.4573072343703, 5.307586377498865, 2266.60812245313, 1418.6210024896886]",0.0707,False,False,11,1
349,0.1204,"[13.5, 445.8, 35.0, 501.2]",,,0.0,False,False,11,1
349,0.1065,"[1757.7, -87.1, 2292.3, 1495.8]",4,"[1755.4573072343703, 5.307586377498865, 2266.60812245313, 1418.6210024896886]",0.8468,True,False,11,1
350,0.3155,"[989.6, 365.2, 1063.8, 550.1]",,,0.0,False,False,6,0
350,0.2389,"[63.6, 437.1, 92.1, 514.0]",,,0.0,False,False,6,0
350,0.1735,"[998.3, 355.1, 1078.0, 559.6]",,,0.0,False,False,6,0
350,0.1322,"[1421.6, 369.2, 1459.4, 470.5]",,,0.0,False,False,6,0
350,0.1242,"[143.1, -320.0, 841.7, 1317.6]",,,0.0,False,False,6,0
350,0.1064,"[1028.7, 356.1, 1105.7, 557.2]",,,0.0,False,False,6,0
351,0.5243,"[1422.9, 371.9, 1463.4, 473.2]",,,0.0,False,False,6,0
351,0.4903,"[988.2, 355.7, 1066.5, 581.9]",,,0.0,False,False,6,0
351,0.2522,"[772.2, 410.1, 812.7, 544.4]",,,0.0,False,False,6,0
351,0.1541,"[189.3, 436.1, 214.0, 504.2]",,,0.0,False,False,6,0
351,0.1507,"[997.7, 350.3, 1080.0, 566.3]",,,0.0,False,False,6,0
351,0.1153,"[1026.7, 355.7, 1102.3, 579.8]",,,0.0,False,False,6,0
352,0.4691,"[1424.2, 374.6, 1464.8, 475.2]",,,0.0,False,False,5,1
352,0.4669,"[1782.0, 9.8, 2241.0, 1302.8]",4,"[1773.0352481867164, 28.09361014377987, 2238.027984235159, 1322.6843439577826]",0.9465,True,False,5,1
352,0.3743,"[978.8, 355.1, 1063.8, 580.5]",,,0.0,False,False,5,1
352,0.3232,"[163.9, 441.5, 193.2, 522.5]",,,0.0,False,False,5,1
352,0.1907,"[191.9, 435.0, 216.8, 509.3]",,,0.0,False,False,5,1
353,0.3099,"[984.8, 359.1, 1061.8, 562.3]",,,0.0,False,False,3,0
353,0.2258,"[147.2, -363.2, 824.2, 1242.0]",,,0.0,False,False,3,0
353,0.1664,"[1425.6, 378.7, 1463.4, 474.5]",,,0.0,False,False,3,0
354,0.4661,"[984.8, 359.8, 1065.8, 594.7]",,,0.0,False,False,4,0
354,0.1257,"[169.5, 447.9, 194.6, 513.3]",,,0.0,False,False,4,0
354,0.1203,"[1819.8, 135.7, 1957.5, 546.4]",,,0.0,False,False,4,0
354,0.106,"[1849.5, 92.5, 2251.8, 1687.5]",,,0.0,False,False,4,0
355,0.2692,"[167.5, 447.2, 195.9, 518.7]",,,0.0,False,False,3,0
355,0.2512,"[89.8, -407.0, 817.4, 1322.3]",,,0.0,False,False,3,0
355,0.1234,"[1799.6, -36.5, 2269.4, 1363.5]",,,0.0,False,False,3,0
356,0.5639,"[1829.2, -14.5, 2299.1, 1282.5]",4,"[1810.0048110934608, 58.288457676764665, 2219.522532656539, 1212.1816350966728]",0.7131,True,False,5,1
356,0.1772,"[1100.2, 370.6, 1152.9, 538.7]",,,0.0,False,False,5,1
356,0.1683,"[-140.1, -774.2, 860.0, 1533.6]",,,0.0,False,False,5,1
356,0.1504,"[1829.2, 72.6, 2201.9, 1178.6]",4,"[1810.0048110934608, 58.288457676764665, 2219.522532656539, 1212.1816350966728]",0.8721,True,False,5,1
356,0.108,"[1413.5, 375.3, 1467.5, 507.6]",,,0.0,False,False,5,1
357,0.4885,"[1417.5, 388.5, 1460.7, 503.9]",,,0.0,False,False,11,0
357,0.4648,"[756.7, 402.3, 809.3, 575.8]",,,0.0,False,False,11,0
357,0.437,"[5.0, 451.9, 34.3, 519.4]",,,0.0,False,False,11,0
357,0.2899,"[963.2, 371.9, 1038.8, 583.9]",,,0.0,False,False,11,0
357,0.1652,"[988.2, 369.2, 1065.2, 580.5]",,,0.0,False,False,11,0
357,0.1584,"[1833.3, -113.4, 2389.5, 1616.0]",,,0.0,False,False,11,0
357,0.1332,"[138.0, 459.3, 174.0, 542.4]",,,0.0,False,False,11,0
357,0.1236,"[1078.7, 375.0, 1140.8, 547.1]",,,0.0,False,False,11,0
357,0.1207,"[1005.8, 369.2, 1086.8, 575.8]",,,0.0,False,False,11,0
357,0.11,"[1836.0, 27.3, 2254.5, 1263.6]",,,0.0,False,False,11,0
357,0.1034,"[1056.4, 368.9, 1126.6, 553.8]",,,0.0,False,False,11,0
358,0.5553,"[759.4, 402.3, 809.3, 562.3]",,,0.0,False,False,12,0
358,0.5467,"[43.9, -406.7, 809.3, 1374.3]",,,0.0,False,False,12,0
358,0.3982,"[959.2, 373.6, 1040.2, 613.9]",,,0.0,False,False,12,0
358,0.2565,"[987.5, 378.7, 1063.1, 583.2]",,,0.0,False,False,12,0
358,0.1991,"[1832.0, 144.5, 1980.5, 582.5]",,,0.0,False,False,12,0
358,0.1734,"[959.9, 381.4, 1027.3, 572.4]",,,0.0,False,False,12,0
358,0.1598,"[1037.5, 367.9, 1105.0, 556.2]",,,0.0,False,False,12,0
358,0.1572,"[1079.3, 369.2, 1141.4, 548.1]",,,0.0,False,False,12,0
358,0.1572,"[1003.7, 369.9, 1084.7, 575.1]",,,0.0,False,False,12,0
358,0.1565,"[1057.1, 356.1, 1130.0, 552.5]",,,0.0,False,False,12,0
358,0.1408,"[971.3, 380.7, 1042.9, 578.5]",,,0.0,False,False,12,0
358,0.1172,"[1.7, 455.3, 29.6, 519.4]",,,0.0,False,False,12,0
359,0.5215,"[758.7, 401.0, 811.4, 560.2]",,,0.0,False,False,11,0
359,0.2744,"[-39.5, -414.8, 801.9, 1408.1]",,,0.0,False,False,11,0
359,0.2578,"[1756.4, 348.6, 2164.1, 1467.4]",,,0.0,False,False,11,0
359,0.2216,"[1410.8, 389.5, 1454.0, 495.5]",,,0.0,False,False,11,0
359,0.1998,"[1056.4, 382.1, 1115.8, 553.5]",,,0.0,False,False,11,0
359,0.1563,"[1039.5, 379.4, 1101.6, 554.9]",,,0.0,False,False,11,0
359,0.1534,"[1830.6, 139.7, 1979.1, 590.6]",,,0.0,False,False,11,0
359,0.1432,"[945.7, 394.2, 1002.4, 575.8]",,,0.0,False,False,11,0
359,0.1351,"[953.1, 391.8, 1015.2, 576.1]",,,0.0,False,False,11,0
359,0.1137,"[1019.9, 371.2, 1088.8, 568.4]",,,0.0,False,False,11,0
359,0.1061,"[984.2, 370.9, 1061.1, 589.6]",,,0.0,False,False,11,0
360,0.4923,"[1792.8, 397.9, 2170.8, 1420.2]",,,0.0,False,False,16,0
360,0.4064,"[-62.4, -513.7, 792.5, 1393.2]",,,0.0,False,False,16,0
360,0.2904,"[775.6, 426.6, 828.2, 556.9]",,,0.0,False,False,16,0
360,0.2792,"[1014.5, 380.0, 1080.7, 576.5]",,,0.0,False,False,16,0
360,0.2537,"[1038.8, 371.6, 1107.7, 576.8]",,,0.0,False,False,16,0
360,0.2448,"[989.6, 380.7, 1062.5, 587.2]",,,0.0,False,False,16,0
360,0.2288,"[1408.1, 390.5, 1448.6, 488.4]",,,0.0,False,False,16,0
360,0.2263,"[954.5, 389.8, 1020.6, 578.8]",,,0.0,False,False,16,0
360,0.2215,"[945.7, 391.8, 1007.8, 574.1]",,,0.0,False,False,16,0
360,0.2206,"[965.3, 382.4, 1039.5, 598.4]",,,0.0,False,False,16,0
360,0.1607,"[1832.0, 140.6, 1980.5, 577.1]",,,0.0,False,False,16,0
360,0.1587,"[980.1, 392.9, 1047.6, 572.4]",,,0.0,False,False,16,0
360,0.1361,"[1032.8, 383.4, 1096.2, 567.0]",,,0.0,False,False,16,0
360,0.1179,"[-11.6, 515.0, 652.1, 2014.2]",,,0.0,False,False,16,0
360,0.1125,"[1049.6, 372.9, 1123.9, 590.3]",,,0.0,False,False,16,0
360,0.1074,"[937.6, 392.9, 991.6, 565.7]",,,0.0,False,False,16,0
361,0.5245,"[1803.6, 411.8, 2106.0, 1317.6]",,,0.0,False,False,10,0
361,0.4265,"[-114.4, -623.0, 801.9, 1431.0]",,,0.0,False,False,10,0
361,0.2543,"[-95.5, 498.8, 664.5, 1965.6]",,,0.0,False,False,10,0
361,0.2296,"[966.6, 382.7, 1039.5, 577.1]",,,0.0,False,False,10,0
361,0.208,"[1019.9, 386.8, 1080.7, 559.6]",,,0.0,False,False,10,0
361,0.2056,"[1033.4, 380.7, 1090.1, 558.9]",,,0.0,False,False,10,0
361,0.2022,"[1001.7, 381.7, 1065.2, 568.7]",,,0.0,False,False,10,0
361,0.195,"[928.8, 385.4, 993.6, 574.4]",,,0.0,False,False,10,0
361,0.1738,"[942.3, 383.7, 1009.8, 574.1]",,,0.0,False,False,10,0
361,0.1313,"[1821.2, 141.2, 1972.4, 563.6]",,,0.0,False,False,10,0
362,0.3125,"[-18.6, -445.8, 746.6, 1300.1]",,,0.0,False,False,7,0
362,0.2015,"[947.7, 385.4, 1019.3, 575.1]",,,0.0,False,False,7,0
362,0.1964,"[976.1, 389.5, 1040.8, 571.1]",,,0.0,False,False,7,0
362,0.176,"[1020.6, 381.7, 1084.1, 565.3]",,,0.0,False,False,7,0
362,0.1573,"[992.3, 392.5, 1054.3, 568.0]",,,0.0,False,False,7,0
362,0.1127,"[1825.2, 147.0, 1965.6, 566.3]",,,0.0,False,False,7,0
362,0.1052,"[924.8, 383.1, 992.3, 580.2]",,,0.0,False,False,7,0
363,0.5409,"[741.8, 401.3, 791.8, 568.0]",,,0.0,False,False,7,0
363,0.2576,"[926.8, 390.8, 997.0, 581.2]",,,0.0,False,False,7,0
363,0.2332,"[942.3, 392.2, 1009.8, 579.2]",,,0.0,False,False,7,0
363,0.2205,"[897.1, 388.1, 963.2, 578.5]",,,0.0,False,False,7,0
363,0.1658,"[1271.7, 377.0, 1332.5, 543.7]",,,0.0,False,False,7,0
363,0.1396,"[1818.5, 140.2, 1953.5, 569.7]",,,0.0,False,False,7,0
363,0.1038,"[912.6, 398.9, 976.1, 585.2]",,,0.0,False,False,7,0
364,0.3157,"[1251.5, 365.9, 1305.5, 512.3]",,,0.0,False,False,7,0
364,0.2987,"[1821.2, 139.4, 1953.5, 580.8]",,,0.0,False,False,7,0
364,0.215,"[926.1, 389.5, 997.7, 577.1]",,,0.0,False,False,7,0
364,0.2027,"[904.5, 389.1, 973.4, 580.2]",,,0.0,False,False,7,0
364,0.1656,"[950.4, 392.9, 1015.2, 573.1]",,,0.0,False,False,7,0
364,0.1409,"[881.6, 387.5, 945.0, 573.8]",,,0.0,False,False,7,0
364,0.1128,"[999.0, 374.3, 1062.5, 561.9]",,,0.0,False,False,7,0
365,0.4243,"[1375.7, 388.8, 1418.9, 503.6]",87,"[1378.3874113441552, 389.6031799316406, 1420.98832107772, 502.0581970214844]",0.8754,True,False,9,2
365,0.3728,"[1814.4, 139.7, 1960.2, 596.0]",,,0.0,False,False,9,2
365,0.1707,"[979.4, 392.5, 1038.8, 559.2]",,,0.0,False,False,9,2
365,0.1568,"[903.8, 392.9, 974.0, 577.8]",,,0.0,False,False,9,2
365,0.1528,"[956.5, 397.9, 1015.9, 563.3]",,,0.0,False,False,9,2
365,0.1461,"[882.9, 390.5, 949.1, 576.1]",,,0.0,False,False,9,2
365,0.1298,"[932.2, 394.2, 995.6, 570.4]",,,0.0,False,False,9,2
365,0.1273,"[1001.0, 383.7, 1057.7, 555.2]",,,0.0,False,False,9,2
365,0.1045,"[1032.8, 386.8, 1089.5, 547.4]",,,0.0,False,False,9,2
366,0.5541,"[799.9, 392.2, 863.3, 579.2]",84,"[800.3228471467535, 411.3299962085374, 859.1106245329341, 577.0339564281812]",0.8211,True,False,10,1
366,0.3989,"[1811.7, 136.2, 1960.2, 604.1]",,,0.0,False,False,10,1
366,0.2852,"[955.1, 387.5, 1019.9, 569.0]",,,0.0,False,False,10,1
366,0.2264,"[932.2, 389.5, 994.3, 574.4]",,,0.0,False,False,10,1
366,0.1915,"[-318.1, -642.9, 818.1, 1564.6]",,,0.0012,False,False,10,1
366,0.165,"[860.0, 380.4, 934.2, 621.3]",,,0.0,False,False,10,1
366,0.1473,"[1019.9, 389.1, 1082.0, 555.9]",,,0.0,False,False,10,1
366,0.1416,"[913.3, 385.8, 980.8, 580.2]",,,0.0,False,False,10,1
366,0.1287,"[878.2, 384.1, 952.4, 600.8]",,,0.0,False,False,10,1
366,0.1154,"[945.0, 388.1, 1007.1, 567.0]",,,0.0,False,False,10,1
367,0.4776,"[809.3, 371.9, 874.1, 579.8]",,,0.0,False,False,9,0
367,0.4087,"[1810.4, 128.4, 1958.9, 592.0]",,,0.0,False,False,9,0
367,0.4063,"[1367.6, 387.5, 1408.1, 489.4]",,,0.0,False,False,9,0
367,0.1934,"[-257.3, -511.3, 749.2, 1421.6]",,,0.0,False,False,9,0
367,0.1779,"[931.5, 392.9, 988.2, 558.9]",,,0.0,False,False,9,0
367,0.159,"[914.6, 388.5, 975.4, 567.3]",,,0.0,False,False,9,0
367,0.1557,"[955.8, 392.2, 1011.2, 556.2]",,,0.0,False,False,9,0
367,0.1175,"[879.5, 378.3, 956.5, 592.3]",,,0.0,False,False,9,0
367,0.1013,"[862.0, 378.3, 933.5, 597.7]",,,0.0,False,False,9,0
368,0.4804,"[1015.2, 381.4, 1067.8, 540.7]",,,0.0,False,False,8,1
368,0.2719,"[811.4, 359.1, 900.5, 641.2]",,,0.0,False,False,8,1
368,0.2607,"[1811.7, 123.0, 1957.5, 585.9]",,,0.0,False,False,8,1
368,0.185,"[-168.6, -547.8, 712.8, 1400.0]",,,0.003,False,False,8,1
368,0.1481,"[637.5, 403.7, 690.2, 580.5]",,,0.0,False,False,8,1
368,0.1248,"[909.2, 376.3, 975.4, 565.3]",,,0.0,False,False,8,1
368,0.1149,"[887.6, 376.0, 957.8, 583.2]",,,0.0,False,False,8,1
368,0.1035,"[855.9, 372.6, 936.9, 609.5]",,,0.0,False,False,8,1
369,0.4304,"[628.1, 401.3, 682.1, 575.4]",,,0.0,False,False,4,0
369,0.4164,"[970.0, 374.6, 1028.0, 541.4]",,,0.0,False,False,4,0
369,0.31,"[1811.7, 119.0, 1954.8, 558.9]",,,0.0,False,False,4,0
369,0.1384,"[-206.4, -597.7, 722.2, 1439.1]",,,0.0,False,False,4,0
370,0.5515,"[1311.5, 380.0, 1353.4, 506.3]",88,"[1315.670563778376, 377.96055603027344, 1357.2232350497488, 500.0005645751953]",0.7759,True,False,14,1
370,0.4905,"[-180.2, -411.1, 680.4, 1380.4]",,,0.0,False,False,14,1
370,0.2488,"[1811.7, 113.9, 1954.8, 550.1]",,,0.0,False,False,14,1
370,0.2449,"[909.9, 363.5, 972.0, 549.1]",,,0.0,False,False,14,1
370,0.2116,"[886.3, 366.5, 951.1, 551.5]",,,0.0,False,False,14,1
370,0.1877,"[246.5, 17.9, 644.0, 978.8]",,,0.0,False,False,14,1
370,0.172,"[333.3, 134.0, 623.7, 876.2]",,,0.0,False,False,14,1
370,0.1693,"[869.4, 363.2, 936.9, 557.5]",,,0.0,False,False,14,1
370,0.1549,"[457.3, 339.2, 562.6, 618.0]",,,0.0,False,False,14,1
370,0.1513,"[929.5, 367.2, 987.5, 546.1]",,,0.0,False,False,14,1
370,0.137,"[833.0, 359.1, 916.7, 579.2]",,,0.0,False,False,14,1
370,0.1123,"[493.1, 353.4, 592.3, 607.2]",,,0.0,False,False,14,1
370,0.1019,"[810.0, 365.2, 888.3, 587.2]",,,0.0,False,False,14,1
370,0.1016,"[412.1, 324.3, 530.9, 615.9]",,,0.0,False,False,14,1
371,0.5213,"[-48.9, -213.0, 659.1, 1251.5]",,,0.0,False,False,14,1
371,0.4066,"[1306.8, 378.0, 1350.0, 506.3]",,,0.0,False,False,14,1
371,0.3738,"[730.4, 392.5, 788.4, 556.5]",86,"[725.9663278017513, 386.179979397372, 790.7874563779362, 559.5299205049718]",0.8474,True,False,14,1
371,0.2566,"[-256.3, -516.0, 702.0, 1470.1]",,,0.0,False,False,14,1
371,0.2201,"[866.7, 375.6, 928.8, 555.2]",,,0.0,False,False,14,1
371,0.1954,"[843.8, 372.6, 914.0, 560.2]",,,0.0,False,False,14,1
371,0.1769,"[1813.1, 109.5, 1953.5, 546.1]",,,0.0,False,False,14,1
371,0.1736,"[1448.6, 108.8, 1513.4, 359.8]",,,0.0,False,False,14,1
371,0.1677,"[814.1, 375.6, 884.2, 564.0]",,,0.0,False,False,14,1
371,0.1608,"[283.7, 116.8, 635.2, 928.8]",,,0.0,False,False,14,1
371,0.158,"[223.4, 7.1, 652.1, 1027.3]",,,0.0,False,False,14,1
371,0.1474,"[936.2, 373.3, 992.9, 544.7]",,,0.0,False,False,14,1
371,0.1332,"[800.6, 382.1, 865.4, 560.9]",,,0.0,False,False,14,1
371,0.1233,"[886.3, 378.3, 949.7, 551.1]",,,0.0,False,False,14,1
372,0.4476,"[1304.8, 378.0, 1343.9, 504.9]",,,0.0,False,False,10,0
372,0.41,"[-357.8, -737.1, 810.0, 1621.4]",,,0.0,False,False,10,0
372,0.304,"[729.7, 392.9, 779.6, 555.5]",,,0.0,False,False,10,0
372,0.2969,"[869.4, 362.5, 934.2, 560.2]",,,0.0,False,False,10,0
372,0.2681,"[878.9, 353.7, 950.4, 563.0]",,,0.0,False,False,10,0
372,0.2335,"[-170.1, -440.8, 706.1, 1439.1]",,,0.0,False,False,10,0
372,0.1869,"[849.8, 363.2, 917.3, 561.6]",,,0.0,False,False,10,0
372,0.1425,"[1813.1, 107.8, 1958.9, 556.9]",,,0.0,False,False,10,0
372,0.1278,"[812.0, 363.5, 894.4, 571.4]",,,0.0,False,False,10,0
372,0.1079,"[908.6, 363.8, 978.8, 560.2]",,,0.0,False,False,10,0
373,0.5261,"[197.1, -38.8, 648.0, 1058.4]",,,0.0,False,False,16,3
373,0.5072,"[1809.0, 100.1, 1962.9, 620.3]",,,0.0,False,False,16,3
373,0.3176,"[276.9, 81.7, 631.8, 938.9]",,,0.0,False,False,16,3
373,0.3114,"[-216.3, -411.8, 658.5, 1397.2]",,,0.0,False,False,16,3
373,0.2126,"[402.6, 356.1, 497.1, 593.7]",,,0.0,False,False,16,3
373,0.1928,"[990.9, 370.9, 1043.6, 541.7]",89,"[992.8129385983852, 372.2131896429579, 1045.4789315188023, 532.432318169542]",0.8741,True,False,16,3
373,0.1603,"[88.3, -136.4, 654.8, 1173.8]",,,0.0,False,False,16,3
373,0.1518,"[433.4, 358.1, 533.2, 606.5]",,,0.0,False,False,16,3
373,0.1451,"[419.2, 364.8, 511.0, 593.7]",,,0.0,False,False,16,3
373,0.1332,"[378.0, 354.7, 478.6, 597.0]",,,0.0,False,False,16,3
373,0.1277,"[461.0, 346.3, 580.5, 624.4]",,,0.0,False,False,16,3
373,0.1257,"[360.8, 378.0, 441.8, 580.5]",,,0.0,False,False,16,3
373,0.1223,"[857.2, 355.7, 945.0, 597.4]",,,0.0,False,False,16,3
373,0.1197,"[729.7, 368.6, 798.5, 559.6]",,,0.0,False,False,16,3
373,0.1057,"[353.4, 354.7, 462.0, 624.0]",,,0.0,False,False,16,3
373,0.1025,"[342.2, 166.4, 618.3, 874.8]",,,0.0,False,False,16,3
374,0.3873,"[1817.1, 94.8, 1962.9, 646.3]",,,0.0,False,False,12,0
374,0.3802,"[198.8, -7.4, 649.0, 1059.8]",,,0.0,False,False,12,0
374,0.2685,"[335.1, 370.2, 407.4, 541.7]",,,0.0,False,False,12,0
374,0.1673,"[336.2, 376.7, 394.9, 522.5]",,,0.0,False,False,12,0
374,0.158,"[1818.5, 137.2, 1923.8, 567.0]",,,0.0,False,False,12,0
374,0.1542,"[-239.5, -302.1, 567.7, 1395.9]",,,0.0,False,False,12,0
374,0.1396,"[801.9, 311.3, 961.2, 737.8]",,,0.0,False,False,12,0
374,0.1316,"[405.0, 352.4, 498.8, 585.9]",,,0.0,False,False,12,0
374,0.1284,"[379.0, 358.4, 472.2, 578.5]",,,0.0,False,False,12,0
374,0.1261,"[352.0, 365.9, 431.7, 561.6]",,,0.0,False,False,12,0
374,0.1256,"[348.6, 375.3, 409.4, 525.8]",,,0.0,False,False,12,0
374,0.1005,"[306.3, 364.5, 380.0, 546.1]",,,0.0,False,False,12,0
375,0.4494,"[945.0, 371.6, 1001.7, 535.6]",,,0.0,False,False,9,0
375,0.2926,"[1301.4, 374.0, 1341.9, 500.2]",,,0.0,False,False,9,0
375,0.2763,"[1347.3, 374.0, 1390.5, 498.8]",,,0.0,False,False,9,0
375,0.2563,"[1058.4, 351.0, 1158.3, 586.6]",,,0.0,False,False,9,0
375,0.2423,"[-138.2, -323.7, 656.1, 1351.4]",,,0.0,False,False,9,0
375,0.1888,"[1823.9, 100.6, 1975.1, 554.2]",,,0.0,False,False,9,0
375,0.1874,"[-31.6, -109.7, 642.6, 1170.5]",,,0.0,False,False,9,0
375,0.1084,"[-279.3, -465.8, 707.4, 1489.1]",,,0.0,False,False,9,0
375,0.1035,"[1078.7, 347.3, 1184.0, 608.5]",,,0.0,False,False,9,0
376,0.5211,"[1301.4, 367.2, 1341.9, 496.1]",,,0.0,False,False,10,0
376,0.4727,"[947.7, 365.2, 1003.1, 527.9]",,,0.0,False,False,10,0
376,0.3627,"[677.0, 98.2, 759.4, 413.1]",,,0.0,False,False,10,0
376,0.2663,"[1049.0, 342.2, 1147.5, 567.0]",,,0.0,False,False,10,0
376,0.2261,"[1350.7, 365.9, 1391.9, 472.5]",,,0.0,False,False,10,0
376,0.1362,"[1066.5, 341.4, 1170.5, 578.5]",,,0.0,False,False,10,0
376,0.1318,"[-203.2, -486.0, 683.1, 1454.0]",,,0.0,False,False,10,0
376,0.1231,"[376.0, 387.5, 436.7, 530.5]",,,0.0,False,False,10,0
376,0.1221,"[1827.9, 95.5, 1965.6, 584.2]",,,0.0,False,False,10,0
376,0.1213,"[96.4, -42.2, 643.3, 1076.0]",,,0.0,False,False,10,0
377,0.4265,"[1052.3, 332.3, 1154.9, 565.7]",,,0.0,False,False,10,0
377,0.4068,"[1352.0, 359.8, 1394.6, 469.1]",,,0.0,False,False,10,0
377,0.2285,"[835.7, 347.0, 907.2, 548.8]",,,0.0,False,False,10,0
377,0.2041,"[1148.9, 337.5, 1228.5, 546.8]",,,0.0,False,False,10,0
377,0.1833,"[1102.3, 300.4, 1235.9, 759.4]",,,0.0,False,False,10,0
377,0.179,"[1076.6, 336.7, 1175.2, 572.4]",,,0.0,False,False,10,0
377,0.1532,"[1106.3, 343.7, 1195.4, 579.8]",,,0.0,False,False,10,0
377,0.1428,"[821.5, 342.9, 894.4, 550.8]",,,0.0,False,False,10,0
377,0.1151,"[1138.1, 344.2, 1220.4, 581.2]",,,0.0,False,False,10,0
377,0.1101,"[793.1, 341.4, 875.5, 563.6]",,,0.0,False,False,10,0
378,0.5557,"[-64.5, -272.7, 619.3, 1259.6]",,,0.0,False,False,12,0
378,0.2651,"[1152.2, 347.3, 1223.8, 525.5]",,,0.0,False,False,12,0
378,0.2389,"[842.4, 328.7, 922.1, 562.3]",,,0.0,False,False,12,0
378,0.2036,"[1085.4, 283.2, 1235.2, 803.2]",,,0.0,False,False,12,0
378,0.1773,"[851.2, 313.5, 941.6, 580.8]",,,0.0,False,False,12,0
378,0.1624,"[814.7, 330.6, 893.0, 552.8]",,,0.0,False,False,12,0
378,0.1519,"[1064.5, 330.1, 1169.8, 573.1]",,,0.0,False,False,12,0
378,0.1481,"[789.1, 325.2, 875.5, 560.9]",,,0.0,False,False,12,0
378,0.1276,"[764.8, 328.1, 852.5, 568.4]",,,0.0,False,False,12,0
378,0.1169,"[167.4, -4.1, 636.5, 1051.0]",,,0.0,False,False,12,0
378,0.1139,"[748.6, 340.0, 826.9, 565.0]",,,0.0,False,False,12,0
378,0.1138,"[1046.2, 321.0, 1154.2, 574.8]",,,0.0,False,False,12,0
379,0.3582,"[-178.0, -241.7, 604.1, 1298.7]",,,0.0,False,False,6,0
379,0.2963,"[654.8, 52.8, 753.3, 430.7]",,,0.0,False,False,6,0
379,0.1786,"[1046.9, 316.6, 1154.9, 575.8]",,,0.0,False,False,6,0
379,0.1551,"[1332.5, 354.4, 1375.7, 491.4]",,,0.0,False,False,6,0
379,0.1117,"[1097.6, 329.6, 1189.4, 581.9]",,,0.0,False,False,6,0
379,0.1047,"[-11.3, -150.5, 633.8, 1152.2]",,,0.0,False,False,6,0
380,0.4083,"[-177.7, -250.1, 609.5, 1309.5]",,,0.0,False,False,3,0
380,0.1544,"[1045.6, 318.3, 1156.3, 587.6]",,,0.0,False,False,3,0
380,0.1009,"[1092.8, 330.8, 1186.0, 585.2]",,,0.0,False,False,3,0
381,0.1964,"[-300.4, -285.9, 590.0, 1395.9]",,,0.0,False,False,5,0
381,0.1478,"[832.3, 330.1, 905.2, 531.2]",,,0.0,False,False,5,0
381,0.1359,"[817.4, 328.7, 894.4, 533.2]",,,0.0,False,False,5,0
381,0.1265,"[791.8, 323.7, 876.8, 537.0]",,,0.0,False,False,5,0
381,0.1005,"[1047.6, 319.6, 1155.6, 581.5]",,,0.0,False,False,5,0
382,0.5504,"[663.9, 346.3, 729.7, 550.8]",85,"[665.3315116243945, 340.15294380980373, 730.0951241177931, 549.5808208386337]",0.9383,True,False,2,2
382,0.4816,"[1001.7, 330.2, 1051.7, 496.5]",89,"[1000.5425566493227, 329.5425957372201, 1054.7596894444273, 497.3904486963737]",0.9124,True,False,2,2
383,0.3414,"[646.7, 351.7, 714.8, 547.4]",,,0.0,False,False,3,0
383,0.3172,"[1048.3, 307.1, 1152.2, 571.7]",,,0.0,False,False,3,0
383,0.1566,"[1033.4, 328.4, 1134.7, 587.6]",,,0.0,False,False,3,0
384,0.3588,"[996.3, 323.0, 1047.6, 483.6]",89,"[999.6956322188965, 323.8744018447347, 1050.5511939529783, 481.8808471787029]",0.8693,True,False,3,1
384,0.3012,"[1030.7, 307.1, 1141.4, 583.9]",89,"[999.6956322188965, 323.8744018447347, 1050.5511939529783, 481.8808471787029]",0.0881,False,False,3,1
384,0.141,"[1046.2, 293.5, 1165.1, 581.2]",89,"[999.6956322188965, 323.8744018447347, 1050.5511939529783, 481.8808471787029]",0.0164,False,False,3,1
385,0.4997,"[1375.7, 317.6, 1413.5, 426.9]",87,"[1374.2879017673392, 315.3922602697208, 1416.461365810786, 433.035657210748]",0.8331,True,False,6,2
385,0.4478,"[1330.4, 322.3, 1370.9, 450.6]",88,"[1326.5918648048473, 322.22183288076485, 1369.2159965232777, 450.4746392872039]",0.8738,True,False,6,2
385,0.3307,"[1027.3, 296.7, 1143.5, 584.2]",,,0.0,False,False,6,2
385,0.17,"[945.0, 347.0, 974.7, 438.1]",,,0.0,False,False,6,2
385,0.1347,"[1057.1, 300.9, 1166.4, 581.9]",,,0.0,False,False,6,2
385,0.1332,"[682.1, 315.2, 747.9, 532.6]",,,0.0,False,False,6,2
386,0.3366,"[-51.8, -296.0, 619.0, 1287.9]",,,0.0,False,False,4,0
386,0.2735,"[1330.4, 318.1, 1370.9, 446.5]",,,0.0,False,False,4,0
386,0.1531,"[69.7, -177.9, 613.6, 1166.4]",,,0.0,False,False,4,0
386,0.1032,"[-212.5, -406.4, 662.2, 1431.0]",,,0.0,False,False,4,0
387,0.5357,"[1335.2, 312.2, 1373.0, 442.5]",,,0.0,False,False,2,2
387,0.1392,"[686.8, 308.8, 763.4, 530.2]",,,0.0,False,False,2,2
388,0.3133,"[690.5, 305.4, 760.7, 526.2]",,,0.0,False,False,4,0
388,0.3077,"[1462.1, -479.6, 2242.4, 1445.9]",,,0.0,False,False,4,0
388,0.267,"[1440.5, -595.0, 2517.8, 1498.5]",,,0.0,False,False,4,0
388,0.2005,"[1336.5, 306.3, 1377.0, 441.8]",,,0.0,False,False,4,0
389,0.3483,"[1508.0, -297.7, 2085.8, 1283.2]",,,0.0,False,False,5,0
389,0.3057,"[695.9, 302.1, 767.5, 535.6]",,,0.0,False,False,5,0
389,0.245,"[693.9, 288.1, 787.1, 569.0]",,,0.0,False,False,5,0
389,0.18,"[1342.6, 304.3, 1379.0, 426.3]",,,0.0,False,False,5,0
389,0.1004,"[718.2, 278.4, 820.8, 578.8]",,,0.0,False,False,5,0
390,0.2424,"[1524.2, -313.5, 2096.6, 1346.0]",,,0.0,False,False,2,1
390,0.1332,"[978.8, 295.8, 1047.6, 492.8]",,,0.0,False,False,2,1
391,0.5507,"[963.9, 303.2, 1011.2, 467.8]",80,"[961.2862986768021, 303.006415389626, 1015.2986622606979, 477.05541322365525]",0.827,True,False,4,1
391,0.3369,"[-30.0, -243.0, 590.0, 1212.3]",,,0.0,False,False,4,1
391,0.2177,"[1421.6, 74.2, 1526.9, 329.7]",,,0.0,False,False,4,1
391,0.1711,"[1349.3, 299.9, 1387.8, 427.6]",,,0.0,False,False,4,1
392,0.4586,"[1518.8, -338.2, 2258.6, 1404.0]",,,0.0,False,False,2,0
392,0.1491,"[34.9, -169.1, 548.8, 1078.7]",,,0.0,False,False,2,0
393,0.2411,"[1005.1, 279.5, 1146.8, 576.5]",,,0.0,False,False,4,0
393,0.2287,"[963.9, 298.4, 1012.5, 469.8]",,,0.0,False,False,4,0
393,0.2279,"[1083.4, 227.6, 1242.7, 751.3]",,,0.0,False,False,4,0
393,0.1653,"[995.6, 257.5, 1154.9, 637.5]",,,0.0,False,False,4,0
394,0.1853,"[503.2, 335.6, 547.1, 444.8]",,,0.0,False,False,2,0
394,0.1204,"[960.5, 293.8, 1011.8, 472.5]",,,0.0,False,False,2,0
395,0.4628,"[-205.9, -321.3, 544.7, 1274.4]",,,0.0,False,False,7,1
395,0.3157,"[1005.8, 254.1, 1147.5, 618.0]",,,0.0,False,False,7,1
395,0.2845,"[625.4, 325.7, 694.6, 510.0]",90,"[623.3463308020345, 302.53704096175255, 694.7807443932779, 508.82703374527864]",0.8553,True,False,7,1
395,0.2154,"[-9.8, -155.2, 544.0, 1117.1]",,,0.0,False,False,7,1
395,0.1863,"[-367.9, -456.3, 588.6, 1366.2]",,,0.0,False,False,7,1
395,0.1505,"[502.5, 331.1, 549.1, 439.1]",,,0.0,False,False,7,1
395,0.1102,"[1088.1, 240.5, 1232.6, 689.9]",,,0.0,False,False,7,1
396,0.479,"[-248.7, -300.4, 533.6, 1276.4]",,,0.0,False,False,9,0
396,0.2577,"[1379.0, 278.8, 1431.0, 447.5]",,,0.0,False,False,9,0
396,0.2082,"[443.8, 305.9, 520.8, 516.4]",,,0.0,False,False,9,0
396,0.1893,"[501.2, 329.7, 546.4, 435.7]",,,0.0,False,False,9,0
396,0.1859,"[970.0, 275.9, 1032.1, 471.8]",,,0.0,False,False,9,0
396,0.1632,"[1001.7, 241.1, 1154.2, 596.7]",,,0.0,False,False,9,0
396,0.1488,"[21.6, -132.6, 543.7, 1071.9]",,,0.0,False,False,9,0
396,0.1238,"[-401.0, -515.7, 582.5, 1478.2]",,,0.0,False,False,9,0
396,0.1076,"[1007.8, 250.4, 1195.4, 638.6]",,,0.0,False,False,9,0
397,0.3351,"[1377.0, 279.6, 1428.3, 436.1]",,,0.0,False,False,4,1
397,0.2913,"[-272.4, -281.1, 499.2, 1290.6]",,,0.0,False,False,4,1
397,0.1792,"[952.4, 278.8, 998.3, 440.1]",,,0.0,False,False,4,1
397,0.1621,"[965.3, 277.4, 1020.6, 452.2]",,,0.0,False,False,4,1
398,0.45,"[958.5, 274.1, 1015.2, 452.9]",,,0.0,False,False,5,0
398,0.2399,"[948.4, 275.1, 995.6, 448.5]",,,0.0,False,False,5,0
398,0.1835,"[200.8, 495.8, 225.1, 553.2]",,,0.0,False,False,5,0
398,0.1273,"[824.2, 249.8, 903.8, 492.1]",,,0.0,False,False,5,0
398,0.1,"[186.0, 486.3, 210.6, 547.1]",,,0.0,False,False,5,0
399,0.4382,"[944.3, 273.9, 992.9, 455.0]",,,0.0,False,False,6,0
399,0.4265,"[953.1, 270.0, 1012.5, 448.2]",,,0.0,False,False,6,0
399,0.3983,"[491.4, 314.7, 533.9, 421.2]",,,0.0,False,False,6,0
399,0.1072,"[787.7, 249.4, 878.2, 517.4]",,,0.0,False,False,6,0
399,0.1055,"[1053.0, 259.2, 1192.1, 654.1]",,,0.0,False,False,6,0
399,0.1013,"[995.6, 225.3, 1123.9, 569.7]",,,0.0,False,False,6,0
400,0.4187,"[945.0, 265.1, 995.0, 438.1]",,,0.0,False,False,3,0
400,0.1854,"[-144.5, -227.5, 416.8, 1159.0]",,,0.0,False,False,3,0
400,0.1428,"[-177.5, -76.3, 683.1, 2195.1]",,,0.0,False,False,3,0
401,0.1471,"[989.6, 213.8, 1120.5, 561.6]",,,0.0,False,False,4,0
401,0.1299,"[1528.2, 283.3, 1603.8, 505.6]",,,0.0,False,False,4,0
401,0.1111,"[518.7, 318.9, 543.7, 387.8]",,,0.0,False,False,4,0
401,0.1049,"[934.9, 257.9, 988.9, 442.8]",,,0.0,False,False,4,0
402,0.4426,"[515.7, 314.0, 539.3, 385.1]",,,0.0,False,False,6,1
402,0.4013,"[357.4, 311.0, 399.3, 433.7]",,,0.0,False,False,6,1
402,0.2848,"[931.5, 253.6, 995.0, 440.8]",,,0.0,False,False,6,1
402,0.2838,"[967.3, 211.3, 1111.7, 576.5]",,,0.0,False,False,6,1
402,0.2232,"[-146.2, -213.0, 416.1, 1136.7]",,,0.0,False,False,6,1
402,0.1323,"[943.7, 216.5, 1080.0, 583.9]",,,0.0,False,False,6,1
403,0.3549,"[513.0, 311.9, 538.0, 386.1]",,,0.0,False,False,6,0
403,0.2258,"[314.6, 288.9, 394.9, 490.7]",,,0.0,False,False,6,0
403,0.1881,"[579.5, 240.6, 652.4, 495.1]",,,0.0,False,False,6,0
403,0.1699,"[950.4, 211.6, 1098.9, 593.7]",,,0.0,False,False,6,0
403,0.1406,"[1532.2, 288.9, 1599.8, 502.2]",,,0.0,False,False,6,0
403,0.1398,"[458.0, 313.5, 486.3, 399.9]",,,0.0,False,False,6,0
404,0.4608,"[841.1, 266.0, 900.5, 450.9]",,,0.0,False,False,6,0
404,0.3337,"[933.5, 216.5, 1096.9, 586.6]",,,0.0,False,False,6,0
404,0.1521,"[1486.4, -445.2, 2274.8, 1636.2]",,,0.0,False,False,6,0
404,0.1183,"[924.8, 226.0, 1059.8, 577.8]",,,0.0,False,False,6,0
404,0.1144,"[1532.2, 283.7, 1602.5, 501.5]",,,0.0,False,False,6,0
404,0.1083,"[456.3, 312.4, 482.0, 388.8]",,,0.0,False,False,6,0
405,0.4141,"[523.5, 334.6, 578.8, 492.1]",91,"[523.5794502545425, 333.20503783396214, 581.41383587827, 491.88566040822536]",0.9435,True,False,3,1
405,0.4091,"[920.0, 214.3, 1080.7, 579.5]",,,0.0,False,False,3,1
405,0.1761,"[909.2, 228.0, 1041.5, 570.4]",,,0.0,False,False,3,1
406,0.3946,"[907.2, 219.9, 1054.3, 596.0]",,,0.0,False,False,4,0
406,0.1467,"[816.1, 276.4, 871.4, 459.3]",,,0.0,False,False,4,0
406,0.1396,"[1541.7, -483.3, 2211.3, 1449.9]",,,0.0,False,False,4,0
406,0.1109,"[900.5, 237.1, 1023.3, 575.1]",,,0.0,False,False,4,0
407,0.5221,"[893.0, 234.7, 1029.4, 591.3]",,,0.0,False,False,6,1
407,0.2607,"[940.3, 239.3, 1059.1, 572.1]",,,0.0,False,False,6,1
407,0.1853,"[-433.0, -340.9, 328.4, 1318.3]",,,0.0,False,False,6,1
407,0.1619,"[959.2, 203.9, 1130.6, 620.3]",,,0.0,False,False,6,1
407,0.1608,"[977.4, 242.8, 1109.7, 587.2]",,,0.0,False,False,6,1
407,0.1173,"[474.5, 298.4, 506.3, 403.7]",95,"[467.5011528597717, 298.21846898866113, 511.45014108554074, 403.8720461480577]",0.7194,True,False,6,1
408,0.4931,"[820.8, 280.0, 876.2, 460.4]",67,"[850.4631059496419, 263.32323767162524, 907.4742719800455, 451.16455529712476]",0.2699,False,False,6,1
408,0.4237,"[483.3, 110.7, 743.9, 756.7]",,,0.0,False,False,6,1
408,0.2307,"[911.9, 238.1, 1041.5, 585.2]",,,0.0,False,False,6,1
408,0.2145,"[952.4, 192.5, 1118.5, 641.9]",,,0.0,False,False,6,1
408,0.106,"[847.1, 262.2, 911.9, 470.8]",67,"[850.4631059496419, 263.32323767162524, 907.4742719800455, 451.16455529712476]",0.7923,True,False,6,1
408,0.1042,"[886.3, 240.5, 1013.2, 581.2]",67,"[850.4631059496419, 263.32323767162524, 907.4742719800455, 451.16455529712476]",0.0797,False,False,6,1
409,0.4496,"[-300.7, -259.5, 294.6, 1193.4]",,,0.0,False,False,5,2
409,0.1429,"[329.9, 290.8, 384.1, 462.0]",96,"[339.2525590262561, 303.64101591864863, 386.28766314171264, 441.6028195305702]",0.6453,True,False,5,2
409,0.1333,"[-416.5, -371.2, 311.0, 1371.6]",,,0.0,False,False,5,2
409,0.1186,"[880.2, 199.1, 1105.7, 652.1]",,,0.0,False,False,5,2
409,0.1043,"[328.9, 408.4, 502.9, 703.4]",96,"[339.2525590262561, 303.64101591864863, 386.28766314171264, 441.6028195305702]",0.0278,False,False,5,2
410,0.3422,"[1358.8, 250.4, 1404.0, 366.9]",,,0.0,False,False,8,0
410,0.2935,"[-364.8, -247.7, 300.4, 1191.4]",,,0.0,False,False,8,0
410,0.2838,"[886.3, 193.6, 1098.2, 661.5]",,,0.0,False,False,8,0
410,0.2369,"[837.0, 252.3, 973.4, 589.3]",,,0.0,False,False,8,0
410,0.1961,"[876.2, 226.8, 1013.9, 589.3]",,,0.0,False,False,8,0
410,0.1297,"[843.8, 174.2, 1028.7, 644.0]",,,0.0,False,False,8,0
410,0.1073,"[946.4, 210.6, 1098.9, 639.2]",,,0.0,False,False,8,0
410,0.1038,"[926.1, 234.4, 1063.8, 602.1]",,,0.0,False,False,8,0
411,0.5677,"[923.4, 207.1, 1094.8, 680.4]",,,0.0,False,False,6,0
411,0.4185,"[959.9, 213.6, 1096.2, 630.8]",,,0.0,False,False,6,0
411,0.3035,"[881.6, 237.6, 1004.4, 567.0]",,,0.0,False,False,6,0
411,0.1858,"[901.8, 241.1, 1022.0, 583.9]",,,0.0,False,False,6,0
411,0.1613,"[858.6, 250.4, 973.4, 560.2]",,,0.0,False,False,6,0
411,0.1298,"[264.6, 303.6, 309.8, 426.6]",,,0.0,False,False,6,0
412,0.4635,"[395.6, 258.2, 464.4, 479.6]",93,"[395.10040623055795, 261.24659826758716, 471.6659511913171, 470.9993123769441]",0.8565,True,False,5,4
412,0.3601,"[1364.9, 246.2, 1408.1, 369.2]",87,"[1364.4057180945742, 246.50759865678003, 1408.5430123741758, 374.38851950728247]",0.9371,True,False,5,4
412,0.3566,"[822.2, 201.8, 1009.8, 637.2]",98,"[825.7252960298869, 254.80518143764806, 907.5190887357381, 499.3712101639144]",0.2449,False,False,5,4
412,0.1974,"[348.0, 298.4, 389.8, 437.4]",96,"[346.54122686745944, 299.4967888177776, 393.4715294801968, 437.1926032720661]",0.884,True,False,5,4
412,0.1188,"[578.1, 201.2, 689.5, 486.7]",,,0.0,False,False,5,4
413,0.5253,"[814.1, 173.6, 1084.1, 735.1]",,,0.0,False,False,7,1
413,0.3884,"[-394.2, -304.1, 213.8, 1231.2]",,,0.0,False,False,7,1
413,0.2123,"[555.2, 191.5, 676.7, 506.3]",85,"[659.738193348776, 224.65578194456936, 724.5026513777864, 434.08365897339934]",0.0736,False,False,7,1
413,0.1962,"[532.6, 204.9, 650.0, 500.5]",,,0.0,False,False,7,1
413,0.173,"[493.4, 229.2, 606.2, 501.9]",,,0.0,False,False,7,1
413,0.1657,"[514.4, 220.7, 624.4, 488.0]",,,0.0,False,False,7,1
413,0.1228,"[469.8, 223.4, 582.5, 517.0]",,,0.0,False,False,7,1
414,0.5185,"[1374.3, 237.9, 1414.8, 368.2]",,,0.0,False,False,5,1
414,0.4277,"[386.1, 232.9, 479.3, 500.2]",94,"[384.9442621604506, 235.3613704930596, 455.38190971454935, 470.28322179209664]",0.6466,True,False,5,1
414,0.2781,"[835.0, 198.1, 1011.8, 638.9]",,,0.0,False,False,5,1
414,0.2114,"[-463.1, -376.3, 242.3, 1316.2]",,,0.0,False,False,5,1
414,0.133,"[874.8, 234.6, 1015.2, 632.8]",,,0.0,False,False,5,1
415,0.5494,"[1375.7, 236.4, 1416.2, 366.5]",,,0.0,False,False,13,1
415,0.3858,"[785.7, 84.0, 1036.8, 784.3]",89,"[968.1897812892413, 240.69739989160968, 1019.0452040623212, 398.7038452255779]",0.0457,False,False,13,1
415,0.2256,"[386.1, 136.5, 579.2, 716.9]",,,0.0,False,False,13,1
415,0.2065,"[398.2, 242.7, 479.3, 501.2]",,,0.0,False,False,13,1
415,0.202,"[264.8, 323.5, 313.0, 430.0]",,,0.0,False,False,13,1
415,0.1982,"[848.5, 205.5, 1009.1, 629.4]",89,"[968.1897812892413, 240.69739989160968, 1019.0452040623212, 398.7038452255779]",0.0928,False,False,13,1
415,0.1981,"[527.2, 190.0, 643.3, 498.8]",,,0.0,False,False,13,1
415,0.1695,"[500.2, 217.2, 605.5, 485.3]",,,0.0,False,False,13,1
415,0.1522,"[899.8, 208.4, 1067.2, 633.8]",89,"[968.1897812892413, 240.69739989160968, 1019.0452040623212, 398.7038452255779]",0.1128,False,False,13,1
415,0.1344,"[478.6, 225.1, 582.5, 489.0]",,,0.0,False,False,13,1
415,0.1152,"[358.8, 290.9, 403.3, 430.0]",,,0.0,False,False,13,1
415,0.114,"[808.0, 203.7, 984.8, 657.5]",89,"[968.1897812892413, 240.69739989160968, 1019.0452040623212, 398.7038452255779]",0.0307,False,False,13,1
415,0.1072,"[413.1, 226.8, 502.9, 504.9]",,,0.0,False,False,13,1
416,0.493,"[370.9, 152.0, 578.8, 702.7]",,,0.0,False,False,8,1
416,0.3509,"[261.4, 312.5, 315.4, 474.5]",,,0.0,False,False,8,1
416,0.2934,"[816.8, 176.3, 990.9, 625.7]",,,0.0,False,False,8,1
416,0.208,"[855.9, 192.5, 1001.7, 594.7]",,,0.0,False,False,8,1
416,0.2026,"[621.0, 208.4, 712.8, 452.9]",,,0.0,False,False,8,1
416,0.1761,"[525.8, 190.4, 643.3, 483.3]",,,0.0,False,False,8,1
416,0.1495,"[1380.4, 239.3, 1417.5, 355.4]",,,0.0,False,False,8,1
416,0.1091,"[558.6, 200.3, 665.9, 465.8]",,,0.0,False,False,8,1
417,0.4296,"[842.4, 204.4, 985.5, 601.4]",99,"[793.5582598955737, 150.75475132859555, 1050.3496990888016, 685.6406344135919]",0.4137,True,False,12,1
417,0.4161,"[260.9, 311.9, 314.9, 473.9]",,,0.0,False,False,12,1
417,0.3233,"[801.9, 151.2, 1036.8, 678.4]",99,"[793.5582598955737, 150.75475132859555, 1050.3496990888016, 685.6406344135919]",0.9016,True,False,12,1
417,0.2372,"[872.1, 218.7, 1000.4, 590.6]",99,"[793.5582598955737, 150.75475132859555, 1050.3496990888016, 685.6406344135919]",0.3473,True,False,12,1
417,0.2242,"[508.3, 203.5, 625.1, 501.9]",,,0.0,False,False,12,1
417,0.1939,"[489.7, 221.7, 597.0, 500.5]",,,0.0,False,False,12,1
417,0.1653,"[465.8, 224.9, 579.2, 528.5]",,,0.0,False,False,12,1
417,0.1525,"[406.4, 194.1, 520.4, 566.0]",,,0.0,False,False,12,1
417,0.1518,"[822.2, 260.4, 939.6, 555.5]",99,"[793.5582598955737, 150.75475132859555, 1050.3496990888016, 685.6406344135919]",0.2524,False,False,12,1
417,0.1262,"[405.0, 220.7, 500.2, 533.9]",,,0.0,False,False,12,1
417,0.1187,"[427.6, 198.6, 547.1, 548.8]",,,0.0,False,False,12,1
417,0.1032,"[602.4, 212.0, 704.0, 462.0]",,,0.0,False,False,12,1
418,0.5249,"[360.8, 146.5, 570.0, 688.5]",,,0.0,False,False,9,0
418,0.4269,"[617.0, 210.6, 700.7, 453.9]",,,0.0,False,False,9,0
418,0.3506,"[832.3, 165.4, 972.7, 565.0]",,,0.0,False,False,9,0
418,0.3301,"[515.0, 196.4, 625.7, 477.2]",,,0.0,False,False,9,0
418,0.2903,"[169.6, 326.4, 329.6, 754.7]",,,0.0,False,False,9,0
418,0.2362,"[475.2, 212.3, 581.2, 477.9]",,,0.0,False,False,9,0
418,0.2134,"[459.3, 224.6, 558.6, 482.0]",,,0.0,False,False,9,0
418,0.1871,"[594.7, 195.2, 695.2, 457.7]",,,0.0,False,False,9,0
418,0.1499,"[435.4, 223.4, 542.0, 496.1]",,,0.0,False,False,9,0
419,0.4984,"[818.8, 173.6, 960.5, 580.5]",,,0.0,False,False,11,1
419,0.44,"[326.7, 139.7, 541.4, 660.8]",93,"[393.8675792798158, 237.06628249759837, 487.9731189623717, 501.68335129146413]",0.2226,False,False,11,1
419,0.2727,"[257.7, 309.0, 316.1, 480.3]",,,0.0,False,False,11,1
419,0.2652,"[484.3, 185.8, 610.5, 485.3]",93,"[393.8675792798158, 237.06628249759837, 487.9731189623717, 501.68335129146413]",0.0147,False,False,11,1
419,0.2307,"[464.4, 198.1, 587.2, 486.7]",93,"[393.8675792798158, 237.06628249759837, 487.9731189623717, 501.68335129146413]",0.108,False,False,11,1
419,0.2215,"[860.0, 176.9, 980.1, 556.9]",,,0.0,False,False,11,1
419,0.2171,"[516.4, 198.1, 625.7, 471.5]",,,0.0,False,False,11,1
419,0.1886,"[448.2, 215.3, 562.3, 486.0]",93,"[393.8675792798158, 237.06628249759837, 487.9731189623717, 501.68335129146413]",0.2158,False,False,11,1
419,0.1697,"[482.0, 181.1, 681.8, 675.7]",93,"[393.8675792798158, 237.06628249759837, 487.9731189623717, 501.68335129146413]",0.0131,False,False,11,1
419,0.1686,"[435.4, 229.8, 541.4, 485.7]",93,"[393.8675792798158, 237.06628249759837, 487.9731189623717, 501.68335129146413]",0.3358,True,False,11,1
419,0.1535,"[546.4, 212.6, 638.9, 460.7]",,,0.0,False,False,11,1
420,0.5636,"[617.0, 236.1, 685.1, 453.6]",90,"[612.6479288130263, 230.50658705224922, 689.1560262650987, 452.82135484228206]",0.866,True,False,11,2
420,0.404,"[322.7, 276.4, 391.5, 474.9]",97,"[314.11159685452037, 268.7286535785662, 397.2125608603234, 476.05522093315255]",0.793,True,False,11,2
420,0.3603,"[814.7, 160.8, 965.9, 571.7]",,,0.0,False,False,11,2
420,0.2836,"[437.1, 133.0, 670.6, 751.9]",90,"[612.6479288130263, 230.50658705224922, 689.1560262650987, 452.82135484228206]",0.0867,False,False,11,2
420,0.2746,"[260.6, 316.6, 314.9, 457.7]",,,0.0044,False,False,11,2
420,0.1921,"[489.7, 208.9, 599.7, 481.6]",,,0.0,False,False,11,2
420,0.1848,"[583.9, 217.7, 671.6, 456.0]",90,"[612.6479288130263, 230.50658705224922, 689.1560262650987, 452.82135484228206]",0.5286,True,False,11,2
420,0.1503,"[448.9, 229.8, 558.9, 495.1]",,,0.0,False,False,11,2
420,0.136,"[466.4, 212.5, 579.8, 500.2]",,,0.0,False,False,11,2
420,0.1274,"[428.0, 241.7, 535.3, 500.2]",,,0.0,False,False,11,2
420,0.1098,"[402.3, 230.9, 522.5, 518.4]",,,0.0,False,False,11,2
421,0.5252,"[625.1, 252.8, 694.6, 459.3]",,,0.0,False,False,8,1
421,0.5143,"[826.9, 156.9, 1018.6, 650.4]",99,"[774.7176984727467, 155.75858399233283, 1008.3739763319406, 642.1402807537609]",0.7328,True,False,8,1
421,0.4392,"[812.0, 161.0, 952.4, 564.0]",99,"[774.7176984727467, 155.75858399233283, 1008.3739763319406, 642.1402807537609]",0.4978,True,False,8,1
421,0.3811,"[258.0, 316.2, 315.1, 485.7]",,,0.0,False,False,8,1
421,0.2861,"[408.4, 116.4, 683.8, 824.9]",,,0.0,False,False,8,1
421,0.2422,"[327.5, 310.5, 386.1, 477.2]",,,0.0,False,False,8,1
421,0.1599,"[577.1, 227.8, 664.9, 461.7]",,,0.0,False,False,8,1
421,0.1003,"[562.3, 216.3, 646.7, 459.7]",,,0.0,False,False,8,1
422,0.5398,"[787.7, 175.0, 991.6, 629.8]",,,0.0,False,False,8,0
422,0.5295,"[389.8, 114.4, 685.5, 861.3]",,,0.0,False,False,8,0
422,0.5074,"[627.8, 267.6, 693.9, 462.0]",,,0.0,False,False,8,0
422,0.3507,"[968.0, 141.2, 1171.8, 810.7]",,,0.0,False,False,8,0
422,0.2838,"[322.7, 270.2, 389.5, 480.6]",,,0.0,False,False,8,0
422,0.1915,"[791.8, 180.1, 928.1, 570.4]",,,0.0,False,False,8,0
422,0.1438,"[785.0, 203.2, 899.8, 561.6]",,,0.0,False,False,8,0
422,0.1071,"[403.0, 90.6, 635.9, 757.4]",,,0.0,False,False,8,0
423,0.5363,"[799.2, 190.2, 939.6, 560.2]",99,"[786.7296285620774, 178.28987726313977, 967.3436136254224, 561.1827789868603]",0.7513,True,False,12,1
423,0.4948,"[348.3, 325.2, 563.6, 866.0]",,,0.0,False,False,12,1
423,0.4627,"[1153.6, 265.3, 1192.7, 415.1]",,,0.0,False,False,12,1
423,0.446,"[689.5, 278.4, 737.1, 411.8]",,,0.0,False,False,12,1
423,0.3465,"[781.7, 185.8, 980.1, 643.3]",99,"[786.7296285620774, 178.28987726313977, 967.3436136254224, 561.1827789868603]",0.7358,True,False,12,1
423,0.229,"[963.2, 138.5, 1167.1, 810.7]",,,0.0077,False,False,12,1
423,0.2122,"[762.1, 182.6, 949.7, 595.0]",99,"[786.7296285620774, 178.28987726313977, 967.3436136254224, 561.1827789868603]",0.7274,True,False,12,1
423,0.1964,"[301.7, 207.6, 542.0, 674.7]",,,0.0,False,False,12,1
423,0.1814,"[307.8, 139.1, 579.8, 764.1]",,,0.0,False,False,12,1
423,0.1632,"[1595.7, -575.4, 2554.2, 1926.5]",,,0.0,False,False,12,1
423,0.1073,"[783.0, 206.7, 900.5, 556.2]",99,"[786.7296285620774, 178.28987726313977, 967.3436136254224, 561.1827789868603]",0.5641,True,False,12,1
423,0.105,"[875.5, 209.6, 975.4, 503.9]",99,"[786.7296285620774, 178.28987726313977, 967.3436136254224, 561.1827789868603]",0.378,True,False,12,1
424,0.5188,"[801.9, 185.1, 938.3, 577.1]",,,0.0,False,False,5,0
424,0.4836,"[737.1, 163.5, 982.8, 677.7]",,,0.0,False,False,5,0
424,0.321,"[743.9, 181.4, 903.2, 611.6]",,,0.0,False,False,5,0
424,0.1284,"[850.5, 203.7, 961.2, 552.8]",,,0.0,False,False,5,0
424,0.1052,"[1568.7, -632.1, 2640.6, 1859.0]",,,0.0,False,False,5,0
425,0.3341,"[783.0, 206.4, 923.4, 583.2]",,,0.0,False,False,6,1
425,0.2099,"[811.4, 201.5, 938.3, 572.7]",,,0.0,False,False,6,1
425,0.1361,"[564.3, 244.5, 638.6, 472.5]",,,0.0,False,False,6,1
425,0.1196,"[535.3, 221.7, 627.8, 480.9]",,,0.0,False,False,6,1
425,0.1132,"[741.2, 197.1, 885.6, 601.4]",,,0.0,False,False,6,1
425,0.1127,"[259.0, 270.8, 321.8, 498.8]",100,"[179.08321318728792, 349.2312774658203, 322.5538107384933, 777.8225555419922]",0.1414,False,False,6,1
426,0.5602,"[749.2, 211.3, 928.8, 604.8]",99,"[742.244596395117, 196.53170158652017, 933.0741291908206, 601.6634278080111]",0.9001,True,False,10,2
426,0.347,"[-313.7, 497.5, 381.0, 2195.1]",,,0.0086,False,False,10,2
426,0.2511,"[791.8, 215.7, 922.7, 578.8]",99,"[742.244596395117, 196.53170158652017, 933.0741291908206, 601.6634278080111]",0.6151,True,False,10,2
426,0.2108,"[260.9, 252.5, 356.7, 554.9]",93,"[326.34242240477903, 205.69589119015038, 500.7346039624085, 694.6174633020371]",0.0875,False,False,10,2
426,0.1657,"[1156.3, 279.5, 1198.1, 428.6]",,,0.0,False,False,10,2
426,0.1601,"[287.9, 268.0, 365.2, 535.3]",93,"[326.34242240477903, 205.69589119015038, 500.7346039624085, 694.6174633020371]",0.1086,False,False,10,2
426,0.1423,"[327.2, 203.3, 486.7, 658.1]",93,"[326.34242240477903, 205.69589119015038, 500.7346039624085, 694.6174633020371]",0.8425,True,False,10,2
426,0.1349,"[318.8, 256.3, 459.0, 656.8]",93,"[326.34242240477903, 205.69589119015038, 500.7346039624085, 694.6174633020371]",0.6016,True,False,10,2
426,0.1216,"[299.0, 255.5, 381.7, 532.2]",93,"[326.34242240477903, 205.69589119015038, 500.7346039624085, 694.6174633020371]",0.1651,False,False,10,2
426,0.1044,"[187.7, 355.7, 321.3, 656.8]",,,0.0,False,False,10,2
427,0.569,"[233.6, 86.7, 538.0, 1009.8]",,,0.0,False,False,8,0
427,0.447,"[-207.6, 463.7, 477.6, 2192.4]",,,0.0,False,False,8,0
427,0.3241,"[1155.6, 291.9, 1201.5, 439.8]",,,0.0,False,False,8,0
427,0.3214,"[739.8, 244.5, 896.4, 629.8]",,,0.0,False,False,8,0
427,0.2683,"[755.3, 220.9, 929.5, 618.3]",,,0.0,False,False,8,0
427,0.1487,"[785.7, 232.2, 916.7, 596.0]",,,0.0,False,False,8,0
427,0.1402,"[-22.3, 617.6, 161.3, 1029.4]",,,0.0,False,False,8,0
427,0.1021,"[193.6, 363.8, 317.8, 698.6]",,,0.0,False,False,8,0
428,0.394,"[779.6, 234.4, 913.3, 590.0]",,,0.0,False,False,10,0
428,0.3865,"[743.9, 202.2, 938.3, 668.6]",,,0.0,False,False,10,0
428,0.3454,"[625.4, 311.9, 682.1, 490.1]",,,0.0,False,False,10,0
428,0.2969,"[1154.2, 283.8, 1204.2, 449.9]",,,0.0,False,False,10,0
428,0.2545,"[735.8, 249.8, 884.2, 631.1]",,,0.0,False,False,10,0
428,0.2045,"[-297.0, 218.7, 518.4, 2259.9]",,,0.0,False,False,10,0
428,0.1677,"[287.2, 252.5, 394.9, 552.2]",,,0.0,False,False,10,0
428,0.1092,"[-560.6, 3.4, 538.3, 2554.2]",,,0.0,False,False,10,0
428,0.1069,"[820.1, 241.1, 932.2, 583.2]",,,0.0,False,False,10,0
428,0.1048,"[545.4, 267.6, 620.3, 510.6]",,,0.0,False,False,10,0
429,0.3618,"[-275.6, 180.9, 521.1, 2214.0]",,,0.0,False,False,6,0
429,0.2746,"[770.2, 233.7, 911.9, 589.3]",,,0.0,False,False,6,0
429,0.1329,"[650.4, 902.5, 678.0, 991.6]",,,0.0,False,False,6,0
429,0.1267,"[741.2, 189.5, 939.6, 675.0]",,,0.0,False,False,6,0
429,0.1074,"[803.9, 249.1, 921.4, 563.0]",,,0.0,False,False,6,0
429,0.1002,"[719.6, 160.5, 981.5, 748.6]",,,0.0,False,False,6,0
430,0.2815,"[269.8, 293.3, 355.1, 548.4]",,,0.0,False,False,7,0
430,0.2578,"[772.2, 243.8, 909.9, 620.3]",,,0.0,False,False,7,0
430,0.2493,"[920.0, 184.6, 1119.8, 772.2]",,,0.0,False,False,7,0
430,0.1601,"[749.9, 259.4, 875.5, 614.2]",,,0.0,False,False,7,0
430,0.156,"[800.6, 248.7, 924.8, 611.2]",,,0.0,False,False,7,0
430,0.1399,"[315.6, 266.0, 432.3, 561.6]",,,0.0,False,False,7,0
430,0.1161,"[720.9, 177.4, 972.0, 735.1]",,,0.0,False,False,7,0
431,0.4997,"[705.4, 239.5, 903.8, 685.1]",,,0.0,False,False,6,0
431,0.2312,"[756.7, 260.4, 883.6, 612.9]",,,0.0,False,False,6,0
431,0.1585,"[898.4, 190.5, 1106.3, 772.2]",,,0.0,False,False,6,0
431,0.1547,"[784.4, 259.4, 908.6, 608.2]",,,0.0,False,False,6,0
431,0.1161,"[706.7, 197.8, 955.1, 728.3]",,,0.0,False,False,6,0
431,0.1108,"[718.9, 259.9, 848.5, 625.1]",,,0.0,False,False,6,0
432,0.554,"[598.7, 339.4, 666.2, 527.2]",90,"[603.987890591195, 341.82959709547566, 668.732324252555, 526.5295337638994]",0.8748,True,False,11,1
432,0.3981,"[-459.7, -170.8, 635.2, 2492.1]",,,0.002,False,False,11,1
432,0.3851,"[-498.5, -374.0, 276.4, 1540.4]",,,0.0,False,False,11,1
432,0.3436,"[679.7, 258.9, 870.1, 715.5]",,,0.0,False,False,11,1
432,0.1787,"[95.0, 998.3, 118.8, 1060.4]",,,0.0,False,False,11,1
432,0.156,"[747.9, 248.1, 892.4, 636.9]",,,0.0,False,False,11,1
432,0.1538,"[-411.8, -299.7, 187.0, 1382.4]",,,0.0,False,False,11,1
432,0.142,"[-725.0, -533.9, 523.1, 1863.0]",,,0.0,False,False,11,1
432,0.1294,"[-855.9, -131.6, 655.1, 2872.8]",,,0.0021,False,False,11,1
432,0.1252,"[681.4, 208.1, 937.6, 753.3]",,,0.0,False,False,11,1
432,0.1013,"[824.9, 289.9, 918.0, 566.7]",,,0.0,False,False,11,1
433,0.4282,"[-493.4, -419.2, 243.0, 1490.4]",,,0.0,False,False,7,0
433,0.3058,"[1420.2, 338.9, 1452.6, 416.5]",,,0.0,False,False,7,0
433,0.2558,"[1667.2, 732.4, 1861.7, 1163.0]",,,0.0,False,False,7,0
433,0.165,"[-596.7, -162.7, 658.1, 2427.3]",,,0.0,False,False,7,0
433,0.127,"[725.0, 247.2, 882.9, 662.9]",,,0.0,False,False,7,0
433,0.1067,"[665.6, 179.7, 950.4, 789.1]",,,0.0,False,False,7,0
433,0.1022,"[677.0, 239.8, 902.5, 747.9]",,,0.0,False,False,7,0
434,0.2421,"[519.4, 342.9, 587.6, 548.8]",91,"[519.4613933183923, 340.38860764409634, 591.3227863691077, 540.2177766332475]",0.899,True,False,2,1
434,0.1879,"[-429.0, -457.7, 405.3, 1802.2]",,,0.0,False,False,2,1
435,0.3685,"[691.2, 283.2, 833.0, 655.1]",,,0.0,False,False,9,0
435,0.2926,"[-388.1, -269.3, 483.3, 1433.7]",,,0.0,False,False,9,0
435,0.2739,"[1404.0, 351.3, 1433.7, 424.9]",,,0.0,False,False,9,0
435,0.2362,"[407.7, 297.7, 529.9, 610.9]",,,0.0,False,False,9,0
435,0.1774,"[-410.1, -259.9, 695.2, 2222.1]",,,0.0,False,False,9,0
435,0.1528,"[735.1, 285.4, 859.3, 652.1]",,,0.0,False,False,9,0
435,0.1206,"[-243.5, -151.9, 525.2, 1300.7]",,,0.0,False,False,9,0
435,0.108,"[667.2, 298.4, 793.8, 624.4]",,,0.0,False,False,9,0
435,0.1053,"[373.3, 314.6, 496.1, 620.3]",,,0.0,False,False,9,0
436,0.3651,"[665.2, 279.5, 821.5, 662.2]",,,0.0,False,False,12,1
436,0.2674,"[628.4, 198.1, 852.5, 812.7]",,,0.0,False,False,12,1
436,0.2221,"[299.9, 186.5, 517.7, 768.2]",13,"[176.14783874642552, 113.00995307461295, 531.0653570543557, 1023.5236162613246]",0.3921,True,False,12,1
436,0.203,"[-587.6, -245.7, 894.4, 2589.3]",13,"[176.14783874642552, 113.00995307461295, 531.0653570543557, 1023.5236162613246]",0.0769,False,False,12,1
436,0.1983,"[651.0, 219.4, 826.9, 754.0]",,,0.0,False,False,12,1
436,0.1679,"[705.4, 286.9, 840.4, 648.7]",,,0.0,False,False,12,1
436,0.1645,"[436.7, 330.8, 531.9, 606.8]",13,"[176.14783874642552, 113.00995307461295, 531.0653570543557, 1023.5236162613246]",0.0805,False,False,12,1
436,0.1493,"[1544.4, -514.0, 2521.8, 1757.7]",,,0.0,False,False,12,1
436,0.1419,"[100.7, 922.7, 119.7, 971.3]",,,0.0,False,False,12,1
436,0.1408,"[372.3, 284.7, 484.3, 639.2]",13,"[176.14783874642552, 113.00995307461295, 531.0653570543557, 1023.5236162613246]",0.1229,False,False,12,1
436,0.131,"[-494.8, -315.2, 637.2, 2108.7]",13,"[176.14783874642552, 113.00995307461295, 531.0653570543557, 1023.5236162613246]",0.1178,False,False,12,1
436,0.1137,"[392.2, 305.8, 496.1, 620.3]",13,"[176.14783874642552, 113.00995307461295, 531.0653570543557, 1023.5236162613246]",0.1012,False,False,12,1
437,0.291,"[1393.2, 358.4, 1422.9, 436.1]",,,0.0,False,False,4,1
437,0.1947,"[-384.1, -108.7, 675.0, 2124.9]",,,0.0062,False,False,4,1
437,0.1128,"[1401.3, 335.5, 1455.3, 513.7]",,,0.0,False,False,4,1
437,0.1014,"[-542.0, -443.5, 653.4, 1606.5]",,,0.0059,False,False,4,1
438,0.4323,"[1387.8, 362.5, 1417.5, 446.2]",,,0.0,False,False,5,2
438,0.2969,"[-335.5, -611.9, 765.5, 1813.1]",,,0.0049,False,False,5,2
438,0.2032,"[-56.0, -85.1, 906.5, 2264.0]",,,0.0058,False,False,5,2
438,0.1959,"[-145.8, -270.7, 733.7, 1579.5]",,,0.0081,False,False,5,2
438,0.1343,"[322.8, 15.9, 922.7, 1273.1]",90,"[534.5668582970259, 364.1959051498739, 602.6977901404741, 558.0170465102824]",0.0175,False,False,5,2
439,0.3343,"[-186.0, -451.6, 812.7, 1879.2]",,,0.0,False,False,2,0
439,0.1127,"[-82.7, -162.0, 1031.4, 2309.9]",,,0.0,False,False,2,0
440,0.1404,"[-244.0, -139.1, 1073.2, 2411.1]",50,"[549.3068117986684, 166.17742106797203, 850.6227536310191, 1108.306709791403]",0.0845,False,False,1,1
441,0.32,"[-194.7, -282.8, 1077.3, 2349.0]",,,0.0,False,False,8,0
441,0.3079,"[848.5, 275.1, 998.3, 674.0]",,,0.0,False,False,8,0
441,0.199,"[799.2, 240.1, 992.3, 691.9]",,,0.0,False,False,8,0
441,0.1743,"[1371.6, 356.4, 1433.7, 538.0]",,,0.0,False,False,8,0
441,0.1712,"[775.6, 163.2, 994.3, 778.3]",,,0.0,False,False,8,0
441,0.1494,"[-403.0, -176.2, 720.2, 2276.1]",,,0.0,False,False,8,0
441,0.1453,"[373.3, -24.3, 935.6, 1159.7]",,,0.0,False,False,8,0
441,0.1042,"[1560.6, -437.4, 2511.0, 1917.0]",,,0.0,False,False,8,0
442,0.5135,"[410.7, -247.1, 1017.9, 1235.2]",77,"[748.3375719083757, 222.51838558481273, 985.8770277009993, 1074.9711163683123]",0.225,False,False,6,1
442,0.4805,"[831.6, 264.3, 990.9, 692.6]",77,"[748.3375719083757, 222.51838558481273, 985.8770277009993, 1074.9711163683123]",0.3229,True,False,6,1
442,0.2595,"[779.6, 235.7, 991.6, 741.2]",77,"[748.3375719083757, 222.51838558481273, 985.8770277009993, 1074.9711163683123]",0.5076,True,False,6,1
442,0.124,"[-306.8, -684.1, 1216.4, 1895.4]",77,"[748.3375719083757, 222.51838558481273, 985.8770277009993, 1074.9711163683123]",0.0515,False,False,6,1
442,0.1165,"[730.4, 193.4, 981.5, 788.4]",77,"[748.3375719083757, 222.51838558481273, 985.8770277009993, 1074.9711163683123]",0.5997,True,False,6,1
442,0.1155,"[-361.1, -322.0, 1285.9, 2467.8]",77,"[748.3375719083757, 222.51838558481273, 985.8770277009993, 1074.9711163683123]",0.0441,False,False,6,1
443,0.4837,"[352.0, -325.0, 1085.4, 1292.0]",103,"[-25.16063591806676, -537.300082397461, 1020.2426671680668, 1613.5875579833985]",0.459,True,False,5,4
443,0.4391,"[45.2, -492.4, 1098.2, 1440.5]",103,"[-25.16063591806676, -537.300082397461, 1020.2426671680668, 1613.5875579833985]",0.7855,True,False,5,4
443,0.2405,"[-194.7, -545.4, 1236.6, 1580.8]",103,"[-25.16063591806676, -537.300082397461, 1020.2426671680668, 1613.5875579833985]",0.7195,True,False,5,4
443,0.1697,"[-112.1, -248.4, 1216.4, 2331.5]",103,"[-25.16063591806676, -537.300082397461, 1020.2426671680668, 1613.5875579833985]",0.522,True,False,5,4
443,0.1092,"[479.6, -185.0, 1062.5, 1196.1]",103,"[-25.16063591806676, -537.300082397461, 1020.2426671680668, 1613.5875579833985]",0.3237,True,False,5,4
444,0.1995,"[51.6, -410.4, 1189.4, 1463.4]",,,0.0033,False,False,5,1
444,0.1856,"[932.9, 305.4, 1090.8, 699.3]",67,"[1049.7798690945915, 386.76536263427863, 1097.9652480929085, 533.9412413696277]",0.0954,False,False,5,1
444,0.1693,"[457.3, -267.6, 1151.6, 1325.7]",,,0.0064,False,False,5,1
444,0.1635,"[-233.9, -286.9, 1194.8, 2397.6]",,,0.0018,False,False,5,1
444,0.1335,"[894.4, 273.0, 1088.8, 745.2]",67,"[1049.7798690945915, 386.76536263427863, 1097.9652480929085, 533.9412413696277]",0.0616,False,False,5,1
445,0.2751,"[-55.0, -321.3, 1221.8, 2404.4]",,,0.0048,False,False,3,1
445,0.1144,"[-122.2, -523.1, 1319.6, 1487.7]",,,0.0057,False,False,3,1
445,0.1028,"[-266.3, -241.0, 1020.6, 2548.8]",,,0.0046,False,False,3,1
446,0.4321,"[-46.6, -435.4, 1111.7, 1887.3]",,,0.0,False,False,4,0
446,0.2073,"[534.3, -243.3, 1221.8, 1443.2]",,,0.0,False,False,4,0
446,0.1404,"[-324.7, -272.0, 1067.2, 2378.7]",,,0.0,False,False,4,0
446,0.1347,"[-47.6, -100.6, 452.6, 1206.9]",,,0.0,False,False,4,0
447,0.1656,"[-50.3, -325.4, 1333.8, 2347.7]",,,0.0,False,False,2,0
447,0.1595,"[-41.2, -752.6, 1372.3, 1614.6]",,,0.0,False,False,2,0
448,0.3703,"[-36.5, -618.0, 1163.7, 1796.8]",,,0.0,False,False,2,0
448,0.1061,"[126.2, -403.0, 1316.9, 2003.4]",,,0.0,False,False,2,0
449,0.3098,"[14.5, -527.2, 1271.7, 1954.8]",,,0.0,False,False,4,0
449,0.2097,"[223.1, -446.2, 1270.4, 1433.7]",,,0.0,False,False,4,0
449,0.1519,"[760.7, 237.3, 1055.0, 918.0]",,,0.0,False,False,4,0
449,0.1126,"[-270.7, -344.9, 1049.6, 2370.6]",,,0.0,False,False,4,0
450,0.532,"[63.5, -627.1, 1173.2, 1663.2]",103,"[-35.494096614494424, -697.8884381720497, 1106.9442919269945, 1633.6272077032997]",0.8289,True,False,4,1
450,0.4662,"[-264.6, -288.2, 1079.3, 2343.6]",103,"[-35.494096614494424, -697.8884381720497, 1106.9442919269945, 1633.6272077032997]",0.528,True,False,4,1
450,0.4539,"[63.5, -492.8, 1340.6, 2077.7]",103,"[-35.494096614494424, -697.8884381720497, 1106.9442919269945, 1633.6272077032997]",0.5953,True,False,4,1
450,0.2943,"[-161.3, -907.9, 1225.1, 1795.5]",103,"[-35.494096614494424, -697.8884381720497, 1106.9442919269945, 1633.6272077032997]",0.7107,True,False,4,1
451,0.4165,"[-50.0, -649.4, 1159.7, 1728.0]",,,0.006,False,False,5,1
451,0.3618,"[90.1, -263.2, 1441.8, 2357.1]",,,0.0049,False,False,5,1
451,0.3457,"[-791.1, -357.8, 285.2, 2555.6]",,,0.0055,False,False,5,1
451,0.2548,"[-437.4, -254.5, 1090.8, 2316.6]",,,0.0044,False,False,5,1
451,0.1169,"[834.3, 212.3, 1082.7, 972.0]",,,0.0,False,False,5,1
452,0.406,"[-268.6, -178.9, 1134.0, 2284.2]",,,0.0,False,False,6,0
452,0.2758,"[797.9, 161.7, 1076.0, 973.3]",,,0.0,False,False,6,0
452,0.2002,"[-613.9, -97.2, 954.5, 2197.8]",,,0.0,False,False,6,0
452,0.18,"[-38.8, -480.3, 1161.0, 1701.0]",,,0.0,False,False,6,0
452,0.1739,"[767.5, 105.0, 1115.8, 1069.2]",,,0.0,False,False,6,0
452,0.1648,"[650.0, -46.6, 1180.6, 1248.1]",,,0.0,False,False,6,0
453,0.4164,"[22.3, 85.7, 434.7, 1283.2]",,,0.0,False,False,8,0
453,0.277,"[627.1, -101.9, 1279.1, 1265.6]",,,0.0,False,False,8,0
453,0.2745,"[-294.1, 108.3, 102.4, 1262.2]",,,0.0,False,False,8,0
453,0.2104,"[750.6, 62.8, 1221.8, 1134.0]",,,0.0,False,False,8,0
453,0.192,"[786.4, 132.6, 1145.5, 1011.2]",,,0.0,False,False,8,0
453,0.1201,"[828.9, 203.9, 1125.9, 895.7]",,,0.0,False,False,8,0
453,0.113,"[-228.7, 149.5, 92.5, 1146.2]",,,0.0,False,False,8,0
453,0.1097,"[947.7, 244.5, 1127.2, 774.2]",,,0.0,False,False,8,0
454,0.1441,"[-66.8, -258.5, 1149.5, 2157.3]",,,0.0,False,False,3,0
454,0.1113,"[242.0, -193.1, 1305.5, 2212.7]",,,0.0,False,False,3,0
454,0.1033,"[816.8, 205.4, 1070.6, 869.4]",,,0.0,False,False,3,0
455,0.5381,"[-250.1, 174.5, 180.2, 1389.2]",,,0.0,False,False,4,0
455,0.3245,"[242.0, -210.6, 1260.9, 2223.4]",,,0.0,False,False,4,0
455,0.3091,"[206.6, -23.0, 717.5, 1441.8]",,,0.0,False,False,4,0
455,0.2138,"[167.1, 4.7, 587.6, 1393.2]",,,0.0,False,False,4,0
456,0.4369,"[275.9, 115.4, 621.7, 1238.6]",,,0.0,False,False,6,1
456,0.2285,"[-259.9, 127.6, 149.2, 1288.6]",100,"[19.249686575959814, 495.84681701660156, 162.7202841271652, 924.4380950927734]",0.1158,False,False,6,1
456,0.2271,"[117.5, 411.1, 195.1, 651.4]",100,"[19.249686575959814, 495.84681701660156, 162.7202841271652, 924.4380950927734]",0.0963,False,False,6,1
456,0.1705,"[21.6, -193.7, 1194.1, 2222.1]",100,"[19.249686575959814, 495.84681701660156, 162.7202841271652, 924.4380950927734]",0.0213,False,False,6,1
456,0.1417,"[213.0, 17.6, 706.1, 1312.2]",,,0.0,False,False,6,1
456,0.123,"[102.1, 59.7, 620.3, 1202.9]",100,"[19.249686575959814, 495.84681701660156, 162.7202841271652, 924.4380950927734]",0.0414,False,False,6,1
457,0.304,"[119.5, -197.1, 1238.0, 2218.1]",99,"[243.33622845821338, 177.65664055136392, 434.16535845584906, 582.7883667728548]",0.0286,False,False,7,2
457,0.2825,"[-265.4, 82.4, 118.0, 1263.6]",93,"[68.18218551567928, 455.32083015499416, 242.5731855780707, 944.2424022668808]",0.0474,False,False,7,2
457,0.216,"[310.0, -1.0, 743.2, 1281.2]",99,"[243.33622845821338, 177.65664055136392, 434.16535845584906, 582.7883667728548]",0.0864,False,False,7,2
457,0.2117,"[-60.5, 314.6, 116.0, 829.6]",93,"[68.18218551567928, 455.32083015499416, 242.5731855780707, 944.2424022668808]",0.1131,False,False,7,2
457,0.1675,"[133.0, 65.8, 635.2, 1171.8]",99,"[243.33622845821338, 177.65664055136392, 434.16535845584906, 582.7883667728548]",0.1392,False,False,7,2
457,0.1502,"[289.4, 91.1, 644.6, 1171.1]",99,"[243.33622845821338, 177.65664055136392, 434.16535845584906, 582.7883667728548]",0.1458,False,False,7,2
457,0.1287,"[219.2, -97.5, 799.2, 1362.2]",99,"[243.33622845821338, 177.65664055136392, 434.16535845584906, 582.7883667728548]",0.0913,False,False,7,2
458,0.3825,"[197.6, 349.7, 353.7, 749.2]",,,0.0,False,False,6,0
458,0.38,"[172.3, 387.5, 280.0, 676.4]",,,0.0,False,False,6,0
458,0.3194,"[-73.3, 312.0, 105.1, 832.3]",,,0.0,False,False,6,0
458,0.2605,"[12.3, 429.3, 96.9, 659.5]",,,0.0,False,False,6,0
458,0.1789,"[190.4, 334.6, 382.1, 844.4]",,,0.0,False,False,6,0
458,0.131,"[-284.2, 41.9, 105.3, 1341.9]",,,0.0,False,False,6,0
459,0.3989,"[-243.2, 126.9, 101.2, 1252.1]",,,0.0,False,False,5,0
459,0.3767,"[-48.5, 353.0, 101.5, 814.7]",,,0.0,False,False,5,0
459,0.2364,"[166.7, 203.2, 530.5, 1146.8]",,,0.0,False,False,5,0
459,0.1291,"[-162.8, 286.9, 91.1, 1210.3]",,,0.0,False,False,5,0
459,0.1149,"[166.3, 248.7, 458.0, 1044.9]",,,0.0,False,False,5,0
460,0.3913,"[-239.1, 227.8, 98.0, 1188.0]",,,0.0,False,False,6,0
460,0.3341,"[-73.7, 355.7, 103.0, 842.4]",,,0.0,False,False,6,0
460,0.2593,"[149.2, 203.5, 515.0, 1104.3]",,,0.0,False,False,6,0
460,0.1619,"[-140.6, 337.5, 101.2, 894.4]",,,0.0,False,False,6,0
460,0.161,"[59.5, 446.5, 86.1, 513.3]",,,0.0,False,False,6,0
460,0.1484,"[154.2, 320.0, 404.3, 938.9]",,,0.0,False,False,6,0
461,0.2696,"[263.8, -145.8, 864.7, 1648.4]",,,0.0,False,False,5,0
461,0.2301,"[-41.6, 384.1, 99.8, 834.3]",,,0.0,False,False,5,0
461,0.1718,"[139.6, 121.2, 504.2, 1170.5]",,,0.0,False,False,5,0
461,0.1572,"[166.4, 190.7, 462.7, 1030.1]",,,0.0,False,False,5,0
461,0.1344,"[130.6, 338.2, 390.2, 917.3]",,,0.0,False,False,5,0
462,0.2755,"[-38.6, 380.7, 98.3, 832.3]",,,0.0,False,False,5,0
462,0.2381,"[279.6, -139.1, 908.6, 1698.3]",,,0.0,False,False,5,0
462,0.2184,"[116.3, 317.9, 361.8, 872.8]",,,0.0,False,False,5,0
462,0.1377,"[145.5, 258.4, 411.1, 926.1]",,,0.0,False,False,5,0
462,0.1176,"[1586.2, 137.0, 1629.5, 249.1]",,,0.0,False,False,5,0
463,0.2588,"[310.7, -29.0, 868.7, 1566.0]",,,0.0,False,False,3,1
463,0.2133,"[141.7, 294.0, 374.6, 896.4]",97,"[89.82357395156397, 386.2714158966436, 190.59769069687354, 644.2848585174189]",0.0821,False,False,3,1
463,0.1269,"[52.1, 440.1, 81.8, 522.5]",,,0.0,False,False,3,1
464,0.5544,"[81.1, 297.3, 304.4, 888.3]",,,0.0,False,False,4,0
464,0.3712,"[324.8, 138.4, 822.2, 1357.4]",,,0.0,False,False,4,0
464,0.3297,"[121.5, 284.7, 342.6, 907.2]",,,0.0,False,False,4,0
464,0.1121,"[181.1, 300.5, 538.7, 920.7]",,,0.0,False,False,4,0
465,0.5527,"[99.1, 277.6, 342.9, 905.2]",,,0.0,False,False,4,0
465,0.3642,"[338.0, 25.0, 882.9, 1474.2]",,,0.0,False,False,4,0
465,0.2072,"[348.3, 93.5, 764.1, 1341.9]",,,0.0,False,False,4,0
465,0.154,"[-319.6, 158.0, 58.1, 1285.2]",,,0.0,False,False,4,0
466,0.2857,"[91.8, 283.0, 318.6, 847.8]",,,0.0,False,False,2,0
466,0.2277,"[284.0, 335.0, 484.0, 903.2]",,,0.0,False,False,2,0
467,0.2615,"[41.1, 292.6, 275.4, 881.6]",13,"[-145.59616750192984, 21.406223826566077, 209.86984914255484, 931.9198870132777]",0.2744,False,False,4,1
467,0.1788,"[402.3, 40.5, 955.8, 1410.8]",,,0.0,False,False,4,1
467,0.1236,"[245.0, 331.6, 474.5, 959.2]",,,0.0,False,False,4,1
467,0.1021,"[608.5, -20.6, 1159.7, 1312.2]",,,0.0,False,False,4,1
468,0.423,"[398.6, 130.6, 915.3, 1366.2]",,,0.009,False,False,4,2
468,0.4087,"[-19.0, 438.1, 53.4, 656.1]",105,"[-26.21947147488379, 436.35147751796046, 55.488722344634766, 650.6398554898522]",0.859,True,False,4,2
468,0.2221,"[11.1, 332.3, 221.1, 850.5]",105,"[-26.21947147488379, 436.35147751796046, 55.488722344634766, 650.6398554898522]",0.0815,False,False,4,2
468,0.1405,"[322.7, 415.1, 506.3, 961.9]",91,"[355.8459631662997, 365.3772085808939, 426.99497921651283, 570.2995492316061]",0.1062,False,False,4,2
469,0.4485,"[614.9, -41.9, 1181.9, 1291.3]",,,0.0,False,False,3,1
469,0.1705,"[1366.9, 390.5, 1395.9, 472.8]",,,0.0,False,False,3,1
469,0.1266,"[-70.1, 435.0, 63.4, 845.1]",,,0.0,False,False,3,1
470,0.1884,"[1366.9, 390.2, 1395.9, 468.5]",,,0.0,False,False,3,0
470,0.1725,"[678.4, 64.1, 1106.3, 1204.9]",,,0.0,False,False,3,0
470,0.1051,"[731.0, 110.0, 1063.1, 1105.0]",,,0.0,False,False,3,0
471,0.3784,"[727.7, 60.8, 1105.7, 1215.0]",,,0.0,False,False,6,0
471,0.1563,"[1366.2, 389.8, 1395.9, 468.8]",,,0.0,False,False,6,0
471,0.1333,"[454.3, 41.9, 995.6, 1524.2]",,,0.0,False,False,6,0
471,0.127,"[803.2, 142.8, 1061.1, 1005.8]",,,0.0,False,False,6,0
471,0.1269,"[564.3, -114.1, 1179.9, 1414.8]",,,0.0,False,False,6,0
471,0.1125,"[28.7, 185.6, 392.5, 1146.2]",,,0.0,False,False,6,0
472,0.3905,"[1364.9, 390.5, 1395.9, 473.5]",,,0.0,False,False,3,0
472,0.1794,"[726.3, 109.0, 1070.6, 1127.2]",,,0.0,False,False,3,0
472,0.1355,"[778.3, 173.8, 1042.9, 1044.9]",,,0.0,False,False,3,0
473,0.4243,"[1364.9, 389.8, 1397.2, 476.2]",,,0.0,False,False,1,0
474,0.4385,"[1363.5, 386.4, 1398.6, 484.3]",,,0.0,False,False,5,0
474,0.4368,"[743.2, 111.0, 1067.2, 1063.8]",,,0.0,False,False,5,0
474,0.4041,"[769.5, 152.9, 1038.2, 945.0]",,,0.0,False,False,5,0
474,0.2419,"[633.5, -3.0, 1134.0, 1211.0]",,,0.0,False,False,5,0
474,0.1322,"[549.5, -145.1, 1170.5, 1406.7]",,,0.0,False,False,5,0
475,0.4756,"[1365.5, 386.8, 1398.6, 478.6]",,,0.0,False,False,5,0
475,0.2644,"[739.1, 153.9, 1036.1, 1063.1]",,,0.0,False,False,5,0
475,0.1934,"[677.4, 95.5, 1090.8, 1173.2]",,,0.0,False,False,5,0
475,0.1346,"[579.2, -41.5, 1154.2, 1316.2]",,,0.0,False,False,5,0
475,0.106,"[782.3, 186.6, 1018.6, 943.7]",,,0.0,False,False,5,0
476,0.1954,"[590.3, -29.7, 1147.5, 1364.9]",,,0.0,False,False,2,0
476,0.1485,"[660.5, 61.4, 1070.6, 1235.9]",,,0.0,False,False,2,0
478,0.5621,"[986.2, 385.8, 1033.4, 514.7]",,,0.0,False,False,5,0
478,0.4229,"[1372.3, 36.2, 1501.2, 356.1]",,,0.0,False,False,5,0
478,0.3289,"[655.4, 92.1, 1091.5, 1259.6]",,,0.0,False,False,5,0
478,0.1432,"[538.0, 140.4, 934.9, 1228.5]",,,0.0,False,False,5,0
478,0.1366,"[669.3, 197.4, 1030.1, 1158.3]",,,0.0,False,False,5,0
479,0.3506,"[1370.9, 382.4, 1409.4, 477.6]",106,"[1371.3946643497281, 384.2225060881232, 1406.1033825252716, 479.0269445954706]",0.8726,True,False,3,1
479,0.1506,"[542.7, -83.7, 1131.3, 1352.7]",,,0.0,False,False,3,1
479,0.117,"[675.7, 173.8, 1029.4, 1123.2]",,,0.0,False,False,3,1
480,0.4837,"[1377.0, 383.4, 1417.5, 477.9]",,,0.0,False,False,5,0
480,0.186,"[651.4, 140.4, 1042.9, 1179.2]",,,0.0,False,False,5,0
480,0.1754,"[1180.6, 725.6, 1208.9, 820.1]",,,0.0,False,False,5,0
480,0.1298,"[579.8, 10.1, 1102.3, 1279.8]",,,0.0,False,False,5,0
480,0.1093,"[689.9, 193.1, 997.7, 1102.3]",,,0.0,False,False,5,0
481,0.1353,"[606.2, 124.9, 1032.8, 1190.0]",,,0.0,False,False,1,0
482,0.3726,"[184.1, 318.6, 279.6, 617.0]",,,0.0,False,False,3,0
482,0.1994,"[1386.5, 383.4, 1424.2, 471.2]",,,0.0,False,False,3,0
482,0.1218,"[627.1, 172.5, 965.9, 1107.0]",,,0.0,False,False,3,0
483,0.5288,"[184.6, 317.9, 285.5, 635.9]",,,0.0,False,False,3,0
483,0.188,"[608.5, 120.2, 970.7, 1122.5]",,,0.0,False,False,3,0
483,0.1415,"[1390.5, 383.1, 1431.0, 467.4]",,,0.0,False,False,3,0
484,0.557,"[189.8, 315.2, 291.4, 632.5]",,,0.0,False,False,3,0
484,0.1885,"[1398.6, 380.7, 1433.7, 470.5]",,,0.0,False,False,3,0
484,0.1381,"[587.9, 91.8, 956.5, 1169.8]",,,0.0,False,False,3,0
485,0.4571,"[187.7, 315.1, 301.7, 655.4]",,,0.0,False,False,4,0
485,0.2656,"[1405.4, 382.1, 1443.2, 469.1]",,,0.0,False,False,4,0
485,0.2372,"[1328.4, 385.1, 1400.0, 570.7]",,,0.0,False,False,4,0
485,0.1579,"[577.8, 73.2, 947.7, 1170.5]",,,0.0,False,False,4,0
486,0.5431,"[1412.1, 382.7, 1452.6, 469.1]",,,0.0,False,False,4,0
486,0.3847,"[184.4, 309.8, 315.1, 727.0]",,,0.0,False,False,4,0
486,0.1285,"[528.9, 268.0, 793.1, 1026.0]",,,0.0,False,False,4,0
486,0.1067,"[669.6, 192.7, 908.6, 876.2]",,,0.0,False,False,4,0
487,0.172,"[182.1, 303.4, 322.8, 747.9]",,,0.0,False,False,1,0
488,0.2284,"[1015.9, 368.6, 1065.8, 519.8]",67,"[1018.9147710642465, 369.1149476835649, 1067.0071039357535, 522.1835142304976]",0.9005,True,False,3,1
488,0.1383,"[1227.2, 690.2, 1242.0, 739.1]",,,0.0,False,False,3,1
488,0.1024,"[607.2, 128.2, 938.3, 1100.2]",,,0.0,False,False,3,1
489,0.3617,"[633.2, 173.1, 988.2, 985.5]",,,0.0,False,False,1,0
490,0.5399,"[1070.6, 363.2, 1120.5, 517.0]",,,0.0,False,False,3,0
490,0.4259,"[656.8, 175.2, 990.2, 1005.8]",,,0.0,False,False,3,0
490,0.1115,"[577.8, 81.3, 1000.4, 1074.6]",,,0.0,False,False,3,0
491,0.1452,"[592.7, 90.1, 1015.2, 1092.2]",,,0.0,False,False,2,0
491,0.1084,"[588.3, 288.9, 870.1, 886.3]",,,0.0,False,False,2,0
492,0.4927,"[669.6, 156.3, 1027.3, 1040.8]",,,0.0,False,False,2,0
492,0.1371,"[192.7, 185.0, 718.2, 1375.6]",,,0.0,False,False,2,0
493,0.5638,"[699.3, 166.1, 1040.8, 1023.3]",,,0.0,False,False,3,0
493,0.531,"[770.2, 231.9, 1028.0, 916.7]",,,0.0,False,False,3,0
493,0.1105,"[138.5, 262.1, 333.5, 895.7]",,,0.0,False,False,3,0
494,0.4347,"[817.4, 238.8, 1028.0, 831.6]",,,0.0,False,False,4,1
494,0.3673,"[1560.6, 355.1, 1601.1, 448.2]",106,"[1562.5046431816186, 353.6454512267274, 1600.8344681465064, 456.00103314827265]",0.8655,True,False,4,1
494,0.2709,"[492.1, 327.4, 573.1, 563.0]",,,0.0,False,False,4,1
494,0.1047,"[1649.7, 387.1, 1682.1, 468.8]",,,0.0,False,False,4,1
495,0.2833,"[1131.3, 353.0, 1171.8, 501.5]",,,0.0,False,False,4,0
495,0.2076,"[1575.5, 350.7, 1616.0, 443.8]",,,0.0,False,False,4,0
495,0.1964,"[787.1, 838.4, 1008.5, 1397.2]",,,0.0,False,False,4,0
495,0.1603,"[851.2, 229.0, 1029.4, 785.0]",,,0.0,False,False,4,0
496,0.3572,"[191.0, 313.9, 314.9, 717.5]",,,0.0,False,False,5,0
496,0.1504,"[732.4, 283.8, 886.3, 642.9]",,,0.0,False,False,5,0
496,0.146,"[768.8, 278.8, 918.7, 652.1]",,,0.0,False,False,5,0
496,0.1383,"[777.6, 262.1, 953.1, 702.0]",,,0.0,False,False,5,0
496,0.1284,"[733.7, 277.4, 920.0, 764.1]",,,0.0,False,False,5,0
497,0.5302,"[202.2, 310.0, 330.4, 717.5]",,,0.0,False,False,8,1
497,0.3987,"[794.5, 239.0, 1055.0, 988.2]",,,0.0,False,False,8,1
497,0.3278,"[723.6, 212.0, 1086.8, 1084.7]",,,0.0,False,False,8,1
497,0.3218,"[199.5, 165.4, 482.0, 930.8]",,,0.0,False,False,8,1
497,0.1951,"[1127.9, 330.4, 1187.3, 509.3]",,,0.0,False,False,8,1
497,0.1304,"[758.7, 245.0, 990.9, 932.9]",,,0.0,False,False,8,1
497,0.1078,"[741.8, 262.6, 944.3, 861.3]",,,0.0,False,False,8,1
497,0.1043,"[714.8, 263.1, 871.4, 604.8]",,,0.0,False,False,8,1
498,0.5699,"[1064.5, 331.4, 1134.7, 563.0]",8,"[1064.2163755164918, 330.7223677988608, 1133.380304171008, 554.7847733144205]",0.9408,True,False,6,1
498,0.3625,"[982.8, 47.2, 1161.0, 239.3]",,,0.0,False,False,6,1
498,0.3557,"[222.6, 311.5, 341.0, 711.5]",,,0.0,False,False,6,1
498,0.1848,"[1142.8, 329.7, 1208.9, 503.2]",,,0.0,False,False,6,1
498,0.1387,"[774.9, 216.3, 1030.1, 951.8]",,,0.0,False,False,6,1
498,0.1018,"[159.6, 290.9, 267.6, 708.8]",,,0.0,False,False,6,1
499,0.3484,"[226.5, 305.1, 358.1, 726.3]",,,0.0,False,False,6,1
499,0.2624,"[1080.7, 331.3, 1146.8, 550.1]",,,0.0,False,False,6,1
499,0.2115,"[710.1, 308.5, 827.6, 583.2]",,,0.0,False,False,6,1
499,0.1767,"[1154.9, 327.2, 1222.4, 508.3]",,,0.0,False,False,6,1
499,0.1665,"[772.9, 293.6, 910.6, 601.4]",,,0.0,False,False,6,1
499,0.1518,"[740.5, 291.3, 876.8, 599.1]",,,0.0,False,False,6,1
500,0.4444,"[1090.8, 335.1, 1157.0, 539.7]",,,0.0,False,False,11,0
500,0.2392,"[803.2, 230.5, 1022.0, 806.0]",,,0.0,False,False,11,0
500,0.2056,"[758.7, 294.0, 885.6, 595.7]",,,0.0,False,False,11,0
500,0.1874,"[776.2, 263.4, 949.1, 749.2]",,,0.0,False,False,11,0
500,0.1818,"[-102.6, 201.8, 269.0, 1147.5]",,,0.0,False,False,11,0
500,0.1628,"[855.2, 232.0, 1057.7, 796.5]",,,0.0,False,False,11,0
500,0.1603,"[1656.5, 342.6, 1702.4, 453.3]",,,0.0,False,False,11,0
500,0.1542,"[729.0, 305.4, 845.1, 572.7]",,,0.0,False,False,11,0
500,0.1246,"[795.8, 297.8, 924.1, 614.2]",,,0.0,False,False,11,0
500,0.104,"[-65.2, 300.7, 255.8, 999.0]",,,0.0,False,False,11,0
500,0.1018,"[205.5, 256.2, 450.2, 916.7]",,,0.0,False,False,11,0
501,0.3761,"[761.4, 203.2, 1063.8, 945.7]",,,0.0,False,False,9,0
501,0.2462,"[1671.3, 345.3, 1717.2, 454.6]",,,0.0,False,False,9,0
501,0.1651,"[1102.3, 333.1, 1171.1, 555.9]",,,0.0,False,False,9,0
501,0.1483,"[772.2, 211.4, 1003.1, 855.2]",,,0.0,False,False,9,0
501,0.1405,"[1192.1, 337.5, 1250.1, 510.3]",,,0.0,False,False,9,0
501,0.1393,"[1667.2, 364.8, 1740.2, 530.9]",,,0.0,False,False,9,0
501,0.1158,"[691.9, 328.6, 775.6, 547.4]",,,0.0,False,False,9,0
501,0.1157,"[774.2, 294.3, 905.2, 617.0]",,,0.0,False,False,9,0
501,0.1017,"[727.0, 323.7, 825.5, 557.2]",,,0.0,False,False,9,0
502,0.4052,"[1229.9, 341.6, 1275.8, 510.3]",67,"[1232.9179193262348, 340.5983565778914, 1278.2656744237652, 501.2093826799211]",0.8349,True,False,10,1
502,0.3731,"[818.8, 201.8, 1082.0, 907.2]",,,0.0,False,False,10,1
502,0.1813,"[708.8, 331.6, 788.4, 549.5]",,,0.0,False,False,10,1
502,0.1777,"[713.5, 320.3, 814.7, 564.6]",,,0.0,False,False,10,1
502,0.1466,"[774.9, 275.9, 922.1, 625.7]",,,0.0,False,False,10,1
502,0.1371,"[735.1, 302.7, 851.2, 583.5]",,,0.0,False,False,10,1
502,0.1328,"[625.7, 283.3, 731.0, 549.5]",,,0.0,False,False,10,1
502,0.1326,"[752.0, 285.9, 880.2, 593.7]",,,0.0,False,False,10,1
502,0.1174,"[824.2, 257.3, 1001.0, 731.0]",,,0.0,False,False,10,1
502,0.1141,"[824.2, 283.2, 968.6, 656.4]",,,0.0,False,False,10,1
503,0.2698,"[713.5, 332.8, 783.7, 544.0]",,,0.0,False,False,14,0
503,0.2634,"[191.0, 222.4, 460.4, 936.9]",,,0.0,False,False,14,0
503,0.2362,"[792.5, 184.8, 1057.1, 848.5]",,,0.0,False,False,14,0
503,0.2325,"[758.7, 279.1, 903.2, 599.7]",,,0.0,False,False,14,0
503,0.2259,"[750.6, 294.0, 873.5, 579.5]",,,0.0,False,False,14,0
503,0.212,"[745.9, 312.9, 845.8, 563.3]",,,0.0,False,False,14,0
503,0.2102,"[1657.8, 343.2, 1733.4, 529.5]",,,0.0,False,False,14,0
503,0.1874,"[784.4, 270.5, 936.9, 615.6]",,,0.0,False,False,14,0
503,0.1793,"[801.9, 278.9, 992.3, 712.1]",,,0.0,False,False,14,0
503,0.173,"[1382.4, 851.9, 1441.8, 1046.2]",,,0.0,False,False,14,0
503,0.1638,"[408.4, 291.6, 579.2, 704.0]",,,0.0,False,False,14,0
503,0.1428,"[810.7, 274.4, 957.8, 647.7]",,,0.0,False,False,14,0
503,0.1154,"[1238.0, 339.4, 1287.9, 510.0]",,,0.0,False,False,14,0
503,0.1127,"[308.5, 267.0, 583.2, 1001.7]",,,0.0,False,False,14,0
504,0.4162,"[1252.8, 343.9, 1305.5, 511.3]",,,0.0,False,False,14,0
504,0.3633,"[646.0, 320.3, 727.7, 551.8]",,,0.0,False,False,14,0
504,0.3105,"[777.6, 301.7, 893.7, 576.5]",,,0.0,False,False,14,0
504,0.264,"[742.5, 323.7, 874.8, 653.1]",,,0.0,False,False,14,0
504,0.2593,"[788.4, 293.6, 918.0, 606.2]",,,0.0,False,False,14,0
504,0.2339,"[768.2, 314.9, 870.8, 566.0]",,,0.0,False,False,14,0
504,0.1969,"[806.0, 289.7, 945.0, 637.9]",,,0.0,False,False,14,0
504,0.1878,"[763.4, 267.3, 917.3, 692.6]",,,0.0,False,False,14,0
504,0.1715,"[826.2, 281.1, 978.8, 674.0]",,,0.0,False,False,14,0
504,0.1613,"[830.2, 263.1, 1020.6, 743.9]",,,0.0,False,False,14,0
504,0.1608,"[801.9, 267.5, 988.2, 727.7]",,,0.0,False,False,14,0
504,0.1573,"[835.0, 240.6, 1057.7, 804.6]",,,0.0,False,False,14,0
504,0.1547,"[1428.3, 815.4, 1536.3, 1049.0]",,,0.0,False,False,14,0
504,0.1219,"[1718.6, 349.3, 1761.8, 467.4]",,,0.0,False,False,14,0
505,0.5333,"[309.0, 273.0, 592.7, 997.7]",,,0.0,False,False,19,0
505,0.2826,"[793.8, 305.6, 924.8, 609.5]",,,0.0,False,False,19,0
505,0.2684,"[775.6, 313.5, 897.1, 599.7]",,,0.0,False,False,19,0
505,0.2464,"[865.4, 272.2, 1039.5, 727.0]",,,0.0,False,False,19,0
505,0.2458,"[826.9, 299.5, 968.6, 639.9]",,,0.0,False,False,19,0
505,0.2411,"[756.0, 328.1, 864.0, 585.2]",,,0.0,False,False,19,0
505,0.2339,"[364.8, 296.5, 580.2, 902.5]",,,0.0,False,False,19,0
505,0.2195,"[752.0, 307.6, 874.8, 644.0]",,,0.0,False,False,19,0
505,0.2132,"[850.5, 304.6, 982.8, 674.3]",,,0.0,False,False,19,0
505,0.2021,"[519.4, 363.8, 582.9, 530.5]",,,0.0,False,False,19,0
505,0.1916,"[943.0, 243.0, 1113.1, 710.1]",,,0.0,False,False,19,0
505,0.1768,"[868.1, 298.4, 1004.4, 698.0]",,,0.0,False,False,19,0
505,0.1702,"[422.6, 336.8, 582.5, 702.7]",,,0.0,False,False,19,0
505,0.1591,"[775.6, 297.0, 914.6, 658.8]",,,0.0,False,False,19,0
505,0.1366,"[1265.6, 346.3, 1316.9, 514.4]",,,0.0,False,False,19,0
505,0.1318,"[1887.3, 391.5, 1914.3, 471.2]",,,0.0,False,False,19,0
505,0.128,"[848.5, 236.3, 1078.0, 785.7]",,,0.0,False,False,19,0
505,0.1221,"[812.0, 277.9, 983.5, 704.7]",,,0.0,False,False,19,0
505,0.1072,"[1250.1, 341.4, 1306.8, 531.2]",,,0.0,False,False,19,0
506,0.3679,"[781.0, 293.6, 921.4, 637.9]",110,"[737.0766348577043, 324.9922119140625, 822.2842049860458, 574.0672363281251]",0.1736,False,False,17,1
506,0.3524,"[747.2, 291.8, 871.4, 615.6]",110,"[737.0766348577043, 324.9922119140625, 822.2842049860458, 574.0672363281251]",0.4373,True,False,17,1
506,0.3094,"[527.9, 360.8, 586.6, 535.6]",,,0.0,False,False,17,1
506,0.2959,"[824.9, 288.7, 965.3, 629.8]",,,0.0,False,False,17,1
506,0.2457,"[494.1, 411.8, 625.7, 695.9]",,,0.0,False,False,17,1
506,0.2409,"[770.2, 298.4, 897.1, 600.1]",110,"[737.0766348577043, 324.9922119140625, 822.2842049860458, 574.0672363281251]",0.2789,False,False,17,1
506,0.238,"[855.9, 297.7, 977.4, 602.8]",,,0.0,False,False,17,1
506,0.2368,"[846.5, 264.4, 1031.4, 780.3]",,,0.0,False,False,17,1
506,0.2215,"[716.9, 261.6, 876.2, 637.5]",110,"[737.0766348577043, 324.9922119140625, 822.2842049860458, 574.0672363281251]",0.3544,True,False,17,1
506,0.1941,"[828.2, 266.6, 995.6, 731.0]",,,0.0,False,False,17,1
506,0.1842,"[872.8, 304.3, 992.9, 651.4]",,,0.0,False,False,17,1
506,0.1731,"[733.1, 290.1, 830.2, 614.2]",110,"[737.0766348577043, 324.9922119140625, 822.2842049860458, 574.0672363281251]",0.6736,True,False,17,1
506,0.1634,"[825.5, 217.7, 1082.0, 876.2]",,,0.0,False,False,17,1
506,0.1508,"[891.0, 299.9, 1013.9, 638.6]",,,0.0,False,False,17,1
506,0.1453,"[789.1, 245.2, 964.6, 700.0]",110,"[737.0766348577043, 324.9922119140625, 822.2842049860458, 574.0672363281251]",0.0892,False,False,17,1
506,0.114,"[330.8, 305.8, 572.4, 968.6]",,,0.0,False,False,17,1
506,0.1114,"[1849.5, 389.8, 1881.9, 481.6]",,,0.0,False,False,17,1
507,0.4252,"[280.8, 280.8, 594.7, 1027.3]",,,0.0,False,False,16,1
507,0.4039,"[1262.2, 325.0, 1328.4, 552.5]",108,"[1257.0653960420568, 326.16118040429785, 1332.063510207943, 544.3578015292958]",0.8501,True,False,16,1
507,0.3844,"[781.0, 287.4, 933.5, 644.0]",,,0.0,False,False,16,1
507,0.2965,"[743.9, 281.6, 874.8, 623.0]",,,0.0,False,False,16,1
507,0.2681,"[196.8, 316.2, 320.3, 752.0]",,,0.0,False,False,16,1
507,0.2606,"[812.0, 281.1, 955.1, 617.3]",,,0.0,False,False,16,1
507,0.2325,"[847.8, 281.3, 980.1, 620.3]",,,0.0,False,False,16,1
507,0.2234,"[841.1, 265.6, 1032.8, 749.2]",,,0.0,False,False,16,1
507,0.2088,"[1733.4, 360.5, 1809.0, 556.2]",,,0.0,False,False,16,1
507,0.1967,"[327.7, 309.0, 573.4, 952.4]",,,0.0,False,False,16,1
507,0.1919,"[885.6, 285.0, 1013.9, 630.5]",,,0.0,False,False,16,1
507,0.1903,"[722.2, 278.3, 851.9, 624.4]",,,0.0,False,False,16,1
507,0.1793,"[762.1, 294.8, 899.8, 610.9]",,,0.0,False,False,16,1
507,0.1738,"[792.5, 260.0, 966.6, 689.9]",,,0.0,False,False,16,1
507,0.1559,"[804.6, 247.2, 1004.4, 743.9]",,,0.0,False,False,16,1
507,0.1065,"[416.5, 330.1, 567.7, 717.5]",,,0.0,False,False,16,1
508,0.3267,"[1191.4, 329.1, 1361.5, 884.2]",,,0.0,False,False,10,0
508,0.3186,"[243.8, 209.2, 590.6, 1121.9]",,,0.0,False,False,10,0
508,0.2011,"[1227.2, 332.6, 1358.1, 787.1]",,,0.0,False,False,10,0
508,0.1746,"[779.0, 285.9, 924.8, 660.5]",,,0.0,False,False,10,0
508,0.1699,"[533.2, 426.9, 636.5, 590.3]",,,0.0,False,False,10,0
508,0.1624,"[830.9, 275.2, 982.1, 629.1]",,,0.0,False,False,10,0
508,0.1406,"[739.8, 283.0, 866.7, 627.8]",,,0.0,False,False,10,0
508,0.1349,"[810.7, 282.5, 945.7, 616.6]",,,0.0,False,False,10,0
508,0.1136,"[830.2, 250.3, 1051.7, 787.7]",,,0.0,False,False,10,0
508,0.1101,"[765.5, 267.3, 955.8, 702.7]",,,0.0,False,False,10,0
509,0.2895,"[761.4, 278.1, 934.2, 660.2]",,,0.0,False,False,14,0
509,0.2252,"[833.0, 278.3, 980.1, 616.3]",,,0.0,False,False,14,0
509,0.2053,"[852.5, 258.0, 1065.8, 731.7]",,,0.0,False,False,14,0
509,0.195,"[219.4, 149.2, 600.1, 1171.8]",,,0.0,False,False,14,0
509,0.1393,"[737.8, 284.7, 870.1, 637.9]",,,0.0,False,False,14,0
509,0.1255,"[716.9, 243.8, 899.1, 662.9]",,,0.0,False,False,14,0
509,0.1245,"[812.0, 276.4, 955.1, 638.9]",,,0.0,False,False,14,0
509,0.1215,"[1192.7, 275.6, 1405.4, 910.6]",,,0.0,False,False,14,0
509,0.1119,"[1209.6, 327.2, 1386.5, 830.2]",,,0.0,False,False,14,0
509,0.1074,"[718.9, 265.8, 847.1, 633.2]",,,0.0,False,False,14,0
509,0.1071,"[790.4, 297.2, 921.4, 612.2]",,,0.0,False,False,14,0
509,0.1032,"[925.4, 247.6, 1100.9, 720.9]",,,0.0,False,False,14,0
509,0.1029,"[816.1, 251.1, 983.5, 712.8]",,,0.0,False,False,14,0
509,0.1024,"[766.1, 298.4, 891.7, 621.0]",,,0.0,False,False,14,0
510,0.5299,"[1186.7, 293.6, 1432.4, 1022.6]",,,0.0,False,False,10,0
510,0.4253,"[857.2, 242.3, 1103.0, 845.8]",,,0.0,False,False,10,0
510,0.3332,"[231.0, 256.5, 583.2, 1131.3]",,,0.0,False,False,10,0
510,0.2005,"[771.5, 278.6, 940.3, 681.1]",,,0.0,False,False,10,0
510,0.1744,"[271.0, 280.1, 551.8, 1005.1]",,,0.0,False,False,10,0
510,0.1565,"[825.5, 275.1, 976.7, 669.9]",,,0.0,False,False,10,0
510,0.1384,"[737.1, 289.4, 864.0, 642.6]",,,0.0,False,False,10,0
510,0.1093,"[711.5, 248.4, 861.3, 668.9]",,,0.0,False,False,10,0
510,0.1063,"[791.8, 256.5, 971.3, 710.1]",,,0.0,False,False,10,0
510,0.1004,"[809.3, 283.0, 949.7, 651.4]",,,0.0,False,False,10,0
511,0.5518,"[750.6, 248.9, 972.0, 724.3]",,,0.0,False,False,15,0
511,0.4641,"[1786.1, 366.2, 1872.5, 580.8]",,,0.0,False,False,15,0
511,0.3808,"[151.5, 135.7, 556.5, 1126.6]",,,0.0,False,False,15,0
511,0.2903,"[736.4, 279.3, 866.0, 634.5]",,,0.0,False,False,15,0
511,0.2704,"[718.2, 273.4, 841.1, 632.5]",,,0.0,False,False,15,0
511,0.2516,"[717.5, 238.1, 913.3, 723.6]",,,0.0,False,False,15,0
511,0.2431,"[845.1, 281.0, 977.4, 623.0]",,,0.0,False,False,15,0
511,0.227,"[766.8, 296.0, 888.3, 624.0]",,,0.0,False,False,15,0
511,0.1975,"[809.3, 290.9, 941.6, 622.4]",,,0.0,False,False,15,0
511,0.1907,"[787.7, 299.2, 918.7, 624.4]",,,0.0,False,False,15,0
511,0.1648,"[827.6, 274.9, 1036.8, 715.5]",,,0.0,False,False,15,0
511,0.1571,"[1191.4, 264.9, 1458.0, 1036.8]",,,0.0,False,False,15,0
511,0.152,"[869.4, 283.8, 992.3, 642.9]",,,0.0,False,False,15,0
511,0.1381,"[1210.3, 333.3, 1437.8, 913.3]",,,0.0,False,False,15,0
511,0.1299,"[227.8, 216.7, 535.6, 1032.1]",,,0.0,False,False,15,0
512,0.3464,"[791.1, 281.3, 926.1, 625.1]",,,0.0,False,False,12,0
512,0.3422,"[822.2, 255.7, 972.0, 661.5]",,,0.0,False,False,12,0
512,0.3404,"[731.0, 280.6, 859.3, 626.4]",,,0.0,False,False,12,0
512,0.2982,"[743.9, 189.3, 1061.1, 735.8]",,,0.0,False,False,12,0
512,0.2974,"[774.9, 283.7, 897.8, 635.9]",,,0.0,False,False,12,0
512,0.245,"[824.2, 253.0, 1056.4, 710.1]",,,0.0,False,False,12,0
512,0.235,"[1123.9, 338.2, 1181.9, 533.9]",,,0.0,False,False,12,0
512,0.196,"[151.4, 145.5, 526.5, 1076.0]",,,0.0,False,False,12,0
512,0.1877,"[391.8, 253.1, 531.6, 662.9]",,,0.0,False,False,12,0
512,0.1482,"[723.6, 236.8, 911.2, 699.3]",,,0.0,False,False,12,0
512,0.1209,"[852.5, 269.2, 982.1, 610.2]",,,0.0,False,False,12,0
512,0.1008,"[766.1, 267.8, 937.6, 687.2]",,,0.0,False,False,12,0
513,0.4879,"[837.0, 267.3, 1071.9, 683.8]",,,0.0,False,False,13,0
513,0.4727,"[747.9, 291.4, 862.7, 615.6]",,,0.0,False,False,13,0
513,0.4049,"[767.5, 294.1, 893.0, 618.3]",,,0.0,False,False,13,0
513,0.3585,"[791.8, 294.0, 925.4, 622.7]",,,0.0,False,False,13,0
513,0.3045,"[758.7, 225.3, 1046.2, 698.0]",,,0.0,False,False,13,0
513,0.2961,"[803.9, 277.8, 951.1, 653.1]",,,0.0,False,False,13,0
513,0.2614,"[845.8, 282.3, 979.4, 629.8]",,,0.0,False,False,13,0
513,0.2133,"[1215.0, 230.5, 1560.6, 1175.9]",,,0.0,False,False,13,0
513,0.2092,"[884.9, 284.9, 1018.6, 659.5]",,,0.0,False,False,13,0
513,0.1586,"[757.4, 272.5, 923.4, 686.5]",,,0.0,False,False,13,0
513,0.1566,"[735.1, 271.2, 880.9, 668.2]",,,0.0,False,False,13,0
513,0.1218,"[251.9, 291.3, 536.0, 999.0]",,,0.0,False,False,13,0
513,0.105,"[909.2, 296.2, 1032.1, 646.0]",,,0.0,False,False,13,0
514,0.4545,"[1250.8, 334.1, 1326.4, 557.5]",,,0.0,False,False,15,1
514,0.3841,"[749.9, 287.2, 862.0, 594.3]",,,0.0,False,False,15,1
514,0.3586,"[566.3, 356.1, 622.4, 520.8]",113,"[565.8360737514129, 356.69640197218905, 627.6391459751497, 526.7523895317172]",0.8716,True,False,15,1
514,0.3178,"[841.7, 265.8, 1059.1, 680.4]",,,0.0,False,False,15,1
514,0.2773,"[774.9, 286.9, 897.8, 605.5]",,,0.0,False,False,15,1
514,0.2754,"[800.6, 272.7, 950.4, 631.1]",,,0.0,False,False,15,1
514,0.2376,"[820.1, 265.6, 976.7, 659.1]",,,0.0,False,False,15,1
514,0.2346,"[1317.6, 330.4, 1400.0, 586.9]",,,0.0,False,False,15,1
514,0.2253,"[793.1, 299.7, 924.1, 600.8]",,,0.0,False,False,15,1
514,0.1451,"[886.3, 281.8, 1014.5, 644.3]",,,0.0,False,False,15,1
514,0.1121,"[123.1, 311.3, 258.2, 779.6]",,,0.0,False,False,15,1
514,0.1105,"[168.2, 244.7, 526.5, 1036.8]",,,0.0,False,False,15,1
514,0.1079,"[1814.4, 417.8, 1865.7, 546.8]",,,0.0,False,False,15,1
514,0.1061,"[759.4, 169.1, 1042.9, 738.5]",,,0.0,False,False,15,1
514,0.1033,"[1734.8, 880.2, 1767.2, 1007.1]",,,0.0,False,False,15,1
515,0.3755,"[154.1, 193.7, 546.1, 1163.7]",,,0.0,False,False,12,0
515,0.3357,"[830.9, 279.6, 971.3, 629.1]",,,0.0,False,False,12,0
515,0.3112,"[724.3, 226.0, 929.5, 691.2]",,,0.0,False,False,12,0
515,0.2497,"[889.0, 286.7, 1022.6, 639.9]",,,0.0,False,False,12,0
515,0.2423,"[847.1, 272.9, 1059.1, 669.6]",,,0.0,False,False,12,0
515,0.2249,"[810.7, 288.6, 947.0, 603.1]",,,0.0,False,False,12,0
515,0.224,"[862.7, 285.0, 996.3, 637.9]",,,0.0,False,False,12,0
515,0.1848,"[779.6, 276.4, 911.9, 637.5]",,,0.0,False,False,12,0
515,0.1298,"[240.6, 253.1, 532.9, 1038.8]",,,0.0,False,False,12,0
515,0.1297,"[760.7, 174.3, 1048.3, 719.6]",,,0.0,False,False,12,0
515,0.1293,"[1132.0, 344.6, 1175.2, 516.0]",,,0.0,False,False,12,0
515,0.1003,"[741.8, 277.9, 860.6, 634.5]",,,0.0,False,False,12,0
516,0.4358,"[1267.7, 336.7, 1339.2, 560.2]",,,0.0,False,False,10,1
516,0.3828,"[774.2, 257.0, 952.4, 675.7]",114,"[761.3241381883208, 250.058207338616, 966.875812983554, 678.6551105324777]",0.8469,True,False,10,1
516,0.2836,"[845.8, 295.3, 968.6, 597.0]",114,"[761.3241381883208, 250.058207338616, 966.875812983554, 678.6551105324777]",0.4123,True,False,10,1
516,0.265,"[161.2, 167.7, 529.9, 1100.2]",,,0.0,False,False,10,1
516,0.2603,"[808.7, 294.3, 930.2, 567.0]",114,"[761.3241381883208, 250.058207338616, 966.875812983554, 678.6551105324777]",0.3761,True,False,10,1
516,0.2242,"[895.1, 287.4, 1027.3, 627.8]",114,"[761.3241381883208, 250.058207338616, 966.875812983554, 678.6551105324777]",0.2249,False,False,10,1
516,0.2105,"[760.7, 295.0, 847.1, 547.4]",114,"[761.3241381883208, 250.058207338616, 966.875812983554, 678.6551105324777]",0.2454,False,False,10,1
516,0.2025,"[785.7, 298.7, 888.3, 554.5]",114,"[761.3241381883208, 250.058207338616, 966.875812983554, 678.6551105324777]",0.2979,False,False,10,1
516,0.1791,"[876.2, 289.9, 1000.4, 622.7]",114,"[761.3241381883208, 250.058207338616, 966.875812983554, 678.6551105324777]",0.3042,True,False,10,1
516,0.1293,"[866.7, 271.9, 1051.7, 651.4]",114,"[761.3241381883208, 250.058207338616, 966.875812983554, 678.6551105324777]",0.3161,True,False,10,1
517,0.47,"[151.9, 115.1, 534.6, 1138.1]",,,0.0,False,False,15,0
517,0.2972,"[772.9, 319.3, 844.4, 537.3]",,,0.0,False,False,15,0
517,0.2833,"[841.7, 307.5, 955.1, 578.1]",,,0.0,False,False,15,0
517,0.2825,"[789.1, 309.7, 944.3, 644.0]",,,0.0,False,False,15,0
517,0.277,"[818.8, 308.5, 930.8, 562.3]",,,0.0,False,False,15,0
517,0.2525,"[809.3, 321.8, 911.9, 546.8]",,,0.0,False,False,15,0
517,0.2201,"[786.4, 311.2, 882.2, 546.8]",,,0.0,False,False,15,0
517,0.2181,"[1271.0, 343.7, 1335.8, 538.0]",,,0.0,False,False,15,0
517,0.182,"[1343.2, 347.6, 1391.9, 506.9]",,,0.0,False,False,15,0
517,0.1729,"[782.3, 226.8, 964.6, 685.8]",,,0.0,False,False,15,0
517,0.171,"[872.1, 312.2, 981.5, 601.1]",,,0.0,False,False,15,0
517,0.1496,"[1380.4, 277.1, 1737.5, 1208.2]",,,0.0,False,False,15,0
517,0.1495,"[208.2, 216.0, 520.8, 987.5]",,,0.0,False,False,15,0
517,0.1394,"[898.4, 305.8, 1018.6, 613.6]",,,0.0,False,False,15,0
517,0.1014,"[1428.3, 301.7, 1714.5, 1099.6]",,,0.0,False,False,15,0
518,0.493,"[781.0, 268.5, 957.8, 683.1]",,,0.0,False,False,12,0
518,0.3749,"[828.2, 303.1, 948.4, 595.4]",,,0.0,False,False,12,0
518,0.291,"[814.1, 322.0, 915.3, 560.9]",,,0.0,False,False,12,0
518,0.2885,"[1350.0, 343.4, 1405.4, 539.3]",,,0.0,False,False,12,0
518,0.2599,"[845.1, 303.4, 972.0, 620.0]",,,0.0,False,False,12,0
518,0.2393,"[251.1, 256.2, 515.0, 988.2]",,,0.0,False,False,12,0
518,0.1978,"[893.0, 303.2, 1022.6, 627.1]",,,0.0,False,False,12,0
518,0.1842,"[795.2, 325.2, 887.0, 552.8]",,,0.0,False,False,12,0
518,0.1777,"[339.9, 284.7, 504.6, 675.7]",,,0.0,False,False,12,0
518,0.1617,"[176.5, 190.0, 517.4, 1103.0]",,,0.0,False,False,12,0
518,0.1461,"[461.4, 362.5, 527.5, 554.9]",,,0.0,False,False,12,0
518,0.1421,"[882.2, 307.8, 999.7, 603.5]",,,0.0,False,False,12,0
519,0.533,"[468.1, 365.5, 532.9, 561.3]",,,0.0,False,False,14,0
519,0.4184,"[1353.4, 352.0, 1409.4, 551.1]",,,0.0,False,False,14,0
519,0.3075,"[848.5, 311.7, 967.3, 602.8]",,,0.0,False,False,14,0
519,0.2673,"[214.7, 239.3, 510.3, 1027.3]",,,0.0,False,False,14,0
519,0.2603,"[159.3, 150.2, 515.4, 1103.0]",,,0.0,False,False,14,0
519,0.2485,"[347.0, 295.5, 486.7, 671.6]",,,0.0,False,False,14,0
519,0.2362,"[818.1, 309.5, 934.2, 603.1]",,,0.0,False,False,14,0
519,0.2274,"[865.4, 313.2, 988.2, 625.1]",,,0.0,False,False,14,0
519,0.187,"[758.0, 267.8, 916.0, 681.8]",,,0.0,False,False,14,0
519,0.1654,"[887.6, 308.6, 1014.5, 632.5]",,,0.0,False,False,14,0
519,0.1555,"[776.2, 227.8, 1009.8, 737.1]",,,0.0,False,False,14,0
519,0.134,"[785.0, 306.5, 898.4, 633.2]",,,0.0,False,False,14,0
519,0.1127,"[1146.8, 349.7, 1196.8, 534.6]",,,0.0,False,False,14,0
519,0.1102,"[853.9, 286.5, 1048.3, 696.6]",,,0.0,False,False,14,0
520,0.5237,"[44.0, 360.8, 361.5, 1113.8]",50,"[-366.0652317381548, 80.32021729957444, 217.79748576647512, 1563.1481664894882]",0.1344,False,False,17,1
520,0.4982,"[-384.1, 32.4, 245.7, 1625.4]",50,"[-366.0652317381548, 80.32021729957444, 217.79748576647512, 1563.1481664894882]",0.863,True,False,17,1
520,0.46,"[1865.7, 362.8, 1906.2, 462.7]",,,0.0,False,False,17,1
520,0.4161,"[195.1, 181.6, 515.0, 1009.8]",50,"[-366.0652317381548, 80.32021729957444, 217.79748576647512, 1563.1481664894882]",0.0169,False,False,17,1
520,0.3903,"[772.2, 281.1, 919.4, 693.9]",,,0.0,False,False,17,1
520,0.3376,"[867.4, 263.2, 1086.1, 740.5]",,,0.0,False,False,17,1
520,0.3362,"[931.5, 270.7, 1098.9, 742.5]",,,0.0,False,False,17,1
520,0.2902,"[840.4, 312.5, 971.3, 640.6]",,,0.0,False,False,17,1
520,0.1997,"[-294.6, 148.5, 107.3, 1367.6]",50,"[-366.0652317381548, 80.32021729957444, 217.79748576647512, 1563.1481664894882]",0.566,True,False,17,1
520,0.1966,"[822.8, 316.9, 941.6, 626.7]",,,0.0,False,False,17,1
520,0.1909,"[870.1, 309.0, 995.6, 633.2]",,,0.0,False,False,17,1
520,0.1738,"[313.7, 260.0, 477.9, 714.8]",,,0.0,False,False,17,1
520,0.156,"[797.2, 300.2, 926.8, 656.8]",,,0.0,False,False,17,1
520,0.1199,"[788.4, 309.7, 895.1, 659.5]",,,0.0,False,False,17,1
520,0.1126,"[959.2, 278.3, 1088.8, 685.1]",,,0.0,False,False,17,1
520,0.1098,"[870.1, 294.1, 1046.9, 696.6]",,,0.0,False,False,17,1
520,0.1069,"[850.5, 355.7, 938.3, 575.8]",,,0.0,False,False,17,1
521,0.528,"[31.2, 293.3, 369.2, 1121.9]",,,0.0,False,False,16,0
521,0.4984,"[785.7, 301.2, 891.0, 610.2]",,,0.0,False,False,16,0
521,0.4831,"[812.0, 281.1, 963.2, 669.3]",,,0.0,False,False,16,0
521,0.4578,"[854.6, 276.8, 1078.7, 738.5]",,,0.0,False,False,16,0
521,0.4577,"[846.5, 298.0, 972.0, 611.2]",,,0.0,False,False,16,0
521,0.4036,"[-422.2, 9.5, 201.5, 1665.9]",,,0.0,False,False,16,0
521,0.3831,"[828.9, 309.2, 939.6, 598.7]",,,0.0,False,False,16,0
521,0.3597,"[868.1, 293.0, 988.2, 627.1]",,,0.0,False,False,16,0
521,0.2974,"[180.9, 238.3, 500.9, 1077.3]",,,0.0,False,False,16,0
521,0.2596,"[235.7, 270.0, 498.8, 980.8]",,,0.0,False,False,16,0
521,0.2298,"[895.7, 304.1, 1010.5, 635.5]",,,0.0,False,False,16,0
521,0.1837,"[786.4, 226.5, 1009.1, 737.1]",,,0.0,False,False,16,0
521,0.1571,"[-283.2, 220.1, 86.4, 1410.8]",,,0.0,False,False,16,0
521,0.1181,"[746.6, 145.5, 1073.2, 895.1]",,,0.0,False,False,16,0
521,0.1045,"[949.1, 286.9, 1086.8, 679.7]",,,0.0,False,False,16,0
521,0.1034,"[918.0, 268.0, 1096.2, 744.5]",,,0.0,False,False,16,0
522,0.5308,"[795.2, 262.1, 978.8, 691.9]",114,"[764.1443902196723, 281.16269385533394, 954.9432562647027, 689.6722060470098]",0.7128,True,False,14,1
522,0.5292,"[19.4, 283.2, 375.3, 1185.3]",,,0.0,False,False,14,1
522,0.4766,"[781.7, 225.5, 1012.5, 738.5]",114,"[764.1443902196723, 281.16269385533394, 954.9432562647027, 689.6722060470098]",0.5637,True,False,14,1
522,0.4058,"[762.8, 180.9, 1047.6, 798.5]",114,"[764.1443902196723, 281.16269385533394, 954.9432562647027, 689.6722060470098]",0.443,True,False,14,1
522,0.2521,"[776.2, 330.4, 853.2, 541.7]",114,"[764.1443902196723, 281.16269385533394, 954.9432562647027, 689.6722060470098]",0.2086,False,False,14,1
522,0.2479,"[1333.8, -95.2, 2273.4, 2208.6]",,,0.0,False,False,14,1
522,0.2321,"[833.6, 289.7, 968.6, 646.7]",114,"[764.1443902196723, 281.16269385533394, 954.9432562647027, 689.6722060470098]",0.5228,True,False,14,1
522,0.1991,"[-551.5, -47.9, 209.9, 1782.0]",,,0.0,False,False,14,1
522,0.1699,"[857.9, 281.1, 994.3, 674.0]",114,"[764.1443902196723, 281.16269385533394, 954.9432562647027, 689.6722060470098]",0.4081,True,False,14,1
522,0.1529,"[887.6, 288.7, 1087.4, 710.8]",114,"[764.1443902196723, 281.16269385533394, 954.9432562647027, 689.6722060470098]",0.1995,False,False,14,1
522,0.1351,"[822.2, 303.9, 942.3, 603.5]",114,"[764.1443902196723, 281.16269385533394, 954.9432562647027, 689.6722060470098]",0.4617,True,False,14,1
522,0.1275,"[142.8, 254.8, 493.4, 1105.7]",,,0.0,False,False,14,1
522,0.1112,"[794.5, 312.2, 891.7, 555.9]",114,"[764.1443902196723, 281.16269385533394, 954.9432562647027, 689.6722060470098]",0.3039,True,False,14,1
522,0.1079,"[214.0, 283.5, 494.1, 987.5]",,,0.0,False,False,14,1
523,0.5299,"[11.8, 273.4, 367.9, 1195.4]",,,0.0,False,False,14,1
523,0.4848,"[812.0, 276.9, 978.1, 661.5]",,,0.0,False,False,14,1
523,0.4604,"[1318.3, -124.2, 2095.2, 1892.7]",4,"[1318.024049744711, -83.27728238217367, 2133.0447979115393, 1861.8270870696738]",0.9209,True,False,14,1
523,0.373,"[789.8, 325.2, 869.4, 548.8]",,,0.0,False,False,14,1
523,0.3712,"[845.8, 316.6, 952.4, 578.5]",,,0.0,False,False,14,1
523,0.3181,"[848.5, 299.7, 974.0, 617.6]",,,0.0,False,False,14,1
523,0.3147,"[793.1, 250.9, 1002.4, 702.7]",,,0.0,False,False,14,1
523,0.2624,"[871.4, 298.5, 999.7, 641.2]",,,0.0,False,False,14,1
523,0.2278,"[835.7, 328.7, 931.5, 559.6]",,,0.0,False,False,14,1
523,0.1756,"[767.5, 170.8, 1055.0, 851.9]",,,0.0,False,False,14,1
523,0.1685,"[898.4, 306.5, 1013.2, 610.9]",,,0.0,False,False,14,1
523,0.1472,"[98.9, 103.6, 519.4, 1239.3]",,,0.0,False,False,14,1
523,0.1246,"[138.2, 223.4, 484.7, 1125.9]",,,0.0,False,False,14,1
523,0.1119,"[801.9, 317.6, 888.3, 558.6]",,,0.0,False,False,14,1
524,0.5623,"[1367.6, -59.4, 2204.6, 2108.7]",,,0.0,False,False,15,0
524,0.4566,"[801.9, 273.0, 990.9, 677.4]",,,0.0,False,False,15,0
524,0.2775,"[977.4, 294.3, 1100.2, 674.3]",,,0.0,False,False,15,0
524,0.2732,"[871.4, 300.9, 992.9, 604.8]",,,0.0,False,False,15,0
524,0.2709,"[8.4, 220.7, 361.8, 1198.1]",,,0.0,False,False,15,0
524,0.2662,"[1334.5, -24.3, 2160.0, 1125.2]",,,0.0,False,False,15,0
524,0.2469,"[847.1, 313.7, 955.1, 579.8]",,,0.0,False,False,15,0
524,0.2221,"[804.6, 321.0, 888.3, 564.6]",,,0.0,False,False,15,0
524,0.2157,"[931.5, 285.7, 1098.9, 691.9]",,,0.0,False,False,15,0
524,0.2131,"[889.7, 300.7, 1011.2, 629.4]",,,0.0,False,False,15,0
524,0.2062,"[771.5, 207.2, 1063.1, 767.5]",,,0.0,False,False,15,0
524,0.1647,"[826.2, 317.2, 928.8, 572.4]",,,0.0,False,False,15,0
524,0.1296,"[1467.5, -23.6, 2172.2, 1636.2]",,,0.0,False,False,15,0
524,0.1093,"[914.0, 314.0, 1023.3, 630.5]",,,0.0,False,False,15,0
524,0.1004,"[793.8, 329.7, 870.8, 561.3]",,,0.0,False,False,15,0
525,0.5075,"[799.2, 313.5, 888.3, 592.3]",,,0.0,False,False,12,0
525,0.4144,"[772.2, 307.3, 870.8, 595.4]",,,0.0,False,False,12,0
525,0.3905,"[811.4, 272.0, 978.8, 655.4]",,,0.0,False,False,12,0
525,0.3626,"[1395.9, 150.9, 2127.6, 1300.1]",,,0.0,False,False,12,0
525,0.3417,"[820.8, 308.8, 924.8, 596.4]",,,0.0,False,False,12,0
525,0.2936,"[864.0, 309.8, 970.7, 592.7]",,,0.0,False,False,12,0
525,0.2842,"[847.1, 313.0, 949.7, 591.3]",,,0.0,False,False,12,0
525,0.2434,"[797.2, 240.6, 1013.2, 693.9]",,,0.0,False,False,12,0
525,0.2219,"[905.2, 306.3, 1015.9, 601.4]",,,0.0,False,False,12,0
525,0.2072,"[785.7, 210.1, 1047.6, 747.9]",,,0.0,False,False,12,0
525,0.1893,"[35.9, 289.2, 327.7, 1186.7]",,,0.0,False,False,12,0
525,0.1246,"[927.5, 317.2, 1023.3, 569.0]",,,0.0,False,False,12,0
526,0.5272,"[790.4, 294.0, 914.6, 622.7]",,,0.0,False,False,15,0
526,0.3529,"[858.6, 308.8, 972.0, 610.5]",,,0.0,False,False,15,0
526,0.323,"[812.7, 285.5, 950.4, 630.5]",,,0.0,False,False,15,0
526,0.2981,"[902.5, 302.9, 1017.2, 606.8]",,,0.0,False,False,15,0
526,0.2727,"[885.6, 310.8, 992.3, 598.4]",,,0.0,False,False,15,0
526,0.2049,"[854.6, 325.0, 947.7, 593.7]",,,0.0,False,False,15,0
526,0.204,"[971.3, 274.2, 1110.4, 698.0]",,,0.0,False,False,15,0
526,0.1797,"[15.0, 312.2, 328.9, 1134.0]",,,0.0,False,False,15,0
526,0.1746,"[924.1, 317.2, 1025.3, 594.0]",,,0.0,False,False,15,0
526,0.164,"[899.1, 330.8, 981.5, 561.6]",,,0.0,False,False,15,0
526,0.1489,"[213.0, 283.2, 480.9, 974.7]",,,0.0,False,False,15,0
526,0.146,"[944.3, 310.2, 1042.9, 603.1]",,,0.0,False,False,15,0
526,0.1262,"[848.5, 340.2, 928.1, 584.6]",,,0.0,False,False,15,0
526,0.1257,"[267.6, 293.1, 487.0, 873.5]",,,0.0,False,False,15,0
526,0.1243,"[823.5, 321.3, 916.7, 601.4]",,,0.0,False,False,15,0
527,0.4851,"[840.4, 283.0, 980.8, 635.9]",,,0.0,False,False,18,0
527,0.449,"[851.9, 324.5, 946.4, 587.9]",,,0.0,False,False,18,0
527,0.3778,"[903.2, 308.5, 1009.8, 585.9]",,,0.0,False,False,18,0
527,0.3737,"[17.4, 327.7, 308.0, 1111.1]",,,0.0,False,False,18,0
527,0.3664,"[862.0, 306.5, 967.3, 588.6]",,,0.0,False,False,18,0
527,0.345,"[832.3, 324.0, 916.0, 589.3]",,,0.0,False,False,18,0
527,0.3157,"[927.5, 316.6, 1027.3, 580.5]",,,0.0,False,False,18,0
527,0.3091,"[889.0, 320.0, 986.2, 579.2]",,,0.0,False,False,18,0
527,0.2573,"[816.8, 314.9, 904.5, 593.7]",,,0.0,False,False,18,0
527,0.2098,"[874.8, 317.2, 958.5, 552.8]",,,0.0,False,False,18,0
527,0.1834,"[852.5, 336.2, 928.1, 554.9]",,,0.0,False,False,18,0
527,0.1665,"[913.3, 337.3, 988.9, 547.4]",,,0.0,False,False,18,0
527,0.1438,"[187.1, 268.6, 486.7, 1032.8]",,,0.0,False,False,18,0
527,0.1191,"[934.9, 341.6, 1009.1, 546.1]",,,0.0,False,False,18,0
527,0.107,"[955.1, 279.6, 1107.7, 681.8]",,,0.0,False,False,18,0
527,0.1057,"[288.2, 283.8, 483.3, 785.7]",,,0.0,False,False,18,0
527,0.1049,"[102.9, 243.7, 469.5, 1086.1]",,,0.0,False,False,18,0
527,0.1,"[810.7, 237.6, 1005.1, 646.0]",,,0.0,False,False,18,0
528,0.462,"[828.9, 309.5, 915.3, 561.9]",110,"[820.6912110492174, 272.2009322495368, 956.0296141460952, 653.7941239028071]",0.4223,True,False,15,3
528,0.3978,"[843.8, 304.8, 946.4, 574.1]",110,"[820.6912110492174, 272.2009322495368, 956.0296141460952, 653.7941239028071]",0.5351,True,False,15,3
528,0.3926,"[857.9, 296.0, 970.0, 583.5]",110,"[820.6912110492174, 272.2009322495368, 956.0296141460952, 653.7941239028071]",0.5069,True,False,15,3
528,0.3203,"[897.1, 288.6, 1017.2, 605.1]",110,"[820.6912110492174, 272.2009322495368, 956.0296141460952, 653.7941239028071]",0.2628,False,False,15,3
528,0.3158,"[785.0, 301.6, 875.5, 579.8]",114,"[754.2398044063634, 277.5817510659932, 912.6089504764492, 639.9979608480692]",0.4385,True,False,15,3
528,0.3104,"[824.9, 304.1, 968.0, 630.8]",110,"[820.6912110492174, 272.2009322495368, 956.0296141460952, 653.7941239028071]",0.7717,True,False,15,3
528,0.2881,"[839.7, 273.5, 999.0, 645.3]",110,"[820.6912110492174, 272.2009322495368, 956.0296141460952, 653.7941239028071]",0.6396,True,False,15,3
528,0.2344,"[882.9, 300.7, 995.0, 585.6]",110,"[820.6912110492174, 272.2009322495368, 956.0296141460952, 653.7941239028071]",0.3321,True,False,15,3
528,0.1941,"[13.8, 259.2, 333.1, 1128.6]",,,0.0,False,False,15,3
528,0.1789,"[787.1, 271.9, 892.4, 627.1]",114,"[754.2398044063634, 277.5817510659932, 912.6089504764492, 639.9979608480692]",0.6345,True,False,15,3
528,0.1679,"[913.3, 290.8, 1084.7, 675.7]",110,"[820.6912110492174, 272.2009322495368, 956.0296141460952, 653.7941239028071]",0.152,False,False,15,3
528,0.1499,"[932.2, 297.7, 1041.5, 608.9]",110,"[820.6912110492174, 272.2009322495368, 956.0296141460952, 653.7941239028071]",0.0949,False,False,15,3
528,0.1099,"[938.9, 273.2, 1111.7, 703.4]",110,"[820.6912110492174, 272.2009322495368, 956.0296141460952, 653.7941239028071]",0.0545,False,False,15,3
528,0.1067,"[163.4, 275.1, 478.9, 1051.7]",,,0.0,False,False,15,3
528,0.1035,"[397.9, 353.0, 502.5, 611.6]",,,0.0,False,False,15,3
529,0.4857,"[874.1, 291.3, 995.6, 593.7]",,,0.0,False,False,15,0
529,0.4688,"[899.1, 293.1, 1019.3, 597.4]",,,0.0,False,False,15,0
529,0.4143,"[844.4, 297.0, 949.7, 582.5]",,,0.0,False,False,15,0
529,0.4078,"[388.5, 335.3, 504.6, 626.4]",,,0.0,False,False,15,0
529,0.4061,"[791.1, 287.0, 887.0, 582.5]",,,0.0,False,False,15,0
529,0.3988,"[821.5, 269.7, 978.1, 650.4]",,,0.0,False,False,15,0
529,0.3269,"[819.5, 309.8, 919.4, 569.7]",,,0.0,False,False,15,0
529,0.2561,"[807.3, 297.0, 901.8, 575.1]",,,0.0,False,False,15,0
529,0.2483,"[924.8, 299.5, 1036.8, 594.0]",,,0.0,False,False,15,0
529,0.2259,"[170.3, 245.4, 510.3, 1124.6]",,,0.0,False,False,15,0
529,0.214,"[680.4, 359.8, 718.2, 488.0]",,,0.0,False,False,15,0
529,0.213,"[791.8, 246.0, 936.2, 655.8]",,,0.0,False,False,15,0
529,0.1846,"[868.7, 311.2, 951.1, 550.1]",,,0.0,False,False,15,0
529,0.1447,"[951.8, 262.4, 1120.5, 710.8]",,,0.0,False,False,15,0
529,0.129,"[924.8, 291.6, 1081.3, 664.2]",,,0.0,False,False,15,0
530,0.5335,"[795.2, 332.1, 865.4, 542.7]",,,0.0,False,False,15,0
530,0.4889,"[870.8, 284.0, 999.0, 608.2]",,,0.0,False,False,15,0
530,0.4803,"[834.3, 262.2, 1011.2, 655.8]",,,0.0,False,False,15,0
530,0.3898,"[897.1, 283.5, 1025.3, 610.9]",,,0.0,False,False,15,0
530,0.3279,"[812.0, 306.5, 910.6, 554.2]",,,0.0,False,False,15,0
530,0.3089,"[801.2, 315.4, 886.3, 550.1]",,,0.0,False,False,15,0
530,0.3033,"[847.1, 296.7, 952.4, 586.9]",,,0.0,False,False,15,0
530,0.2924,"[1440.5, 361.8, 1486.4, 528.5]",,,0.0,False,False,15,0
530,0.2247,"[925.4, 297.5, 1041.5, 613.6]",,,0.0,False,False,15,0
530,0.2187,"[685.1, 359.4, 725.6, 490.4]",,,0.0,False,False,15,0
530,0.1603,"[808.0, 254.1, 975.4, 666.6]",,,0.0,False,False,15,0
530,0.1502,"[205.2, 282.2, 498.8, 1047.6]",,,0.0,False,False,15,0
530,0.1168,"[840.4, 313.4, 934.9, 560.2]",,,0.0,False,False,15,0
530,0.1074,"[797.9, 256.0, 930.2, 648.0]",,,0.0,False,False,15,0
530,0.1044,"[916.7, 295.1, 1078.7, 632.5]",,,0.0,False,False,15,0
531,0.5096,"[862.0, 291.9, 976.7, 609.2]",,,0.0,False,False,15,0
531,0.4837,"[1445.9, 354.0, 1491.8, 522.8]",,,0.0,False,False,15,0
531,0.4685,"[798.5, 315.9, 876.8, 547.4]",,,0.0,False,False,15,0
531,0.4463,"[1230.5, 366.2, 1261.6, 476.2]",,,0.0,False,False,15,0
531,0.4318,"[1454.0, 342.6, 1508.0, 526.2]",,,0.0,False,False,15,0
531,0.3897,"[856.6, 305.6, 955.1, 587.2]",,,0.0,False,False,15,0
531,0.3603,"[849.8, 282.2, 1001.0, 656.8]",,,0.0,False,False,15,0
531,0.3377,"[818.1, 276.9, 966.6, 668.9]",,,0.0,False,False,15,0
531,0.335,"[893.0, 280.3, 1019.9, 631.8]",,,0.0,False,False,15,0
531,0.2591,"[920.7, 289.2, 1036.8, 609.9]",,,0.0,False,False,15,0
531,0.1975,"[796.5, 282.5, 904.5, 627.4]",,,0.0,False,False,15,0
531,0.1684,"[1412.1, 337.7, 1468.8, 547.4]",,,0.0,False,False,15,0
531,0.1416,"[821.5, 297.8, 917.3, 561.6]",,,0.0,False,False,15,0
531,0.1283,"[689.5, 358.8, 730.4, 492.4]",,,0.0,False,False,15,0
531,0.1219,"[692.6, 397.6, 785.7, 678.4]",,,0.0,False,False,15,0
532,0.5665,"[1460.7, 335.5, 1517.4, 527.9]",118,"[1398.5831927649322, 330.40160217285154, 1463.4536724694426, 548.8316131591796]",0.0216,False,False,14,1
532,0.518,"[799.9, 335.3, 868.7, 539.3]",,,0.0,False,False,14,1
532,0.5035,"[1458.0, 350.7, 1503.9, 520.8]",118,"[1398.5831927649322, 330.40160217285154, 1463.4536724694426, 548.8316131591796]",0.0441,False,False,14,1
532,0.4734,"[1387.8, 328.4, 1463.4, 547.1]",118,"[1398.5831927649322, 330.40160217285154, 1463.4536724694426, 548.8316131591796]",0.8431,True,False,14,1
532,0.4059,"[871.4, 291.9, 997.0, 614.6]",,,0.0,False,False,14,1
532,0.3955,"[821.5, 323.0, 902.5, 541.7]",,,0.0,False,False,14,1
532,0.3908,"[1233.2, 364.2, 1265.6, 468.8]",,,0.0,False,False,14,1
532,0.3866,"[845.8, 284.7, 1003.7, 661.5]",,,0.0,False,False,14,1
532,0.3508,"[913.3, 288.2, 1030.7, 608.2]",,,0.0,False,False,14,1
532,0.2828,"[866.7, 316.6, 968.0, 579.8]",,,0.0,False,False,14,1
532,0.2445,"[839.0, 308.8, 943.0, 568.7]",,,0.0,False,False,14,1
532,0.1995,"[802.6, 309.7, 883.6, 565.0]",,,0.0,False,False,14,1
532,0.1382,"[-191.0, 23.6, 484.7, 1316.2]",,,0.0,False,False,14,1
532,0.1169,"[834.3, 239.8, 1030.1, 686.5]",,,0.0,False,False,14,1
533,0.4977,"[1441.8, 343.9, 1493.1, 532.2]",,,0.0,False,False,12,0
533,0.3633,"[846.5, 271.7, 1012.5, 688.2]",,,0.0,False,False,12,0
533,0.2744,"[872.8, 287.2, 1003.7, 620.0]",,,0.0,False,False,12,0
533,0.272,"[884.2, 266.8, 1031.4, 663.5]",,,0.0,False,False,12,0
533,0.2312,"[818.1, 304.3, 912.6, 559.6]",,,0.0,False,False,12,0
533,0.2144,"[857.9, 299.9, 976.7, 603.5]",,,0.0,False,False,12,0
533,0.2141,"[822.2, 283.3, 953.1, 693.9]",,,0.0,False,False,12,0
533,0.1713,"[914.6, 277.6, 1044.2, 635.2]",,,0.0,False,False,12,0
533,0.1634,"[1235.2, 363.2, 1267.7, 469.8]",,,0.0,False,False,12,0
533,0.15,"[834.3, 305.9, 939.6, 567.7]",,,0.0,False,False,12,0
533,0.1154,"[695.9, 357.8, 736.4, 489.4]",,,0.0,False,False,12,0
533,0.1013,"[1724.0, 837.0, 1764.5, 989.6]",,,0.0,False,False,12,0
534,0.5157,"[846.5, 268.1, 1011.2, 691.9]",,,0.0,False,False,10,0
534,0.3741,"[1448.6, 345.4, 1497.2, 524.5]",,,0.0,False,False,10,0
534,0.3702,"[878.2, 260.6, 1032.1, 673.0]",,,0.0,False,False,10,0
534,0.2851,"[814.1, 298.5, 914.0, 583.2]",,,0.0,False,False,10,0
534,0.2788,"[823.5, 276.8, 955.8, 702.0]",,,0.0,False,False,10,0
534,0.2425,"[874.1, 288.4, 1003.7, 631.1]",,,0.0,False,False,10,0
534,0.2049,"[911.9, 273.4, 1045.6, 647.3]",,,0.0,False,False,10,0
534,0.2007,"[860.6, 302.7, 975.4, 611.2]",,,0.0,False,False,10,0
534,0.1598,"[841.1, 302.4, 945.0, 604.1]",,,0.0,False,False,10,0
534,0.1079,"[-28.9, 235.6, 279.6, 1148.2]",,,0.0,False,False,10,0
535,0.5387,"[849.2, 275.2, 1003.1, 677.7]",,,0.0,False,False,13,0
535,0.3728,"[1451.2, 343.6, 1499.9, 543.4]",,,0.0,False,False,13,0
535,0.3568,"[882.9, 266.5, 1031.4, 671.6]",,,0.0,False,False,13,0
535,0.325,"[817.4, 278.1, 945.7, 687.8]",,,0.0,False,False,13,0
535,0.2188,"[917.3, 285.7, 1042.9, 637.2]",,,0.0,False,False,13,0
535,0.2035,"[812.7, 287.6, 920.7, 617.0]",,,0.0,False,False,13,0
535,0.1999,"[879.5, 291.8, 1001.0, 628.4]",,,0.0,False,False,13,0
535,0.1566,"[866.0, 302.4, 975.4, 612.9]",,,0.0,False,False,13,0
535,0.12,"[837.7, 295.3, 944.3, 616.6]",,,0.0,False,False,13,0
535,0.1171,"[814.7, 300.2, 909.2, 563.6]",,,0.0,False,False,13,0
535,0.114,"[1440.5, 339.9, 1494.5, 534.9]",,,0.0,False,False,13,0
535,0.1056,"[938.3, 310.5, 1046.2, 595.4]",,,0.0,False,False,13,0
535,0.1014,"[1160.3, 341.6, 1269.7, 652.7]",,,0.0,False,False,13,0
536,0.555,"[1400.0, 326.0, 1491.8, 544.0]",118,"[1405.9682819808925, 323.25092645140893, 1474.3859660659825, 546.0949597790598]",0.7332,True,False,11,1
536,0.5054,"[1455.3, 342.9, 1506.6, 523.8]",118,"[1405.9682819808925, 323.25092645140893, 1474.3859660659825, 546.0949597790598]",0.1638,False,False,11,1
536,0.2918,"[1401.3, 320.8, 1468.8, 535.3]",118,"[1405.9682819808925, 323.25092645140893, 1474.3859660659825, 546.0949597790598]",0.8122,True,False,11,1
536,0.2717,"[892.4, 279.6, 1030.1, 650.0]",,,0.0,False,False,11,1
536,0.2174,"[856.6, 280.0, 1002.4, 650.0]",,,0.0,False,False,11,1
536,0.1923,"[877.5, 293.6, 996.3, 608.2]",,,0.0,False,False,11,1
536,0.1748,"[920.7, 297.3, 1040.8, 605.1]",,,0.0,False,False,11,1
536,0.1546,"[862.7, 305.3, 966.6, 590.0]",,,0.0,False,False,11,1
536,0.1532,"[843.1, 303.1, 940.3, 587.2]",,,0.0,False,False,11,1
536,0.1349,"[1164.4, 341.2, 1269.7, 653.1]",,,0.0,False,False,11,1
536,0.1328,"[813.4, 296.0, 917.3, 582.9]",,,0.0,False,False,11,1
537,0.5364,"[806.6, 294.0, 910.6, 584.2]",,,0.0,False,False,15,2
537,0.525,"[1176.5, 328.2, 1268.3, 564.3]",116,"[1192.426738299248, 331.035220870362, 1266.6247753726268, 540.9119837194817]",0.7185,True,False,15,2
537,0.5051,"[1413.5, 332.8, 1499.9, 544.0]",,,0.0,False,False,15,2
537,0.3852,"[861.3, 295.0, 999.0, 623.0]",,,0.0,False,False,15,2
537,0.36,"[1455.3, 341.6, 1512.0, 524.5]",,,0.0,False,False,15,2
537,0.3537,"[1436.4, 339.5, 1503.9, 541.4]",,,0.0,False,False,15,2
537,0.3331,"[901.8, 294.8, 1022.0, 598.7]",,,0.0,False,False,15,2
537,0.2737,"[1149.5, 350.3, 1206.2, 531.2]",116,"[1192.426738299248, 331.035220870362, 1266.6247753726268, 540.9119837194817]",0.107,False,False,15,2
537,0.2397,"[865.4, 301.1, 970.7, 585.9]",,,0.0,False,False,15,2
537,0.2271,"[887.0, 305.1, 993.6, 584.6]",,,0.0,False,False,15,2
537,0.213,"[841.7, 302.4, 944.3, 583.2]",,,0.0,False,False,15,2
537,0.2016,"[922.7, 313.5, 1029.4, 578.1]",,,0.0,False,False,15,2
537,0.1521,"[944.3, 314.6, 1045.6, 567.0]",,,0.0,False,False,15,2
537,0.1145,"[1186.7, 330.6, 1256.9, 540.7]",116,"[1192.426738299248, 331.035220870362, 1266.6247753726268, 540.9119837194817]",0.8032,True,False,15,2
537,0.1119,"[538.7, 353.7, 617.0, 593.3]",117,"[534.6156604629111, 358.8129262912861, 611.3793346542764, 583.8266611110577]",0.832,True,False,15,2
538,0.5432,"[808.7, 299.2, 905.9, 587.2]",,,0.0,False,False,15,0
538,0.4346,"[860.6, 290.1, 994.3, 637.2]",,,0.0,False,False,15,0
538,0.3877,"[1454.0, 340.9, 1513.4, 540.7]",,,0.0,False,False,15,0
538,0.384,"[1184.0, 329.7, 1263.6, 543.0]",,,0.0,False,False,15,0
538,0.3467,"[893.0, 296.7, 1017.2, 624.0]",,,0.0,False,False,15,0
538,0.313,"[923.4, 321.3, 1027.3, 575.8]",,,0.0,False,False,15,0
538,0.2915,"[868.1, 310.3, 969.3, 588.6]",,,0.0,False,False,15,0
538,0.2882,"[538.3, 358.4, 618.0, 594.0]",,,0.0,False,False,15,0
538,0.2775,"[839.7, 303.8, 943.7, 594.0]",,,0.0,False,False,15,0
538,0.2433,"[885.6, 309.5, 989.6, 588.9]",,,0.0,False,False,15,0
538,0.2138,"[941.6, 327.7, 1036.1, 557.9]",,,0.0,False,False,15,0
538,0.159,"[1163.7, 330.4, 1270.4, 660.5]",,,0.0,False,False,15,0
538,0.1573,"[849.2, 266.3, 1019.3, 666.6]",,,0.0,False,False,15,0
538,0.1262,"[1150.2, 342.9, 1259.6, 621.7]",,,0.0,False,False,15,0
538,0.1115,"[1400.0, 324.3, 1502.6, 550.5]",,,0.0,False,False,15,0
539,0.5092,"[1190.0, 328.2, 1264.3, 535.3]",,,0.0,False,False,8,0
539,0.4236,"[902.5, 300.7, 1014.5, 599.1]",,,0.0,False,False,8,0
539,0.4166,"[835.7, 306.6, 935.6, 585.2]",,,0.0,False,False,8,0
539,0.3875,"[875.5, 284.7, 998.3, 633.2]",,,0.0,False,False,8,0
539,0.3293,"[923.4, 307.0, 1024.7, 575.1]",,,0.0,False,False,8,0
539,0.1946,"[1431.0, 337.8, 1506.6, 547.8]",,,0.0,False,False,8,0
539,0.106,"[952.4, 314.6, 1038.8, 561.6]",,,0.0,False,False,8,0
539,0.1042,"[-386.8, -160.7, 394.2, 1571.4]",,,0.0,False,False,8,0
540,0.4784,"[880.2, 292.3, 993.6, 604.1]",,,0.0,False,False,14,1
540,0.4659,"[901.1, 294.3, 1009.1, 586.6]",,,0.0,False,False,14,1
540,0.4227,"[-382.1, -258.5, 378.0, 1528.2]",,,0.0,False,False,14,1
540,0.4049,"[1455.3, 342.6, 1512.0, 545.1]",118,"[1410.6258256184349, 318.35721295857013, 1487.1244185221901, 557.9273329398674]",0.2758,False,False,14,1
540,0.3763,"[839.0, 310.8, 938.9, 588.9]",,,0.0,False,False,14,1
540,0.3438,"[924.1, 301.1, 1021.3, 564.3]",,,0.0,False,False,14,1
540,0.3226,"[1187.3, 329.2, 1258.9, 544.7]",,,0.0,False,False,14,1
540,0.2119,"[743.9, 353.4, 795.2, 508.6]",,,0.0,False,False,14,1
540,0.1825,"[837.7, 314.6, 918.7, 544.7]",,,0.0,False,False,14,1
540,0.1538,"[857.2, 314.9, 942.3, 555.9]",,,0.0,False,False,14,1
540,0.1264,"[947.7, 307.8, 1032.8, 552.8]",,,0.0,False,False,14,1
540,0.1242,"[878.2, 316.6, 964.6, 562.3]",,,0.0,False,False,14,1
540,0.1173,"[1393.2, 318.3, 1463.4, 523.5]",118,"[1410.6258256184349, 318.35721295857013, 1487.1244185221901, 557.9273329398674]",0.4941,True,False,14,1
540,0.1076,"[1390.5, 328.1, 1503.9, 552.2]",118,"[1410.6258256184349, 318.35721295857013, 1487.1244185221901, 557.9273329398674]",0.6446,True,False,14,1
541,0.5211,"[1189.4, 333.3, 1252.8, 540.0]",,,0.0,False,False,15,1
541,0.3998,"[906.5, 296.0, 1007.8, 566.0]",110,"[868.6278335561391, 325.05762514804576, 969.8589828501108, 597.1771160628916]",0.3851,True,False,15,1
541,0.3986,"[820.8, 280.3, 954.5, 633.8]",110,"[868.6278335561391, 325.05762514804576, 969.8589828501108, 597.1771160628916]",0.454,True,False,15,1
541,0.3859,"[853.9, 296.3, 990.2, 615.6]",110,"[868.6278335561391, 325.05762514804576, 969.8589828501108, 597.1771160628916]",0.6328,True,False,15,1
541,0.3294,"[844.4, 312.5, 937.6, 579.2]",110,"[868.6278335561391, 325.05762514804576, 969.8589828501108, 597.1771160628916]",0.5025,True,False,15,1
541,0.322,"[866.0, 301.9, 964.6, 580.5]",110,"[868.6278335561391, 325.05762514804576, 969.8589828501108, 597.1771160628916]",0.8037,True,False,15,1
541,0.3007,"[926.8, 301.7, 1028.0, 554.9]",110,"[868.6278335561391, 325.05762514804576, 969.8589828501108, 597.1771160628916]",0.2288,False,False,15,1
541,0.2727,"[913.3, 316.4, 988.9, 536.6]",110,"[868.6278335561391, 325.05762514804576, 969.8589828501108, 597.1771160628916]",0.3715,True,False,15,1
541,0.2536,"[-334.8, -104.0, 374.6, 1568.7]",,,0.0,False,False,15,1
541,0.2344,"[884.9, 315.2, 960.5, 537.3]",110,"[868.6278335561391, 325.05762514804576, 969.8589828501108, 597.1771160628916]",0.5672,True,False,15,1
541,0.1777,"[848.5, 317.2, 926.8, 538.7]",110,"[868.6278335561391, 325.05762514804576, 969.8589828501108, 597.1771160628916]",0.3826,True,False,15,1
541,0.1326,"[947.0, 316.9, 1037.5, 551.8]",110,"[868.6278335561391, 325.05762514804576, 969.8589828501108, 597.1771160628916]",0.1187,False,False,15,1
541,0.1283,"[871.4, 313.2, 949.7, 546.8]",110,"[868.6278335561391, 325.05762514804576, 969.8589828501108, 597.1771160628916]",0.6096,True,False,15,1
541,0.127,"[1254.2, 364.8, 1285.2, 470.8]",,,0.0,False,False,15,1
541,0.1147,"[933.5, 317.2, 1011.8, 537.3]",110,"[868.6278335561391, 325.05762514804576, 969.8589828501108, 597.1771160628916]",0.2081,False,False,15,1
542,0.5225,"[-420.2, -220.7, 333.8, 1490.4]",,,0.0,False,False,13,0
542,0.413,"[1252.8, 365.5, 1285.2, 473.5]",,,0.0,False,False,13,0
542,0.3787,"[812.7, 295.1, 935.6, 614.2]",,,0.0,False,False,13,0
542,0.3532,"[868.1, 307.5, 965.3, 587.6]",,,0.0,False,False,13,0
542,0.3019,"[941.6, 307.8, 1030.7, 554.9]",,,0.0,False,False,13,0
542,0.3003,"[887.0, 297.7, 988.2, 584.6]",,,0.0,False,False,13,0
542,0.2963,"[845.1, 301.4, 943.7, 594.3]",,,0.0,False,False,13,0
542,0.2597,"[909.9, 293.3, 1012.5, 572.7]",,,0.0,False,False,13,0
542,0.2492,"[841.1, 280.0, 981.5, 614.9]",,,0.0,False,False,13,0
542,0.1774,"[872.1, 327.0, 949.1, 543.7]",,,0.0,False,False,13,0
542,0.1375,"[903.8, 319.8, 983.5, 533.2]",,,0.0,False,False,13,0
542,0.1233,"[-316.1, -98.2, 316.4, 1212.3]",,,0.0,False,False,13,0
542,0.1116,"[927.5, 323.2, 1003.1, 529.2]",,,0.0,False,False,13,0
543,0.3281,"[-441.8, -252.5, 316.4, 1552.5]",,,0.0,False,False,12,0
543,0.297,"[938.3, 304.4, 1031.4, 548.1]",,,0.0,False,False,12,0
543,0.2774,"[808.7, 289.2, 914.0, 603.8]",,,0.0,False,False,12,0
543,0.261,"[866.0, 299.9, 967.3, 584.6]",,,0.0,False,False,12,0
543,0.2431,"[914.0, 290.6, 1015.2, 559.2]",,,0.0,False,False,12,0
543,0.2198,"[889.7, 292.3, 992.3, 571.7]",,,0.0,False,False,12,0
543,0.2145,"[813.4, 263.6, 967.3, 629.4]",,,0.0,False,False,12,0
543,0.1974,"[851.2, 306.1, 944.3, 591.6]",,,0.0,False,False,12,0
543,0.1792,"[1246.7, 359.8, 1285.9, 477.9]",,,0.0,False,False,12,0
543,0.1538,"[494.4, 380.7, 531.6, 502.2]",,,0.0,False,False,12,0
543,0.144,"[733.7, 352.4, 789.1, 517.0]",,,0.0,False,False,12,0
543,0.116,"[923.4, 321.0, 1003.1, 530.9]",,,0.0,False,False,12,0
544,0.4847,"[178.0, 399.6, 304.6, 724.3]",,,0.0,False,False,13,2
544,0.4789,"[791.8, 284.0, 891.7, 607.5]",114,"[789.3207090066323, 275.94510457838186, 890.9411318136803, 584.5655765739618]",0.8799,True,False,13,2
544,0.4754,"[1180.6, 329.6, 1248.1, 544.0]",116,"[1181.0140734768354, 328.0710157762065, 1251.2195691012896, 532.7727342237936]",0.8952,True,False,13,2
544,0.3854,"[-477.2, -323.3, 322.1, 1717.2]",,,0.0,False,False,13,2
544,0.3343,"[811.4, 288.6, 918.0, 615.3]",114,"[789.3207090066323, 275.94510457838186, 890.9411318136803, 584.5655765739618]",0.5524,True,False,13,2
544,0.2758,"[930.8, 305.4, 1019.9, 543.7]",,,0.0,False,False,13,2
544,0.2203,"[880.9, 292.6, 986.2, 572.7]",114,"[789.3207090066323, 275.94510457838186, 890.9411318136803, 584.5655765739618]",0.0486,False,False,13,2
544,0.168,"[841.1, 297.2, 942.3, 606.2]",114,"[789.3207090066323, 275.94510457838186, 890.9411318136803, 584.5655765739618]",0.2968,False,False,13,2
544,0.1553,"[860.0, 292.6, 969.3, 602.4]",114,"[789.3207090066323, 275.94510457838186, 890.9411318136803, 584.5655765739618]",0.161,False,False,13,2
544,0.1519,"[737.8, 351.0, 790.4, 517.0]",,,0.0046,False,False,13,2
544,0.1444,"[1238.6, 352.0, 1285.9, 484.3]",116,"[1181.0140734768354, 328.0710157762065, 1251.2195691012896, 532.7727342237936]",0.0879,False,False,13,2
544,0.1347,"[1249.4, 60.4, 1366.9, 407.0]",,,0.0026,False,False,13,2
544,0.1012,"[489.7, 378.0, 528.9, 502.2]",,,0.0,False,False,13,2
545,0.5407,"[170.6, 394.9, 296.8, 712.8]",,,0.0,False,False,12,1
545,0.4303,"[779.0, 283.2, 889.7, 611.9]",,,0.0,False,False,12,1
545,0.3354,"[-536.0, -348.3, 310.0, 1761.8]",,,0.0,False,False,12,1
545,0.3082,"[789.8, 274.4, 914.0, 635.5]",,,0.0,False,False,12,1
545,0.3003,"[1167.8, 327.7, 1247.4, 540.3]",,,0.0,False,False,12,1
545,0.268,"[819.5, 294.5, 931.5, 619.0]",,,0.0,False,False,12,1
545,0.2532,"[927.5, 315.6, 1013.9, 547.8]",,,0.0,False,False,12,1
545,0.2514,"[-438.8, -186.3, 261.2, 1532.2]",,,0.0,False,False,12,1
545,0.2223,"[875.5, 300.7, 982.1, 584.9]",,,0.0,False,False,12,1
545,0.2134,"[840.4, 298.4, 948.4, 603.5]",,,0.0,False,False,12,1
545,0.1428,"[859.3, 289.1, 968.6, 605.5]",,,0.0,False,False,12,1
545,0.1342,"[1234.6, 348.6, 1284.5, 485.7]",,,0.0,False,False,12,1
546,0.1798,"[-571.7, -347.0, 282.8, 1738.8]",,,0.0,False,False,8,0
546,0.1543,"[928.8, 333.8, 1008.5, 543.7]",,,0.0,False,False,8,0
546,0.1526,"[795.8, 280.6, 920.0, 621.7]",,,0.0,False,False,8,0
546,0.147,"[841.7, 310.2, 945.7, 594.3]",,,0.0,False,False,8,0
546,0.1451,"[825.5, 306.1, 928.1, 609.2]",,,0.0,False,False,8,0
546,0.1442,"[884.2, 322.7, 981.5, 560.9]",,,0.0,False,False,8,0
546,0.1349,"[868.7, 325.4, 964.6, 570.4]",,,0.0,False,False,8,0
546,0.1317,"[1231.9, 348.6, 1284.5, 484.3]",,,0.0,False,False,8,0
547,0.3092,"[1231.2, 345.6, 1282.5, 486.0]",,,0.0,False,False,9,0
547,0.2952,"[646.0, 351.0, 697.3, 533.9]",,,0.0,False,False,9,0
547,0.1651,"[839.7, 307.5, 954.5, 605.8]",,,0.0,False,False,9,0
547,0.161,"[816.8, 291.4, 941.0, 630.5]",,,0.0,False,False,9,0
547,0.155,"[1436.4, 314.6, 1498.5, 524.5]",,,0.0,False,False,9,0
547,0.1382,"[-569.0, -462.0, 280.1, 1753.7]",,,0.0,False,False,9,0
547,0.121,"[718.2, 353.7, 769.5, 524.5]",,,0.0,False,False,9,0
547,0.1182,"[874.1, 300.4, 984.8, 600.1]",,,0.0,False,False,9,0
547,0.1152,"[1397.2, 841.1, 1410.8, 872.1]",,,0.0,False,False,9,0
548,0.5087,"[574.1, 327.0, 646.3, 548.4]",107,"[570.8708734023714, 323.76640590116165, 649.4316168320036, 551.9418460519634]",0.8921,True,False,10,1
548,0.4706,"[768.2, 268.1, 942.3, 653.4]",,,0.0,False,False,10,1
548,0.4565,"[1425.6, 313.9, 1493.1, 542.0]",,,0.0,False,False,10,1
548,0.322,"[1458.0, 328.1, 1517.4, 525.8]",,,0.0,False,False,10,1
548,0.2858,"[820.8, 301.7, 935.6, 609.5]",,,0.0,False,False,10,1
548,0.2773,"[757.4, 281.3, 882.9, 617.6]",,,0.0,False,False,10,1
548,0.2669,"[797.2, 297.5, 913.3, 621.0]",,,0.0,False,False,10,1
548,0.2444,"[843.1, 307.6, 953.8, 595.4]",,,0.0,False,False,10,1
548,0.2045,"[901.1, 321.3, 986.2, 560.2]",,,0.0,False,False,10,1
548,0.1671,"[1112.4, 336.0, 1162.4, 525.2]",,,0.0,False,False,10,1
549,0.5582,"[1227.8, 350.3, 1264.3, 463.1]",,,0.0,False,False,8,0
549,0.3441,"[762.1, 266.0, 944.3, 683.1]",,,0.0,False,False,8,0
549,0.3402,"[779.6, 291.8, 916.0, 629.1]",,,0.0,False,False,8,0
549,0.2561,"[1456.7, 333.6, 1513.4, 523.8]",,,0.0,False,False,8,0
549,0.2141,"[841.7, 311.7, 948.4, 599.4]",,,0.0,False,False,8,0
549,0.1679,"[774.9, 305.8, 888.3, 589.3]",,,0.0,False,False,8,0
549,0.1337,"[809.3, 292.3, 936.2, 623.7]",,,0.0,False,False,8,0
549,0.122,"[887.0, 320.3, 978.8, 583.5]",,,0.0,False,False,8,0
550,0.453,"[757.4, 269.8, 936.9, 680.4]",,,0.0,False,False,10,1
550,0.4025,"[1455.3, 338.9, 1506.6, 515.0]",,,0.0,False,False,10,1
550,0.3793,"[761.4, 292.4, 900.5, 641.9]",,,0.0,False,False,10,1
550,0.3044,"[555.2, 325.0, 629.4, 551.1]",107,"[554.4118192192833, 325.17046681878617, 631.7797091010292, 551.5731244898076]",0.9572,True,False,10,1
550,0.2465,"[787.1, 291.8, 923.4, 639.2]",,,0.0,False,False,10,1
550,0.222,"[747.9, 289.7, 868.1, 637.9]",,,0.0,False,False,10,1
550,0.2112,"[842.4, 319.6, 947.7, 583.5]",,,0.0,False,False,10,1
550,0.1698,"[824.2, 309.5, 938.9, 611.9]",,,0.0,False,False,10,1
550,0.1532,"[871.4, 325.2, 963.2, 559.6]",,,0.0,False,False,10,1
550,0.1078,"[794.5, 770.2, 967.3, 1240.0]",,,0.0,False,False,10,1
551,0.4318,"[727.7, 851.2, 901.8, 1267.0]",,,0.0,False,False,11,1
551,0.4098,"[1221.1, 350.0, 1256.2, 462.0]",,,0.0,False,False,11,1
551,0.356,"[1451.2, 340.7, 1508.0, 520.4]",,,0.0,False,False,11,1
551,0.2866,"[841.7, 312.0, 944.3, 575.8]",,,0.0,False,False,11,1
551,0.2816,"[757.4, 263.1, 936.9, 655.4]",,,0.0,False,False,11,1
551,0.2401,"[774.9, 301.7, 889.7, 608.9]",,,0.0,False,False,11,1
551,0.2229,"[797.9, 308.5, 904.5, 600.1]",,,0.0,False,False,11,1
551,0.1986,"[626.4, 344.9, 685.8, 529.2]",,,0.0,False,False,11,1
551,0.1763,"[830.9, 319.3, 922.7, 569.0]",,,0.0,False,False,11,1
551,0.1733,"[870.8, 317.8, 959.9, 556.2]",,,0.0,False,False,11,1
551,0.1174,"[812.0, 295.5, 928.1, 610.9]",,,0.0,False,False,11,1
552,0.2024,"[459.7, 425.9, 573.8, 692.6]",,,0.0,False,False,7,0
552,0.174,"[819.5, 297.7, 930.2, 593.3]",,,0.0,False,False,7,0
552,0.1653,"[795.2, 298.7, 916.7, 610.5]",,,0.0,False,False,7,0
552,0.1257,"[841.1, 300.4, 943.7, 580.5]",,,0.0,False,False,7,0
552,0.1229,"[762.1, 288.1, 895.7, 624.4]",,,0.0,False,False,7,0
552,0.1079,"[752.0, 259.4, 928.8, 652.1]",,,0.0,False,False,7,0
552,0.1036,"[-488.4, -83.0, 151.5, 1722.6]",,,0.0,False,False,7,0
553,0.5465,"[-403.3, 356.4, 78.6, 1721.2]",77,"[-461.86050125643715, 229.70148794448232, 101.25860306307777, 1779.8135267039552]",0.7536,True,False,5,1
553,0.4474,"[1123.2, 352.4, 1182.6, 531.2]",,,0.0,False,False,5,1
553,0.2199,"[818.8, 305.1, 920.0, 574.4]",,,0.0,False,False,5,1
553,0.1508,"[843.1, 308.5, 937.6, 554.2]",,,0.0,False,False,5,1
553,0.1386,"[468.5, 421.9, 569.0, 687.8]",,,0.0,False,False,5,1
554,0.5187,"[1209.6, 348.3, 1247.4, 459.0]",,,0.0,False,False,6,0
554,0.4747,"[1366.2, 307.1, 1436.4, 547.4]",,,0.0,False,False,6,0
554,0.2625,"[807.3, 287.9, 918.0, 578.8]",,,0.0,False,False,6,0
554,0.1916,"[219.2, 292.6, 341.0, 730.4]",,,0.0,False,False,6,0
554,0.1835,"[794.5, 309.2, 886.3, 560.9]",,,0.0,False,False,6,0
554,0.1048,"[761.4, 303.9, 854.6, 556.2]",,,0.0,False,False,6,0
555,0.3143,"[793.1, 283.5, 901.1, 589.3]",,,0.0,False,False,6,1
555,0.2832,"[776.2, 313.2, 865.4, 568.4]",,,0.0,False,False,6,1
555,0.224,"[1204.9, 345.9, 1246.7, 473.5]",,,0.0,False,False,6,1
555,0.1923,"[1503.9, 344.4, 1563.3, 563.0]",108,"[1497.4942955431832, 346.88621485483014, 1559.8526282849418, 567.1021274303262]",0.8267,True,False,6,1
555,0.1784,"[458.7, 415.5, 552.5, 694.6]",,,0.0,False,False,6,1
555,0.1131,"[494.4, 320.6, 586.9, 599.4]",,,0.0,False,False,6,1
556,0.4672,"[1100.9, 338.9, 1165.7, 540.7]",116,"[1123.5228224580023, 318.99465596835347, 1205.8905076201227, 539.550143836334]",0.3719,True,False,8,3
556,0.4106,"[511.0, 320.6, 596.7, 552.2]",107,"[508.3615386499921, 322.80386887589134, 589.5917084203204, 560.5942024131712]",0.8532,True,False,8,3
556,0.391,"[1134.7, 318.4, 1199.5, 542.0]",116,"[1123.5228224580023, 318.99465596835347, 1205.8905076201227, 539.550143836334]",0.7783,True,False,8,3
556,0.3638,"[778.3, 300.4, 880.9, 585.2]",,,0.0,False,False,8,3
556,0.325,"[358.8, 347.3, 414.8, 534.3]",122,"[356.25844375886084, 345.6843738442992, 420.3518467684829, 531.7165050619508]",0.8563,True,False,8,3
556,0.2479,"[751.3, 308.1, 852.5, 582.2]",,,0.0,False,False,8,3
556,0.1737,"[795.2, 298.7, 899.1, 581.5]",,,0.0,False,False,8,3
556,0.1338,"[1395.9, 32.7, 1520.1, 256.8]",,,0.0,False,False,8,3
557,0.5003,"[701.3, 276.8, 813.4, 594.7]",,,0.0,False,False,8,0
557,0.3381,"[754.7, 313.9, 843.8, 590.6]",,,0.0,False,False,8,0
557,0.2905,"[769.5, 320.5, 864.0, 586.6]",,,0.0,False,False,8,0
557,0.2234,"[781.0, 310.3, 884.9, 583.2]",,,0.0,False,False,8,0
557,0.2168,"[1201.5, 346.6, 1250.1, 490.4]",,,0.0,False,False,8,0
557,0.2081,"[475.2, 331.3, 564.3, 602.1]",,,0.0,False,False,8,0
557,0.1846,"[1499.9, 365.2, 1583.6, 610.2]",,,0.0,False,False,8,0
557,0.1171,"[822.8, 310.8, 917.3, 575.4]",,,0.0,False,False,8,0
558,0.3354,"[698.0, 294.0, 801.9, 596.4]",,,0.0,False,False,7,0
558,0.3332,"[753.3, 315.9, 842.4, 592.7]",,,0.0,False,False,7,0
558,0.2957,"[774.2, 301.2, 879.5, 589.3]",,,0.0,False,False,7,0
558,0.2095,"[478.9, 316.9, 582.2, 615.3]",,,0.0,False,False,7,0
558,0.1677,"[1501.2, 396.2, 1560.6, 569.7]",,,0.0,False,False,7,0
558,0.1319,"[775.6, 329.4, 863.3, 564.3]",,,0.0,False,False,7,0
558,0.129,"[187.1, 292.8, 313.7, 732.4]",,,0.0,False,False,7,0
559,0.5556,"[36.8, 402.0, 155.2, 744.5]",124,"[35.41825008816302, 393.26203704417617, 167.8406610446495, 777.3206045573863]",0.7979,True,False,13,1
559,0.4196,"[744.5, 314.6, 833.6, 597.4]",,,0.0,False,False,13,1
559,0.3864,"[480.9, 322.7, 577.5, 621.0]",,,0.0,False,False,13,1
559,0.3566,"[764.1, 314.4, 855.9, 596.0]",,,0.0,False,False,13,1
559,0.3094,"[781.7, 311.0, 877.5, 592.0]",,,0.0,False,False,13,1
559,0.3002,"[723.6, 309.2, 820.8, 600.1]",,,0.0,False,False,13,1
559,0.2404,"[794.5, 302.1, 898.4, 588.3]",,,0.0,False,False,13,1
559,0.1797,"[779.6, 337.5, 860.6, 565.7]",,,0.0,False,False,13,1
559,0.1671,"[829.6, 330.6, 906.5, 531.9]",,,0.0,False,False,13,1
559,0.1566,"[704.7, 300.2, 801.9, 598.7]",,,0.0,False,False,13,1
559,0.1227,"[791.1, 330.8, 870.8, 550.1]",,,0.0,False,False,13,1
559,0.1173,"[1202.9, 347.6, 1247.4, 502.2]",,,0.0,False,False,13,1
559,0.108,"[821.5, 320.0, 910.6, 568.4]",,,0.0,False,False,13,1
560,0.205,"[700.7, 296.5, 814.1, 612.2]",114,"[686.94148165023, 327.29648857691905, 777.0791482325826, 601.9543659152685]",0.5305,True,False,4,1
560,0.19,"[1202.2, 349.3, 1252.1, 493.1]",,,0.0,False,False,4,1
560,0.1755,"[785.0, 316.2, 886.3, 586.9]",,,0.0,False,False,4,1
560,0.1204,"[768.2, 319.8, 866.7, 590.6]",114,"[686.94148165023, 327.29648857691905, 777.0791482325826, 601.9543659152685]",0.0479,False,False,4,1
561,0.5522,"[1349.3, 309.8, 1420.2, 552.2]",127,"[1354.7672678174806, 309.9497009277344, 1423.2547048387694, 556.5947326660157]",0.8699,True,False,6,2
561,0.1972,"[785.0, 314.9, 882.2, 576.1]",,,0.0,False,False,6,2
561,0.1506,"[826.2, 330.8, 907.2, 562.3]",,,0.0,False,False,6,2
561,0.1216,"[797.9, 309.5, 903.2, 607.2]",,,0.0,False,False,6,2
561,0.1184,"[109.5, 167.1, 169.1, 333.1]",,,0.0,False,False,6,2
561,0.1127,"[770.2, 317.1, 863.3, 574.4]",,,0.0,False,False,6,2
562,0.5277,"[344.6, 351.0, 412.1, 546.8]",122,"[347.94437959463784, 351.6749860455608, 412.7413503858309, 540.299806434908]",0.9072,True,False,8,2
562,0.2649,"[-22.2, 400.3, 119.9, 644.6]",124,"[0.7203963323063931, 406.7285518866486, 104.81748361154126, 696.1452274102264]",0.6178,True,False,8,2
562,0.1786,"[-25.9, 400.6, 127.0, 725.0]",124,"[0.7203963323063931, 406.7285518866486, 104.81748361154126, 696.1452274102264]",0.6076,True,False,8,2
562,0.1746,"[781.7, 317.6, 881.6, 588.9]",,,0.0,False,False,8,2
562,0.1448,"[835.0, 346.3, 902.5, 523.8]",,,0.0,False,False,8,2
562,0.1199,"[767.5, 320.6, 860.6, 579.2]",,,0.0,False,False,8,2
562,0.1149,"[814.7, 329.1, 901.1, 576.8]",,,0.0,False,False,8,2
562,0.1037,"[807.3, 324.8, 881.6, 533.2]",,,0.0,False,False,8,2
563,0.3687,"[163.5, 295.7, 288.1, 727.0]",,,0.0,False,False,9,0
563,0.3386,"[559.2, 358.4, 609.9, 520.4]",,,0.0,False,False,9,0
563,0.2556,"[819.5, 339.2, 900.5, 557.2]",,,0.0,False,False,9,0
563,0.2124,"[778.3, 316.9, 889.0, 595.7]",,,0.0,False,False,9,0
563,0.1826,"[808.7, 337.8, 882.9, 541.0]",,,0.0,False,False,9,0
563,0.1641,"[764.1, 321.0, 866.7, 593.0]",,,0.0,False,False,9,0
563,0.1626,"[706.1, 308.5, 808.7, 606.2]",,,0.0,False,False,9,0
563,0.151,"[728.3, 316.2, 829.6, 601.1]",,,0.0,False,False,9,0
563,0.1255,"[831.6, 352.4, 901.8, 530.5]",,,0.0,False,False,9,0
564,0.337,"[1222.4, 353.7, 1258.9, 464.4]",,,0.0,False,False,7,0
564,0.2556,"[160.3, 294.8, 285.5, 737.8]",,,0.0,False,False,7,0
564,0.2148,"[772.9, 304.1, 894.4, 625.4]",,,0.0,False,False,7,0
564,0.1745,"[567.0, 357.4, 615.6, 526.8]",,,0.0,False,False,7,0
564,0.164,"[760.1, 309.8, 872.1, 612.2]",,,0.0,False,False,7,0
564,0.1555,"[810.7, 328.1, 901.1, 587.2]",,,0.0,False,False,7,0
564,0.1178,"[747.2, 317.9, 848.5, 604.8]",,,0.0,False,False,7,0
565,0.5005,"[522.8, 331.8, 597.0, 559.2]",117,"[523.0806423112261, 328.8168810929402, 599.981125266899, 554.898267832841]",0.9285,True,False,8,1
565,0.3584,"[797.2, 325.9, 901.1, 581.2]",,,0.0,False,False,8,1
565,0.3143,"[1223.8, 350.0, 1264.3, 482.3]",,,0.0,False,False,8,1
565,0.3122,"[774.9, 316.6, 891.0, 596.0]",,,0.0,False,False,8,1
565,0.2608,"[162.3, 289.1, 288.2, 754.7]",,,0.0,False,False,8,1
565,0.2239,"[822.2, 337.2, 905.9, 571.4]",,,0.0,False,False,8,1
565,0.1944,"[749.9, 325.7, 845.8, 598.4]",,,0.0,False,False,8,1
565,0.1678,"[770.9, 330.1, 860.0, 583.9]",,,0.0,False,False,8,1
566,0.5291,"[498.5, 322.1, 588.3, 631.1]",107,"[491.2138622653538, 323.62836023814907, 595.7006885158962, 632.0532803868509]",0.8531,True,False,11,1
566,0.4709,"[1238.6, 353.7, 1269.7, 450.2]",,,0.0,False,False,11,1
566,0.361,"[716.2, 322.0, 814.7, 602.8]",,,0.0,False,False,11,1
566,0.3556,"[737.8, 323.2, 835.0, 598.7]",,,0.0,False,False,11,1
566,0.3311,"[766.1, 325.9, 860.6, 589.3]",,,0.0,False,False,11,1
566,0.2974,"[784.4, 326.2, 880.2, 581.9]",,,0.0,False,False,11,1
566,0.2952,"[530.5, 329.7, 602.1, 551.1]",107,"[491.2138622653538, 323.62836023814907, 595.7006885158962, 632.0532803868509]",0.4287,True,False,11,1
566,0.2786,"[802.6, 329.1, 895.7, 567.3]",,,0.0,False,False,11,1
566,0.2748,"[578.1, 354.4, 628.1, 535.3]",107,"[491.2138622653538, 323.62836023814907, 595.7006885158962, 632.0532803868509]",0.0834,False,False,11,1
566,0.2332,"[824.2, 338.5, 903.8, 556.5]",,,0.0,False,False,11,1
566,0.1346,"[698.6, 315.7, 793.1, 594.0]",,,0.0,False,False,11,1
567,0.5198,"[-11.3, 400.6, 109.7, 714.2]",124,"[-16.99094981371327, 394.72313683448124, 105.04003733812733, 718.6428299623938]",0.8904,True,False,12,1
567,0.5058,"[503.2, 325.4, 591.0, 633.2]",,,0.0,False,False,12,1
567,0.5025,"[1247.4, 355.1, 1275.8, 440.1]",,,0.0,False,False,12,1
567,0.4038,"[583.9, 351.0, 634.5, 533.2]",,,0.0,False,False,12,1
567,0.3225,"[531.6, 325.7, 603.8, 555.2]",,,0.0,False,False,12,1
567,0.2445,"[163.0, 286.4, 294.0, 778.3]",,,0.0,False,False,12,1
567,0.2129,"[760.1, 316.2, 872.1, 599.7]",,,0.0,False,False,12,1
567,0.1813,"[830.9, 350.3, 901.1, 517.0]",,,0.0,False,False,12,1
567,0.1409,"[781.7, 319.6, 889.7, 597.7]",,,0.0,False,False,12,1
567,0.1256,"[808.7, 327.4, 897.8, 566.3]",,,0.0,False,False,12,1
567,0.1194,"[734.4, 312.5, 841.1, 600.8]",,,0.0,False,False,12,1
567,0.1154,"[1567.4, 331.6, 1648.4, 573.8]",,,0.0,False,False,12,1
568,0.4616,"[1255.5, 357.8, 1282.5, 428.0]",,,0.0,False,False,11,0
568,0.4602,"[497.1, 319.6, 588.9, 632.8]",,,0.0,False,False,11,0
568,0.3665,"[535.3, 326.4, 606.2, 553.8]",,,0.0,False,False,11,0
568,0.2862,"[1701.0, 570.4, 1709.1, 596.7]",,,0.0,False,False,11,0
568,0.2521,"[832.3, 346.3, 903.8, 533.9]",,,0.0,False,False,11,0
568,0.2498,"[768.2, 319.8, 862.7, 585.9]",,,0.0,False,False,11,0
568,0.2221,"[818.1, 334.1, 897.8, 560.9]",,,0.0,False,False,11,0
568,0.2178,"[731.7, 311.3, 833.0, 592.7]",,,0.0,False,False,11,0
568,0.217,"[455.6, 304.8, 567.0, 637.5]",,,0.0,False,False,11,0
568,0.2072,"[1246.7, 392.9, 1289.9, 486.0]",,,0.0,False,False,11,0
568,0.1476,"[591.3, 351.0, 641.2, 520.4]",,,0.0,False,False,11,0
569,0.5059,"[1495.8, 327.5, 1566.0, 543.4]",,,0.0,False,False,10,0
569,0.3826,"[510.3, 318.8, 602.8, 635.2]",,,0.0,False,False,10,0
569,0.3011,"[774.2, 319.3, 878.2, 583.9]",,,0.0,False,False,10,0
569,0.2827,"[1074.6, 472.2, 2027.7, 1302.8]",,,0.0,False,False,10,0
569,0.2538,"[734.4, 317.6, 830.2, 584.2]",,,0.0,False,False,10,0
569,0.2491,"[539.0, 321.6, 613.2, 552.5]",,,0.0,False,False,10,0
569,0.2281,"[796.5, 323.7, 889.7, 572.1]",,,0.0,False,False,10,0
569,0.1794,"[1341.2, 351.3, 1394.6, 518.1]",,,0.0,False,False,10,0
569,0.1677,"[594.0, 346.6, 645.3, 524.1]",,,0.0,False,False,10,0
569,0.1291,"[828.9, 342.4, 905.9, 537.3]",,,0.0,False,False,10,0
570,0.5639,"[-17.3, 382.1, 96.9, 735.8]",124,"[-21.896952864290427, 387.77894584000796, 99.90279698050136, 714.083847128742]",0.8689,True,False,6,1
570,0.3191,"[175.8, 285.5, 285.5, 706.1]",,,0.0,False,False,6,1
570,0.1676,"[600.1, 345.9, 651.4, 518.7]",,,0.0,False,False,6,1
570,0.1631,"[768.2, 303.8, 878.9, 588.6]",,,0.0,False,False,6,1
570,0.151,"[795.8, 306.8, 905.2, 578.1]",,,0.0,False,False,6,1
570,0.1506,"[734.4, 310.8, 835.7, 585.6]",,,0.0,False,False,6,1
571,0.4339,"[-15.2, 384.8, 101.8, 730.4]",,,0.0,False,False,9,2
571,0.2518,"[549.5, 319.6, 621.7, 549.1]",117,"[549.8369462157967, 318.4242335777917, 627.6448653076409, 548.7323215979895]",0.9126,True,False,9,2
571,0.2358,"[1853.6, 319.1, 1967.0, 705.4]",,,0.0,False,False,9,2
571,0.2251,"[485.0, 300.9, 602.4, 638.6]",107,"[504.73641081573203, 320.3730076122339, 609.9309475827055, 634.1048366260475]",0.7296,True,False,9,2
571,0.1989,"[795.8, 298.4, 914.6, 589.3]",,,0.0,False,False,9,2
571,0.1663,"[758.0, 306.3, 864.7, 581.9]",,,0.0,False,False,9,2
571,0.1635,"[736.4, 304.8, 839.0, 582.9]",,,0.0,False,False,9,2
571,0.1471,"[776.9, 307.1, 883.6, 580.5]",,,0.0,False,False,9,2
571,0.1113,"[607.8, 347.3, 657.8, 512.0]",117,"[549.8369462157967, 318.4242335777917, 627.6448653076409, 548.7323215979895]",0.1426,False,False,9,2
572,0.4031,"[-11.3, 384.8, 103.4, 716.2]",,,0.0,False,False,8,1
572,0.3258,"[612.9, 343.6, 668.2, 518.4]",,,0.0,False,False,8,1
572,0.3008,"[550.8, 317.6, 627.1, 546.4]",,,0.0,False,False,8,1
572,0.2796,"[1267.0, 300.2, 1334.5, 540.7]",,,0.0,False,False,8,1
572,0.1735,"[806.0, 305.8, 912.6, 585.9]",110,"[864.3392473871373, 311.135322901952, 965.5742047613002, 583.2548138167979]",0.2965,False,False,8,1
572,0.1621,"[515.4, 310.7, 618.0, 635.2]",,,0.0,False,False,8,1
572,0.1397,"[478.6, 290.4, 603.5, 637.2]",,,0.0,False,False,8,1
572,0.1184,"[764.8, 296.3, 879.5, 594.7]",110,"[864.3392473871373, 311.135322901952, 965.5742047613002, 583.2548138167979]",0.0717,False,False,8,1
573,0.5627,"[825.5, 306.3, 933.5, 614.9]",,,0.0,False,False,10,0
573,0.3659,"[556.5, 315.6, 632.8, 550.5]",,,0.0,False,False,10,0
573,0.336,"[619.7, 339.5, 675.7, 523.1]",,,0.0,False,False,10,0
573,0.2445,"[515.0, 296.3, 615.6, 631.1]",,,0.0,False,False,10,0
573,0.2411,"[1265.6, 337.7, 1311.5, 501.5]",,,0.0,False,False,10,0
573,0.226,"[-24.1, 374.0, 87.4, 710.8]",,,0.0,False,False,10,0
573,0.177,"[807.3, 307.5, 904.5, 578.8]",,,0.0,False,False,10,0
573,0.1628,"[778.3, 304.4, 879.5, 577.8]",,,0.0,False,False,10,0
573,0.1413,"[1540.4, 744.5, 1672.7, 1084.7]",,,0.0,False,False,10,0
573,0.1365,"[760.7, 308.0, 857.9, 571.7]",,,0.0,False,False,10,0
574,0.5028,"[564.6, 316.1, 642.3, 544.0]",,,0.0,False,False,11,0
574,0.4221,"[828.9, 320.3, 918.0, 565.3]",,,0.0,False,False,11,0
574,0.4164,"[774.2, 312.9, 868.7, 576.1]",,,0.0,False,False,11,0
574,0.3157,"[1543.1, 328.1, 1602.5, 536.0]",,,0.0,False,False,11,0
574,0.2336,"[528.2, 311.0, 630.8, 634.5]",,,0.0,False,False,11,0
574,0.2251,"[-22.9, 377.7, 80.7, 674.0]",,,0.0,False,False,11,0
574,0.19,"[739.1, 304.1, 832.3, 578.8]",,,0.0,False,False,11,0
574,0.1824,"[801.2, 319.3, 886.3, 550.1]",,,0.0,False,False,11,0
574,0.1725,"[847.8, 323.0, 935.6, 592.3]",,,0.0,False,False,11,0
574,0.1189,"[1486.4, 122.5, 1505.2, 197.4]",,,0.0,False,False,11,0
574,0.1031,"[764.1, 315.2, 849.2, 562.3]",,,0.0,False,False,11,0
575,0.5453,"[536.3, 333.5, 629.4, 633.8]",,,0.0,False,False,10,0
575,0.5398,"[1551.2, 328.1, 1607.9, 552.2]",,,0.0,False,False,10,0
575,0.4916,"[1292.6, 331.1, 1353.4, 536.3]",,,0.0,False,False,10,0
575,0.4361,"[564.0, 314.7, 645.6, 548.1]",,,0.0,False,False,10,0
575,0.3378,"[775.6, 318.9, 864.7, 570.7]",,,0.0,False,False,10,0
575,0.1982,"[790.4, 325.7, 868.7, 545.1]",,,0.0,False,False,10,0
575,0.1713,"[768.8, 318.3, 847.1, 553.8]",,,0.0,False,False,10,0
575,0.1526,"[746.6, 312.9, 835.7, 563.3]",,,0.0,False,False,10,0
575,0.1423,"[507.6, 296.5, 625.1, 633.2]",,,0.0,False,False,10,0
575,0.1248,"[635.2, 340.2, 693.2, 525.2]",,,0.0,False,False,10,0
576,0.4741,"[514.4, 290.8, 632.5, 637.9]",,,0.0,False,False,4,0
576,0.466,"[1559.2, 329.4, 1616.0, 539.3]",,,0.0,False,False,4,0
576,0.4539,"[570.0, 317.2, 650.4, 545.4]",,,0.0,False,False,4,0
576,0.2147,"[828.2, 320.0, 913.3, 572.4]",,,0.0,False,False,4,0
577,0.4222,"[575.1, 319.6, 652.1, 545.7]",,,0.0,False,False,4,0
577,0.3775,"[519.8, 300.2, 633.2, 641.2]",,,0.0,False,False,4,0
577,0.1727,"[812.7, 313.9, 912.6, 594.0]",,,0.0,False,False,4,0
577,0.1043,"[1185.3, -43.9, 2322.0, 1706.4]",,,0.0,False,False,4,0
578,0.5099,"[519.4, 295.5, 633.5, 645.3]",,,0.0,False,False,2,1
578,0.1012,"[791.8, 306.8, 916.0, 613.2]",114,"[832.9197064311538, 319.14134216308594, 940.3691119282212, 612.4626007080078]",0.5388,True,False,2,1
579,0.5367,"[889.0, 335.8, 945.7, 502.5]",,,0.0,False,False,8,0
579,0.4898,"[527.2, 307.3, 637.2, 646.7]",,,0.0,False,False,8,0
579,0.3018,"[903.2, 344.4, 946.4, 489.7]",,,0.0,False,False,8,0
579,0.1933,"[-14.5, 217.4, 285.4, 959.8]",,,0.0,False,False,8,0
579,0.1267,"[1346.6, 306.6, 1464.8, 579.8]",,,0.0,False,False,8,0
579,0.1156,"[814.7, 320.6, 906.5, 596.0]",,,0.0,False,False,8,0
579,0.1046,"[497.8, 281.8, 628.1, 644.3]",,,0.0,False,False,8,0
579,0.1028,"[1655.1, 352.4, 1695.6, 479.3]",,,0.0,False,False,8,0
580,0.497,"[534.3, 319.6, 640.2, 650.4]",,,0.0,False,False,8,0
580,0.3947,"[838.4, 320.0, 931.5, 585.2]",,,0.0,False,False,8,0
580,0.2614,"[808.0, 323.7, 893.0, 568.7]",,,0.0,False,False,8,0
580,0.1667,"[1304.1, 354.0, 1362.2, 539.7]",,,0.0,False,False,8,0
580,0.1637,"[250.8, 399.6, 399.3, 766.1]",,,0.0,False,False,8,0
580,0.1481,"[798.5, 332.8, 876.8, 566.3]",,,0.0,False,False,8,0
580,0.121,"[439.8, 287.9, 549.8, 623.4]",,,0.0,False,False,8,0
580,0.1078,"[1113.8, -256.8, 2191.1, 1559.2]",,,0.0,False,False,8,0
581,0.5199,"[1580.9, 334.1, 1637.6, 531.2]",,,0.0,False,False,5,0
581,0.1891,"[1042.2, -231.9, 2173.5, 1568.7]",,,0.0,False,False,5,0
581,0.1658,"[1304.1, 336.2, 1363.5, 543.4]",,,0.0,False,False,5,0
581,0.1215,"[899.8, 341.9, 947.0, 493.1]",,,0.0,False,False,5,0
581,0.1192,"[1163.7, -241.7, 2473.2, 1768.5]",,,0.0,False,False,5,0
582,0.2109,"[1200.2, -332.1, 2215.4, 1620.0]",,,0.0,False,False,2,0
582,0.1375,"[1289.9, 336.0, 1350.7, 542.7]",,,0.0,False,False,2,0
583,0.2036,"[-15.9, 217.4, 241.3, 965.2]",,,0.0,False,False,2,0
583,0.123,"[1202.2, -223.1, 2065.5, 1452.6]",,,0.0,False,False,2,0
584,0.3248,"[899.1, 331.4, 959.9, 498.2]",114,"[905.8991441518416, 333.46183861754486, 959.5384779184708, 479.95484839417384]",0.7758,True,False,2,3
584,0.1151,"[1196.8, 332.4, 1250.8, 543.7]",,,0.0,False,False,2,3
585,0.2503,"[18.6, 325.0, 197.8, 970.7]",,,0.0,False,False,1,0
586,0.3994,"[1602.5, 320.3, 1659.2, 527.5]",,,0.0,False,False,2,1
586,0.1953,"[793.8, 290.8, 915.3, 593.3]",,,0.0,False,False,2,1
587,0.4781,"[902.5, 330.1, 964.6, 488.0]",114,"[906.221773712094, 323.90368934294924, 967.130277069156, 488.3978243289257]",0.8686,True,False,6,1
587,0.4451,"[1606.5, 321.5, 1674.0, 521.1]",,,0.0,False,False,6,1
587,0.3225,"[635.2, 349.7, 675.7, 499.5]",,,0.0,False,False,6,1
587,0.1506,"[918.7, 336.3, 967.3, 486.7]",114,"[906.221773712094, 323.90368934294924, 967.130277069156, 488.3978243289257]",0.7256,True,False,6,1
587,0.1495,"[1242.7, -47.2, 2394.9, 1564.7]",,,0.0,False,False,6,1
587,0.1064,"[1422.9, 851.9, 1474.2, 1036.8]",,,0.0,False,False,6,1
588,0.3261,"[903.8, 328.6, 970.0, 488.7]",,,0.0,False,False,1,0
589,0.4226,"[908.6, 327.7, 973.4, 485.7]",,,0.0,False,False,6,1
589,0.3333,"[1616.0, 312.5, 1675.4, 530.5]",,,0.0,False,False,6,1
589,0.2986,"[1703.7, 769.5, 1725.3, 847.8]",,,0.0,False,False,6,1
589,0.2672,"[1686.2, 325.9, 1734.8, 461.7]",,,0.0,False,False,6,1
589,0.1576,"[414.1, 285.2, 528.9, 646.3]",122,"[391.86629168621926, 328.185043824171, 460.6246140754995, 528.6590113516103]",0.2032,False,False,6,1
589,0.1452,"[392.9, 325.7, 459.7, 531.6]",122,"[391.86629168621926, 328.185043824171, 460.6246140754995, 528.6590113516103]",0.9471,True,False,6,1
590,0.4361,"[1618.7, 309.2, 1678.1, 529.2]",,,0.0,False,False,5,0
590,0.3118,"[910.6, 327.4, 976.7, 489.4]",,,0.0,False,False,5,0
590,0.1925,"[407.4, 269.0, 528.2, 642.3]",,,0.0,False,False,5,0
590,0.1491,"[1688.9, 324.0, 1737.5, 458.3]",,,0.0,False,False,5,0
590,0.1337,"[1211.6, 304.6, 1272.4, 539.3]",,,0.0,False,False,5,0
591,0.3509,"[396.2, 275.4, 523.1, 636.5]",,,0.0,False,False,6,0
591,0.2338,"[913.3, 327.0, 983.5, 490.4]",,,0.0,False,False,6,0
591,0.1946,"[1683.5, 322.8, 1742.9, 470.5]",,,0.0,False,False,6,0
591,0.1718,"[1671.3, 316.4, 1744.2, 506.9]",,,0.0,False,False,6,0
591,0.166,"[-198.8, 144.1, 75.7, 1009.8]",,,0.0,False,False,6,0
591,0.1423,"[391.5, 175.5, 539.3, 645.3]",,,0.0,False,False,6,0
592,0.3215,"[1346.0, 287.7, 1421.6, 558.9]",,,0.0,False,False,2,1
592,0.173,"[1634.9, 314.4, 1691.6, 533.2]",,,0.0,False,False,2,1
593,0.4169,"[594.0, 303.8, 674.3, 573.8]",117,"[592.3704592683837, 305.3217175709452, 677.8593991300538, 554.046995807961]",0.8697,True,False,4,1
593,0.2718,"[-222.4, 150.9, 96.4, 1046.2]",,,0.0,False,False,4,1
593,0.1702,"[-108.8, 369.9, 113.1, 1032.8]",,,0.0,False,False,4,1
593,0.1396,"[1418.9, 850.5, 1489.1, 1039.5]",,,0.0,False,False,4,1
594,0.4641,"[1309.5, 279.5, 1398.6, 566.3]",118,"[1313.5243120625441, 278.63822093488085, 1403.1177777812059, 564.6593864869942]",0.9013,True,False,6,3
594,0.4579,"[1262.2, 294.6, 1323.0, 548.4]",116,"[1256.539010799361, 291.74235148161796, 1326.0522977943888, 544.0227242019758]",0.8509,True,False,6,3
594,0.4554,"[599.4, 302.7, 673.7, 543.0]",,,0.0,False,False,6,3
594,0.3904,"[925.4, 322.8, 992.9, 489.0]",114,"[925.9509193927408, 317.69817903833984, 988.4137046306965, 485.96295377416016]",0.8831,True,False,6,3
594,0.232,"[565.3, 321.8, 660.5, 631.1]",,,0.0,False,False,6,3
594,0.1265,"[139.2, 319.1, 301.9, 716.2]",,,0.0,False,False,6,3
595,0.1469,"[1212.3, 196.4, 2357.1, 1603.8]",,,0.0,False,False,1,0
596,0.255,"[1674.0, 316.9, 1736.1, 530.2]",,,0.0,False,False,1,0
597,0.1805,"[1684.8, 317.2, 1749.6, 540.0]",,,0.0,False,False,1,1
598,0.3437,"[957.8, 320.3, 1025.3, 488.4]",,,0.0,False,False,2,1
598,0.2173,"[632.1, 299.7, 708.1, 530.5]",117,"[628.0038360669766, 300.2186076745217, 704.4037567064607, 531.3554890051659]",0.8976,True,False,2,1
599,0.3433,"[644.0, 296.3, 716.9, 528.5]",,,0.0,False,False,5,1
599,0.3196,"[1714.5, 318.9, 1779.3, 520.8]",,,0.0,False,False,5,1
599,0.2455,"[-266.5, 299.7, 93.0, 1105.7]",121,"[-232.9971676651304, 276.36230078889605, 81.82217987216166, 1123.9952431564166]",0.8379,True,False,5,1
599,0.2009,"[1190.7, 753.3, 1297.4, 1043.6]",,,0.0,False,False,5,1
599,0.1497,"[438.8, 245.2, 598.7, 671.6]",,,0.0,False,False,5,1
600,0.2619,"[446.5, 245.9, 614.6, 682.4]",,,0.0,False,False,5,0
600,0.2504,"[-249.6, 355.7, 99.7, 1099.6]",,,0.0,False,False,5,0
600,0.2048,"[651.0, 297.7, 725.0, 528.5]",,,0.0,False,False,5,0
600,0.1374,"[638.2, 310.2, 693.9, 511.3]",,,0.0,False,False,5,0
600,0.1244,"[-8.0, 401.6, 242.7, 889.0]",,,0.0,False,False,5,0
601,0.2123,"[653.7, 310.8, 706.7, 514.7]",,,0.0,False,False,3,1
601,0.1585,"[456.3, 242.5, 621.0, 691.2]",,,0.0,False,False,3,1
601,0.1073,"[1299.4, 304.4, 1368.2, 532.6]",,,0.0,False,False,3,1
602,0.2708,"[661.2, 312.2, 709.4, 504.6]",,,0.0,False,False,5,0
602,0.243,"[-53.6, 386.1, 228.8, 1026.0]",,,0.0,False,False,5,0
602,0.2064,"[464.7, 237.4, 624.7, 686.5]",,,0.0,False,False,5,0
602,0.205,"[1768.5, 769.5, 1863.0, 1057.1]",,,0.0,False,False,5,0
602,0.1927,"[1285.2, 287.7, 1373.0, 545.4]",,,0.0,False,False,5,0
603,0.5529,"[665.9, 306.8, 718.2, 507.3]",,,0.0,False,False,5,1
603,0.5233,"[1780.7, 315.1, 1842.8, 519.1]",,,0.0,False,False,5,1
603,0.4121,"[1348.0, 275.4, 1431.0, 550.1]",116,"[1344.6081957322124, 280.20221887127775, 1416.3371167677876, 538.8521634529411]",0.7467,True,False,5,1
603,0.2558,"[463.4, 242.8, 625.4, 691.2]",,,0.0,False,False,5,1
603,0.1125,"[684.8, 205.5, 854.6, 707.4]",,,0.0,False,False,5,1
604,0.2378,"[1794.2, 311.2, 1856.2, 521.1]",,,0.0,False,False,1,0
605,0.115,"[1275.8, 111.4, 2593.4, 1849.5]",,,0.0,False,False,1,0
606,0.1532,"[1341.9, 274.4, 2273.4, 1629.4]",,,0.0,False,False,2,0
606,0.1141,"[1266.3, 112.7, 2589.3, 1868.4]",,,0.0,False,False,2,0
607,0.1024,"[1838.7, 331.8, 1895.4, 520.8]",,,0.0,False,False,1,0
608,0.1147,"[1853.6, 326.4, 1915.7, 516.0]",,,0.0,False,False,1,0
609,0.4595,"[1884.6, 298.0, 1973.7, 568.7]",119,"[1876.710448066498, 277.98052855703395, 1994.654542167877, 570.8505871656223]",0.6982,True,False,1,1
610,0.1909,"[1890.0, 309.8, 1965.6, 568.4]",,,0.0,False,False,1,0
612,0.3337,"[1103.6, 290.2, 1167.1, 463.1]",114,"[1099.490261502307, 289.54318714898096, 1166.673800997693, 461.69881724555023]",0.9223,True,False,2,1
612,0.1633,"[448.5, 182.1, 627.4, 710.1]",,,0.0,False,False,2,1
613,0.4231,"[764.1, 174.0, 920.7, 698.0]",,,0.0,False,False,3,0
613,0.3332,"[1794.2, 368.2, 1842.8, 509.3]",,,0.0,False,False,3,0
613,0.1026,"[943.0, 303.8, 1005.1, 483.3]",,,0.0,False,False,3,0
615,0.3281,"[-436.7, 169.1, 195.7, 1390.5]",112,"[-247.62240426721212, 393.0194918789964, 175.67495553674337, 1307.4700100741286]",0.5011,True,False,2,2
615,0.2161,"[-346.3, 118.1, 197.8, 1187.3]",112,"[-247.62240426721212, 393.0194918789964, 175.67495553674337, 1307.4700100741286]",0.5315,True,False,2,2
616,0.3982,"[-311.0, 152.2, 176.7, 981.5]",,,0.0,False,False,2,0
616,0.1815,"[-340.2, 14.5, 126.3, 1039.5]",,,0.0,False,False,2,0
617,0.2317,"[738.5, 350.3, 866.7, 673.0]",,,0.0,False,False,2,0
617,0.1015,"[-368.6, 103.3, 177.5, 1121.9]",,,0.0,False,False,2,0
618,0.3972,"[747.2, 367.5, 872.8, 677.4]",,,0.0,False,False,5,0
618,0.2083,"[633.8, 404.0, 741.8, 710.8]",,,0.0,False,False,5,0
618,0.1663,"[77.9, 169.8, 334.8, 842.4]",,,0.0,False,False,5,0
618,0.1236,"[-300.9, 389.1, 108.8, 1452.6]",,,0.0,False,False,5,0
618,0.1072,"[-291.4, 347.6, 106.5, 1015.9]",,,0.0,False,False,5,0
619,0.2399,"[455.0, 147.5, 665.6, 726.3]",,,0.0,False,False,4,1
619,0.2244,"[-453.6, 245.7, 81.8, 1483.6]",,,0.0,False,False,4,1
619,0.1187,"[722.9, 300.2, 872.8, 679.7]",,,0.0,False,False,4,1
619,0.1111,"[731.0, 365.9, 860.6, 665.6]",,,0.0,False,False,4,1
620,0.2909,"[499.5, 105.3, 675.7, 584.6]",122,"[553.6614909527245, 237.44151355073348, 622.4174885394629, 437.9154810781728]",0.1633,False,False,3,1
620,0.2834,"[476.2, 136.0, 670.6, 725.0]",122,"[553.6614909527245, 237.44151355073348, 622.4174885394629, 437.9154810781728]",0.1204,False,False,3,1
620,0.1074,"[423.9, 167.1, 681.1, 961.2]",122,"[553.6614909527245, 237.44151355073348, 622.4174885394629, 437.9154810781728]",0.0675,False,False,3,1
621,0.3397,"[1173.8, 239.0, 1234.6, 425.9]",114,"[1168.0199471434696, 242.47040688072073, 1236.0208243409056, 423.5377718302168]",0.8681,True,False,3,1
621,0.2486,"[459.0, 115.9, 673.0, 617.0]",,,0.0,False,False,3,1
621,0.1131,"[1191.4, 240.5, 1238.6, 422.6]",114,"[1168.0199471434696, 242.47040688072073, 1236.0208243409056, 423.5377718302168]",0.6244,True,False,3,1
622,0.4644,"[433.4, 98.4, 684.5, 725.6]",,,0.0,False,False,1,0
623,0.4233,"[707.4, 239.6, 888.3, 678.4]",,,0.0,False,False,4,2
623,0.3145,"[614.9, 251.8, 826.9, 704.7]",,,0.0,False,False,4,2
623,0.2748,"[459.0, 135.3, 671.0, 698.0]",,,0.0,False,False,4,2
623,0.1007,"[421.5, 56.0, 682.8, 754.7]",,,0.0,False,False,4,2
624,0.2576,"[434.4, 103.8, 682.1, 696.6]",,,0.0,False,False,2,0
624,0.1248,"[1887.3, 325.4, 1938.6, 456.3]",,,0.0,False,False,2,0
625,0.2715,"[1208.9, 226.1, 1272.4, 412.1]",,,0.0,False,False,3,0
625,0.1504,"[321.5, 52.3, 597.4, 803.2]",,,0.0,False,False,3,0
625,0.1424,"[443.5, 81.5, 679.1, 704.0]",,,0.0,False,False,3,0
626,0.566,"[456.3, 71.7, 708.1, 724.3]",,,0.0,False,False,3,0
626,0.2985,"[266.6, 88.3, 590.6, 743.2]",,,0.0,False,False,3,0
626,0.2434,"[1219.7, 224.1, 1284.5, 409.4]",,,0.0,False,False,3,0
627,0.4172,"[261.9, 79.3, 588.6, 757.4]",,,0.0,False,False,3,0
627,0.1925,"[803.9, 354.0, 911.9, 654.4]",,,0.0,False,False,3,0
627,0.1491,"[753.3, 757.4, 776.2, 827.6]",,,0.0,False,False,3,0
628,0.4479,"[249.2, 83.2, 590.0, 754.0]",,,0.0,False,False,3,0
628,0.2671,"[725.0, 245.7, 789.8, 441.1]",,,0.0,False,False,3,0
628,0.103,"[1243.4, 215.3, 1317.6, 409.1]",,,0.0,False,False,3,0
629,0.1476,"[1495.8, 225.6, 1549.8, 380.7]",,,0.0,False,False,1,0
630,0.561,"[86.6, 218.4, 286.7, 749.2]",,,0.0,False,False,7,1
630,0.447,"[711.5, 212.3, 792.5, 441.1]",,,0.0,False,False,7,1
630,0.3945,"[1269.7, 204.2, 1335.8, 399.3]",,,0.0,False,False,7,1
630,0.3213,"[857.2, 195.4, 951.8, 447.5]",,,0.0,False,False,7,1
630,0.2529,"[1265.0, 185.8, 1362.2, 545.4]",,,0.0,False,False,7,1
630,0.1422,"[487.7, 59.6, 710.8, 636.5]",,,0.0,False,False,7,1
630,0.1279,"[121.0, 235.4, 273.9, 710.8]",,,0.0,False,False,7,1
631,0.5123,"[480.6, 79.3, 704.0, 642.9]",,,0.0,False,False,6,0
631,0.2665,"[41.9, 232.7, 291.9, 779.6]",,,0.0,False,False,6,0
631,0.2323,"[525.2, 112.1, 708.1, 610.2]",,,0.0,False,False,6,0
631,0.2105,"[1283.2, 217.9, 1346.6, 409.1]",,,0.0,False,False,6,0
631,0.1211,"[1467.5, 197.4, 1562.0, 460.4]",,,0.0,False,False,6,0
631,0.1053,"[86.5, 284.5, 352.7, 766.8]",,,0.0,False,False,6,0
632,0.5387,"[253.0, 104.3, 549.5, 873.4]",,,0.0,False,False,5,0
632,0.4299,"[475.2, 104.0, 695.9, 653.4]",,,0.0,False,False,5,0
632,0.2853,"[532.6, 115.6, 705.4, 627.8]",,,0.0,False,False,5,0
632,0.1023,"[556.5, 135.2, 683.4, 545.4]",,,0.0,False,False,5,0
632,0.1017,"[276.6, 187.7, 463.1, 661.5]",,,0.0,False,False,5,0
633,0.3527,"[270.2, 102.9, 561.6, 919.4]",,,0.0,False,False,6,1
633,0.3132,"[1665.9, 159.6, 1787.4, 486.3]",118,"[1674.8761925231302, 159.09082087027656, 1790.40994028937, 489.2340692664422]",0.8952,True,False,6,1
633,0.2997,"[1308.8, 216.7, 1364.2, 402.3]",,,0.0,False,False,6,1
633,0.2413,"[46.7, 300.4, 326.0, 978.8]",,,0.0,False,False,6,1
633,0.1892,"[971.3, 200.5, 1087.4, 517.7]",,,0.0,False,False,6,1
633,0.1069,"[545.1, 145.1, 699.3, 589.3]",,,0.0,False,False,6,1
634,0.5236,"[363.2, 9.8, 684.5, 864.0]",,,0.0,False,False,3,0
634,0.1762,"[880.2, 276.2, 943.7, 441.8]",,,0.0,False,False,3,0
634,0.1432,"[418.2, 67.2, 674.0, 779.0]",,,0.0,False,False,3,0
635,0.5235,"[1699.7, 154.4, 1818.5, 502.2]",,,0.0,False,False,7,0
635,0.3619,"[1341.2, 221.7, 1394.6, 406.0]",,,0.0,False,False,7,0
635,0.3606,"[411.8, 62.1, 676.4, 720.9]",,,0.0,False,False,7,0
635,0.3207,"[234.9, 92.8, 536.6, 895.1]",,,0.0,False,False,7,0
635,0.2715,"[494.1, 110.9, 681.1, 629.1]",,,0.0,False,False,7,0
635,0.1741,"[1334.5, 230.3, 1383.8, 401.0]",,,0.0,False,False,7,0
635,0.1623,"[330.9, 2.0, 667.6, 851.2]",,,0.0,False,False,7,0
636,0.4679,"[434.0, 82.2, 671.0, 670.3]",,,0.0,False,False,5,0
636,0.3913,"[196.9, 37.1, 549.5, 948.4]",,,0.0,False,False,5,0
636,0.3123,"[487.4, 110.9, 675.0, 623.0]",,,0.0,False,False,5,0
636,0.2703,"[365.9, 60.4, 656.1, 768.2]",,,0.0,False,False,5,0
636,0.2111,"[309.0, 13.8, 665.6, 837.0]",,,0.0,False,False,5,0
637,0.3274,"[383.7, 4.4, 669.9, 773.6]",,,0.0,False,False,2,0
637,0.2186,"[439.8, 66.0, 668.6, 650.7]",,,0.0,False,False,2,0
638,0.2982,"[446.2, 119.0, 666.9, 609.5]",,,0.0,False,False,4,0
638,0.2843,"[1379.7, 213.6, 1452.6, 406.0]",,,0.0,False,False,4,0
638,0.1421,"[404.3, 75.8, 648.0, 660.8]",,,0.0,False,False,4,0
638,0.111,"[297.8, 9.8, 633.2, 873.5]",,,0.0,False,False,4,0
639,0.3259,"[168.1, -93.2, 602.8, 1034.1]",,,0.0,False,False,4,0
639,0.1656,"[255.0, 8.1, 622.4, 884.2]",,,0.0,False,False,4,0
639,0.1616,"[1397.2, 216.0, 1462.1, 383.7]",,,0.0,False,False,4,0
639,0.1057,"[348.3, 81.3, 598.7, 743.9]",,,0.0,False,False,4,0
640,0.217,"[340.5, 63.8, 568.7, 720.9]",,,0.0,False,False,2,1
640,0.1021,"[1183.3, 204.2, 1271.0, 458.3]",,,0.0,False,False,2,1
641,0.2736,"[230.3, 71.6, 552.2, 805.3]",,,0.0,False,False,4,0
641,0.1725,"[334.8, 121.0, 550.8, 701.3]",,,0.0,False,False,4,0
641,0.1201,"[143.8, -65.8, 594.0, 1001.7]",,,0.0,False,False,4,0
641,0.1181,"[1073.2, 215.0, 1148.9, 431.7]",,,0.0,False,False,4,0
642,0.3096,"[348.0, 138.5, 595.0, 619.7]",,,0.0,False,False,6,0
642,0.2983,"[294.8, 119.1, 548.1, 665.2]",,,0.0,False,False,6,0
642,0.2738,"[1778.0, 148.3, 1902.2, 500.2]",,,0.0,False,False,6,0
642,0.1894,"[231.2, 81.0, 547.8, 763.4]",,,0.0,False,False,6,0
642,0.1446,"[1073.9, 214.0, 1157.6, 430.7]",,,0.0,False,False,6,0
642,0.14,"[1089.5, 226.8, 1167.8, 434.0]",,,0.0,False,False,6,0
643,0.4364,"[211.8, 41.2, 548.1, 829.6]",120,"[-234.53479660354495, 66.00734257358181, 230.03283775649905, 1159.7452209029807]",0.0184,False,False,9,1
643,0.3415,"[1214.3, 208.6, 1289.9, 424.9]",,,0.0,False,False,9,1
643,0.2946,"[253.1, 82.0, 519.1, 768.2]",,,0.0,False,False,9,1
643,0.2882,"[124.4, -16.2, 552.8, 922.1]",120,"[-234.53479660354495, 66.00734257358181, 230.03283775649905, 1159.7452209029807]",0.1104,False,False,9,1
643,0.2422,"[-167.9, 8.4, 200.3, 1196.1]",120,"[-234.53479660354495, 66.00734257358181, 230.03283775649905, 1159.7452209029807]",0.7421,True,False,9,1
643,0.1909,"[300.9, 120.0, 530.5, 716.2]",,,0.0,False,False,9,1
643,0.1522,"[333.8, 115.4, 574.1, 687.8]",,,0.0,False,False,9,1
643,0.1377,"[-281.5, -31.1, 161.7, 1297.4]",120,"[-234.53479660354495, 66.00734257358181, 230.03283775649905, 1159.7452209029807]",0.6533,True,False,9,1
643,0.1036,"[1090.8, 216.0, 1169.1, 437.1]",,,0.0,False,False,9,1
644,0.4124,"[1663.2, 593.7, 1773.9, 838.4]",,,0.0,False,False,11,0
644,0.3002,"[146.8, 40.8, 534.3, 880.2]",,,0.0,False,False,11,0
644,0.2959,"[1115.1, 234.6, 1188.0, 438.8]",,,0.0,False,False,11,0
644,0.2657,"[249.4, 97.9, 545.1, 747.9]",,,0.0,False,False,11,0
644,0.2137,"[570.0, 296.5, 626.1, 391.2]",,,0.0,False,False,11,0
644,0.1844,"[300.2, 146.6, 563.6, 636.5]",,,0.0,False,False,11,0
644,0.1796,"[257.2, 140.1, 463.7, 682.1]",,,0.0,False,False,11,0
644,0.176,"[1098.2, 231.9, 1176.5, 439.4]",,,0.0,False,False,11,0
644,0.1361,"[208.9, 112.7, 456.0, 724.3]",,,0.0,False,False,11,0
644,0.1042,"[-251.1, -126.2, 165.5, 1257.5]",,,0.0,False,False,11,0
644,0.1002,"[-359.8, -169.8, 117.6, 1266.3]",,,0.0,False,False,11,0
645,0.4066,"[1121.2, 235.6, 1191.4, 425.2]",,,0.0,False,False,10,1
645,0.3537,"[84.4, 30.7, 516.4, 932.9]",,,0.0,False,False,10,1
645,0.34,"[545.4, 296.7, 627.1, 393.9]",,,0.0,False,False,10,1
645,0.2828,"[534.6, 277.4, 568.4, 368.2]",,,0.0,False,False,10,1
645,0.2795,"[1105.0, 234.6, 1175.2, 424.2]",,,0.0,False,False,10,1
645,0.1714,"[1852.2, 160.3, 1957.5, 507.6]",118,"[1847.9163703096485, 159.56826401810602, 1967.4151726591015, 507.30252455611276]",0.8786,True,False,10,1
645,0.1598,"[1090.1, 234.6, 1160.3, 424.6]",,,0.0,False,False,10,1
645,0.1503,"[199.1, 64.1, 509.6, 820.8]",,,0.0,False,False,10,1
645,0.1254,"[-11.8, -96.9, 534.3, 1100.2]",,,0.0,False,False,10,1
645,0.104,"[252.5, 103.4, 517.7, 732.4]",,,0.0,False,False,10,1
646,0.496,"[520.1, 305.1, 582.2, 393.5]",,,0.0,False,False,10,2
646,0.4364,"[1121.9, 245.7, 1186.7, 424.6]",,,0.0,False,False,10,2
646,0.4095,"[1470.2, 214.8, 1535.0, 421.2]",114,"[1464.6240995980886, 219.02968439042758, 1537.0370332144114, 416.97300115644737]",0.862,True,False,10,2
646,0.3707,"[496.5, 273.2, 530.2, 370.6]",,,0.0,False,False,10,2
646,0.3388,"[94.7, 26.3, 494.1, 914.6]",,,0.0,False,False,10,2
646,0.3144,"[551.5, 299.0, 628.4, 394.2]",,,0.0,False,False,10,2
646,0.3134,"[1102.3, 241.3, 1167.1, 425.6]",,,0.0,False,False,10,2
646,0.2487,"[539.0, 278.4, 568.7, 361.5]",,,0.0,False,False,10,2
646,0.1419,"[1235.2, 195.9, 1319.0, 441.5]",,,0.0,False,False,10,2
646,0.1385,"[152.2, 70.9, 478.9, 827.6]",,,0.0,False,False,10,2
647,0.512,"[1125.9, 240.3, 1194.8, 445.8]",,,0.0,False,False,9,0
647,0.4098,"[47.6, 11.8, 453.6, 1024.7]",,,0.0,False,False,9,0
647,0.4085,"[253.5, 155.8, 448.5, 683.8]",,,0.0,False,False,9,0
647,0.294,"[1105.0, 237.3, 1177.9, 429.6]",,,0.0,False,False,9,0
647,0.2454,"[283.5, 152.9, 467.8, 619.3]",,,0.0,False,False,9,0
647,0.2406,"[629.1, 262.2, 666.9, 374.6]",,,0.0,False,False,9,0
647,0.1587,"[131.5, 95.5, 413.8, 864.0]",,,0.0,False,False,9,0
647,0.1296,"[1132.7, 230.5, 1211.0, 451.9]",,,0.0,False,False,9,0
647,0.1268,"[1092.8, 240.0, 1164.4, 426.9]",,,0.0,False,False,9,0
648,0.4598,"[1126.6, 240.0, 1195.4, 443.1]",,,0.0,False,False,8,0
648,0.426,"[509.3, 275.7, 540.3, 356.4]",,,0.0,False,False,8,0
648,0.4022,"[1114.4, 242.2, 1184.6, 429.3]",,,0.0,False,False,8,0
648,0.2985,"[1103.0, 242.3, 1167.8, 435.4]",,,0.0,False,False,8,0
648,0.1679,"[26.3, 9.8, 417.5, 1009.8]",,,0.0,False,False,8,0
648,0.1582,"[550.5, 281.8, 580.8, 362.8]",,,0.0,False,False,8,0
648,0.1455,"[782.3, 260.9, 844.4, 435.7]",,,0.0,False,False,8,0
648,0.1267,"[-92.5, -102.3, 458.0, 1128.6]",,,0.0,False,False,8,0
649,0.4688,"[714.8, 208.2, 824.2, 485.0]",,,0.0,False,False,5,0
649,0.4195,"[791.8, 258.5, 849.8, 429.0]",,,0.0,False,False,5,0
649,0.2207,"[1293.3, 242.8, 1327.1, 333.6]",,,0.0,False,False,5,0
649,0.1348,"[733.1, 221.4, 823.5, 452.9]",,,0.0,False,False,5,0
649,0.112,"[1253.5, 200.5, 1341.2, 448.2]",,,0.0,False,False,5,0
650,0.5225,"[1152.2, 232.4, 1227.8, 441.5]",,,0.0,False,False,5,0
650,0.4028,"[-176.9, -214.7, 419.5, 1332.5]",,,0.0,False,False,5,0
650,0.1992,"[-98.9, -85.1, 374.6, 1192.1]",,,0.0,False,False,5,0
650,0.1249,"[201.8, 270.0, 375.3, 687.2]",,,0.0,False,False,5,0
650,0.1045,"[-2.7, 75.3, 355.4, 1019.3]",,,0.0,False,False,5,0
652,0.1772,"[513.0, 279.1, 549.5, 375.3]",,,0.0,False,False,5,0
652,0.167,"[-188.7, -114.4, 301.1, 1198.8]",,,0.0,False,False,5,0
652,0.151,"[-390.8, -275.4, 334.0, 1346.0]",,,0.0,False,False,5,0
652,0.1218,"[-472.8, -242.3, 364.8, 2089.8]",,,0.0,False,False,5,0
652,0.1011,"[202.8, 314.2, 377.0, 695.2]",,,0.0,False,False,5,0
653,0.5567,"[1514.7, 230.5, 1571.4, 440.1]",114,"[1512.2357750786919, 231.74609055906743, 1572.7522620306831, 418.48883375733885]",0.8406,True,False,5,1
653,0.1868,"[-614.9, -512.3, 301.7, 1922.4]",,,0.0,False,False,5,1
653,0.1787,"[1084.1, 237.6, 1157.0, 471.2]",,,0.0,False,False,5,1
653,0.1416,"[1778.0, -159.6, 2231.6, 1197.5]",,,0.0,False,False,5,1
653,0.1254,"[-128.6, 16.9, 215.2, 1037.5]",,,0.0,False,False,5,1
654,0.2271,"[1001.7, 267.3, 1078.7, 486.7]",,,0.0,False,False,4,0
654,0.2049,"[515.0, 281.1, 546.1, 363.2]",,,0.0,False,False,4,0
654,0.1792,"[-317.9, -196.4, 240.0, 1321.0]",,,0.0,False,False,4,0
654,0.1174,"[475.2, 263.6, 512.3, 391.2]",,,0.0,False,False,4,0
655,0.4963,"[-596.0, -453.6, 187.7, 1779.3]",115,"[-592.7327042193631, -379.68936112238225, 246.6297989459257, 1688.3575740130073]",0.8622,True,False,2,1
655,0.1263,"[731.0, 243.3, 794.5, 463.4]",,,0.0,False,False,2,1
656,0.1545,"[1524.2, 230.5, 1572.8, 414.5]",114,"[1518.6233001641363, 231.5251539401162, 1577.9306549139887, 423.4641038723838]",0.7776,True,False,4,1
656,0.1527,"[469.1, 262.6, 513.0, 410.7]",,,0.0,False,False,4,1
656,0.1104,"[-513.0, -248.1, 155.1, 1404.0]",,,0.0,False,False,4,1
656,0.1029,"[-380.0, -207.2, 142.1, 1198.1]",,,0.0,False,False,4,1
657,0.2876,"[1528.2, 232.9, 1576.8, 410.7]",,,0.0,False,False,4,0
657,0.2062,"[41.2, 301.2, 76.9, 393.5]",,,0.0,False,False,4,0
657,0.1949,"[72.8, 325.4, 119.5, 446.2]",,,0.0,False,False,4,0
657,0.1565,"[469.8, 262.9, 516.4, 417.5]",,,0.0,False,False,4,0
658,0.2548,"[978.8, 258.5, 1046.2, 467.1]",,,0.0,False,False,2,0
658,0.1801,"[35.6, 301.7, 75.1, 398.2]",,,0.0,False,False,2,0
659,0.4829,"[977.4, 256.2, 1044.9, 469.5]",,,0.0,False,False,4,0
659,0.1389,"[31.4, 292.1, 75.4, 392.5]",,,0.0,False,False,4,0
659,0.1243,"[68.9, 314.2, 119.8, 445.8]",,,0.0,False,False,4,0
659,0.1222,"[1790.1, 222.9, 1933.2, 628.4]",,,0.0,False,False,4,0
660,0.1505,"[30.8, 296.0, 72.9, 407.4]",,,0.0,False,False,1,0
661,0.1655,"[1778.0, 192.9, 1931.9, 618.3]",,,0.0,False,False,1,0
662,0.1178,"[1086.8, 390.2, 1206.9, 672.3]",,,0.0,False,False,2,0
662,0.1026,"[356.7, 256.8, 420.9, 446.5]",,,0.0,False,False,2,0
663,0.4823,"[603.5, 314.6, 644.0, 419.9]",,,0.0,False,False,4,1
663,0.3687,"[15.5, 299.2, 51.1, 414.8]",135,"[16.644842243633594, 300.4697021484375, 58.738801860370316, 421.15969238281247]",0.7486,True,False,4,1
663,0.2698,"[359.8, 69.2, 639.2, 769.5]",,,0.0,False,False,4,1
663,0.2039,"[647.0, 274.4, 695.9, 401.3]",,,0.0,False,False,4,1
664,0.4165,"[10.3, 300.0, 60.5, 459.3]",,,0.0,False,False,6,0
664,0.3722,"[599.1, 314.7, 655.1, 409.4]",,,0.0,False,False,6,0
664,0.1979,"[700.7, 291.1, 752.0, 410.4]",,,0.0,False,False,6,0
664,0.1573,"[1541.7, 245.9, 1622.7, 519.1]",,,0.0,False,False,6,0
664,0.1473,"[291.4, 87.1, 603.5, 989.6]",,,0.0,False,False,6,0
664,0.1163,"[349.7, 135.0, 600.8, 870.1]",,,0.0,False,False,6,0
665,0.555,"[1278.5, 275.2, 1310.9, 362.5]",,,0.0,False,False,6,0
665,0.3527,"[639.9, 323.3, 717.5, 414.5]",,,0.0,False,False,6,0
665,0.1475,"[602.1, 317.8, 660.8, 422.6]",,,0.0,False,False,6,0
665,0.1169,"[699.3, 300.4, 752.0, 413.1]",,,0.0,False,False,6,0
665,0.1064,"[1270.4, 251.9, 1335.2, 457.0]",,,0.0,False,False,6,0
665,0.1029,"[271.0, 191.0, 559.9, 972.0]",,,0.0,False,False,6,0
666,0.4632,"[551.5, 299.7, 598.1, 409.7]",,,0.0,False,False,4,0
666,0.3391,"[635.5, 324.3, 714.8, 422.2]",,,0.0,False,False,4,0
666,0.3054,"[1551.2, 274.7, 1607.9, 448.2]",,,0.0,False,False,4,0
666,0.1082,"[681.1, 299.4, 705.4, 367.2]",,,0.0,False,False,4,0
667,0.5467,"[14.4, 308.5, 59.2, 427.3]",135,"[15.48890294218026, 306.1789986101958, 59.37015162324943, 431.9477714093355]",0.9189,True,False,11,2
667,0.4667,"[663.5, 284.9, 705.4, 402.6]",,,0.0,False,False,11,2
667,0.4268,"[560.2, 306.6, 604.1, 403.0]",,,0.0,False,False,11,2
667,0.415,"[647.3, 327.0, 719.6, 419.5]",,,0.0,False,False,11,2
667,0.3955,"[520.4, 301.1, 552.8, 383.1]",,,0.0,False,False,11,2
667,0.3154,"[555.5, 323.0, 610.9, 410.1]",,,0.0,False,False,11,2
667,0.2724,"[684.8, 300.2, 708.8, 366.2]",,,0.0,False,False,11,2
667,0.2408,"[1198.1, 232.5, 1280.5, 450.2]",108,"[1197.5207204372925, 231.46491187755274, 1280.0139475314575, 450.6335988646348]",0.9805,True,False,11,2
667,0.1901,"[476.6, 277.4, 544.0, 450.9]",,,0.0,False,False,11,2
667,0.1649,"[803.2, 301.4, 828.9, 368.6]",,,0.0,False,False,11,2
667,0.1345,"[665.6, 292.4, 697.3, 380.4]",,,0.0,False,False,11,2
668,0.5519,"[486.3, 298.4, 521.4, 389.5]",,,0.0,False,False,8,0
668,0.5131,"[570.7, 310.8, 603.8, 389.8]",,,0.0,False,False,8,0
668,0.5023,"[693.9, 306.1, 716.9, 369.9]",,,0.0,False,False,8,0
668,0.3095,"[700.0, 298.7, 728.3, 377.0]",,,0.0,False,False,8,0
668,0.301,"[570.4, 299.2, 596.7, 370.2]",,,0.0,False,False,8,0
668,0.1996,"[649.4, 333.3, 724.3, 420.5]",,,0.0,False,False,8,0
668,0.1592,"[54.7, 44.6, 521.1, 1196.1]",,,0.0,False,False,8,0
668,0.1473,"[1740.2, 645.0, 1813.1, 823.5]",,,0.0,False,False,8,0
669,0.4937,"[576.8, 338.2, 627.4, 416.5]",,,0.0,False,False,11,0
669,0.3334,"[489.7, 303.4, 531.6, 414.1]",,,0.0,False,False,11,0
669,0.2769,"[550.1, 336.7, 604.1, 415.1]",,,0.0,False,False,11,0
669,0.2666,"[529.9, 337.5, 587.2, 419.2]",,,0.0,False,False,11,0
669,0.2511,"[671.0, 294.5, 711.5, 410.4]",,,0.0,False,False,11,0
669,0.2026,"[695.9, 312.9, 724.3, 388.5]",,,0.0,False,False,11,0
669,0.1545,"[579.5, 305.4, 604.5, 366.5]",,,0.0,False,False,11,0
669,0.1526,"[661.2, 292.3, 720.2, 423.9]",,,0.0,False,False,11,0
669,0.1507,"[477.9, 303.4, 504.9, 382.1]",,,0.0,False,False,11,0
669,0.1496,"[578.8, 310.5, 609.2, 373.6]",,,0.0,False,False,11,0
669,0.1454,"[488.4, 321.0, 546.4, 419.5]",,,0.0,False,False,11,0
670,0.543,"[471.8, 305.1, 503.6, 390.2]",,,0.0,False,False,9,1
670,0.519,"[683.4, 292.6, 722.2, 400.6]",,,0.0,False,False,9,1
670,0.4799,"[487.0, 327.5, 568.0, 423.2]",,,0.0,False,False,9,1
670,0.4254,"[584.2, 312.5, 613.2, 377.7]",,,0.0,False,False,9,1
670,0.3275,"[22.2, 314.6, 67.7, 432.7]",135,"[24.930469161581108, 316.19592725918847, 65.48959004252046, 430.8419145376866]",0.866,True,False,9,1
670,0.2181,"[558.2, 339.2, 616.3, 418.8]",,,0.0,False,False,9,1
670,0.1729,"[679.1, 304.1, 707.4, 387.8]",,,0.0,False,False,9,1
670,0.1353,"[656.1, 336.5, 734.4, 429.6]",,,0.0,False,False,9,1
670,0.1312,"[-199.3, 70.9, 490.0, 1981.8]",,,0.0035,False,False,9,1
671,0.5417,"[542.0, 310.5, 575.1, 392.9]",140,"[543.0978149371166, 310.003307168011, 575.6538940472584, 388.0356332616765]",0.8916,True,False,6,2
671,0.3541,"[511.0, 304.8, 548.1, 404.7]",12,"[509.3285383574909, 306.33448791503906, 541.2724137909465, 391.3507537841797]",0.6692,True,False,6,2
671,0.3023,"[473.2, 290.9, 512.3, 413.1]",12,"[509.3285383574909, 306.33448791503906, 541.2724137909465, 391.3507537841797]",0.0352,False,False,6,2
671,0.2866,"[480.6, 305.9, 513.0, 401.6]",12,"[509.3285383574909, 306.33448791503906, 541.2724137909465, 391.3507537841797]",0.0567,False,False,6,2
671,0.187,"[563.3, 333.6, 635.5, 425.6]",140,"[543.0978149371166, 310.003307168011, 575.6538940472584, 388.0356332616765]",0.0791,False,False,6,2
671,0.1689,"[590.0, 315.9, 624.4, 389.5]",,,0.0,False,False,6,2
672,0.5399,"[547.8, 311.5, 578.8, 388.5]",,,0.0,False,False,8,1
672,0.3068,"[747.2, 305.4, 802.6, 443.1]",,,0.0,False,False,8,1
672,0.2419,"[904.5, 280.8, 976.1, 482.0]",,,0.0,False,False,8,1
672,0.1896,"[521.1, 308.5, 552.2, 392.2]",,,0.0,False,False,8,1
672,0.1792,"[598.1, 317.9, 631.1, 394.2]",139,"[613.8149918308918, 335.74222499951316, 689.4425765284832, 425.7551504887681]",0.1216,False,False,8,1
672,0.1708,"[492.1, 308.1, 520.4, 393.2]",,,0.0,False,False,8,1
672,0.1088,"[759.4, 304.8, 810.7, 441.8]",,,0.0,False,False,8,1
672,0.1068,"[833.6, 313.2, 860.6, 383.4]",,,0.0,False,False,8,1
673,0.4796,"[555.9, 311.5, 588.3, 389.8]",,,0.0,False,False,10,0
673,0.3012,"[532.6, 310.2, 561.6, 385.1]",,,0.0,False,False,10,0
673,0.2412,"[504.6, 307.8, 531.6, 385.4]",,,0.0,False,False,10,0
673,0.199,"[1611.9, 231.4, 1736.1, 631.8]",,,0.0,False,False,10,0
673,0.1537,"[1368.2, 272.7, 1433.7, 465.1]",,,0.0,False,False,10,0
673,0.1491,"[754.0, 304.8, 809.3, 446.5]",,,0.0,False,False,10,0
673,0.138,"[568.7, 338.0, 649.7, 427.3]",,,0.0,False,False,10,0
673,0.128,"[607.5, 309.3, 633.2, 378.0]",,,0.0,False,False,10,0
673,0.1028,"[513.7, 336.8, 588.6, 427.3]",,,0.0,False,False,10,0
673,0.1016,"[607.2, 323.2, 638.9, 391.5]",,,0.0,False,False,10,0
674,0.5342,"[1385.1, 278.8, 1444.5, 445.5]",,,0.0,False,False,5,1
674,0.4845,"[516.0, 310.8, 543.0, 388.5]",,,0.0,False,False,5,1
674,0.3245,"[522.5, 335.5, 602.8, 431.3]",,,0.0,False,False,5,1
674,0.1112,"[1630.8, 255.8, 1741.5, 616.3]",,,0.0,False,False,5,1
674,0.1102,"[617.0, 311.5, 646.0, 383.7]",,,0.0,False,False,5,1
675,0.5539,"[-336.5, -192.4, 380.4, 1860.3]",107,"[-317.645659614367, -178.6763180069064, 407.3077766187615, 1836.821215467844]",0.922,True,False,8,1
675,0.5056,"[533.2, 319.8, 607.5, 428.3]",,,0.0,False,False,8,1
675,0.3506,"[701.3, 343.7, 778.3, 432.3]",,,0.0,False,False,8,1
675,0.3343,"[1173.2, 276.1, 1252.8, 533.2]",,,0.0,False,False,8,1
675,0.2853,"[860.0, 319.4, 882.9, 383.7]",,,0.0,False,False,8,1
675,0.1878,"[1838.7, 62.8, 2200.5, 993.6]",,,0.0,False,False,8,1
675,0.1825,"[1633.5, 240.6, 1757.7, 615.9]",,,0.0,False,False,8,1
675,0.1412,"[626.1, 309.7, 654.4, 381.4]",,,0.0,False,False,8,1
676,0.5108,"[1867.1, 128.2, 2139.8, 862.0]",127,"[1860.8807363820044, 107.51782160717283, 2152.720337836746, 867.0770880607959]",0.9026,True,False,7,3
676,0.5066,"[539.3, 319.8, 610.2, 426.6]",,,0.0,False,False,7,3
676,0.5027,"[-387.5, -149.9, 366.5, 1911.6]",,,0.0,False,False,7,3
676,0.278,"[1184.0, 256.2, 1263.6, 538.3]",,,0.0,False,False,7,3
676,0.1728,"[-247.6, -160.0, 377.3, 1571.4]",,,0.0,False,False,7,3
676,0.1675,"[604.8, 346.3, 673.7, 434.7]",139,"[648.9011942153522, 335.5727141058487, 726.9938253158977, 428.8631989800888]",0.1804,False,False,7,3
676,0.1156,"[870.8, 319.3, 891.0, 381.4]",,,0.0,False,False,7,3
677,0.5251,"[581.2, 306.6, 607.5, 382.4]",,,0.0,False,False,10,0
677,0.4841,"[-475.2, -58.1, 328.6, 2007.4]",,,0.0,False,False,10,0
677,0.4039,"[569.4, 338.0, 630.8, 420.5]",,,0.0,False,False,10,0
677,0.3841,"[-368.6, 8.1, 351.0, 1706.4]",,,0.0,False,False,10,0
677,0.2664,"[725.6, 343.1, 798.5, 429.6]",,,0.0,False,False,10,0
677,0.2377,"[-229.2, 58.4, 353.4, 1397.2]",,,0.0,False,False,10,0
677,0.2239,"[791.1, 311.9, 839.7, 439.4]",,,0.0,False,False,10,0
677,0.1594,"[-415.8, -212.6, 367.9, 1455.3]",,,0.0,False,False,10,0
677,0.1539,"[660.2, 335.1, 741.2, 429.0]",,,0.0,False,False,10,0
677,0.1132,"[644.3, 317.9, 678.0, 388.8]",,,0.0,False,False,10,0
678,0.4856,"[626.7, 344.8, 697.3, 424.2]",,,0.0,False,False,7,0
678,0.3967,"[-277.1, 218.0, 329.7, 1372.3]",,,0.0,False,False,7,0
678,0.3895,"[668.6, 332.4, 750.6, 435.0]",,,0.0,False,False,7,0
678,0.3765,"[564.6, 332.6, 632.1, 421.9]",,,0.0,False,False,7,0
678,0.3764,"[795.2, 297.0, 851.9, 446.2]",,,0.0,False,False,7,0
678,0.3756,"[-405.7, -194.4, 342.2, 1228.5]",,,0.0,False,False,7,0
678,0.2696,"[-383.1, 179.6, 327.7, 1714.5]",,,0.0,False,False,7,0
679,0.5127,"[-318.6, -26.7, 287.2, 1317.6]",,,0.0,False,False,12,0
679,0.5125,"[569.0, 318.1, 615.6, 420.9]",,,0.0,False,False,12,0
679,0.4539,"[680.7, 331.8, 764.1, 426.9]",,,0.0,False,False,12,0
679,0.4357,"[-241.5, 286.2, 291.1, 1224.5]",,,0.0,False,False,12,0
679,0.3895,"[577.5, 302.7, 609.9, 386.1]",,,0.0,False,False,12,0
679,0.3117,"[101.8, 299.0, 144.0, 410.4]",,,0.0,False,False,12,0
679,0.2876,"[749.2, 331.4, 815.4, 425.9]",,,0.0,False,False,12,0
679,0.2841,"[665.9, 311.7, 701.3, 391.8]",,,0.0,False,False,12,0
679,0.2361,"[608.5, 301.6, 636.9, 380.4]",,,0.0,False,False,12,0
679,0.2356,"[576.5, 319.8, 652.1, 421.5]",,,0.0,False,False,12,0
679,0.2162,"[808.7, 294.3, 864.0, 440.1]",,,0.0,False,False,12,0
679,0.1207,"[-325.7, 336.2, 289.6, 1476.9]",,,0.0,False,False,12,0
680,0.4923,"[622.4, 300.9, 663.5, 395.9]",140,"[631.5268775237384, 304.5582973731169, 665.4268578278239, 386.5092075096956]",0.6447,True,False,9,2
680,0.3819,"[590.3, 299.0, 624.0, 395.6]",,,0.0,False,False,9,2
680,0.3791,"[1352.7, 260.0, 1425.6, 477.9]",108,"[1348.9605210288453, 261.93004146354696, 1430.8046156899047, 479.30469974739054]",0.8782,True,False,9,2
680,0.3418,"[48.6, 309.3, 86.9, 402.3]",,,0.0,False,False,9,2
680,0.1292,"[611.2, 299.4, 663.2, 406.0]",140,"[631.5268775237384, 304.5582973731169, 665.4268578278239, 386.5092075096956]",0.4531,True,False,9,2
680,0.1246,"[580.2, 303.4, 626.7, 413.4]",,,0.0,False,False,9,2
680,0.122,"[-250.3, 171.1, 249.9, 1225.8]",,,0.0,False,False,9,2
680,0.1093,"[20.5, 308.1, 56.9, 399.3]",,,0.0,False,False,9,2
680,0.1051,"[1238.6, 268.6, 1314.2, 517.0]",,,0.0,False,False,9,2
681,0.2433,"[-128.2, 344.6, 166.8, 1175.9]",,,0.0,False,False,4,0
681,0.1942,"[612.2, 291.9, 662.9, 412.8]",,,0.0,False,False,4,0
681,0.1369,"[-48.0, 458.3, 165.9, 1068.5]",,,0.0,False,False,4,0
681,0.1019,"[1618.7, 171.3, 1842.8, 719.6]",,,0.0,False,False,4,0
682,0.3795,"[647.3, 295.5, 686.5, 387.5]",,,0.0,False,False,5,0
682,0.3571,"[716.9, 325.5, 793.8, 425.2]",,,0.0,False,False,5,0
682,0.3117,"[1444.5, 272.5, 1498.5, 439.4]",,,0.0,False,False,5,0
682,0.3028,"[-12.4, 294.3, 28.4, 422.6]",,,0.0,False,False,5,0
682,0.1114,"[611.9, 292.3, 654.4, 405.0]",,,0.0,False,False,5,0
683,0.2924,"[654.1, 326.7, 704.0, 406.4]",,,0.0,False,False,4,0
683,0.1919,"[797.9, 322.1, 854.6, 415.8]",,,0.0,False,False,4,0
683,0.1184,"[712.8, 301.9, 745.2, 382.1]",,,0.0,False,False,4,0
683,0.1042,"[1317.6, 262.6, 1383.8, 440.1]",,,0.0,False,False,4,0
684,0.4105,"[106.2, 297.0, 140.1, 382.7]",,,0.0,False,False,7,1
684,0.3365,"[83.0, 296.0, 112.7, 379.4]",,,0.0,False,False,7,1
684,0.311,"[642.3, 286.9, 674.7, 390.5]",,,0.0,False,False,7,1
684,0.2467,"[641.6, 322.3, 712.1, 406.7]",,,0.0,False,False,7,1
684,0.2289,"[666.6, 322.8, 715.5, 402.6]",,,0.0,False,False,7,1
684,0.1467,"[735.8, 317.9, 815.4, 419.2]",139,"[734.2876974442356, 319.80336499541454, 814.7097390792018, 415.75150561005427]",0.9234,True,False,7,1
684,0.1387,"[1458.0, 231.9, 1552.5, 494.4]",,,0.0,False,False,7,1
685,0.5501,"[165.6, 282.8, 203.2, 397.6]",135,"[164.4173074891248, 280.64007165110434, 202.42540491321898, 392.81183264577066]",0.8945,True,False,9,2
685,0.5352,"[650.4, 283.3, 684.8, 398.9]",,,0.0,False,False,9,2
685,0.3602,"[747.9, 317.4, 823.5, 413.4]",147,"[703.8045976915965, 327.1352905273437, 771.6784345349661, 402.3302856445312]",0.1691,False,False,9,2
685,0.318,"[1686.2, 167.4, 1861.7, 698.0]",,,0.0,False,False,9,2
685,0.2058,"[731.0, 297.8, 767.5, 385.4]",147,"[703.8045976915965, 327.1352905273437, 771.6784345349661, 402.3302856445312]",0.3443,True,False,9,2
685,0.1562,"[682.4, 320.0, 724.3, 402.3]",147,"[703.8045976915965, 327.1352905273437, 771.6784345349661, 402.3302856445312]",0.2194,False,False,9,2
685,0.142,"[818.1, 278.8, 870.8, 413.8]",,,0.0,False,False,9,2
685,0.1255,"[710.8, 321.3, 771.5, 405.0]",147,"[703.8045976915965, 327.1352905273437, 771.6784345349661, 402.3302856445312]",0.8128,True,False,9,2
685,0.102,"[1827.9, 271.5, 1900.8, 490.7]",,,0.0,False,False,9,2
686,0.3594,"[1686.2, 123.4, 1886.0, 704.7]",,,0.0,False,False,6,1
686,0.2857,"[173.5, 278.4, 211.3, 384.8]",,,0.0,False,False,6,1
686,0.15,"[-44.1, 226.5, 53.7, 540.3]",,,0.0,False,False,6,1
686,0.1221,"[663.9, 280.5, 695.9, 380.0]",,,0.0,False,False,6,1
686,0.1084,"[93.7, 288.1, 123.5, 368.6]",,,0.0,False,False,6,1
686,0.1079,"[1890.0, 299.7, 1976.4, 539.3]",,,0.0,False,False,6,1
687,0.5049,"[671.6, 279.8, 702.7, 380.0]",,,0.0,False,False,6,1
687,0.2247,"[139.5, 287.6, 180.4, 381.4]",,,0.0,False,False,6,1
687,0.2089,"[1047.6, 263.4, 1120.5, 467.8]",,,0.0,False,False,6,1
687,0.1815,"[177.9, 277.1, 217.4, 382.4]",,,0.0,False,False,6,1
687,0.1176,"[749.2, 292.8, 785.7, 378.3]",,,0.0,False,False,6,1
687,0.1001,"[102.3, 283.2, 142.5, 378.0]",,,0.0,False,False,6,1
688,0.486,"[752.6, 292.6, 789.1, 379.0]",,,0.0,False,False,3,0
688,0.2158,"[128.3, 610.5, 173.6, 716.2]",,,0.0,False,False,3,0
688,0.2034,"[986.2, 297.7, 1011.8, 373.3]",,,0.0,False,False,3,0
689,0.4239,"[839.0, 235.2, 913.3, 423.2]",,,0.0,False,False,5,3
689,0.3481,"[179.6, 271.4, 218.4, 404.3]",135,"[181.52196121929106, 274.6414235366797, 219.4796562123496, 387.51983134613283]",0.7865,True,False,5,3
689,0.3289,"[39.8, 270.8, 82.3, 372.6]",150,"[39.42913231476372, 270.9614790376216, 86.23456397429877, 385.7199784819096]",0.8023,True,False,5,3
689,0.1633,"[737.1, 317.8, 799.2, 397.9]",147,"[728.81108211586, 315.25819627674855, 802.0697772591401, 397.06968458262645]",0.8147,True,False,5,3
689,0.1578,"[122.7, 281.1, 156.9, 376.0]",,,0.0,False,False,5,3
690,0.5663,"[42.2, 267.0, 85.4, 390.2]",,,0.0,False,False,10,0
690,0.5219,"[676.0, 313.9, 745.2, 392.9]",,,0.0,False,False,10,0
690,0.4253,"[842.4, 302.7, 892.4, 408.0]",,,0.0,False,False,10,0
690,0.3851,"[180.1, 268.3, 218.5, 401.0]",,,0.0,False,False,10,0
690,0.341,"[702.0, 312.9, 749.2, 390.5]",,,0.0,False,False,10,0
690,0.3238,"[1051.7, 254.6, 1128.6, 463.7]",,,0.0,False,False,10,0
690,0.3129,"[1300.1, 988.2, 1313.6, 1016.6]",,,0.0,False,False,10,0
690,0.2979,"[122.6, 280.8, 165.3, 406.7]",,,0.0,False,False,10,0
690,0.1883,"[1486.4, 155.8, 1634.9, 519.8]",,,0.0,False,False,10,0
690,0.158,"[760.1, 288.7, 789.8, 361.8]",,,0.0,False,False,10,0
691,0.5632,"[843.1, 270.3, 895.7, 413.4]",,,0.0,False,False,9,1
691,0.4939,"[709.4, 308.1, 754.0, 393.2]",147,"[735.3033750232654, 313.218608041755, 803.2754823986096, 388.93806920433883]",0.188,False,False,9,1
691,0.328,"[41.9, 262.6, 74.8, 355.1]",,,0.0,False,False,9,1
691,0.3089,"[141.6, 600.4, 187.3, 705.4]",,,0.0,False,False,9,1
691,0.2533,"[132.1, 272.9, 160.8, 357.4]",,,0.0,False,False,9,1
691,0.2286,"[694.6, 275.4, 722.9, 365.9]",,,0.0,False,False,9,1
691,0.2108,"[184.1, 264.6, 213.5, 365.5]",,,0.0,False,False,9,1
691,0.1802,"[739.1, 310.5, 802.6, 391.5]",147,"[735.3033750232654, 313.218608041755, 803.2754823986096, 388.93806920433883]",0.8764,True,False,9,1
691,0.1357,"[1248.1, 293.5, 1294.0, 434.0]",,,0.0,False,False,9,1
692,0.4895,"[700.0, 275.2, 725.6, 365.2]",,,0.0,False,False,11,0
692,0.4648,"[1541.7, 226.8, 1676.7, 567.7]",,,0.0,False,False,11,0
692,0.4326,"[182.8, 263.8, 212.5, 369.6]",,,0.0,False,False,11,0
692,0.2519,"[693.9, 274.9, 729.0, 379.7]",,,0.0,False,False,11,0
692,0.2126,"[1249.4, 294.0, 1294.0, 431.7]",,,0.0,False,False,11,0
692,0.1675,"[998.3, 293.6, 1022.6, 363.5]",,,0.0,False,False,11,0
692,0.1675,"[137.1, 272.9, 164.3, 351.0]",,,0.0,False,False,11,0
692,0.1629,"[1590.3, 276.9, 1649.7, 465.1]",,,0.0,False,False,11,0
692,0.1397,"[764.8, 286.7, 795.8, 368.6]",,,0.0,False,False,11,0
692,0.1199,"[1707.8, 196.8, 1872.5, 673.3]",,,0.0,False,False,11,0
692,0.1133,"[-18.0, 253.5, 37.4, 396.6]",,,0.0,False,False,11,0
693,0.464,"[1707.8, 175.2, 1915.7, 711.4]",153,"[1696.9397814525585, 193.82334789482167, 1929.7406384693168, 724.7474528864284]",0.8442,True,False,7,1
693,0.4165,"[768.8, 288.1, 798.5, 365.9]",,,0.0,False,False,7,1
693,0.32,"[1015.2, 293.8, 1034.1, 360.5]",,,0.0,False,False,7,1
693,0.3017,"[178.5, 262.9, 212.0, 368.2]",,,0.0,False,False,7,1
693,0.2999,"[1248.8, 280.8, 1298.7, 440.8]",,,0.0,False,False,7,1
693,0.1511,"[138.9, 272.9, 165.9, 352.0]",,,0.0,False,False,7,1
693,0.1282,"[695.9, 277.1, 731.0, 372.3]",,,0.0,False,False,7,1
694,0.5264,"[175.7, 259.7, 211.1, 370.2]",,,0.0,False,False,6,0
694,0.4968,"[709.4, 276.1, 747.2, 385.1]",,,0.0,False,False,6,0
694,0.4651,"[731.7, 275.1, 760.1, 367.9]",,,0.0,False,False,6,0
694,0.3949,"[1475.6, 272.2, 1526.9, 455.6]",,,0.0,False,False,6,0
694,0.1628,"[723.6, 275.7, 760.1, 388.1]",,,0.0,False,False,6,0
694,0.1319,"[1545.8, 288.2, 1583.6, 382.7]",,,0.0,False,False,6,0
695,0.5375,"[146.2, 596.7, 195.8, 698.0]",,,0.0,False,False,9,5
695,0.4142,"[167.6, 258.4, 209.4, 366.2]",,,0.0,False,False,9,5
695,0.3974,"[1019.3, 292.1, 1038.2, 353.7]",,,0.0,False,False,9,5
695,0.3298,"[37.9, 254.8, 94.2, 355.1]",150,"[33.78344404359298, 255.0496981533721, 81.09959733824294, 374.38993807709664]",0.6196,True,False,9,5
695,0.3162,"[688.5, 302.6, 760.1, 388.5]",,,0.0,False,False,9,5
695,0.2659,"[849.8, 283.5, 905.2, 406.4]",155,"[855.6956381011747, 282.6625159156845, 907.5343423675753, 412.374227248378]",0.8164,True,False,9,5
695,0.2337,"[1715.9, 190.7, 1921.1, 715.5]",153,"[1708.1781917505918, 197.23621151404842, 1934.0879215306582, 712.4373114351704]",0.8932,True,False,9,5
695,0.2219,"[773.6, 285.2, 799.2, 351.3]",,,0.0,False,False,9,5
695,0.1744,"[856.6, 274.9, 917.3, 412.4]",155,"[855.6956381011747, 282.6625159156845, 907.5343423675753, 412.374227248378]",0.7805,True,False,9,5
696,0.5497,"[36.0, 254.0, 97.8, 354.4]",,,0.0,False,False,11,1
696,0.3291,"[1009.1, 293.3, 1029.4, 357.1]",,,0.0,False,False,11,1
696,0.316,"[1722.6, 172.3, 1930.5, 717.5]",,,0.0,False,False,11,1
696,0.2856,"[777.6, 282.5, 803.2, 343.2]",147,"[743.3889756634569, 312.52840609284726, 812.4379286334181, 389.01151089934024]",0.1302,False,False,11,1
696,0.2834,"[752.0, 310.0, 822.2, 387.5]",147,"[743.3889756634569, 312.52840609284726, 812.4379286334181, 389.01151089934024]",0.7325,True,False,11,1
696,0.2649,"[1552.5, 267.6, 1587.6, 373.3]",,,0.0,False,False,11,1
696,0.1458,"[1020.6, 291.4, 1039.5, 351.0]",,,0.0,False,False,11,1
696,0.1273,"[138.7, 268.3, 174.5, 363.2]",,,0.0,False,False,11,1
696,0.1181,"[146.8, 597.4, 195.1, 677.7]",,,0.0,False,False,11,1
696,0.105,"[1702.4, 86.1, 1923.8, 793.8]",,,0.0,False,False,11,1
696,0.1027,"[864.0, 271.7, 922.1, 407.4]",,,0.0,False,False,11,1
697,0.5331,"[694.6, 269.8, 755.3, 387.1]",,,0.0,False,False,9,1
697,0.4092,"[746.6, 306.8, 820.8, 385.8]",,,0.0,False,False,9,1
697,0.2768,"[778.3, 279.1, 803.9, 340.5]",,,0.0,False,False,9,1
697,0.2217,"[768.8, 308.0, 824.2, 377.7]",,,0.0,False,False,9,1
697,0.2153,"[1630.8, 250.8, 1714.5, 470.1]",154,"[1628.9109912362114, 252.41794459102843, 1713.8165478262886, 462.7801144910028]",0.9309,True,False,9,1
697,0.1908,"[147.7, 594.3, 198.3, 686.8]",,,0.0,False,False,9,1
697,0.1417,"[1009.8, 291.1, 1031.4, 355.7]",,,0.0,False,False,9,1
697,0.1401,"[781.0, 305.8, 818.8, 358.8]",,,0.0,False,False,9,1
697,0.1244,"[780.3, 290.9, 811.4, 351.3]",,,0.0,False,False,9,1
698,0.5019,"[762.1, 305.8, 821.5, 381.0]",,,0.0,False,False,8,1
698,0.366,"[785.0, 279.1, 810.7, 343.2]",,,0.0,False,False,8,1
698,0.2155,"[1014.5, 289.1, 1037.5, 355.7]",,,0.0,False,False,8,1
698,0.2116,"[1028.7, 286.5, 1050.3, 350.7]",,,0.0,False,False,8,1
698,0.2019,"[785.0, 304.8, 820.1, 361.1]",,,0.0,False,False,8,1
698,0.1491,"[824.2, 271.9, 845.8, 331.6]",,,0.0,False,False,8,1
698,0.1248,"[1730.7, 196.9, 1871.1, 619.0]",,,0.0,False,False,8,1
698,0.122,"[1562.0, 258.5, 1599.8, 376.7]",146,"[1519.4421719713341, 239.8993261111924, 1590.5119295911657, 456.9135400997451]",0.2043,False,False,8,1
699,0.4259,"[164.0, 592.3, 199.5, 682.1]",,,0.0,False,False,4,0
699,0.1607,"[867.4, 262.6, 920.0, 390.2]",,,0.0,False,False,4,0
699,0.1465,"[787.7, 303.2, 845.8, 373.3]",,,0.0,False,False,4,0
699,0.1462,"[1033.4, 285.5, 1053.7, 351.7]",,,0.0,False,False,4,0
700,0.5613,"[171.8, 255.0, 216.0, 353.4]",135,"[172.6240846718086, 253.32746591628282, 211.61489848248826, 362.34587392746715]",0.8051,True,False,9,2
700,0.5169,"[791.1, 276.9, 824.9, 357.1]",,,0.0,False,False,9,2
700,0.2847,"[794.5, 276.2, 821.5, 343.7]",,,0.0,False,False,9,2
700,0.2515,"[783.7, 295.7, 835.0, 376.3]",,,0.0,False,False,9,2
700,0.2418,"[782.3, 277.3, 822.8, 371.2]",,,0.0,False,False,9,2
700,0.2334,"[841.1, 266.0, 874.8, 337.8]",,,0.0,False,False,9,2
700,0.141,"[1024.7, 284.5, 1047.6, 353.0]",,,0.0,False,False,9,2
700,0.1153,"[969.3, 282.7, 999.0, 368.2]",,,0.0,False,False,9,2
700,0.1112,"[795.2, 302.1, 853.2, 379.4]",,,0.0,False,False,9,2
701,0.478,"[798.5, 273.9, 826.9, 351.3]",,,0.0,False,False,7,0
701,0.4482,"[803.2, 281.5, 833.0, 354.7]",,,0.0,False,False,7,0
701,0.3216,"[947.7, 279.8, 976.1, 367.2]",,,0.0,False,False,7,0
701,0.2617,"[77.3, 541.7, 120.8, 657.1]",,,0.0,False,False,7,0
701,0.2451,"[1044.9, 279.8, 1065.2, 343.9]",,,0.0,False,False,7,0
701,0.2319,"[976.1, 282.0, 1003.1, 368.6]",,,0.0,False,False,7,0
701,0.1293,"[1740.2, 165.7, 1950.8, 726.3]",,,0.0,False,False,7,0
702,0.5594,"[1567.4, 230.2, 1637.6, 461.7]",146,"[1556.31189013272, 229.77100731637626, 1631.9383540079052, 458.2484018633113]",0.7835,True,False,9,3
702,0.5027,"[187.0, 255.5, 229.2, 359.8]",135,"[187.44153370919005, 254.6832925195947, 223.78011546073182, 355.4858969335303]",0.8205,True,False,9,3
702,0.2362,"[805.3, 275.4, 839.0, 350.3]",139,"[823.5347034572382, 297.6098377093752, 895.683558261512, 384.28823357968724]",0.1025,False,False,9,3
702,0.2192,"[1728.0, 144.1, 1992.6, 849.2]",,,0.0,False,False,9,3
702,0.216,"[855.9, 295.3, 897.8, 378.3]",139,"[823.5347034572382, 297.6098377093752, 895.683558261512, 384.28823357968724]",0.4928,True,False,9,3
702,0.205,"[808.0, 273.7, 832.3, 337.5]",139,"[823.5347034572382, 297.6098377093752, 895.683558261512, 384.28823357968724]",0.0468,False,False,9,3
702,0.1497,"[802.6, 280.0, 841.7, 365.9]",139,"[823.5347034572382, 297.6098377093752, 895.683558261512, 384.28823357968724]",0.1482,False,False,9,3
702,0.1206,"[869.4, 266.3, 920.7, 393.5]",139,"[823.5347034572382, 297.6098377093752, 895.683558261512, 384.28823357968724]",0.2169,False,False,9,3
702,0.1191,"[860.6, 282.8, 906.5, 382.7]",139,"[823.5347034572382, 297.6098377093752, 895.683558261512, 384.28823357968724]",0.3799,True,False,9,3
703,0.5697,"[785.0, 264.9, 814.7, 343.2]",158,"[787.7603896438819, 266.4844133232955, 812.5057236373682, 342.52626782904827]",0.8091,True,False,9,1
703,0.3762,"[814.7, 273.5, 844.4, 339.0]",,,0.0,False,False,9,1
703,0.2799,"[1732.1, 141.8, 1994.0, 841.7]",,,0.0,False,False,9,1
703,0.2312,"[1574.1, 230.5, 1649.7, 476.2]",,,0.0,False,False,9,1
703,0.2073,"[860.0, 263.2, 893.7, 338.2]",,,0.0,False,False,9,1
703,0.1842,"[710.1, 258.7, 754.7, 376.3]",,,0.0,False,False,9,1
703,0.1614,"[194.7, 257.7, 228.5, 341.7]",,,0.0,False,False,9,1
703,0.1221,"[745.9, 260.9, 795.8, 376.7]",158,"[787.7603896438819, 266.4844133232955, 812.5057236373682, 342.52626782904827]",0.087,False,False,9,1
703,0.1135,"[1709.1, 58.7, 2022.3, 936.9]",,,0.0,False,False,9,1
704,0.5078,"[760.1, 261.4, 792.5, 349.3]",140,"[759.2374010632218, 261.6748042726326, 793.1350354602157, 354.14599650861743]",0.9032,True,False,7,2
704,0.2708,"[717.5, 239.6, 767.5, 380.7]",140,"[759.2374010632218, 261.6748042726326, 793.1350354602157, 354.14599650861743]",0.0809,False,False,7,2
704,0.2279,"[777.6, 250.9, 807.3, 344.1]",140,"[759.2374010632218, 261.6748042726326, 793.1350354602157, 354.14599650861743]",0.277,False,False,7,2
704,0.2239,"[811.4, 266.0, 841.1, 340.5]",,,0.0,False,False,7,2
704,0.1903,"[866.0, 257.9, 901.1, 345.6]",,,0.0,False,False,7,2
704,0.1685,"[344.8, 826.2, 411.8, 1003.1]",,,0.0,False,False,7,2
704,0.1071,"[821.5, 269.0, 848.5, 337.2]",,,0.0,False,False,7,2
705,0.3067,"[201.2, 256.2, 243.0, 367.5]",,,0.0,False,False,4,1
705,0.2052,"[71.0, 247.4, 132.8, 392.9]",,,0.0,False,False,4,1
705,0.1851,"[803.2, 262.7, 831.6, 341.7]",158,"[806.0708086678283, 260.751265524591, 832.1966473868594, 340.68751621369023]",0.8513,True,False,4,1
705,0.1756,"[763.4, 262.4, 797.2, 358.4]",,,0.0,False,False,4,1
706,0.5411,"[1616.0, 237.8, 1688.9, 461.7]",,,0.0,False,False,8,1
706,0.3869,"[852.5, 297.3, 928.1, 389.1]",,,0.0,False,False,8,1
706,0.3345,"[83.4, 251.4, 136.3, 363.5]",,,0.0,False,False,8,1
706,0.3133,"[213.5, 255.0, 250.3, 362.5]",,,0.0,False,False,8,1
706,0.3021,"[812.7, 264.1, 845.1, 350.7]",,,0.0,False,False,8,1
706,0.2315,"[830.9, 274.2, 864.7, 351.7]",,,0.0,False,False,8,1
706,0.1213,"[895.7, 236.3, 959.2, 393.2]",,,0.0,False,False,8,1
706,0.1165,"[114.8, 259.5, 166.6, 391.8]",,,0.0,False,False,8,1
707,0.3906,"[848.5, 272.4, 876.8, 342.9]",,,0.0,False,False,6,1
707,0.2882,"[224.4, 253.6, 258.5, 355.1]",,,0.0,False,False,6,1
707,0.1254,"[917.3, 242.7, 965.9, 385.8]",,,0.0,False,False,6,1
707,0.1169,"[934.2, 242.5, 988.2, 393.5]",,,0.0,False,False,6,1
707,0.1065,"[943.0, 247.4, 1001.0, 396.2]",,,0.0,False,False,6,1
707,0.1005,"[192.7, 280.5, 439.1, 1061.1]",,,0.0,False,False,6,1
708,0.5439,"[812.7, 248.6, 854.6, 362.1]",140,"[795.5249112731898, 257.4668994890798, 833.4628816955603, 362.2414745343577]",0.3316,True,False,5,3
708,0.4807,"[102.9, 245.0, 161.3, 364.8]",150,"[105.37482975029381, 250.9903390072643, 158.91649105048742, 388.07112339507944]",0.7398,True,False,5,3
708,0.3919,"[-23.0, 627.4, 21.3, 738.5]",,,0.0,False,False,5,3
708,0.3521,"[790.4, 254.6, 828.2, 360.1]",140,"[795.5249112731898, 257.4668994890798, 833.4628816955603, 362.2414745343577]",0.7289,True,False,5,3
708,0.1891,"[840.4, 262.7, 868.7, 341.7]",158,"[842.246711041048, 264.04131186007606, 867.8249442323896, 341.97223794461144]",0.8848,True,False,5,3
709,0.488,"[116.6, 245.5, 170.6, 372.6]",,,0.0,False,False,5,0
709,0.4708,"[802.6, 256.3, 839.0, 352.7]",,,0.0,False,False,5,0
709,0.4306,"[822.2, 245.4, 865.4, 364.5]",,,0.0,False,False,5,0
709,0.157,"[851.2, 258.9, 883.6, 340.2]",,,0.0,False,False,5,0
709,0.1544,"[973.4, 252.8, 1028.7, 392.9]",,,0.0,False,False,5,0
710,0.5249,"[250.3, 246.5, 282.7, 341.4]",135,"[249.33844201726458, 247.56331056575897, 282.9357279046104, 338.1114330865847]",0.9222,True,False,4,1
710,0.2616,"[1173.8, 990.9, 1184.6, 1015.2]",,,0.0,False,False,4,1
710,0.2169,"[838.4, 259.0, 868.1, 340.0]",,,0.0,False,False,4,1
710,0.178,"[876.8, 269.5, 906.5, 339.0]",,,0.0,False,False,4,1
711,0.4829,"[825.5, 259.0, 857.9, 347.6]",140,"[824.861719276618, 259.76691646206325, 857.0273188093195, 348.846669963718]",0.9325,True,False,6,2
711,0.4444,"[875.5, 260.6, 901.1, 327.7]",158,"[876.4353949854896, 260.7319400463806, 902.0813286473231, 338.03533290283815]",0.8061,True,False,6,2
711,0.2589,"[257.2, 246.5, 291.9, 344.8]",,,0.0,False,False,6,2
711,0.2455,"[849.8, 254.8, 878.2, 339.5]",140,"[824.861719276618, 259.76691646206325, 857.0273188093195, 348.846669963718]",0.1224,False,False,6,2
711,0.1569,"[-4.8, 569.4, 40.3, 672.0]",,,0.0,False,False,6,2
711,0.1031,"[886.3, 267.0, 916.0, 331.4]",158,"[876.4353949854896, 260.7319400463806, 902.0813286473231, 338.03533290283815]",0.354,True,False,6,2
712,0.4525,"[834.3, 261.2, 866.7, 342.2]",,,0.0,False,False,8,1
712,0.4464,"[1711.8, 233.6, 1782.0, 449.6]",,,0.0,False,False,8,1
712,0.2808,"[145.0, 244.7, 197.3, 381.0]",150,"[147.1164288416551, 247.049533202529, 198.54311705678242, 377.9498564459085]",0.8994,True,False,8,1
712,0.2418,"[14.9, 617.0, 65.9, 735.8]",,,0.0,False,False,8,1
712,0.2159,"[887.0, 261.2, 919.4, 336.2]",,,0.0,False,False,8,1
712,0.1851,"[130.8, 553.2, 180.6, 682.1]",,,0.0,False,False,8,1
712,0.1835,"[1001.0, 269.8, 1064.5, 397.6]",,,0.0,False,False,8,1
712,0.1321,"[858.6, 257.3, 889.7, 339.4]",,,0.0,False,False,8,1
713,0.4586,"[899.8, 261.4, 929.5, 335.6]",,,0.0,False,False,8,0
713,0.436,"[844.4, 263.6, 875.5, 342.9]",,,0.0,False,False,8,0
713,0.2877,"[870.8, 262.2, 900.5, 341.9]",,,0.0,False,False,8,0
713,0.2113,"[148.6, 555.9, 195.1, 666.6]",,,0.0,False,False,8,0
713,0.1659,"[17.4, 564.0, 68.6, 672.6]",,,0.0,False,False,8,0
713,0.1173,"[237.6, 292.3, 479.3, 1071.9]",,,0.0,False,False,8,0
713,0.1163,"[904.5, 277.8, 946.4, 348.0]",,,0.0,False,False,8,0
713,0.1028,"[208.9, 551.8, 250.8, 645.0]",,,0.0,False,False,8,0
714,0.5058,"[1771.2, -285.9, 2327.4, 1285.2]",116,"[1755.5870480615117, -218.33412838219624, 2358.7903933447383, 1284.3268041634462]",0.8849,True,False,6,3
714,0.448,"[165.0, 244.9, 219.4, 383.4]",150,"[167.40014732182675, 247.84394519426613, 221.08193885981387, 384.87425548932765]",0.8988,True,False,6,3
714,0.4071,"[138.0, 567.7, 190.2, 693.2]",,,0.0,False,False,6,3
714,0.3439,"[33.3, 563.6, 83.2, 680.4]",,,0.0,False,False,6,3
714,0.1438,"[1198.8, 991.6, 1212.3, 1018.6]",,,0.0,False,False,6,3
714,0.1085,"[1366.9, 992.9, 1376.3, 1014.5]",,,0.0,False,False,6,3
715,0.5669,"[893.7, 263.2, 923.4, 342.9]",,,0.0,False,False,6,0
715,0.4907,"[179.0, 246.0, 232.4, 385.4]",,,0.0,False,False,6,0
715,0.383,"[47.9, 564.3, 95.7, 677.0]",,,0.0,False,False,6,0
715,0.2797,"[154.7, 567.7, 204.0, 689.2]",,,0.0,False,False,6,0
715,0.1621,"[1811.7, -214.3, 2289.6, 1185.3]",,,0.0,False,False,6,0
715,0.1591,"[1810.4, -309.8, 2372.0, 1428.3]",,,0.0,False,False,6,0
716,0.4285,"[936.2, 263.8, 964.6, 343.4]",,,0.0,False,False,7,0
716,0.2885,"[897.8, 261.7, 934.2, 350.7]",,,0.0,False,False,7,0
716,0.2299,"[887.0, 264.6, 915.3, 344.6]",,,0.0,False,False,7,0
716,0.1784,"[1768.5, -253.8, 2349.0, 1367.6]",,,0.0,False,False,7,0
716,0.1437,"[862.0, 255.7, 929.5, 379.0]",,,0.0,False,False,7,0
716,0.1312,"[909.2, 263.8, 938.9, 345.1]",,,0.0,False,False,7,0
716,0.1263,"[866.7, 260.9, 908.6, 362.5]",,,0.0,False,False,7,0
717,0.3852,"[84.6, 567.7, 124.8, 660.2]",,,0.0,False,False,7,0
717,0.3114,"[906.5, 271.9, 932.2, 351.3]",,,0.0,False,False,7,0
717,0.2475,"[316.4, 252.5, 351.7, 357.4]",,,0.0,False,False,7,0
717,0.2248,"[868.1, 295.5, 947.7, 381.0]",,,0.0,False,False,7,0
717,0.1961,"[951.8, 264.1, 977.4, 335.6]",,,0.0,False,False,7,0
717,0.1222,"[-31.2, 278.8, 38.4, 452.9]",,,0.0,False,False,7,0
717,0.1217,"[1061.8, 305.9, 1122.5, 395.2]",,,0.0,False,False,7,0
718,0.5199,"[989.6, 279.8, 1055.7, 389.1]",147,"[937.5585902567814, 302.70094228679926, 1008.8125034932186, 381.95048593585693]",0.1345,False,False,5,1
718,0.4295,"[938.3, 302.2, 1008.5, 378.7]",147,"[937.5585902567814, 302.70094228679926, 1008.8125034932186, 381.95048593585693]",0.939,True,False,5,1
718,0.3377,"[988.9, 304.1, 1049.6, 389.8]",147,"[937.5585902567814, 302.70094228679926, 1008.8125034932186, 381.95048593585693]",0.1669,False,False,5,1
718,0.272,"[919.4, 269.5, 943.7, 347.0]",147,"[937.5585902567814, 302.70094228679926, 1008.8125034932186, 381.95048593585693]",0.0371,False,False,5,1
718,0.1766,"[97.9, 566.7, 138.9, 659.1]",,,0.0,False,False,5,1
719,0.5673,"[113.7, 569.0, 148.8, 653.4]",,,0.0,False,False,9,0
719,0.4425,"[974.0, 265.1, 1003.7, 353.7]",,,0.0,False,False,9,0
719,0.377,"[336.7, 255.8, 368.6, 353.0]",,,0.0,False,False,9,0
719,0.3768,"[948.4, 302.6, 1018.6, 381.7]",,,0.0,False,False,9,0
719,0.2609,"[99.9, 574.1, 129.1, 651.7]",,,0.0,False,False,9,0
719,0.2565,"[996.3, 284.3, 1063.8, 390.8]",,,0.0,False,False,9,0
719,0.2147,"[1143.5, 279.1, 1169.1, 357.8]",,,0.0,False,False,9,0
719,0.2041,"[999.7, 257.0, 1071.2, 389.8]",,,0.0,False,False,9,0
719,0.1013,"[1170.5, 151.5, 1177.2, 165.9]",,,0.0,False,False,9,0
720,0.4523,"[938.3, 271.5, 963.9, 350.0]",,,0.0,False,False,8,1
720,0.3661,"[1007.8, 255.8, 1080.7, 393.2]",,,0.0,False,False,8,1
720,0.3326,"[119.2, 561.3, 165.0, 674.0]",,,0.0,False,False,8,1
720,0.2839,"[1070.6, 246.4, 1121.9, 408.7]",,,0.0,False,False,8,1
720,0.1848,"[343.4, 256.3, 377.7, 360.1]",,,0.0,False,False,8,1
720,0.1707,"[933.5, 269.5, 957.8, 345.1]",,,0.0,False,False,8,1
720,0.1578,"[1004.4, 291.4, 1070.6, 392.9]",,,0.0,False,False,8,1
720,0.1147,"[106.1, 256.5, 140.5, 357.8]",,,0.0,False,False,8,1
721,0.5664,"[943.7, 267.5, 973.4, 353.4]",147,"[964.8992240552924, 305.6167513244967, 1036.9295112962702, 385.0830777770658]",0.0513,False,False,7,3
721,0.5536,"[243.0, 253.3, 286.5, 377.3]",150,"[239.19197559808745, 253.67756471530993, 286.7070722534751, 384.4283312807838]",0.8642,True,False,7,3
721,0.4297,"[988.2, 274.1, 1013.9, 351.0]",147,"[964.8992240552924, 305.6167513244967, 1036.9295112962702, 385.0830777770658]",0.1782,False,False,7,3
721,0.3128,"[122.7, 562.6, 173.8, 676.7]",,,0.0,False,False,7,3
721,0.3073,"[999.0, 270.0, 1019.3, 339.5]",147,"[964.8992240552924, 305.6167513244967, 1036.9295112962702, 385.0830777770658]",0.1065,False,False,7,3
721,0.295,"[347.0, 258.2, 384.1, 363.2]",,,0.0,False,False,7,3
721,0.1813,"[621.0, 795.8, 692.6, 952.4]",,,0.0,False,False,7,3
722,0.5132,"[951.1, 267.5, 980.8, 355.4]",162,"[979.8744677480454, 268.30016906942024, 1005.9484082285171, 351.1995867899547]",0.0159,False,False,8,3
722,0.5039,"[978.8, 269.5, 1004.4, 348.6]",162,"[979.8744677480454, 268.30016906942024, 1005.9484082285171, 351.1995867899547]",0.8625,True,False,8,3
722,0.5014,"[995.0, 270.3, 1028.7, 354.7]",158,"[1003.3490606660224, 269.8548551490936, 1031.4551385527275, 351.3022493430938]",0.6655,True,False,8,3
722,0.4836,"[120.5, 614.2, 181.6, 739.8]",161,"[120.23892895056352, 611.225370643256, 179.47203906701463, 741.301240684869]",0.9293,True,False,8,3
722,0.2469,"[1018.6, 257.3, 1090.1, 399.9]",158,"[1003.3490606660224, 269.8548551490936, 1031.4551385527275, 351.3022493430938]",0.0917,False,False,8,3
722,0.2393,"[909.2, 264.8, 940.3, 360.8]",,,0.0,False,False,8,3
722,0.1406,"[1872.5, 243.0, 1958.9, 483.3]",,,0.0,False,False,8,3
722,0.1196,"[1013.2, 281.1, 1079.3, 399.6]",158,"[1003.3490606660224, 269.8548551490936, 1031.4551385527275, 351.3022493430938]",0.145,False,False,8,3
723,0.4352,"[1006.4, 273.5, 1036.1, 353.4]",,,0.0,False,False,10,0
723,0.2391,"[957.8, 274.9, 986.2, 355.7]",,,0.0,False,False,10,0
723,0.2294,"[1109.0, 311.3, 1177.9, 405.0]",,,0.0,False,False,10,0
723,0.1935,"[986.2, 272.9, 1013.2, 352.0]",,,0.0,False,False,10,0
723,0.1906,"[352.7, 263.8, 389.1, 374.6]",,,0.0,False,False,10,0
723,0.1891,"[1023.3, 248.9, 1098.9, 404.0]",,,0.0,False,False,10,0
723,0.1592,"[128.7, 261.7, 169.2, 360.8]",,,0.0,False,False,10,0
723,0.1442,"[1146.8, 307.5, 1215.7, 408.7]",,,0.0,False,False,10,0
723,0.1096,"[997.7, 277.4, 1027.3, 353.7]",,,0.0,False,False,10,0
723,0.1029,"[131.5, 559.6, 193.2, 733.7]",,,0.0,False,False,10,0
724,0.3609,"[1117.8, 313.7, 1182.6, 405.0]",,,0.0,False,False,7,0
724,0.3418,"[994.3, 274.7, 1029.4, 375.6]",,,0.0,False,False,7,0
724,0.2223,"[1034.8, 264.4, 1099.6, 405.7]",,,0.0,False,False,7,0
724,0.2015,"[358.8, 263.9, 389.8, 362.5]",,,0.0,False,False,7,0
724,0.1844,"[235.1, 556.2, 287.4, 655.4]",,,0.0,False,False,7,0
724,0.1637,"[1466.1, 235.2, 1576.8, 526.2]",,,0.0,False,False,7,0
724,0.1157,"[1032.1, 280.8, 1087.4, 405.3]",,,0.0,False,False,7,0
725,0.314,"[134.3, 572.4, 247.4, 895.1]",161,"[132.1772214074214, 617.8156773118649, 196.23610867070357, 757.1195033521975]",0.2345,False,False,12,2
725,0.307,"[1030.7, 223.4, 1119.8, 446.5]",,,0.0,False,False,12,2
725,0.2723,"[359.1, 267.3, 396.9, 381.4]",,,0.0,False,False,12,2
725,0.2439,"[993.6, 274.4, 1034.1, 388.1]",,,0.0,False,False,12,2
725,0.2157,"[924.1, 256.8, 970.0, 390.5]",140,"[932.8527287886716, 274.3316529571231, 968.076592500391, 379.25739733584567]",0.6025,True,False,12,2
725,0.2055,"[221.2, 271.5, 264.1, 360.8]",,,0.0,False,False,12,2
725,0.1911,"[247.1, 33.4, 316.9, 317.6]",,,0.0,False,False,12,2
725,0.1888,"[129.6, 591.0, 250.4, 980.1]",161,"[132.1772214074214, 617.8156773118649, 196.23610867070357, 757.1195033521975]",0.1898,False,False,12,2
725,0.1646,"[1459.4, 242.0, 1562.0, 545.1]",,,0.0,False,False,12,2
725,0.1374,"[193.1, 624.7, 244.0, 752.6]",161,"[132.1772214074214, 617.8156773118649, 196.23610867070357, 757.1195033521975]",0.0271,False,False,12,2
725,0.1139,"[137.2, 571.7, 194.6, 739.8]",161,"[132.1772214074214, 617.8156773118649, 196.23610867070357, 757.1195033521975]",0.605,True,False,12,2
725,0.1075,"[999.0, 273.2, 1030.1, 351.7]",,,0.0,False,False,12,2
726,0.5434,"[1001.0, 286.0, 1032.1, 374.6]",164,"[969.3338520046508, 261.0582275390625, 1014.7918804172241, 398.42071533203125]",0.1569,False,False,8,3
726,0.5286,"[965.3, 277.4, 997.7, 375.3]",164,"[969.3338520046508, 261.0582275390625, 1014.7918804172241, 398.42071533203125]",0.4171,True,False,8,3
726,0.4501,"[357.1, 272.4, 391.5, 383.4]",,,0.0,False,False,8,3
726,0.2778,"[1158.3, 321.0, 1232.6, 414.1]",,,0.0,False,False,8,3
726,0.2763,"[1471.5, 236.9, 1571.4, 533.9]",,,0.0,False,False,8,3
726,0.1967,"[1031.4, 255.8, 1103.0, 418.5]",,,0.0,False,False,8,3
726,0.1519,"[924.8, 273.9, 951.8, 368.6]",,,0.0,False,False,8,3
726,0.1194,"[932.2, 307.1, 1003.7, 396.9]",164,"[969.3338520046508, 261.0582275390625, 1014.7918804172241, 398.42071533203125]",0.3223,True,False,8,3
727,0.5085,"[1478.2, 236.1, 1586.2, 544.7]",,,0.0,False,False,7,3
727,0.4871,"[936.2, 277.1, 971.3, 389.5]",140,"[935.3279243405505, 280.20064934785637, 970.2160209719495, 385.0157813162061]",0.8821,True,False,7,3
727,0.2671,"[224.4, 277.6, 264.9, 382.1]",,,0.0,False,False,7,3
727,0.2273,"[355.4, 275.4, 388.5, 380.7]",,,0.0,False,False,7,3
727,0.2151,"[1046.2, 986.9, 1055.7, 1007.1]",,,0.0,False,False,7,3
727,0.1894,"[1089.5, 990.9, 1096.2, 1008.5]",,,0.0,False,False,7,3
727,0.152,"[284.0, 313.9, 550.8, 1177.9]",,,0.0,False,False,7,3
728,0.5254,"[278.1, 310.5, 552.8, 1151.6]",,,0.0,False,False,7,0
728,0.5176,"[937.6, 275.9, 972.7, 389.8]",,,0.0,False,False,7,0
728,0.509,"[1000.4, 280.5, 1042.2, 392.2]",,,0.0,False,False,7,0
728,0.2135,"[351.7, 273.9, 386.8, 379.4]",,,0.0,False,False,7,0
728,0.1677,"[270.0, 279.3, 308.1, 371.6]",,,0.0,False,False,7,0
728,0.1606,"[225.8, 286.2, 262.6, 376.0]",,,0.0,False,False,7,0
728,0.1007,"[137.4, 676.0, 180.9, 777.6]",,,0.0,False,False,7,0
729,0.5553,"[937.6, 276.2, 972.7, 392.5]",,,0.0,False,False,1,0
730,0.534,"[975.4, 279.8, 1003.7, 377.7]",,,0.0,False,False,8,1
730,0.4794,"[939.6, 312.2, 1013.9, 398.6]",,,0.0,False,False,8,1
730,0.39,"[347.6, 276.8, 384.1, 388.1]",135,"[345.766825807483, 276.97187994217967, 386.66780554017333, 389.2165355851641]",0.881,True,False,8,1
730,0.2983,"[1003.1, 318.3, 1067.8, 402.6]",,,0.0,False,False,8,1
730,0.212,"[1006.4, 288.7, 1034.8, 371.6]",,,0.0,False,False,8,1
730,0.1522,"[1097.6, 268.6, 1148.9, 413.1]",,,0.0,False,False,8,1
730,0.133,"[1173.2, 319.8, 1238.0, 416.5]",,,0.0,False,False,8,1
730,0.1206,"[1199.5, 290.9, 1226.5, 369.9]",,,0.0,False,False,8,1
731,0.5368,"[1508.0, 169.4, 1667.2, 601.4]",,,0.0,False,False,12,2
731,0.495,"[229.7, 292.6, 265.8, 387.1]",,,0.0,False,False,12,2
731,0.485,"[1177.2, 324.0, 1248.8, 419.9]",163,"[1135.2173968012257, 321.14312539206645, 1197.771861011274, 416.3511373032461]",0.1741,False,False,12,2
731,0.4404,"[1138.7, 320.5, 1200.8, 413.8]",163,"[1135.2173968012257, 321.14312539206645, 1197.771861011274, 416.3511373032461]",0.8708,True,False,12,2
731,0.3828,"[1144.8, 272.4, 1188.0, 408.4]",163,"[1135.2173968012257, 321.14312539206645, 1197.771861011274, 416.3511373032461]",0.4674,True,False,12,2
731,0.3373,"[970.0, 317.2, 1026.7, 404.3]",,,0.0,False,False,12,2
731,0.3329,"[1097.6, 266.5, 1148.9, 419.2]",163,"[1135.2173968012257, 321.14312539206645, 1197.771861011274, 416.3511373032461]",0.1039,False,False,12,2
731,0.2696,"[940.3, 312.9, 1009.1, 410.1]",,,0.0,False,False,12,2
731,0.2159,"[1201.5, 296.0, 1227.2, 370.2]",,,0.0,False,False,12,2
731,0.1277,"[997.7, 315.1, 1065.2, 407.7]",,,0.0,False,False,12,2
731,0.1247,"[1516.1, 217.5, 1640.2, 568.4]",,,0.0,False,False,12,2
731,0.1169,"[219.4, 585.2, 266.3, 703.4]",,,0.0,False,False,12,2
732,0.4432,"[1003.7, 292.8, 1040.2, 399.6]",,,0.0,False,False,4,0
732,0.2959,"[1202.9, 296.7, 1227.2, 370.2]",,,0.0,False,False,4,0
732,0.1424,"[230.3, 297.7, 266.5, 392.9]",,,0.0,False,False,4,0
732,0.1158,"[1208.2, 296.7, 1235.2, 372.3]",,,0.0,False,False,4,0
733,0.371,"[971.3, 323.2, 1029.4, 411.8]",,,0.0,False,False,5,1
733,0.2228,"[1095.5, 280.5, 1145.5, 419.5]",139,"[1059.6818397305217, 321.44070929140645, 1131.8303673007283, 408.1191051617185]",0.313,True,False,5,1
733,0.1741,"[1204.9, 297.3, 1233.2, 377.0]",,,0.0,False,False,5,1
733,0.125,"[1001.7, 305.1, 1065.2, 413.8]",139,"[1059.6818397305217, 321.44070929140645, 1131.8303673007283, 408.1191051617185]",0.0374,False,False,5,1
733,0.1061,"[1004.4, 330.4, 1057.1, 410.1]",,,0.0,False,False,5,1
734,0.4997,"[969.3, 326.0, 1035.5, 411.1]",,,0.0,False,False,4,2
734,0.3227,"[231.5, 303.1, 268.3, 410.4]",,,0.0,False,False,4,2
734,0.2351,"[59.0, 317.2, 102.5, 432.7]",,,0.0,False,False,4,2
734,0.2344,"[1134.7, 327.0, 1203.5, 420.9]",163,"[1132.473988893376, 328.36680693929605, 1195.974985715999, 422.56764130289145]",0.8373,True,False,4,2
735,0.2372,"[56.9, 332.8, 100.4, 442.1]",,,0.0,False,False,8,0
735,0.2069,"[974.7, 286.2, 1012.5, 400.6]",,,0.0,False,False,8,0
735,0.1672,"[1204.2, 302.4, 1232.6, 385.4]",,,0.0,False,False,8,0
735,0.1434,"[66.2, 321.6, 98.5, 414.1]",,,0.0,False,False,8,0
735,0.143,"[169.1, 621.3, 208.6, 712.8]",,,0.0,False,False,8,0
735,0.1138,"[980.1, 292.3, 1012.5, 384.4]",,,0.0,False,False,8,0
735,0.1119,"[1003.1, 302.4, 1038.2, 408.4]",,,0.0,False,False,8,0
735,0.1114,"[960.5, 283.5, 1001.0, 408.4]",,,0.0,False,False,8,0
736,0.42,"[968.0, 287.7, 1003.1, 409.4]",,,0.0,False,False,6,0
736,0.2086,"[1024.7, 263.6, 1093.5, 431.0]",,,0.0,False,False,6,0
736,0.1994,"[1204.2, 305.9, 1232.6, 387.5]",,,0.0,False,False,6,0
736,0.121,"[1139.4, 332.6, 1201.5, 427.3]",,,0.0,False,False,6,0
736,0.1067,"[953.8, 289.2, 999.7, 418.2]",,,0.0,False,False,6,0
736,0.1043,"[933.5, 297.0, 970.0, 415.8]",,,0.0,False,False,6,0
737,0.5077,"[166.6, 635.9, 206.0, 723.6]",,,0.0,False,False,7,1
737,0.3697,"[978.8, 290.6, 1016.6, 408.7]",164,"[974.8737648499002, 285.2759161588348, 1019.3855124938498, 417.8938836458527]",0.7564,True,False,7,1
737,0.3368,"[968.0, 292.3, 1004.4, 407.7]",164,"[974.8737648499002, 285.2759161588348, 1019.3855124938498, 417.8938836458527]",0.5085,True,False,7,1
737,0.2787,"[1149.5, 286.2, 1191.4, 417.8]",,,0.0,False,False,7,1
737,0.2653,"[142.5, 330.8, 179.6, 427.3]",,,0.0,False,False,7,1
737,0.236,"[1204.9, 307.8, 1233.2, 388.8]",,,0.0,False,False,7,1
737,0.1727,"[761.4, 294.8, 806.0, 413.8]",,,0.0,False,False,7,1
738,0.1841,"[166.6, 641.9, 206.2, 728.3]",,,0.0,False,False,8,0
738,0.1788,"[984.2, 341.4, 1024.7, 426.3]",,,0.0,False,False,8,0
738,0.1681,"[975.4, 297.7, 1013.2, 418.5]",,,0.0,False,False,8,0
738,0.1652,"[759.4, 298.9, 806.6, 418.5]",,,0.0,False,False,8,0
738,0.1643,"[173.6, 616.3, 210.4, 719.6]",,,0.0,False,False,8,0
738,0.1244,"[140.8, 330.6, 181.1, 432.7]",,,0.0,False,False,8,0
738,0.1081,"[1224.5, 303.2, 1252.8, 387.8]",,,0.0,False,False,8,0
738,0.1042,"[134.2, 596.0, 187.5, 745.2]",,,0.0,False,False,8,0
739,0.4083,"[149.5, 691.2, 192.0, 808.7]",,,0.0,False,False,2,0
739,0.3812,"[775.6, 319.4, 809.3, 421.2]",,,0.0,False,False,2,0
740,0.1024,"[147.6, 697.3, 190.5, 813.4]",,,0.0,False,False,1,0
741,0.4103,"[939.6, 324.2, 969.3, 413.1]",140,"[937.7416870302549, 323.5272375618895, 970.5057494931825, 429.0810998404543]",0.7637,True,False,4,1
741,0.3916,"[59.4, 346.3, 104.0, 467.1]",,,0.0,False,False,4,1
741,0.2706,"[236.6, 349.0, 275.7, 458.3]",,,0.0,False,False,4,1
741,0.1726,"[174.2, 663.5, 213.6, 747.2]",,,0.0,False,False,4,1
742,0.5429,"[1222.4, 314.6, 1257.5, 420.5]",,,0.0,False,False,12,2
742,0.375,"[1215.0, 312.9, 1248.8, 420.9]",,,0.0,False,False,12,2
742,0.3567,"[1149.5, 307.1, 1194.1, 437.4]",,,0.0,False,False,12,2
742,0.3552,"[978.1, 319.6, 1009.1, 411.4]",,,0.0,False,False,12,2
742,0.296,"[1046.2, 306.1, 1096.2, 454.6]",,,0.0,False,False,12,2
742,0.2709,"[80.7, 358.4, 120.1, 471.2]",168,"[85.41165201623488, 359.93950009198716, 119.54133565466356, 458.1271502986379]",0.7561,True,False,12,2
742,0.2664,"[1056.4, 306.5, 1109.0, 452.9]",,,0.0,False,False,12,2
742,0.2588,"[779.6, 334.1, 818.8, 437.4]",,,0.0,False,False,12,2
742,0.2549,"[1040.2, 304.8, 1087.4, 445.8]",,,0.0,False,False,12,2
742,0.2549,"[138.6, 710.8, 187.5, 822.8]",,,0.0,False,False,12,2
742,0.2269,"[59.1, 352.7, 111.9, 497.1]",168,"[85.41165201623488, 359.93950009198716, 119.54133565466356, 458.1271502986379]",0.3101,True,False,12,2
742,0.1222,"[219.5, 350.0, 272.9, 458.0]",150,"[224.58803338656688, 351.295867598058, 273.3610022579644, 478.45480378866074]",0.7564,True,False,12,2
743,0.4593,"[936.9, 326.5, 974.7, 437.4]",140,"[941.9668080845267, 329.2315357363169, 973.0651743373484, 428.79385488868314]",0.7388,True,False,6,2
743,0.3756,"[784.4, 335.3, 823.5, 440.8]",,,0.0,False,False,6,2
743,0.2729,"[1220.4, 314.6, 1263.6, 434.0]",,,0.0,False,False,6,2
743,0.2384,"[141.8, 711.5, 193.4, 833.0]",,,0.0,False,False,6,2
743,0.1637,"[981.5, 309.5, 1027.3, 445.8]",164,"[993.6006061899733, 312.6508073515239, 1036.3880412709643, 436.4479475312886]",0.5663,True,False,6,2
743,0.1208,"[1061.8, 301.4, 1122.5, 466.8]",,,0.0,False,False,6,2
744,0.5673,"[1229.2, 323.0, 1267.0, 434.4]",,,0.0,False,False,4,1
744,0.4599,"[148.5, 719.6, 199.5, 838.4]",,,0.0,False,False,4,1
744,0.2796,"[1162.4, 316.6, 1205.6, 438.1]",,,0.0,False,False,4,1
744,0.1113,"[1849.5, 211.4, 1954.8, 623.0]",103,"[1820.8378027979315, 211.76816754534164, 1959.7591210301937, 645.6625575523146]",0.718,True,False,4,1
745,0.526,"[233.4, 366.9, 272.5, 468.8]",,,0.0,False,False,9,1
745,0.4636,"[109.5, 376.0, 158.5, 484.0]",,,0.0,False,False,9,1
745,0.4605,"[999.0, 322.3, 1043.6, 451.2]",,,0.0,False,False,9,1
745,0.3607,"[1170.5, 320.0, 1215.0, 446.2]",,,0.0,False,False,9,1
745,0.3241,"[800.6, 345.1, 838.4, 446.5]",,,0.0,False,False,9,1
745,0.2787,"[156.2, 722.2, 206.6, 839.7]",,,0.0,False,False,9,1
745,0.1878,"[999.7, 337.5, 1032.1, 432.0]",,,0.0,False,False,9,1
745,0.167,"[1857.6, 208.6, 1976.4, 650.0]",,,0.0,False,False,9,1
745,0.1399,"[83.3, 368.2, 125.7, 484.3]",,,0.0,False,False,9,1
746,0.3967,"[167.1, 723.6, 209.9, 837.0]",,,0.0,False,False,9,0
746,0.2855,"[1007.1, 320.6, 1058.4, 450.2]",,,0.0,False,False,9,0
746,0.2353,"[1314.2, 335.1, 1342.6, 422.2]",,,0.0,False,False,9,0
746,0.2078,"[1010.5, 334.0, 1045.6, 432.0]",,,0.0,False,False,9,0
746,0.179,"[24.2, 791.8, 183.6, 1022.6]",,,0.0,False,False,9,0
746,0.1251,"[993.6, 332.1, 1042.2, 449.6]",,,0.0,False,False,9,0
746,0.1155,"[143.8, -470.8, 849.2, 1287.9]",,,0.0,False,False,9,0
746,0.1153,"[1082.0, 320.8, 1140.1, 475.9]",,,0.0,False,False,9,0
746,0.1025,"[1010.5, 340.5, 1040.2, 420.2]",,,0.0,False,False,9,0
747,0.5544,"[1322.3, 335.5, 1349.3, 415.8]",,,0.0,False,False,8,0
747,0.4566,"[1013.9, 333.3, 1047.6, 448.2]",,,0.0,False,False,8,0
747,0.4237,"[992.3, 325.4, 1040.8, 454.3]",,,0.0,False,False,8,0
747,0.4037,"[1042.9, 339.2, 1084.7, 451.9]",,,0.0,False,False,8,0
747,0.3168,"[1019.3, 324.3, 1058.4, 453.3]",,,0.0,False,False,8,0
747,0.2794,"[175.3, 724.3, 218.2, 837.7]",,,0.0,False,False,8,0
747,0.1573,"[1017.9, 339.4, 1044.9, 425.2]",,,0.0,False,False,8,0
747,0.1571,"[1194.1, 370.9, 1276.4, 467.4]",,,0.0,False,False,8,0
748,0.4122,"[1025.3, 342.4, 1053.7, 433.4]",,,0.0,False,False,3,0
748,0.3836,"[992.3, 370.9, 1065.2, 457.3]",,,0.0,False,False,3,0
748,0.2196,"[1028.7, 342.9, 1051.7, 417.8]",,,0.0,False,False,3,0
749,0.4396,"[1810.4, 144.3, 1975.1, 764.1]",4,"[1767.5491485564467, 138.7532275675024, 1987.6969451935536, 795.2887035848414]",0.7063,True,False,9,2
749,0.4269,"[1341.2, 336.8, 1368.2, 419.2]",,,0.0,False,False,9,2
749,0.3897,"[1177.9, 369.6, 1264.3, 475.5]",163,"[1200.8816706239454, 368.7673364251347, 1266.7259953916796, 466.8010839850216]",0.6525,True,False,9,2
749,0.2787,"[1200.8, 369.2, 1267.0, 469.1]",163,"[1200.8816706239454, 368.7673364251347, 1266.7259953916796, 466.8010839850216]",0.9678,True,False,9,2
749,0.2173,"[1032.1, 373.6, 1079.3, 458.0]",,,0.0,False,False,9,2
749,0.1477,"[806.0, 348.6, 839.7, 453.9]",,,0.0,False,False,9,2
749,0.1437,"[1035.5, 343.6, 1063.8, 431.3]",,,0.0,False,False,9,2
749,0.1203,"[1034.8, 325.2, 1079.3, 453.6]",,,0.0,False,False,9,2
749,0.1152,"[281.5, 376.7, 312.9, 459.0]",,,0.0,False,False,9,2
750,0.5612,"[1038.8, 326.0, 1084.7, 463.7]",,,0.0,False,False,6,0
750,0.1706,"[1033.4, 374.6, 1084.7, 461.0]",,,0.0,False,False,6,0
750,0.1626,"[1672.7, 325.9, 1694.2, 389.1]",,,0.0,False,False,6,0
750,0.1388,"[134.1, 378.0, 171.4, 495.5]",,,0.0,False,False,6,0
750,0.109,"[1629.5, 325.7, 1653.8, 402.0]",,,0.0,False,False,6,0
750,0.1027,"[1242.0, 374.6, 1320.3, 475.9]",,,0.0,False,False,6,0
751,0.4532,"[823.5, 357.1, 855.9, 451.6]",,,0.0,False,False,6,1
751,0.4435,"[1252.1, 375.3, 1329.1, 474.5]",,,0.0,False,False,6,1
751,0.4121,"[1357.4, 338.9, 1383.8, 421.2]",,,0.0,False,False,6,1
751,0.2596,"[1310.9, 340.5, 1333.8, 416.1]",,,0.0,False,False,6,1
751,0.2128,"[1679.4, 325.5, 1703.7, 394.2]",,,0.0,False,False,6,1
751,0.1237,"[1150.2, 349.3, 1206.9, 474.2]",,,0.0,False,False,6,1
752,0.4434,"[1364.9, 339.9, 1391.9, 420.9]",,,0.0,False,False,4,0
752,0.189,"[1162.4, 366.9, 1215.0, 474.9]",,,0.0,False,False,4,0
752,0.1332,"[1316.2, 342.4, 1339.2, 419.2]",,,0.0,False,False,4,0
752,0.1229,"[1657.8, 327.0, 1682.1, 396.6]",,,0.0,False,False,4,0
753,0.5413,"[1209.6, 372.9, 1294.7, 475.5]",163,"[1213.7596863901185, 373.7874990024761, 1289.4737120473815, 474.2679819545551]",0.8718,True,False,5,5
753,0.2836,"[1171.8, 367.2, 1224.5, 476.6]",163,"[1213.7596863901185, 373.7874990024761, 1289.4737120473815, 474.2679819545551]",0.0874,False,False,5,5
753,0.157,"[1665.9, 327.2, 1690.2, 397.9]",,,0.0,False,False,5,5
753,0.1505,"[1059.8, 343.2, 1105.7, 467.4]",164,"[1037.2702953451083, 380.33685100568596, 1086.0226734048917, 465.17315875993904]",0.293,False,False,5,5
753,0.1417,"[1324.4, 343.9, 1347.3, 419.5]",166,"[1263.809981355129, 374.2556778987808, 1346.014969816746, 477.87267903481296]",0.1057,False,False,5,5
754,0.5316,"[845.1, 358.4, 872.1, 443.5]",,,0.0,False,False,10,0
754,0.5114,"[1329.8, 344.8, 1352.7, 420.2]",,,0.0,False,False,10,0
754,0.4425,"[1675.4, 328.2, 1699.7, 399.3]",,,0.0,False,False,10,0
754,0.334,"[1063.1, 328.6, 1110.4, 461.4]",,,0.0,False,False,10,0
754,0.3223,"[1030.7, 375.6, 1109.0, 467.4]",,,0.0,False,False,10,0
754,0.2887,"[1256.2, 378.0, 1319.6, 473.9]",,,0.0,False,False,10,0
754,0.236,"[828.2, 353.0, 864.7, 457.7]",,,0.0,False,False,10,0
754,0.2325,"[163.6, 380.4, 202.8, 496.5]",,,0.0,False,False,10,0
754,0.1405,"[1035.5, 330.1, 1111.1, 466.4]",,,0.0,False,False,10,0
754,0.1319,"[839.0, 355.1, 871.4, 454.3]",,,0.0,False,False,10,0
755,0.5533,"[1186.7, 371.2, 1236.6, 473.2]",,,0.0,False,False,9,0
755,0.4812,"[1714.5, 330.1, 1741.5, 407.7]",,,0.0,False,False,9,0
755,0.478,"[1072.6, 329.2, 1118.5, 464.4]",,,0.0,False,False,9,0
755,0.4241,"[172.6, 373.3, 215.2, 486.0]",,,0.0,False,False,9,0
755,0.3951,"[1335.8, 345.9, 1360.1, 423.6]",,,0.0,False,False,9,0
755,0.3269,"[1092.8, 322.7, 1163.0, 481.3]",,,0.0,False,False,9,0
755,0.2721,"[1285.2, 379.7, 1360.8, 477.6]",,,0.0,False,False,9,0
755,0.1566,"[1794.2, 272.9, 1945.4, 613.6]",,,0.0,False,False,9,0
755,0.1513,"[1680.8, 329.2, 1707.8, 410.1]",,,0.0,False,False,9,0
756,0.5139,"[1289.2, 381.7, 1370.2, 479.6]",,,0.0,False,False,6,1
756,0.4326,"[1722.6, 333.6, 1746.9, 402.3]",,,0.0,False,False,6,1
756,0.328,"[1080.7, 327.9, 1125.2, 460.4]",,,0.0,False,False,6,1
756,0.1851,"[1092.8, 332.8, 1163.0, 483.3]",,,0.0,False,False,6,1
756,0.1295,"[1104.3, 328.4, 1181.2, 493.1]",,,0.0,False,False,6,1
756,0.1099,"[301.2, 369.9, 330.9, 467.1]",,,0.0,False,False,6,1
757,0.5559,"[1802.2, 320.3, 1837.4, 428.3]",,,0.0,False,False,5,2
757,0.5027,"[1390.5, 344.4, 1425.6, 449.2]",177,"[1393.090748608429, 343.5757629394531, 1425.9778549071957, 454.5457580566406]",0.8689,True,False,5,2
757,0.4683,"[1082.7, 327.0, 1130.0, 470.8]",164,"[1059.7729261646998, 380.3716864456173, 1115.5539781321752, 471.53016902313266]",0.3336,True,False,5,2
757,0.2457,"[190.7, 373.3, 230.9, 484.0]",,,0.0,False,False,5,2
757,0.1351,"[1024.0, 188.3, 1256.2, 948.4]",164,"[1059.7729261646998, 380.3716864456173, 1115.5539781321752, 471.53016902313266]",0.0288,False,False,5,2
758,0.5589,"[1401.3, 348.3, 1428.3, 430.0]",,,0.0,False,False,7,4
758,0.4977,"[1350.0, 349.3, 1375.7, 427.6]",180,"[1351.124526527726, 348.294873046875, 1375.7306980816488, 424.70488281250005]",0.9066,True,False,7,4
758,0.4338,"[195.8, 368.6, 238.3, 477.2]",,,0.0,False,False,7,4
758,0.4064,"[1737.5, 335.8, 1761.8, 408.0]",,,0.0,False,False,7,4
758,0.3973,"[862.7, 357.8, 896.4, 449.6]",179,"[864.3729740751695, 357.73150329589845, 893.5154536592055, 443.8615142822266]",0.8098,True,False,7,4
758,0.3163,"[1852.2, 33.8, 2203.2, 1068.5]",117,"[1808.1565214561342, 7.444072790753808, 2221.665988309491, 1036.5345649045587]",0.8059,True,False,7,4
758,0.3088,"[1082.7, 331.6, 1131.3, 466.8]",147,"[1112.1879657819093, 381.76309304612926, 1183.3886943743407, 460.2148122273082]",0.1407,False,False,7,4
759,0.4778,"[1204.2, 374.6, 1255.5, 472.5]",178,"[1205.0137708870748, 373.30724405199226, 1251.42787950355, 470.10291219800774]",0.872,True,False,9,3
759,0.4627,"[1088.8, 331.1, 1136.0, 477.6]",,,0.0,False,False,9,3
759,0.4162,"[868.7, 357.8, 905.2, 458.3]",169,"[902.9736321155593, 356.9297248529817, 937.5565192516283, 451.75783618217463]",0.0307,False,False,9,3
759,0.415,"[1123.2, 320.0, 1182.6, 490.1]",,,0.0,False,False,9,3
759,0.257,"[1302.8, 359.1, 1375.7, 483.3]",166,"[1307.304918940637, 381.2132748691822, 1384.277600590613, 480.9377871425366]",0.6874,True,False,9,3
759,0.1844,"[1142.1, 317.1, 1198.8, 481.3]",,,0.0,False,False,9,3
759,0.1577,"[1348.7, 350.0, 1379.7, 437.1]",166,"[1307.304918940637, 381.2132748691822, 1384.277600590613, 480.9377871425366]",0.2006,False,False,9,3
759,0.15,"[904.5, 357.1, 935.6, 453.6]",169,"[902.9736321155593, 356.9297248529817, 937.5565192516283, 451.75783618217463]",0.8811,True,False,9,3
759,0.1093,"[1740.2, 21.6, 2220.8, 1076.6]",,,0.0,False,False,9,3
760,0.5668,"[871.4, 362.1, 914.6, 463.4]",,,0.0,False,False,13,3
760,0.5449,"[1097.6, 332.3, 1143.5, 475.2]",,,0.0,False,False,13,3
760,0.498,"[1335.2, 338.3, 1370.2, 438.1]",173,"[1341.884187753216, 346.8788089595194, 1371.940275137409, 437.7905635990743]",0.7057,True,False,13,3
760,0.4022,"[1211.6, 376.7, 1288.6, 477.2]",163,"[1248.6215785918978, 379.4646973443776, 1329.732181173727, 481.3071532415599]",0.323,True,False,13,3
760,0.2871,"[1142.8, 323.5, 1200.8, 486.7]",,,0.0,False,False,13,3
760,0.2687,"[209.6, 376.0, 246.4, 472.5]",,,0.0,False,False,13,3
760,0.2499,"[1211.0, 376.3, 1263.6, 472.8]",163,"[1248.6215785918978, 379.4646973443776, 1329.732181173727, 481.3071532415599]",0.1171,False,False,13,3
760,0.2315,"[1131.3, 328.6, 1188.0, 487.7]",,,0.0,False,False,13,3
760,0.1918,"[1354.1, 348.0, 1385.1, 435.7]",173,"[1341.884187753216, 346.8788089595194, 1371.940275137409, 437.7905635990743]",0.4039,True,False,13,3
760,0.1616,"[909.2, 358.8, 940.3, 455.3]",,,0.0,False,False,13,3
760,0.1484,"[1268.3, 332.8, 1314.2, 456.3]",163,"[1248.6215785918978, 379.4646973443776, 1329.732181173727, 481.3071532415599]",0.339,True,False,13,3
760,0.123,"[996.3, 363.2, 1035.5, 468.5]",,,0.0,False,False,13,3
760,0.1047,"[1123.2, 335.3, 1174.5, 478.6]",,,0.0,False,False,13,3
761,0.4619,"[100.4, 437.4, 766.8, 1823.9]",,,0.0022,False,False,14,4
761,0.4392,"[1611.9, 269.8, 1771.2, 772.9]",136,"[1609.163422740925, 249.72187891764082, 1761.09023936845, 780.2135458870466]",0.8759,True,False,14,4
761,0.3823,"[226.5, 367.9, 270.0, 469.8]",170,"[231.02247201981234, 371.72227214704856, 267.4038585465939, 484.59462238420144]",0.7171,True,False,14,4
761,0.2413,"[255.3, 377.7, 288.4, 461.4]",168,"[257.6578548825678, 380.1829432422927, 289.7306949221197, 473.7524815623948]",0.762,True,False,14,4
761,0.2329,"[1337.9, 338.3, 1379.7, 451.6]",,,0.0,False,False,14,4
761,0.2063,"[1343.2, 340.5, 1386.5, 462.7]",,,0.0,False,False,14,4
761,0.1985,"[1051.7, 326.4, 1101.6, 472.2]",,,0.0,False,False,14,4
761,0.161,"[997.0, 362.5, 1037.5, 472.5]",,,0.0,False,False,14,4
761,0.1598,"[210.1, 379.4, 246.9, 464.4]",170,"[231.02247201981234, 371.72227214704856, 267.4038585465939, 484.59462238420144]",0.2291,False,False,14,4
761,0.1548,"[1274.4, 330.4, 1317.6, 460.0]",,,0.0,False,False,14,4
761,0.1268,"[1166.4, 324.5, 1228.5, 496.5]",,,0.0,False,False,14,4
761,0.1262,"[1153.6, 319.8, 1213.0, 486.0]",,,0.0,False,False,14,4
761,0.109,"[1337.9, 340.5, 1370.2, 431.7]",,,0.0,False,False,14,4
761,0.1018,"[1097.6, 353.0, 1147.5, 476.6]",,,0.0,False,False,14,4
762,0.4911,"[910.6, 365.5, 940.3, 457.3]",,,0.0,False,False,12,0
762,0.4531,"[94.8, 438.4, 772.2, 1686.2]",,,0.0,False,False,12,0
762,0.4491,"[1308.2, 390.2, 1382.4, 489.4]",,,0.0,False,False,12,0
762,0.4295,"[254.6, 382.4, 284.7, 470.1]",,,0.0,False,False,12,0
762,0.3908,"[62.9, -132.3, 305.6, 386.8]",,,0.0,False,False,12,0
762,0.3498,"[211.4, 382.1, 247.9, 472.5]",,,0.0,False,False,12,0
762,0.267,"[1232.6, 339.7, 1254.2, 405.7]",,,0.0,False,False,12,0
762,0.2187,"[96.2, 444.8, 683.4, 1444.5]",,,0.0,False,False,12,0
762,0.1666,"[1096.2, 334.8, 1147.5, 482.0]",,,0.0,False,False,12,0
762,0.1436,"[96.9, 448.5, 870.8, 1320.3]",,,0.0,False,False,12,0
762,0.1408,"[983.5, 367.9, 1006.4, 442.8]",,,0.0,False,False,12,0
762,0.1309,"[267.6, 381.4, 299.4, 464.4]",,,0.0,False,False,12,0
763,0.5152,"[222.4, 376.3, 263.2, 483.6]",170,"[229.79374907842913, 373.8510365128447, 264.73771454461775, 481.1966319441866]",0.7587,True,False,7,2
763,0.3724,"[1788.8, 864.7, 1807.7, 925.4]",,,0.0,False,False,7,2
763,0.3163,"[1838.7, 333.8, 1873.8, 434.4]",,,0.0,False,False,7,2
763,0.2125,"[253.3, 386.4, 287.4, 473.5]",170,"[229.79374907842913, 373.8510365128447, 264.73771454461775, 481.1966319441866]",0.1741,False,False,7,2
763,0.1367,"[43.2, 457.3, 787.1, 1714.5]",,,0.0009,False,False,7,2
763,0.122,"[1826.6, 331.9, 1867.1, 447.2]",,,0.0,False,False,7,2
763,0.1159,"[1648.4, 290.9, 1788.8, 633.2]",136,"[1618.577553501364, 268.97732391440775, 1773.8535988423862, 805.3448196402798]",0.486,True,False,7,2
764,0.3974,"[1296.0, 367.9, 1377.0, 488.0]",166,"[1297.6734129001304, 384.10047249467095, 1378.6757081936194, 489.4091710600166]",0.8229,True,False,9,2
764,0.3889,"[1086.8, 340.2, 1132.7, 474.5]",,,0.0,False,False,9,2
764,0.3665,"[1340.6, 356.4, 1371.6, 436.7]",180,"[1345.6502762781402, 355.1401994704588, 1374.2340010656098, 442.60046215063494]",0.7164,True,False,9,2
764,0.3531,"[223.4, 373.6, 263.6, 475.5]",,,0.0,False,False,9,2
764,0.2914,"[250.9, 381.4, 280.3, 463.7]",,,0.0,False,False,9,2
764,0.2283,"[39.2, 451.2, 544.4, 1726.7]",,,0.0,False,False,9,2
764,0.1678,"[1140.8, 324.5, 1200.2, 480.6]",,,0.0,False,False,9,2
764,0.1364,"[1485.0, 348.6, 1517.4, 441.1]",,,0.0,False,False,9,2
764,0.1325,"[204.5, 374.6, 247.4, 470.5]",,,0.0,False,False,9,2
765,0.5545,"[203.7, 370.9, 250.6, 488.4]",,,0.0,False,False,8,3
765,0.4525,"[893.0, 363.8, 924.1, 451.6]",169,"[891.1112011202509, 363.84355747697384, 923.2651416531866, 453.8908785581824]",0.8942,True,False,8,3
765,0.4504,"[847.8, 363.2, 881.6, 454.3]",179,"[850.4093093389706, 364.82008353469485, 879.7462082391544, 450.1023407817114]",0.8135,True,False,8,3
765,0.4258,"[-2.2, 419.2, 658.1, 1782.0]",,,0.0,False,False,8,3
765,0.4235,"[1069.9, 338.7, 1114.4, 473.2]",,,0.0,False,False,8,3
765,0.3583,"[1310.2, 351.0, 1341.2, 432.0]",173,"[1312.6594287331723, 354.0262191145082, 1339.5812939230775, 433.9031021745543]",0.818,True,False,8,3
765,0.3023,"[1063.8, 331.4, 1150.2, 513.7]",,,0.0,False,False,8,3
765,0.1408,"[1324.4, 355.1, 1354.1, 437.4]",173,"[1312.6594287331723, 354.0262191145082, 1339.5812939230775, 433.9031021745543]",0.3537,True,False,8,3
766,0.402,"[1310.9, 356.4, 1340.6, 436.1]",,,0.0,False,False,6,0
766,0.3506,"[882.2, 363.5, 909.2, 452.6]",,,0.0,False,False,6,0
766,0.2082,"[1260.9, 373.3, 1346.0, 488.7]",,,0.0,False,False,6,0
766,0.1855,"[1055.7, 338.9, 1101.6, 473.2]",,,0.0,False,False,6,0
766,0.1139,"[1003.7, 136.4, 1390.5, 1002.4]",,,0.0,False,False,6,0
766,0.1081,"[1192.7, 342.1, 1214.3, 402.3]",,,0.0,False,False,6,0
767,0.4905,"[1262.2, 385.4, 1337.9, 492.1]",,,0.0,False,False,6,0
767,0.372,"[1028.0, 337.8, 1102.3, 480.9]",,,0.0,False,False,6,0
767,0.3302,"[876.8, 363.2, 903.8, 449.6]",,,0.0,False,False,6,0
767,0.205,"[1227.2, 342.4, 1262.2, 444.8]",,,0.0,False,False,6,0
767,0.1737,"[1485.0, 266.6, 1741.5, 1000.4]",,,0.0,False,False,6,0
767,0.167,"[158.3, 372.9, 217.0, 509.3]",,,0.0,False,False,6,0
768,0.565,"[1145.5, 378.7, 1208.9, 472.5]",178,"[1145.6503995598487, 378.89472498833806, 1196.0646883307763, 474.3469131952557]",0.7805,True,False,9,3
768,0.2399,"[1290.6, 356.4, 1319.0, 431.3]",180,"[1290.599423381313, 358.4432044448146, 1317.5863676343117, 440.1627525864354]",0.8324,True,False,9,3
768,0.2191,"[1219.1, 341.2, 1251.5, 433.0]",,,0.0,False,False,9,3
768,0.2104,"[1036.8, 360.5, 1073.2, 463.7]",,,0.0,False,False,9,3
768,0.1461,"[1121.2, 335.1, 1171.1, 461.4]",178,"[1145.6503995598487, 378.89472498833806, 1196.0646883307763, 474.3469131952557]",0.233,False,False,9,3
768,0.1417,"[1127.2, 344.6, 1169.1, 445.2]",178,"[1145.6503995598487, 378.89472498833806, 1196.0646883307763, 474.3469131952557]",0.2081,False,False,9,3
768,0.1391,"[1113.8, 340.7, 1163.7, 466.8]",178,"[1145.6503995598487, 378.89472498833806, 1196.0646883307763, 474.3469131952557]",0.1665,False,False,9,3
768,0.1055,"[130.6, 388.1, 201.3, 590.0]",182,"[-162.05121844611926, 464.0654357910156, 422.96256488166614, 1817.1704040527343]",0.0112,False,False,9,3
768,0.1011,"[1038.8, 368.2, 1068.5, 456.0]",,,0.0,False,False,9,3
769,0.5092,"[1133.3, 345.4, 1163.0, 426.6]",,,0.0,False,False,4,0
769,0.2329,"[40.5, -462.4, 907.9, 1196.8]",,,0.0,False,False,4,0
769,0.1166,"[1011.8, 335.8, 1069.9, 475.5]",,,0.0,False,False,4,0
769,0.1068,"[1204.9, 340.9, 1238.6, 440.8]",,,0.0,False,False,4,0
770,0.323,"[1013.9, 337.3, 1063.8, 477.6]",,,0.0,False,False,4,0
770,0.2188,"[1898.1, 331.4, 1925.1, 415.1]",,,0.0,False,False,4,0
770,0.208,"[741.8, 358.8, 782.3, 476.9]",,,0.0,False,False,4,0
770,0.1201,"[734.4, 353.0, 784.4, 507.6]",,,0.0,False,False,4,0
771,0.5366,"[1228.5, 391.5, 1302.8, 489.4]",166,"[1227.703781277043, 392.0440761605425, 1303.6314238010818, 491.41313819492626]",0.9527,True,False,5,2
771,0.5161,"[1252.8, 354.0, 1278.5, 433.0]",173,"[1251.2581881927217, 354.24144400622106, 1278.3482571197783, 432.7113758179977]",0.9339,True,False,5,2
771,0.1649,"[1894.1, 331.9, 1915.7, 401.0]",,,0.0,False,False,5,2
771,0.1416,"[1906.2, 315.6, 1925.1, 366.9]",,,0.0,False,False,5,2
771,0.1394,"[37.4, 415.5, 130.1, 662.5]",,,0.0,False,False,5,2
772,0.503,"[1525.5, 339.9, 1549.8, 419.5]",,,0.0,False,False,3,0
772,0.4104,"[1285.2, 352.7, 1306.8, 431.7]",,,0.0,False,False,3,0
772,0.1407,"[1390.5, 757.4, 1509.3, 974.7]",,,0.0,False,False,3,0
773,0.3947,"[989.6, 335.3, 1076.0, 492.1]",164,"[966.1857986890454, 333.5678944695343, 1053.144645646892, 479.09629010077816]",0.5361,True,False,6,1
773,0.3609,"[1280.5, 353.0, 1302.1, 430.0]",,,0.0,False,False,6,1
773,0.2639,"[982.1, 302.7, 1091.5, 574.1]",164,"[966.1857986890454, 333.5678944695343, 1053.144645646892, 479.09629010077816]",0.3231,True,False,6,1
773,0.2635,"[977.4, 340.0, 1054.3, 479.6]",164,"[966.1857986890454, 333.5678944695343, 1053.144645646892, 479.09629010077816]",0.8191,True,False,6,1
773,0.2412,"[1545.8, 342.1, 1572.8, 421.9]",,,0.0,False,False,6,1
773,0.1172,"[736.4, 365.5, 762.1, 452.6]",,,0.0,False,False,6,1
774,0.4964,"[1273.7, 351.7, 1298.0, 429.3]",,,0.0,False,False,6,0
774,0.3278,"[730.4, 369.6, 756.0, 452.6]",,,0.0,False,False,6,0
774,0.2465,"[737.1, 375.0, 758.7, 451.9]",,,0.0,False,False,6,0
774,0.185,"[997.0, 339.5, 1073.9, 486.7]",,,0.0,False,False,6,0
774,0.1548,"[1179.9, 384.8, 1244.7, 488.7]",,,0.0,False,False,6,0
774,0.1102,"[1366.9, 752.0, 1509.3, 1007.1]",,,0.0,False,False,6,0
775,0.4888,"[1230.5, 353.0, 1254.8, 424.6]",173,"[1229.8341567165753, 352.8382121442496, 1256.0672104709245, 430.7409504534066]",0.8508,True,False,6,4
775,0.4456,"[1249.4, 354.4, 1275.1, 427.3]",180,"[1247.7105448145269, 355.38193054031973, 1273.7337911229731, 433.1769073503052]",0.8141,True,False,6,4
775,0.1833,"[965.9, 336.7, 1051.0, 481.3]",164,"[958.5443774551244, 334.108749716597, 1044.0375317245632, 477.70234647480925]",0.8126,True,False,6,4
775,0.1594,"[980.1, 332.8, 1074.6, 486.0]",164,"[958.5443774551244, 334.108749716597, 1044.0375317245632, 477.70234647480925]",0.5224,True,False,6,4
775,0.1315,"[1271.0, 352.4, 1292.6, 423.9]",180,"[1247.7105448145269, 355.38193054031973, 1273.7337911229731, 433.1769073503052]",0.0548,False,False,6,4
775,0.1237,"[963.2, 343.6, 1028.0, 478.6]",164,"[958.5443774551244, 334.108749716597, 1044.0375317245632, 477.70234647480925]",0.7047,True,False,6,4
776,0.5469,"[1380.4, 350.7, 1409.4, 429.0]",183,"[1382.5475709659745, 351.3576245231543, 1407.0622923152757, 419.3766894416895]",0.7337,True,False,11,4
776,0.4562,"[1146.2, 385.1, 1229.9, 489.7]",163,"[1148.291425185762, 385.5394873609793, 1232.399248642363, 489.31646967027064]",0.9382,True,False,11,4
776,0.3735,"[1530.9, 340.9, 1557.9, 422.6]",187,"[1533.5975799539644, 341.87926025390624, 1561.1077423116603, 420.9892700195312]",0.7819,True,False,11,4
776,0.2752,"[1223.8, 353.0, 1250.8, 428.6]",166,"[1207.6696284639338, 386.58731447590634, 1288.4951664579414, 491.8182031022187]",0.1206,False,False,11,4
776,0.2741,"[707.4, 362.5, 742.5, 467.8]",,,0.0,False,False,11,4
776,0.2259,"[971.3, 337.7, 1042.9, 484.7]",,,0.0,False,False,11,4
776,0.1993,"[1240.0, 354.7, 1269.7, 438.4]",166,"[1207.6696284639338, 386.58731447590634, 1288.4951664579414, 491.8182031022187]",0.1628,False,False,11,4
776,0.1447,"[1530.9, 62.8, 2003.4, 1330.4]",,,0.0036,False,False,11,4
776,0.1424,"[699.3, 354.0, 742.5, 524.1]",,,0.0,False,False,11,4
776,0.1344,"[1082.0, 364.5, 1134.7, 468.5]",,,0.0,False,False,11,4
776,0.1314,"[1544.4, 139.1, 1933.2, 1200.2]",,,0.0032,False,False,11,4
777,0.5254,"[1524.2, 343.9, 1551.2, 424.2]",,,0.0,False,False,12,1
777,0.5021,"[907.2, 358.1, 938.3, 446.5]",140,"[908.4168098854532, 358.0885898857812, 938.8984977317343, 444.9374110907814]",0.9247,True,False,12,1
777,0.4985,"[941.0, 348.6, 986.9, 483.6]",,,0.0,False,False,12,1
777,0.3509,"[1216.4, 357.1, 1242.0, 428.6]",,,0.0,False,False,12,1
777,0.2929,"[1081.3, 352.0, 1107.0, 425.6]",,,0.0,False,False,12,1
777,0.2754,"[1196.8, 389.1, 1268.3, 495.1]",,,0.0,False,False,12,1
777,0.2709,"[1233.9, 356.7, 1263.6, 438.4]",,,0.0,False,False,12,1
777,0.2689,"[700.7, 364.8, 734.4, 462.7]",,,0.0,False,False,12,1
777,0.2117,"[390.8, 144.3, 425.9, 223.6]",,,0.0,False,False,12,1
777,0.1912,"[1537.7, -35.8, 2247.8, 1852.2]",,,0.0,False,False,12,1
777,0.1429,"[691.2, 358.8, 734.4, 527.5]",,,0.0,False,False,12,1
777,0.1042,"[991.6, 334.1, 1056.4, 509.0]",,,0.0,False,False,12,1
778,0.5047,"[1078.0, 351.3, 1105.0, 428.3]",,,0.0,False,False,10,1
778,0.4817,"[1368.9, 351.3, 1395.9, 427.6]",,,0.0,False,False,10,1
778,0.4813,"[1560.6, 122.9, 1925.1, 1181.9]",,,0.0,False,False,10,1
778,0.4537,"[1503.9, 339.9, 1530.9, 424.2]",186,"[1500.0323730131395, 340.45584080959094, 1533.0206055024855, 423.8638003036903]",0.8108,True,False,10,1
778,0.3704,"[1520.1, 342.9, 1547.1, 423.9]",186,"[1500.0323730131395, 340.45584080959094, 1533.0206055024855, 423.8638003036903]",0.2688,False,False,10,1
778,0.3618,"[1250.1, 351.7, 1275.8, 438.1]",,,0.0,False,False,10,1
778,0.3148,"[970.0, 335.1, 1052.3, 513.3]",,,0.0,False,False,10,1
778,0.2701,"[1196.1, 392.9, 1269.0, 493.4]",,,0.0,False,False,10,1
778,0.2437,"[1564.7, -9.5, 2307.2, 2048.0]",,,0.0,False,False,10,1
778,0.1981,"[677.7, 358.4, 733.1, 530.5]",,,0.0,False,False,10,1
779,0.5658,"[1361.5, 353.4, 1389.2, 424.2]",,,0.0,False,False,15,10
779,0.4219,"[1093.5, 351.7, 1125.9, 432.0]",185,"[1092.1881923978367, 353.0643364206121, 1122.6843661959135, 430.25835645048164]",0.8332,True,False,15,10
779,0.4162,"[1609.2, -81.3, 2154.6, 1421.6]",131,"[1579.1723524450229, -95.21541953599205, 2167.892100679977, 1542.3088033250547]",0.8502,True,False,15,10
779,0.3976,"[1223.1, 350.0, 1252.8, 435.7]",180,"[1223.0016723117565, 357.8745252138366, 1250.0942749538685, 439.4692247861634]",0.7913,True,False,15,10
779,0.3662,"[1617.3, 115.1, 1960.2, 1174.5]",131,"[1579.1723524450229, -95.21541953599205, 2167.892100679977, 1542.3088033250547]",0.3768,True,False,15,10
779,0.3391,"[895.7, 357.8, 925.4, 446.2]",140,"[896.4224691874257, 360.3666131478703, 926.1722573750743, 445.10439515291097]",0.9138,True,False,15,10
779,0.2962,"[743.9, 371.2, 779.0, 475.9]",179,"[742.8287030738696, 371.14853518353175, 780.9779375511304, 473.2226806367808]",0.8977,True,False,15,10
779,0.234,"[974.0, 332.8, 1032.1, 502.2]",,,0.0,False,False,15,10
779,0.216,"[1069.2, 365.9, 1150.2, 484.7]",178,"[1063.1317399189275, 384.8743711249702, 1132.8692366435723, 486.962115691436]",0.6114,True,False,15,10
779,0.2146,"[1068.5, 355.7, 1099.6, 434.0]",178,"[1063.1317399189275, 384.8743711249702, 1132.8692366435723, 486.962115691436]",0.1902,False,False,15,10
779,0.2109,"[664.5, 342.6, 720.9, 534.9]",,,0.0,False,False,15,10
779,0.1698,"[1040.2, 339.7, 1094.2, 483.0]",178,"[1063.1317399189275, 384.8743711249702, 1132.8692366435723, 486.962115691436]",0.2578,False,False,15,10
779,0.1686,"[1202.9, 360.5, 1227.2, 427.3]",173,"[1205.4124614824955, 356.29419774967243, 1232.2391498456295, 435.8942177776714]",0.6298,True,False,15,10
779,0.1266,"[1026.0, 323.3, 1082.7, 498.8]",178,"[1063.1317399189275, 384.8743711249702, 1132.8692366435723, 486.962115691436]",0.1325,False,False,15,10
779,0.1116,"[1445.9, 353.7, 1475.6, 418.5]",184,"[1450.30407624772, 355.20090901853183, 1477.338257736655, 425.11720621584317]",0.7209,True,False,15,10
780,0.531,"[1090.8, 356.7, 1119.2, 433.0]",,,0.0,False,False,10,0
780,0.518,"[1495.8, 343.6, 1522.8, 430.0]",,,0.0,False,False,10,0
780,0.4939,"[1126.6, 393.2, 1213.0, 497.8]",,,0.0,False,False,10,0
780,0.4662,"[808.0, 376.0, 835.0, 461.7]",,,0.0,False,False,10,0
780,0.3972,"[1560.6, 347.0, 1587.6, 428.6]",,,0.0,False,False,10,0
780,0.3731,"[1230.5, 362.1, 1252.1, 431.0]",,,0.0,False,False,10,0
780,0.2032,"[928.8, 382.1, 1000.4, 492.1]",,,0.0,False,False,10,0
780,0.1955,"[1146.2, 349.3, 1178.6, 445.8]",,,0.0,False,False,10,0
780,0.1201,"[1649.7, -49.6, 2106.0, 1286.6]",,,0.0,False,False,10,0
780,0.1101,"[863.3, 375.0, 907.9, 485.7]",,,0.0,False,False,10,0
781,0.5162,"[1559.2, 345.1, 1586.2, 426.3]",,,0.0,False,False,6,0
781,0.3942,"[927.5, 348.0, 1019.3, 492.4]",,,0.0,False,False,6,0
781,0.3139,"[1638.9, -22.6, 2168.1, 1393.2]",,,0.0,False,False,6,0
781,0.2761,"[1178.6, 399.9, 1260.9, 497.8]",,,0.0,False,False,6,0
781,0.1974,"[1644.3, 69.9, 2087.1, 1219.1]",,,0.0,False,False,6,0
781,0.1019,"[1224.5, 362.1, 1244.7, 429.0]",,,0.0,False,False,6,0
782,0.569,"[1502.6, 344.1, 1532.2, 432.7]",187,"[1501.212617001005, 342.9080757345484, 1531.2060841708699, 429.68341596467036]",0.8821,True,False,8,3
782,0.4828,"[1559.2, 343.1, 1586.2, 425.9]",,,0.0,False,False,8,3
782,0.4028,"[1526.9, 346.6, 1553.9, 431.7]",190,"[1526.8081938389432, 347.2290435791016, 1555.5196870204315, 426.8790496826172]",0.884,True,False,8,3
782,0.2974,"[1672.7, -9.5, 2193.8, 1401.3]",,,0.0,False,False,8,3
782,0.2484,"[1493.1, 345.3, 1520.1, 431.7]",186,"[1490.2671717322162, 341.4056890076118, 1522.4715977990338, 424.2070429259819]",0.7432,True,False,8,3
782,0.2031,"[922.7, 345.3, 1010.5, 492.4]",,,0.0,False,False,8,3
782,0.1353,"[1357.4, 990.9, 1376.3, 1039.5]",,,0.0,False,False,8,3
782,0.1004,"[116.1, 261.9, 203.2, 484.0]",,,0.0,False,False,8,3
783,0.465,"[1505.2, 343.7, 1529.6, 424.6]",,,0.0,False,False,7,0
783,0.3855,"[1525.5, 345.3, 1552.5, 425.6]",,,0.0,False,False,7,0
783,0.3461,"[1711.8, 9.5, 2168.1, 1247.4]",,,0.0,False,False,7,0
783,0.1723,"[1177.2, 404.7, 1258.2, 498.5]",,,0.0,False,False,7,0
783,0.1226,"[925.4, 367.5, 995.6, 492.4]",,,0.0,False,False,7,0
783,0.1221,"[1346.0, 982.8, 1364.9, 1053.0]",,,0.0,False,False,7,0
783,0.1155,"[1223.1, 360.1, 1242.0, 427.6]",,,0.0,False,False,7,0
784,0.526,"[1090.1, 354.0, 1118.5, 438.4]",185,"[1089.4804524098479, 356.76787510611416, 1118.9282389964021, 432.22376307747953]",0.8644,True,False,10,5
784,0.443,"[1189.4, 361.5, 1216.4, 435.0]",173,"[1190.1702262419842, 359.87376643770716, 1214.9567268830156, 432.8736700857303]",0.8737,True,False,10,5
784,0.3767,"[1495.8, 343.2, 1522.8, 422.9]",186,"[1495.4276229894335, 342.23934349100944, 1526.4732559168165, 423.5156613918031]",0.8523,True,False,10,5
784,0.3491,"[911.2, 361.8, 965.3, 492.8]",,,0.0,False,False,10,5
784,0.3047,"[1230.5, 359.4, 1256.2, 437.1]",188,"[1230.5321576182141, 357.38312971907135, 1256.1211626942859, 434.35252701920996]",0.938,True,False,10,5
784,0.2507,"[1210.3, 360.8, 1235.9, 438.4]",180,"[1210.4001384902838, 360.6294055972209, 1234.5573810409662, 435.1997570004354]",0.9011,True,False,10,5
784,0.1869,"[-135.0, -374.0, 699.3, 1593.0]",,,0.0,False,False,10,5
784,0.1739,"[922.7, 347.0, 995.6, 493.4]",,,0.0,False,False,10,5
784,0.1404,"[1771.2, 42.5, 2205.9, 1271.0]",,,0.0,False,False,10,5
784,0.1253,"[1083.4, 368.9, 1118.5, 444.5]",185,"[1089.4804524098479, 356.76787510611416, 1118.9282389964021, 432.22376307747953]",0.6042,True,False,10,5
785,0.5173,"[1437.8, 354.0, 1464.8, 420.2]",184,"[1440.3196089583553, 355.4532627569234, 1464.5761429947697, 419.2368617547953]",0.8663,True,False,11,1
785,0.3989,"[1556.6, 342.6, 1583.6, 426.3]",,,0.0,False,False,11,1
785,0.3799,"[919.4, 331.1, 989.6, 503.9]",,,0.0,False,False,11,1
785,0.2389,"[1208.2, 362.1, 1233.9, 441.1]",,,0.0,False,False,11,1
785,0.1768,"[928.1, 339.2, 1002.4, 498.5]",,,0.0,False,False,11,1
785,0.1495,"[827.6, 386.4, 850.5, 458.7]",,,0.0,False,False,11,1
785,0.1443,"[1825.2, 45.6, 2173.5, 1206.9]",,,0.0,False,False,11,1
785,0.1368,"[1524.2, 344.6, 1553.9, 428.3]",,,0.0,False,False,11,1
785,0.1274,"[1229.2, 358.4, 1257.5, 439.4]",,,0.0,False,False,11,1
785,0.1136,"[-305.4, -582.2, 756.0, 1805.0]",,,0.0,False,False,11,1
785,0.1032,"[845.8, 380.7, 868.7, 452.9]",,,0.0,False,False,11,1
786,0.5163,"[1524.2, 343.6, 1553.9, 430.0]",,,0.0,False,False,11,0
786,0.4363,"[916.7, 333.6, 997.7, 500.5]",,,0.0,False,False,11,0
786,0.3092,"[1229.2, 359.4, 1253.5, 434.4]",,,0.0,False,False,11,0
786,0.213,"[1224.5, 359.8, 1248.8, 434.0]",,,0.0,False,False,11,0
786,0.2117,"[1890.0, 321.8, 1922.4, 414.5]",,,0.0,False,False,11,0
786,0.2054,"[1010.5, 379.7, 1061.8, 485.0]",,,0.0,False,False,11,0
786,0.1889,"[1034.1, 391.5, 1097.6, 484.7]",,,0.0,False,False,11,0
786,0.1209,"[1791.5, -302.4, 2415.2, 1062.5]",,,0.0,False,False,11,0
786,0.1166,"[1221.1, 361.1, 1244.0, 428.6]",,,0.0,False,False,11,0
786,0.1047,"[944.3, 333.8, 1015.9, 510.6]",,,0.0,False,False,11,0
786,0.1045,"[1566.0, 338.3, 1595.7, 428.3]",,,0.0,False,False,11,0
787,0.5329,"[1204.9, 362.1, 1230.5, 435.7]",180,"[1206.8126570314116, 362.72626773262215, 1231.6038468748384, 438.8980608806591]",0.8463,True,False,14,4
787,0.5144,"[1113.8, 392.5, 1209.6, 501.2]",163,"[1116.7062280357093, 393.05840300495896, 1206.5882055580407, 500.9135208231661]",0.9307,True,False,14,4
787,0.4394,"[1031.4, 397.9, 1094.8, 485.7]",,,0.0,False,False,14,4
787,0.4174,"[1440.5, 356.4, 1464.8, 419.2]",184,"[1438.7093160124004, 355.3744152615826, 1464.1390726594748, 421.8423205782611]",0.8603,True,False,14,4
787,0.236,"[-46.4, -275.7, 683.8, 1536.3]",,,0.0,False,False,14,4
787,0.2312,"[915.3, 329.4, 1003.1, 509.0]",,,0.0,False,False,14,4
787,0.2178,"[1015.2, 394.5, 1062.5, 480.9]",,,0.0,False,False,14,4
787,0.2094,"[870.8, 368.6, 901.8, 456.3]",140,"[872.5026623688915, 367.57129176277397, 906.331688217046, 459.43847386222603]",0.7882,True,False,14,4
787,0.1895,"[1186.7, 364.2, 1212.3, 429.6]",180,"[1206.8126570314116, 362.72626773262215, 1231.6038468748384, 438.8980608806591]",0.112,False,False,14,4
787,0.1873,"[1589.0, 342.9, 1616.0, 417.8]",,,0.0,False,False,14,4
787,0.1431,"[901.1, 316.2, 1018.6, 608.5]",140,"[872.5026623688915, 367.57129176277397, 906.331688217046, 459.43847386222603]",0.0129,False,False,14,4
787,0.1235,"[1826.6, 328.1, 1859.0, 423.2]",,,0.0,False,False,14,4
787,0.1025,"[-170.3, -435.7, 728.3, 1686.2]",,,0.0,False,False,14,4
787,0.1001,"[803.9, 378.0, 828.2, 454.3]",,,0.0,False,False,14,4
788,0.5698,"[1112.4, 393.5, 1202.9, 502.9]",,,0.0,False,False,12,2
788,0.5591,"[1517.4, 350.0, 1547.1, 429.6]",190,"[1518.353614892096, 349.6542695134883, 1547.2132796391538, 430.07003468573043]",0.9553,True,False,12,2
788,0.3977,"[1199.5, 364.2, 1225.1, 443.1]",,,0.0,False,False,12,2
788,0.3696,"[1008.5, 397.2, 1059.8, 484.3]",,,0.0,False,False,12,2
788,0.2604,"[1027.3, 396.2, 1093.5, 488.0]",,,0.0,False,False,12,2
788,0.222,"[1823.9, 331.1, 1853.6, 416.1]",,,0.0,False,False,12,2
788,0.1955,"[1890.0, 328.1, 1922.4, 421.2]",,,0.0,False,False,12,2
788,0.178,"[-234.7, -385.8, 693.9, 1595.7]",,,0.0,False,False,12,2
788,0.1621,"[1584.9, 343.1, 1611.9, 422.6]",,,0.0,False,False,12,2
788,0.1344,"[1601.1, 344.2, 1625.4, 423.2]",,,0.0,False,False,12,2
788,0.1332,"[1181.2, 364.2, 1206.9, 437.7]",,,0.0,False,False,12,2
788,0.1247,"[1817.1, 331.6, 1849.5, 421.5]",,,0.0,False,False,12,2
789,0.4132,"[1170.5, 402.0, 1247.4, 505.2]",,,0.0,False,False,5,1
789,0.225,"[1210.3, 363.5, 1235.9, 443.8]",,,0.0,False,False,5,1
789,0.1924,"[1177.2, 367.2, 1204.2, 445.5]",,,0.0,False,False,5,1
789,0.1571,"[268.5, 713.5, 354.4, 874.1]",,,0.0,False,False,5,1
789,0.1393,"[1563.3, 351.0, 1584.9, 420.5]",,,0.0,False,False,5,1
790,0.5682,"[1576.8, 352.0, 1598.4, 416.8]",,,0.0,False,False,10,1
790,0.4991,"[1171.1, 369.6, 1194.1, 438.4]",,,0.0,False,False,10,1
790,0.4709,"[1509.3, 352.4, 1536.3, 432.7]",190,"[1508.2942886310905, 354.78415041171814, 1535.9403305095348, 432.59969968593805]",0.9226,True,False,10,1
790,0.318,"[837.7, 378.0, 879.5, 490.7]",,,0.0,False,False,10,1
790,0.2767,"[1840.1, 343.1, 1877.9, 457.7]",,,0.0,False,False,10,1
790,0.1809,"[552.2, 397.9, 611.6, 578.8]",,,0.0,False,False,10,1
790,0.1736,"[1810.4, 340.9, 1848.2, 448.9]",,,0.0,False,False,10,1
790,0.1229,"[1204.2, 368.2, 1225.8, 439.1]",,,0.0,False,False,10,1
790,0.1128,"[1842.8, 343.7, 1875.2, 436.4]",,,0.0,False,False,10,1
790,0.1118,"[896.4, 321.0, 965.3, 508.6]",,,0.0,False,False,10,1
791,0.5524,"[1161.7, 373.3, 1188.7, 446.2]",166,"[1158.6201939997034, 405.958574706464, 1240.3649134221719, 514.074384277911]",0.1117,False,False,10,2
791,0.5421,"[1152.2, 405.0, 1227.8, 517.7]",166,"[1158.6201939997034, 405.958574706464, 1240.3649134221719, 514.074384277911]",0.7575,True,False,10,2
791,0.5017,"[1568.7, 355.1, 1593.0, 419.2]",,,0.0,False,False,10,2
791,0.4825,"[1186.7, 372.6, 1213.7, 450.9]",180,"[1184.5100222963677, 372.7235575821376, 1209.7192257505073, 449.8786152694249]",0.7809,True,False,10,2
791,0.312,"[1483.7, 356.7, 1505.2, 431.0]",,,0.0,False,False,10,2
791,0.2863,"[1576.8, 356.1, 1601.1, 418.8]",,,0.0,False,False,10,2
791,0.2687,"[-151.9, -199.5, 637.9, 1437.8]",,,0.0,False,False,10,2
791,0.2381,"[1196.1, 370.9, 1221.8, 449.2]",180,"[1184.5100222963677, 372.7235575821376, 1209.7192257505073, 449.8786152694249]",0.3578,True,False,10,2
791,0.1548,"[-7.8, -121.8, 628.4, 1270.4]",,,0.0,False,False,10,2
791,0.1191,"[1875.2, 346.3, 1904.9, 438.1]",,,0.0,False,False,10,2
792,0.4827,"[1178.6, 374.6, 1202.9, 445.5]",,,0.0,False,False,7,3
792,0.3658,"[-158.5, -239.6, 622.4, 1528.2]",,,0.0022,False,False,7,3
792,0.2798,"[1192.1, 372.6, 1217.7, 445.5]",,,0.0,False,False,7,3
792,0.2525,"[1418.9, 372.9, 1440.5, 437.1]",,,0.0,False,False,7,3
792,0.2038,"[1007.8, 410.4, 1073.9, 500.9]",,,0.0,False,False,7,3
792,0.175,"[848.5, 313.0, 974.0, 636.5]",164,"[855.6643436452457, 316.00434196755833, 979.2879268625668, 570.7083045168167]",0.7186,True,False,7,3
792,0.1747,"[1217.0, 375.0, 1237.3, 439.8]",,,0.0,False,False,7,3
793,0.5664,"[1570.1, 363.8, 1591.7, 428.0]",,,0.0,False,False,18,6
793,0.5628,"[1007.8, 408.4, 1098.2, 507.6]",178,"[1007.9527393998444, 405.88218946902384, 1090.8680613814054, 511.15168504269496]",0.8682,True,False,18,6
793,0.5476,"[1398.6, 374.3, 1425.6, 433.0]",184,"[1403.2424219228592, 374.23121747313263, 1428.3649999521406, 439.6949299878049]",0.6848,True,False,18,6
793,0.5141,"[1145.5, 375.3, 1172.5, 443.5]",173,"[1147.5936586725638, 377.5947314111686, 1171.4993589055612, 446.99541751461265]",0.8182,True,False,18,6
793,0.4667,"[1191.4, 374.6, 1219.7, 446.9]",188,"[1193.078667145027, 376.6066107044762, 1218.329535979973, 452.25837952989883]",0.8121,True,False,18,6
793,0.4416,"[982.1, 414.5, 1045.6, 495.5]",147,"[982.297412021376, 413.531884765625, 1037.3609131739365, 503.98190917968753]",0.788,True,False,18,6
793,0.4204,"[854.6, 322.7, 941.0, 525.8]",,,0.0,False,False,18,6
793,0.2941,"[1624.1, 361.1, 1648.4, 428.0]",,,0.0,False,False,18,6
793,0.2062,"[1320.3, 370.2, 1346.0, 435.7]",183,"[1317.3755427307906, 372.088069070646, 1344.6864689879594, 446.90259255044776]",0.7146,True,False,18,6
793,0.2002,"[1207.6, 375.6, 1230.5, 440.4]",188,"[1193.078667145027, 376.6066107044762, 1218.329535979973, 452.25837952989883]",0.2532,False,False,18,6
793,0.1946,"[1877.9, 319.6, 1929.2, 497.1]",,,0.0,False,False,18,6
793,0.1937,"[1115.1, 404.7, 1204.2, 518.7]",173,"[1147.5936586725638, 377.5947314111686, 1171.4993589055612, 446.99541751461265]",0.0936,False,False,18,6
793,0.1667,"[1628.1, 359.4, 1652.4, 426.9]",,,0.0,False,False,18,6
793,0.1367,"[1537.7, 801.9, 1602.5, 985.5]",,,0.0,False,False,18,6
793,0.1309,"[1374.3, 371.2, 1395.9, 430.0]",,,0.0,False,False,18,6
793,0.1261,"[89.0, 20.3, 114.3, 82.3]",,,0.0,False,False,18,6
793,0.1055,"[1518.8, 852.5, 1599.8, 1030.7]",,,0.0,False,False,18,6
793,0.1022,"[789.8, 393.9, 816.8, 472.8]",,,0.0,False,False,18,6
794,0.4988,"[1146.2, 376.0, 1173.2, 449.6]",180,"[1145.8260450306598, 373.84429022806114, 1171.5723924693402, 452.06305840475136]",0.8782,True,False,14,8
794,0.4975,"[1494.5, 360.8, 1524.2, 444.5]",191,"[1501.3889893122478, 363.51039914277254, 1528.0336181096272, 441.9840466580087]",0.64,True,False,14,8
794,0.4807,"[1374.3, 376.7, 1401.3, 439.4]",,,0.0,False,False,14,8
794,0.4472,"[1017.9, 379.0, 1042.2, 444.5]",189,"[1017.5698935653243, 375.88473217346655, 1042.4611122940507, 444.1089812054397]",0.9265,True,False,14,8
794,0.3841,"[1594.4, 369.9, 1616.0, 430.7]",,,0.0,False,False,14,8
794,0.3625,"[1169.1, 379.4, 1194.8, 446.9]",180,"[1145.8260450306598, 373.84429022806114, 1171.5723924693402, 452.06305840475136]",0.0466,False,False,14,8
794,0.3521,"[1348.7, 371.9, 1373.0, 436.1]",,,0.0,False,False,14,8
794,0.3,"[1185.3, 380.7, 1209.6, 444.2]",,,0.0,False,False,14,8
794,0.2935,"[1544.4, 364.8, 1568.7, 432.3]",,,0.0,False,False,14,8
794,0.2126,"[1314.2, 374.6, 1338.5, 438.1]",,,0.0,False,False,14,8
794,0.2057,"[1437.8, 368.9, 1462.1, 425.6]",186,"[1456.796083289264, 362.15928700875133, 1485.5650006951107, 444.7248682646861]",0.0862,False,False,14,8
794,0.2029,"[1290.6, 374.6, 1316.2, 438.8]",,,0.0,False,False,14,8
794,0.1488,"[1124.6, 377.7, 1150.2, 444.5]",180,"[1145.8260450306598, 373.84429022806114, 1171.5723924693402, 452.06305840475136]",0.0851,False,False,14,8
794,0.1182,"[1616.0, 351.0, 1643.0, 417.8]",,,0.0,False,False,14,8
795,0.5389,"[1117.1, 376.7, 1145.5, 452.9]",,,0.0,False,False,11,0
795,0.3822,"[1146.2, 383.4, 1171.8, 449.6]",,,0.0,False,False,11,0
795,0.3025,"[1134.7, 382.4, 1159.0, 451.2]",,,0.0,False,False,11,0
795,0.27,"[644.0, 395.9, 680.4, 491.1]",,,0.0,False,False,11,0
795,0.209,"[1319.6, 374.6, 1343.9, 436.7]",,,0.0,False,False,11,0
795,0.1721,"[1155.6, 382.7, 1179.9, 446.9]",,,0.0,False,False,11,0
795,0.1537,"[796.5, 300.2, 926.1, 669.6]",,,0.0,False,False,11,0
795,0.1228,"[1510.7, 368.6, 1540.4, 443.5]",,,0.0,False,False,11,0
795,0.1157,"[1096.9, 377.7, 1125.2, 448.5]",,,0.0,False,False,11,0
795,0.1141,"[1140.8, 384.4, 1165.1, 451.2]",,,0.0,False,False,11,0
795,0.1114,"[849.8, 365.2, 917.3, 544.0]",,,0.0,False,False,11,0
796,0.5668,"[1117.1, 385.4, 1142.8, 455.0]",,,0.0,False,False,14,1
796,0.5537,"[1324.4, 383.7, 1350.0, 448.5]",,,0.0,False,False,14,1
796,0.553,"[1869.8, 268.1, 1980.5, 683.8]",,,0.0,False,False,14,1
796,0.5413,"[1070.6, 384.4, 1096.2, 449.2]",,,0.0,False,False,14,1
796,0.5307,"[1034.1, 368.6, 1074.6, 482.0]",,,0.0,False,False,14,1
796,0.4485,"[711.5, 399.6, 741.2, 480.6]",,,0.0,False,False,14,1
796,0.3933,"[1138.7, 387.5, 1160.3, 450.9]",,,0.0,False,False,14,1
796,0.3707,"[1121.2, 384.8, 1148.2, 455.0]",,,0.0,False,False,14,1
796,0.3459,"[1491.8, 375.6, 1513.4, 439.8]",,,0.0,False,False,14,1
796,0.2889,"[970.7, 383.1, 996.3, 454.6]",189,"[972.1472822120194, 385.2301133862567, 995.378718764543, 448.5460096606183]",0.8015,True,False,14,1
796,0.2815,"[1126.6, 386.8, 1150.9, 452.9]",,,0.0,False,False,14,1
796,0.1662,"[1087.4, 387.1, 1113.1, 455.3]",,,0.0,False,False,14,1
796,0.1343,"[1868.4, 349.0, 1911.6, 494.1]",,,0.0,False,False,14,1
796,0.109,"[908.6, 423.2, 970.7, 504.2]",,,0.0,False,False,14,1
797,0.1486,"[1002.4, 368.9, 1056.4, 523.5]",,,0.0,False,False,2,5
797,0.1138,"[1009.8, 370.9, 1053.0, 490.4]",,,0.0,False,False,2,5
798,0.5523,"[943.7, 388.1, 973.4, 461.0]",,,0.0,False,False,12,0
798,0.4118,"[1429.7, 378.7, 1454.0, 448.2]",,,0.0,False,False,12,0
798,0.4066,"[1242.0, 385.8, 1266.3, 448.5]",,,0.0,False,False,12,0
798,0.3216,"[1038.8, 389.5, 1065.8, 459.7]",,,0.0,False,False,12,0
798,0.3204,"[1017.9, 390.2, 1043.6, 455.6]",,,0.0,False,False,12,0
798,0.3177,"[1269.7, 390.5, 1294.0, 453.3]",,,0.0,False,False,12,0
798,0.2866,"[1212.3, 388.1, 1239.3, 459.0]",,,0.0,False,False,12,0
798,0.2146,"[984.8, 376.0, 1017.2, 471.8]",,,0.0,False,False,12,0
798,0.2,"[1479.6, 385.1, 1503.9, 446.5]",,,0.0,False,False,12,0
798,0.1421,"[1082.0, 392.9, 1105.0, 455.6]",,,0.0,False,False,12,0
798,0.1326,"[1495.8, 381.4, 1520.1, 447.5]",,,0.0,False,False,12,0
798,0.1227,"[1065.2, 391.8, 1092.2, 462.0]",,,0.0,False,False,12,0
799,0.4961,"[1015.2, 385.4, 1050.3, 479.3]",,,0.0,False,False,11,2
799,0.4689,"[1055.7, 396.2, 1081.3, 462.4]",,,0.0,False,False,11,2
799,0.4501,"[1037.5, 393.2, 1064.5, 464.7]",,,0.0,False,False,11,2
799,0.4387,"[903.2, 381.7, 946.4, 487.7]",,,0.0,False,False,11,2
799,0.375,"[1352.0, 376.0, 1385.1, 460.4]",191,"[1357.3483824186844, 379.9630453698998, 1387.8664613313158, 468.4356973058814]",0.6843,True,False,11,2
799,0.2806,"[959.9, 373.6, 1004.4, 492.4]",,,0.0,False,False,11,2
799,0.274,"[1490.4, 369.9, 1525.5, 456.3]",,,0.0,False,False,11,2
799,0.2677,"[1404.0, 384.4, 1431.0, 450.6]",,,0.0,False,False,11,2
799,0.203,"[1447.2, 384.8, 1474.2, 450.2]",,,0.0,False,False,11,2
799,0.174,"[995.6, 392.9, 1024.0, 466.4]",,,0.0,False,False,11,2
799,0.1543,"[1219.7, 388.5, 1245.4, 451.9]",,,0.0,False,False,11,2
800,0.3313,"[1768.5, 297.3, 1852.2, 514.7]",192,"[1772.2738536864306, 291.62146945585414, 1859.4824939698192, 621.7369289816459]",0.5867,True,False,4,2
800,0.1603,"[983.5, 388.5, 1022.6, 487.0]",,,0.0,False,False,4,2
800,0.1292,"[866.7, 379.4, 911.2, 493.4]",,,0.0,False,False,4,2
800,0.102,"[1015.9, 394.9, 1044.2, 466.4]",,,0.0,False,False,4,2
801,0.2207,"[1431.0, 370.9, 1471.5, 481.6]",,,0.0,False,False,2,0
801,0.1788,"[1822.5, 343.6, 1876.5, 500.2]",,,0.0,False,False,2,0
802,0.4722,"[1213.0, 383.7, 1245.4, 466.1]",,,0.0,False,False,16,1
802,0.3493,"[1242.0, 377.0, 1274.4, 466.1]",,,0.0,False,False,16,1
802,0.3482,"[951.8, 392.2, 977.4, 463.7]",,,0.0,False,False,16,1
802,0.3155,"[1136.0, 391.8, 1165.7, 457.3]",,,0.0,False,False,16,1
802,0.2786,"[413.4, 404.0, 449.2, 493.8]",,,0.0,False,False,16,1
802,0.2748,"[921.4, 391.5, 953.8, 473.2]",,,0.0,False,False,16,1
802,0.2378,"[898.4, 388.8, 929.5, 472.5]",,,0.0,False,False,16,1
802,0.1902,"[905.9, 385.8, 938.3, 469.5]",,,0.0,False,False,16,1
802,0.1739,"[884.9, 388.5, 916.0, 463.4]",,,0.0,False,False,16,1
802,0.1398,"[1364.2, 359.8, 1393.2, 433.4]",,,0.0,False,False,16,1
802,0.1398,"[804.6, 385.4, 849.2, 504.9]",,,0.0,False,False,16,1
802,0.1319,"[940.3, 394.9, 967.3, 468.5]",,,0.0,False,False,16,1
802,0.1183,"[1884.6, 334.1, 1941.3, 520.4]",,,0.0,False,False,16,1
802,0.116,"[1335.8, 385.4, 1362.8, 454.3]",,,0.0,False,False,16,1
802,0.1152,"[1783.4, 343.4, 1834.7, 503.6]",,,0.0,False,False,16,1
802,0.1133,"[1108.3, 396.2, 1131.3, 452.2]",,,0.0,False,False,16,1
803,0.5295,"[906.5, 393.2, 933.5, 464.7]",,,0.0,False,False,23,0
803,0.489,"[794.5, 387.5, 825.5, 475.2]",,,0.0,False,False,23,0
803,0.4595,"[1117.8, 392.9, 1143.5, 456.3]",,,0.0,False,False,23,0
803,0.4588,"[924.8, 395.9, 947.7, 462.0]",,,0.0,False,False,23,0
803,0.3819,"[1080.0, 396.2, 1101.6, 450.9]",,,0.0,False,False,23,0
803,0.3602,"[1084.7, 394.5, 1106.3, 450.6]",,,0.0,False,False,23,0
803,0.3374,"[1181.9, 380.7, 1208.9, 461.7]",,,0.0,False,False,23,0
803,0.276,"[1335.2, 379.7, 1363.5, 459.3]",,,0.0,False,False,23,0
803,0.2734,"[1316.2, 388.1, 1343.2, 457.7]",,,0.0,False,False,23,0
803,0.2671,"[1462.1, 355.7, 1508.0, 491.4]",,,0.0,False,False,23,0
803,0.2144,"[1454.0, 358.4, 1497.2, 479.9]",,,0.0,False,False,23,0
803,0.1774,"[895.7, 393.9, 921.4, 464.1]",,,0.0,False,False,23,0
803,0.1555,"[140.4, 446.2, 279.8, 904.5]",,,0.0,False,False,23,0
803,0.1441,"[1348.0, 375.3, 1379.0, 459.0]",,,0.0,False,False,23,0
803,0.14,"[771.5, 393.2, 805.3, 476.9]",,,0.0,False,False,23,0
803,0.1389,"[1494.5, 320.5, 1575.5, 527.2]",,,0.0,False,False,23,0
803,0.1308,"[1468.8, 356.4, 1517.4, 494.1]",,,0.0,False,False,23,0
803,0.1307,"[1127.9, 391.8, 1150.9, 455.3]",,,0.0,False,False,23,0
803,0.1248,"[887.6, 395.2, 913.3, 463.4]",,,0.0,False,False,23,0
803,0.121,"[1332.5, 383.4, 1358.1, 457.7]",,,0.0,False,False,23,0
803,0.1163,"[1028.7, 393.2, 1054.3, 465.4]",,,0.0,False,False,23,0
803,0.1154,"[1483.7, 355.1, 1532.2, 493.4]",,,0.0,False,False,23,0
803,0.1115,"[1265.0, 384.8, 1287.9, 458.3]",,,0.0,False,False,23,0
804,0.5631,"[1325.0, 374.3, 1352.0, 460.0]",,,0.0,False,False,17,1
804,0.5332,"[792.5, 428.6, 882.9, 538.0]",180,"[866.9349095930509, 396.36474773196824, 889.3113062272618, 462.2857649633442]",0.0496,False,False,17,1
804,0.5215,"[868.1, 397.6, 892.4, 473.9]",180,"[866.9349095930509, 396.36474773196824, 889.3113062272618, 462.2857649633442]",0.7046,True,False,17,1
804,0.4981,"[1452.6, 374.0, 1476.9, 448.9]",,,0.0,False,False,17,1
804,0.3984,"[1336.5, 374.0, 1363.5, 461.0]",,,0.0,False,False,17,1
804,0.3889,"[851.9, 433.4, 932.9, 538.7]",180,"[866.9349095930509, 396.36474773196824, 889.3113062272618, 462.2857649633442]",0.0692,False,False,17,1
804,0.3362,"[1111.7, 394.5, 1133.3, 456.6]",,,0.0,False,False,17,1
804,0.2766,"[634.8, 429.3, 682.8, 523.1]",,,0.0,False,False,17,1
804,0.2415,"[815.4, 380.0, 849.2, 481.3]",,,0.0,False,False,17,1
804,0.2016,"[1472.9, 360.1, 1516.1, 500.5]",,,0.0,False,False,17,1
804,0.1928,"[1466.1, 365.9, 1503.9, 486.7]",,,0.0,False,False,17,1
804,0.1474,"[1467.5, 355.4, 1524.2, 514.7]",,,0.0,False,False,17,1
804,0.1461,"[1876.5, 299.7, 1971.0, 590.0]",,,0.0,False,False,17,1
804,0.1437,"[1483.7, 361.8, 1526.9, 504.2]",,,0.0,False,False,17,1
804,0.1345,"[1179.2, 386.4, 1199.5, 460.0]",,,0.0,False,False,17,1
804,0.1162,"[332.9, 421.5, 358.8, 493.8]",,,0.0,False,False,17,1
804,0.1117,"[1354.7, 386.1, 1377.7, 457.7]",,,0.0,False,False,17,1
805,0.5535,"[862.0, 396.6, 886.3, 474.2]",173,"[839.7085197615949, 395.401525544825, 864.8704597305925, 467.423181486425]",0.0587,False,False,17,2
805,0.54,"[882.2, 394.5, 907.9, 470.8]",188,"[883.6313801004057, 395.4524307679122, 908.5097331808441, 470.34542079458777]",0.906,True,False,17,2
805,0.5335,"[904.5, 395.2, 930.2, 472.8]",188,"[883.6313801004057, 395.4524307679122, 908.5097331808441, 470.34542079458777]",0.0845,False,False,17,2
805,0.5297,"[784.4, 430.3, 876.2, 539.0]",173,"[839.7085197615949, 395.401525544825, 864.8704597305925, 467.423181486425]",0.086,False,False,17,2
805,0.5127,"[839.7, 395.2, 865.4, 470.8]",173,"[839.7085197615949, 395.401525544825, 864.8704597305925, 467.423181486425]",0.9345,True,False,17,2
805,0.2748,"[1298.0, 384.8, 1322.3, 456.3]",,,0.0,False,False,17,2
805,0.263,"[1481.0, 367.5, 1518.8, 478.9]",,,0.0,False,False,17,2
805,0.2579,"[1493.1, 365.9, 1536.3, 494.1]",,,0.0,False,False,17,2
805,0.2577,"[1499.9, 317.9, 1613.2, 620.3]",,,0.0,False,False,17,2
805,0.1797,"[1509.3, 319.4, 1601.1, 569.7]",,,0.0,False,False,17,2
805,0.1758,"[1471.5, 366.5, 1514.7, 492.1]",,,0.0,False,False,17,2
805,0.1727,"[1493.1, 367.9, 1528.2, 475.2]",,,0.0,False,False,17,2
805,0.1726,"[1476.9, 364.5, 1536.3, 522.5]",,,0.0,False,False,17,2
805,0.1704,"[627.4, 430.0, 676.0, 527.9]",,,0.0,False,False,17,2
805,0.1564,"[1474.2, 369.6, 1509.3, 470.8]",,,0.0,False,False,17,2
805,0.1355,"[1501.2, 366.5, 1541.7, 484.7]",,,0.0,False,False,17,2
805,0.1134,"[1248.8, 383.4, 1270.4, 452.2]",,,0.0,False,False,17,2
806,0.528,"[1320.3, 372.9, 1347.3, 451.2]",,,0.0,False,False,15,0
806,0.4773,"[867.4, 394.2, 893.0, 469.8]",,,0.0,False,False,15,0
806,0.4096,"[846.5, 395.9, 870.8, 473.5]",,,0.0,False,False,15,0
806,0.4047,"[1095.5, 392.9, 1114.4, 456.3]",,,0.0,False,False,15,0
806,0.3389,"[1860.3, 315.9, 1925.1, 525.8]",,,0.0,False,False,15,0
806,0.2447,"[617.0, 428.6, 661.5, 525.2]",,,0.0,False,False,15,0
806,0.2415,"[1338.5, 387.1, 1360.1, 447.9]",,,0.0,False,False,15,0
806,0.189,"[307.8, 422.2, 334.1, 494.4]",,,0.0,False,False,15,0
806,0.1775,"[-26.0, 398.6, 21.8, 542.4]",,,0.0,False,False,15,0
806,0.1703,"[1287.9, 384.1, 1308.2, 446.9]",,,0.0,False,False,15,0
806,0.1614,"[1455.3, 353.7, 1660.5, 988.9]",,,0.0,False,False,15,0
806,0.1505,"[1238.0, 383.7, 1258.2, 445.8]",,,0.0,False,False,15,0
806,0.1372,"[1306.1, 380.0, 1330.4, 450.2]",,,0.0,False,False,15,0
806,0.1336,"[604.1, 374.6, 651.4, 517.7]",,,0.0,False,False,15,0
806,0.1211,"[853.2, 395.9, 876.2, 470.8]",,,0.0,False,False,15,0
807,0.5522,"[992.9, 391.8, 1018.6, 460.0]",183,"[991.5131171094296, 390.5267857905311, 1016.6912285936954, 458.6853724125939]",0.8468,True,False,17,4
807,0.5514,"[835.0, 395.9, 859.3, 469.5]",173,"[814.6645505379324, 393.89575139760336, 840.7625734855051, 468.9653936219279]",0.1272,False,False,17,4
807,0.5486,"[602.4, 429.0, 651.0, 524.8]",,,0.0,False,False,17,4
807,0.5115,"[854.6, 392.9, 882.9, 467.1]",,,0.0,False,False,17,4
807,0.4219,"[814.1, 393.5, 841.1, 467.8]",173,"[814.6645505379324, 393.89575139760336, 840.7625734855051, 468.9653936219279]",0.9471,True,False,17,4
807,0.3218,"[1226.5, 382.7, 1246.7, 444.8]",,,0.0,False,False,17,4
807,0.3076,"[1154.9, 382.7, 1179.2, 457.7]",,,0.0,False,False,17,4
807,0.2963,"[1273.7, 383.1, 1298.0, 449.9]",,,0.0,False,False,17,4
807,0.2901,"[1825.2, 336.3, 1873.8, 506.3]",194,"[1819.84190388292, 338.1803980759988, 1875.65467814833, 506.5847386427512]",0.8608,True,False,17,4
807,0.2684,"[1310.2, 373.6, 1334.5, 445.2]",,,0.0,False,False,17,4
807,0.2273,"[297.8, 421.9, 323.5, 494.8]",,,0.0,False,False,17,4
807,0.1865,"[1848.2, 308.6, 1915.7, 526.5]",194,"[1819.84190388292, 338.1803980759988, 1875.65467814833, 506.5847386427512]",0.2379,False,False,17,4
807,0.1793,"[1476.9, 364.2, 1509.3, 449.2]",,,0.0,False,False,17,4
807,0.1627,"[590.3, 400.6, 640.2, 518.7]",,,0.0,False,False,17,4
807,0.1454,"[1479.6, 362.8, 1514.7, 460.7]",,,0.0,False,False,17,4
807,0.1226,"[841.1, 395.9, 864.0, 468.8]",,,0.0,False,False,17,4
807,0.1029,"[845.8, 395.6, 867.4, 465.8]",,,0.0,False,False,17,4
808,0.5476,"[843.8, 391.5, 869.4, 466.4]",166,"[815.6844817850048, 427.8429172109092, 899.7266510274953, 536.032876246122]",0.0987,False,False,15,2
808,0.5225,"[1472.9, 365.5, 1494.5, 428.3]",,,0.0,False,False,15,2
808,0.5141,"[752.0, 423.6, 846.5, 534.3]",163,"[755.8223819365354, 425.0750162298182, 843.6112118134646, 533.1534993951818]",0.907,True,False,15,2
808,0.461,"[1073.9, 389.8, 1094.2, 453.3]",,,0.0,False,False,15,2
808,0.4134,"[1144.1, 382.7, 1171.1, 457.7]",,,0.0,False,False,15,2
808,0.312,"[826.2, 392.9, 850.5, 464.4]",166,"[815.6844817850048, 427.8429172109092, 899.7266510274953, 536.032876246122]",0.0893,False,False,15,2
808,0.3119,"[818.8, 428.6, 899.8, 536.0]",166,"[815.6844817850048, 427.8429172109092, 899.7266510274953, 536.032876246122]",0.955,True,False,15,2
808,0.2606,"[776.2, 379.7, 808.7, 478.2]",163,"[755.8223819365354, 425.0750162298182, 843.6112118134646, 533.1534993951818]",0.1572,False,False,15,2
808,0.2179,"[1285.9, 376.3, 1311.5, 446.5]",,,0.0,False,False,15,2
808,0.2176,"[582.2, 380.7, 633.5, 517.7]",,,0.0,False,False,15,2
808,0.1902,"[1267.0, 381.7, 1287.2, 443.8]",,,0.0,False,False,15,2
808,0.1859,"[1214.3, 378.3, 1235.9, 444.5]",,,0.0,False,False,15,2
808,0.1855,"[1503.9, 304.6, 1638.9, 674.3]",,,0.0,False,False,15,2
808,0.1674,"[589.6, 424.2, 639.6, 523.5]",,,0.0,False,False,15,2
808,0.1148,"[837.0, 392.5, 858.6, 462.7]",166,"[815.6844817850048, 427.8429172109092, 899.7266510274953, 536.032876246122]",0.0764,False,False,15,2
809,0.5632,"[1254.2, 380.7, 1277.1, 445.5]",,,0.0,False,False,19,1
809,0.5527,"[1401.3, 364.5, 1425.6, 446.2]",,,0.0,False,False,19,1
809,0.5265,"[791.8, 390.2, 818.8, 467.1]",173,"[793.6488120361256, 390.9156410319958, 819.6928627685618, 465.283272542223]",0.8708,True,False,19,1
809,0.494,"[1454.0, 362.1, 1478.2, 429.0]",,,0.0,False,False,19,1
809,0.4852,"[567.7, 371.2, 619.0, 513.7]",,,0.0,False,False,19,1
809,0.4163,"[1134.7, 381.7, 1159.0, 453.3]",,,0.0,False,False,19,1
809,0.3873,"[1277.1, 368.2, 1302.8, 446.5]",,,0.0,False,False,19,1
809,0.3789,"[572.7, 425.6, 634.8, 521.4]",,,0.0,False,False,19,1
809,0.3783,"[813.4, 391.5, 836.3, 465.8]",173,"[793.6488120361256, 390.9156410319958, 819.6928627685618, 465.283272542223]",0.1468,False,False,19,1
809,0.3127,"[806.0, 428.3, 897.8, 535.6]",173,"[793.6488120361256, 390.9156410319958, 819.6928627685618, 465.283272542223]",0.0451,False,False,19,1
809,0.2989,"[843.1, 389.1, 867.4, 462.7]",,,0.0,False,False,19,1
809,0.2979,"[1481.0, 368.6, 1510.7, 445.5]",,,0.0,False,False,19,1
809,0.2175,"[1467.5, 371.2, 1489.1, 433.4]",,,0.0,False,False,19,1
809,0.208,"[1134.0, 386.1, 1163.7, 466.4]",,,0.0,False,False,19,1
809,0.1881,"[1256.9, 379.7, 1275.8, 427.6]",,,0.0,False,False,19,1
809,0.1502,"[825.5, 391.8, 848.5, 462.0]",,,0.0,False,False,19,1
809,0.1426,"[1479.6, 366.9, 1514.7, 464.1]",,,0.0,False,False,19,1
809,0.1046,"[272.0, 418.2, 300.0, 496.5]",,,0.0,False,False,19,1
809,0.101,"[1502.6, 284.0, 1672.7, 706.1]",,,0.0,False,False,19,1
810,0.5672,"[562.3, 425.9, 615.6, 527.9]",,,0.0,False,False,13,2
810,0.5476,"[1452.6, 363.8, 1474.2, 434.0]",,,0.0,False,False,13,2
810,0.5426,"[558.6, 371.6, 608.5, 519.4]",,,0.0,False,False,13,2
810,0.4727,"[801.2, 391.5, 824.2, 464.4]",163,"[730.8042605382471, 422.292114523798, 821.1482541101904, 533.2579953394833]",0.0773,False,False,13,2
810,0.466,"[731.7, 420.9, 824.9, 537.6]",163,"[730.8042605382471, 422.292114523798, 821.1482541101904, 533.2579953394833]",0.9042,True,False,13,2
810,0.42,"[1276.4, 369.6, 1299.4, 440.4]",,,0.0,False,False,13,2
810,0.4047,"[792.5, 429.3, 877.5, 533.9]",163,"[730.8042605382471, 422.292114523798, 821.1482541101904, 533.2579953394833]",0.1872,False,False,13,2
810,0.32,"[996.3, 390.8, 1016.6, 446.2]",,,0.0,False,False,13,2
810,0.2608,"[1267.0, 370.9, 1291.3, 441.1]",,,0.0,False,False,13,2
810,0.1632,"[1195.4, 378.0, 1215.7, 439.4]",,,0.0,False,False,13,2
810,0.1595,"[257.0, 420.9, 281.3, 489.0]",,,0.0,False,False,13,2
810,0.1455,"[808.7, 392.2, 831.6, 463.7]",163,"[730.8042605382471, 422.292114523798, 821.1482541101904, 533.2579953394833]",0.0464,False,False,13,2
810,0.1076,"[1262.2, 374.3, 1283.9, 438.4]",,,0.0,False,False,13,2
811,0.5314,"[791.1, 389.8, 815.4, 468.1]",173,"[768.9020372622562, 389.9193782618915, 795.3991101986813, 465.35265542951475]",0.0907,False,False,15,2
811,0.5105,"[1379.0, 361.8, 1404.0, 449.6]",,,0.0,False,False,15,2
811,0.5095,"[1445.9, 369.6, 1467.5, 437.1]",,,0.0,False,False,15,2
811,0.5007,"[1095.5, 376.7, 1118.5, 440.8]",,,0.0,False,False,15,2
811,0.4614,"[1117.1, 385.8, 1138.7, 451.9]",,,0.0,False,False,15,2
811,0.428,"[1145.5, 376.3, 1167.1, 448.5]",191,"[1142.0755037839667, 375.4093669384564, 1166.653500122283, 449.55065503419985]",0.8256,True,False,15,2
811,0.3933,"[767.5, 388.8, 793.1, 467.1]",173,"[768.9020372622562, 389.9193782618915, 795.3991101986813, 465.35265542951475]",0.8382,True,False,15,2
811,0.3247,"[544.4, 370.6, 599.1, 521.8]",,,0.0,False,False,15,2
811,0.2869,"[1520.1, 358.1, 1544.4, 438.4]",,,0.0,False,False,15,2
811,0.2244,"[1185.3, 378.7, 1206.9, 440.8]",,,0.0,False,False,15,2
811,0.1944,"[1267.0, 369.9, 1289.9, 441.5]",,,0.0,False,False,15,2
811,0.1611,"[843.8, 389.8, 866.7, 460.7]",,,0.0,False,False,15,2
811,0.1582,"[1284.5, 374.0, 1308.8, 443.5]",,,0.0,False,False,15,2
811,0.1571,"[1233.2, 377.3, 1254.8, 444.8]",,,0.0,False,False,15,2
811,0.1266,"[547.8, 380.7, 591.6, 504.2]",,,0.0,False,False,15,2
812,0.5569,"[1124.6, 372.9, 1148.9, 452.6]",186,"[1121.0199200768782, 372.31954350057794, 1147.0940935949968, 452.40268550332826]",0.8026,True,False,23,4
812,0.5095,"[1032.1, 387.1, 1053.7, 452.6]",,,0.0,False,False,23,4
812,0.5028,"[758.0, 389.5, 785.0, 468.5]",163,"[711.4993803566205, 422.85978188081174, 803.902841323067, 535.952901224657]",0.1084,False,False,23,4
812,0.4743,"[1107.0, 383.4, 1132.7, 453.6]",186,"[1121.0199200768782, 372.31954350057794, 1147.0940935949968, 452.40268550332826]",0.26,False,False,23,4
812,0.4303,"[1246.1, 367.9, 1273.1, 446.9]",,,0.0,False,False,23,4
812,0.4153,"[534.3, 371.2, 590.3, 523.8]",,,0.0,False,False,23,4
812,0.408,"[1370.2, 362.8, 1394.6, 447.2]",,,0.0,False,False,23,4
812,0.3906,"[1514.7, 359.1, 1536.3, 436.1]",,,0.0,False,False,23,4
812,0.388,"[711.5, 419.9, 804.6, 536.6]",163,"[711.4993803566205, 422.85978188081174, 803.902841323067, 535.952901224657]",0.9607,True,False,23,4
812,0.3676,"[825.5, 389.1, 849.8, 462.7]",166,"[775.0437563969373, 429.5823537718564, 857.1619320796252, 535.6086252320499]",0.0831,False,False,23,4
812,0.3268,"[772.2, 425.6, 860.0, 539.0]",166,"[775.0437563969373, 429.5823537718564, 857.1619320796252, 535.6086252320499]",0.875,True,False,23,4
812,0.2722,"[1177.2, 378.0, 1198.8, 441.5]",,,0.0,False,False,23,4
812,0.2616,"[1086.1, 376.7, 1110.4, 442.8]",,,0.0,False,False,23,4
812,0.2465,"[801.2, 389.5, 828.2, 467.1]",188,"[800.9874070629156, 390.0662664325932, 826.4267775073968, 467.28474675100057]",0.9162,True,False,23,4
812,0.2425,"[1277.8, 379.0, 1299.4, 443.1]",,,0.0,False,False,23,4
812,0.2295,"[1256.2, 370.6, 1280.5, 443.5]",,,0.0,False,False,23,4
812,0.2182,"[1225.1, 380.4, 1245.4, 443.8]",,,0.0,False,False,23,4
812,0.1926,"[1433.7, 365.5, 1458.0, 437.1]",,,0.0,False,False,23,4
812,0.1651,"[1138.7, 379.7, 1159.0, 446.5]",186,"[1121.0199200768782, 372.31954350057794, 1147.0940935949968, 452.40268550332826]",0.194,False,False,23,4
812,0.1505,"[778.3, 391.5, 802.6, 466.4]",163,"[711.4993803566205, 422.85978188081174, 803.902841323067, 535.952901224657]",0.0944,False,False,23,4
812,0.148,"[1493.1, 66.8, 1952.1, 1290.6]",,,0.0,False,False,23,4
812,0.1161,"[837.7, 391.5, 859.3, 459.7]",166,"[775.0437563969373, 429.5823537718564, 857.1619320796252, 535.6086252320499]",0.0611,False,False,23,4
812,0.1023,"[233.4, 421.5, 259.0, 493.8]",,,0.0,False,False,23,4
813,0.5666,"[1023.3, 385.8, 1044.9, 453.9]",,,0.0,False,False,22,3
813,0.5001,"[524.5, 371.9, 579.8, 522.5]",147,"[557.5690156304145, 429.33015610055276, 647.9394072211479, 525.3737013213223]",0.1387,False,False,22,3
813,0.4923,"[1128.6, 377.3, 1150.2, 448.9]",,,0.0,False,False,22,3
813,0.4751,"[1545.8, -50.0, 2045.3, 1394.6]",,,0.0,False,False,22,3
813,0.4702,"[701.3, 424.6, 794.5, 537.3]",178,"[616.5473153651203, 417.948077235773, 713.5414297520672, 536.4610414165708]",0.0663,False,False,22,3
813,0.4554,"[1215.0, 379.7, 1235.2, 441.1]",,,0.0,False,False,22,3
813,0.4548,"[1239.3, 372.6, 1265.0, 444.2]",,,0.0,False,False,22,3
813,0.4464,"[611.6, 416.8, 713.5, 543.0]",178,"[616.5473153651203, 417.948077235773, 713.5414297520672, 536.4610414165708]",0.8923,True,False,22,3
813,0.4287,"[1167.1, 378.3, 1190.0, 443.8]",,,0.0,False,False,22,3
813,0.4114,"[760.1, 427.6, 846.5, 537.0]",,,0.0,False,False,22,3
813,0.2949,"[1245.4, 375.0, 1268.3, 442.5]",,,0.0,False,False,22,3
813,0.2683,"[747.9, 390.2, 774.9, 467.8]",,,0.0,False,False,22,3
813,0.2546,"[1235.9, 374.3, 1260.2, 445.8]",,,0.0,False,False,22,3
813,0.2192,"[1421.6, 362.5, 1445.9, 437.4]",79,"[1416.9703780069526, 362.4993194580078, 1441.6697587117976, 433.10431823730465]",0.6626,True,False,22,3
813,0.2179,"[1413.5, 360.8, 1440.5, 438.4]",79,"[1416.9703780069526, 362.4993194580078, 1441.6697587117976, 433.10431823730465]",0.7598,True,False,22,3
813,0.2166,"[1266.3, 382.4, 1289.2, 441.1]",,,0.0,False,False,22,3
813,0.2122,"[767.5, 391.2, 794.5, 472.2]",,,0.0,False,False,22,3
813,0.2072,"[1552.5, 101.2, 2119.5, 1819.8]",,,0.0,False,False,22,3
813,0.1717,"[1425.6, 364.5, 1449.9, 437.4]",79,"[1416.9703780069526, 362.4993194580078, 1441.6697587117976, 433.10431823730465]",0.4569,True,False,22,3
813,0.1227,"[561.9, 427.6, 647.7, 532.9]",147,"[557.5690156304145, 429.33015610055276, 647.9394072211479, 525.3737013213223]",0.8691,True,False,22,3
813,0.1112,"[814.7, 389.5, 839.0, 459.0]",,,0.0,False,False,22,3
813,0.1059,"[725.6, 378.7, 760.7, 485.3]",,,0.0,False,False,22,3
814,0.558,"[738.5, 388.5, 766.8, 468.1]",,,0.0,False,False,22,3
814,0.5523,"[1161.7, 371.6, 1188.7, 456.0]",,,0.0,False,False,22,3
814,0.5433,"[1483.7, -115.4, 2150.6, 1303.4]",136,"[1530.604073381293, -179.1956852891817, 2160.8878699780817, 1660.7967595079317]",0.7173,True,False,22,3
814,0.5333,"[722.2, 420.5, 791.1, 535.3]",,,0.0,False,False,22,3
814,0.4921,"[818.8, 390.5, 840.4, 458.7]",,,0.0,False,False,22,3
814,0.4774,"[1406.7, 360.8, 1431.0, 431.7]",,,0.0,False,False,22,3
814,0.4581,"[806.6, 388.1, 830.9, 462.4]",,,0.0,False,False,22,3
814,0.447,"[924.8, 384.8, 953.1, 463.7]",183,"[924.8048952831047, 385.8718233827134, 951.3046017872077, 458.81647007431786]",0.8634,True,False,22,3
814,0.4229,"[519.1, 370.6, 579.8, 515.7]",,,0.0,False,False,22,3
814,0.3953,"[1108.3, 370.6, 1135.4, 456.3]",186,"[1107.3072535584968, 372.02116937231193, 1132.8963597227535, 450.5626318972193]",0.8045,True,False,22,3
814,0.3472,"[783.0, 387.8, 808.7, 464.7]",,,0.0,False,False,22,3
814,0.304,"[1089.5, 379.7, 1116.5, 456.6]",186,"[1107.3072535584968, 372.02116937231193, 1132.8963597227535, 450.5626318972193]",0.1884,False,False,22,3
814,0.2507,"[1015.2, 388.1, 1038.2, 457.7]",,,0.0,False,False,22,3
814,0.2408,"[1421.6, 367.9, 1440.5, 433.4]",,,0.0,False,False,22,3
814,0.2002,"[1238.6, 367.9, 1265.6, 445.5]",,,0.0,False,False,22,3
814,0.1661,"[1259.6, 374.6, 1283.9, 444.8]",,,0.0,False,False,22,3
814,0.1654,"[689.2, 421.2, 751.3, 533.2]",,,0.0,False,False,22,3
814,0.157,"[553.8, 414.8, 611.2, 526.2]",,,0.0,False,False,22,3
814,0.148,"[758.7, 391.2, 781.7, 463.4]",,,0.0,False,False,22,3
814,0.1355,"[770.9, 389.5, 795.2, 463.1]",,,0.0,False,False,22,3
814,0.1253,"[1115.8, 370.9, 1142.8, 456.0]",186,"[1107.3072535584968, 372.02116937231193, 1132.8963597227535, 450.5626318972193]",0.4541,True,False,22,3
814,0.1134,"[1620.0, 196.3, 1825.2, 764.1]",136,"[1530.604073381293, -179.1956852891817, 2160.8878699780817, 1660.7967595079317]",0.1005,False,False,22,3
815,0.5156,"[711.5, 422.9, 785.7, 541.7]",166,"[746.2972686257849, 426.35468566902426, 832.1991913351527, 538.6971331786319]",0.3152,True,False,19,1
815,0.5072,"[1410.8, 368.2, 1432.4, 433.7]",,,0.0,False,False,19,1
815,0.4908,"[1080.7, 381.0, 1107.7, 453.9]",,,0.0,False,False,19,1
815,0.4266,"[794.5, 387.5, 821.5, 469.1]",166,"[746.2972686257849, 426.35468566902426, 832.1991913351527, 538.6971331786319]",0.1079,False,False,19,1
815,0.4261,"[747.9, 428.6, 833.0, 540.0]",166,"[746.2972686257849, 426.35468566902426, 832.1991913351527, 538.6971331786319]",0.9426,True,False,19,1
815,0.411,"[564.6, 428.0, 633.5, 536.6]",,,0.0,False,False,19,1
815,0.4104,"[1409.4, -147.8, 2189.7, 1288.6]",,,0.0,False,False,19,1
815,0.3591,"[1005.8, 387.8, 1028.7, 457.3]",,,0.0,False,False,19,1
815,0.3002,"[747.9, 392.9, 774.9, 472.5]",166,"[746.2972686257849, 426.35468566902426, 832.1991913351527, 538.6971331786319]",0.118,False,False,19,1
815,0.2676,"[1225.8, 369.2, 1252.8, 448.2]",,,0.0,False,False,19,1
815,0.2516,"[198.5, 422.9, 223.1, 489.7]",,,0.0,False,False,19,1
815,0.2312,"[1110.4, 374.6, 1134.7, 451.6]",,,0.0,False,False,19,1
815,0.2205,"[1624.1, 172.5, 1867.1, 820.8]",,,0.0,False,False,19,1
815,0.193,"[808.7, 392.2, 831.6, 463.1]",166,"[746.2972686257849, 426.35468566902426, 832.1991913351527, 538.6971331786319]",0.0807,False,False,19,1
815,0.1632,"[1533.6, 26.3, 1987.2, 1104.3]",,,0.0,False,False,19,1
815,0.1589,"[1251.5, 379.7, 1274.4, 443.1]",,,0.0,False,False,19,1
815,0.1587,"[1150.9, 377.3, 1175.2, 452.9]",,,0.0,False,False,19,1
815,0.1182,"[1332.5, -288.9, 2331.5, 1443.2]",,,0.0,False,False,19,1
815,0.1168,"[503.2, 376.3, 567.3, 524.8]",,,0.0,False,False,19,1
816,0.5367,"[717.5, 390.8, 745.9, 475.9]",173,"[716.5846877124051, 390.8340118178003, 746.8258347485324, 476.4764129868872]",0.9308,True,False,20,2
816,0.5268,"[675.0, 428.3, 770.9, 540.3]",173,"[716.5846877124051, 390.8340118178003, 746.8258347485324, 476.4764129868872]",0.1227,False,False,20,2
816,0.5175,"[998.3, 389.1, 1019.9, 455.3]",,,0.0,False,False,20,2
816,0.5166,"[1332.5, 363.8, 1359.5, 455.0]",79,"[1335.7193705810437, 364.4552795410156, 1362.5479634033316, 455.0402648925781]",0.7829,True,False,20,2
816,0.4984,"[800.6, 394.2, 822.2, 463.1]",,,0.0,False,False,20,2
816,0.4965,"[483.3, 430.0, 552.8, 525.8]",,,0.0,False,False,20,2
816,0.4665,"[1189.4, 383.7, 1213.7, 447.9]",,,0.0,False,False,20,2
816,0.4386,"[1633.5, 337.0, 1679.4, 479.9]",,,0.0,False,False,20,2
816,0.3852,"[785.7, 395.2, 808.7, 465.4]",,,0.0,False,False,20,2
816,0.3385,"[1050.3, 378.7, 1077.3, 455.6]",,,0.0,False,False,20,2
816,0.3075,"[185.6, 424.9, 210.9, 497.8]",,,0.0,False,False,20,2
816,0.2506,"[1404.0, 366.2, 1422.9, 436.4]",,,0.0,False,False,20,2
816,0.2283,"[1643.0, 145.1, 1904.9, 862.0]",,,0.0,False,False,20,2
816,0.1998,"[739.8, 429.0, 826.2, 541.7]",173,"[716.5846877124051, 390.8340118178003, 746.8258347485324, 476.4764129868872]",0.0278,False,False,20,2
816,0.1674,"[1383.8, 257.2, 2088.4, 1711.8]",,,0.0,False,False,20,2
816,0.1535,"[438.8, 392.5, 492.8, 530.9]",,,0.0,False,False,20,2
816,0.1521,"[1219.7, 370.9, 1245.4, 447.9]",,,0.0,False,False,20,2
816,0.1516,"[761.4, 388.1, 788.4, 470.5]",,,0.0,False,False,20,2
816,0.1464,"[702.0, 376.0, 734.4, 482.0]",173,"[716.5846877124051, 390.8340118178003, 746.8258347485324, 476.4764129868872]",0.3392,True,False,20,2
816,0.1343,"[737.8, 395.6, 763.4, 478.6]",173,"[716.5846877124051, 390.8340118178003, 746.8258347485324, 476.4764129868872]",0.1837,False,False,20,2
817,0.5689,"[1063.1, 383.7, 1088.8, 460.7]",,,0.0,False,False,20,1
817,0.5057,"[976.7, 391.2, 999.7, 462.0]",184,"[977.3155345769743, 391.99012681733427, 1002.6090259699007, 461.9772804092283]",0.8542,True,False,20,1
817,0.4998,"[439.8, 401.3, 478.9, 513.3]",,,0.0,False,False,20,1
817,0.4996,"[484.7, 376.3, 540.7, 528.9]",,,0.0,False,False,20,1
817,0.4839,"[1134.0, 380.4, 1155.6, 446.5]",,,0.0,False,False,20,1
817,0.4631,"[689.2, 380.0, 722.9, 493.4]",,,0.0,False,False,20,1
817,0.4325,"[1092.2, 378.3, 1115.1, 456.0]",,,0.0,False,False,20,1
817,0.4277,"[1183.3, 384.4, 1200.8, 442.5]",,,0.0,False,False,20,1
817,0.4177,"[1394.6, 375.3, 1413.5, 436.1]",,,0.0,False,False,20,1
817,0.4031,"[1645.7, 332.1, 1686.2, 484.7]",,,0.0,False,False,20,1
817,0.3967,"[729.7, 395.9, 756.7, 479.6]",,,0.0,False,False,20,1
817,0.3465,"[752.0, 387.8, 779.0, 473.5]",,,0.0,False,False,20,1
817,0.3125,"[990.2, 392.5, 1010.5, 458.0]",184,"[977.3155345769743, 391.99012681733427, 1002.6090259699007, 461.9772804092283]",0.3548,True,False,20,1
817,0.2579,"[791.1, 395.6, 814.1, 466.4]",,,0.0,False,False,20,1
817,0.2271,"[1684.8, 149.2, 1957.5, 847.8]",,,0.0,False,False,20,1
817,0.1988,"[1095.5, 381.7, 1118.5, 452.6]",,,0.0,False,False,20,1
817,0.1982,"[1447.2, 368.2, 1471.5, 445.2]",,,0.0,False,False,20,1
817,0.1632,"[1387.8, 356.7, 2070.9, 1605.2]",,,0.0,False,False,20,1
817,0.1513,"[772.9, 390.5, 798.5, 472.2]",,,0.0,False,False,20,1
817,0.1007,"[451.6, 433.4, 539.3, 536.0]",,,0.0,False,False,20,1
818,0.5653,"[698.6, 391.2, 725.6, 472.8]",173,"[696.863798151333, 391.43058481046546, 727.3641071221045, 478.27565298250335]",0.8275,True,False,12,1
818,0.5532,"[1724.0, 334.5, 1769.9, 480.3]",,,0.0,False,False,12,1
818,0.5242,"[980.8, 391.8, 1002.4, 454.6]",,,0.0,False,False,12,1
818,0.4962,"[765.5, 393.5, 789.8, 466.4]",,,0.0,False,False,12,1
818,0.4502,"[783.7, 393.5, 805.3, 461.7]",,,0.0,False,False,12,1
818,0.4198,"[1387.8, 374.3, 1406.7, 435.0]",,,0.0,False,False,12,1
818,0.3426,"[1441.8, 364.2, 1463.4, 440.4]",,,0.0,False,False,12,1
818,0.3036,"[481.3, 403.0, 523.8, 497.5]",,,0.0,False,False,12,1
818,0.1833,"[1319.0, 364.5, 1344.6, 448.9]",,,0.0,False,False,12,1
818,0.1596,"[723.6, 394.2, 747.9, 472.5]",173,"[696.863798151333, 391.43058481046546, 727.3641071221045, 478.27565298250335]",0.0692,False,False,12,1
818,0.1494,"[1640.2, 338.0, 1683.5, 473.9]",,,0.0,False,False,12,1
818,0.1176,"[1417.5, 19.2, 2214.0, 1162.4]",,,0.0,False,False,12,1
819,0.5525,"[688.5, 391.2, 716.9, 473.5]",,,0.0,False,False,17,1
819,0.5334,"[756.7, 393.9, 781.0, 467.4]",,,0.0,False,False,17,1
819,0.3952,"[468.5, 405.0, 524.5, 519.1]",,,0.0,False,False,17,1
819,0.3936,"[1630.8, 344.2, 1671.3, 471.8]",,,0.0,False,False,17,1
819,0.2949,"[1189.4, 367.9, 1216.4, 448.2]",208,"[1192.0457809198213, 371.18792419433595, 1217.7225296270537, 449.48791809082036]",0.8111,True,False,17,1
819,0.2804,"[1166.4, 383.7, 1186.7, 447.9]",,,0.0,False,False,17,1
819,0.2727,"[1382.4, 372.9, 1401.3, 433.0]",,,0.0,False,False,17,1
819,0.2417,"[474.2, 399.3, 521.4, 500.5]",,,0.0,False,False,17,1
819,0.2193,"[971.3, 390.2, 994.3, 459.0]",,,0.0,False,False,17,1
819,0.191,"[430.7, 430.3, 521.1, 532.9]",,,0.0,False,False,17,1
819,0.19,"[774.9, 394.2, 796.5, 459.7]",,,0.0,False,False,17,1
819,0.1874,"[712.8, 393.9, 738.5, 472.2]",,,0.0,False,False,17,1
819,0.182,"[479.3, 396.6, 519.1, 484.3]",,,0.0,False,False,17,1
819,0.1635,"[738.5, 392.2, 762.8, 469.8]",,,0.0,False,False,17,1
819,0.1405,"[1433.7, 102.9, 2251.8, 1289.2]",,,0.0,False,False,17,1
819,0.1161,"[1487.7, 351.3, 1514.7, 428.3]",,,0.0,False,False,17,1
819,0.1112,"[1043.6, 383.1, 1065.2, 452.6]",,,0.0,False,False,17,1
820,0.5683,"[964.6, 390.5, 986.2, 458.0]",,,0.0,False,False,15,3
820,0.5639,"[1620.0, 342.7, 1665.9, 476.2]",,,0.0,False,False,15,3
820,0.5419,"[191.0, 405.7, 235.9, 525.8]",179,"[190.12864062531943, 408.48915065964286, 230.7319550778056, 513.2051242427009]",0.7578,True,False,15,3
820,0.5259,"[768.2, 396.2, 789.8, 462.4]",166,"[706.1783278193516, 428.08937485147777, 797.1400315556484, 545.1609913594598]",0.0653,False,False,15,3
820,0.4934,"[702.0, 432.7, 789.8, 542.0]",166,"[706.1783278193516, 428.08937485147777, 797.1400315556484, 545.1609913594598]",0.8229,True,False,15,3
820,0.4714,"[1358.8, 366.5, 1381.7, 436.1]",79,"[1357.431644985482, 364.5231140838228, 1379.564204623893, 434.29890740055225]",0.814,True,False,15,3
820,0.4273,"[745.2, 393.5, 773.6, 477.2]",166,"[706.1783278193516, 428.08937485147777, 797.1400315556484, 545.1609913594598]",0.1198,False,False,15,3
820,0.3798,"[703.4, 394.2, 731.7, 481.3]",166,"[706.1783278193516, 428.08937485147777, 797.1400315556484, 545.1609913594598]",0.1154,False,False,15,3
820,0.3456,"[1427.0, 368.6, 1448.6, 438.1]",,,0.0,False,False,15,3
820,0.3343,"[1157.6, 383.1, 1179.2, 451.2]",,,0.0,False,False,15,3
820,0.3077,"[463.7, 378.7, 517.0, 527.2]",,,0.0,False,False,15,3
820,0.2958,"[729.0, 386.4, 757.4, 486.3]",166,"[706.1783278193516, 428.08937485147777, 797.1400315556484, 545.1609913594598]",0.1396,False,False,15,3
820,0.212,"[1514.7, 327.7, 1579.5, 524.1]",,,0.0,False,False,15,3
820,0.167,"[1432.4, 366.5, 1454.0, 438.1]",,,0.0,False,False,15,3
820,0.1414,"[467.4, 385.4, 510.0, 509.0]",,,0.0,False,False,15,3
821,0.5523,"[1014.5, 381.0, 1038.8, 453.3]",,,0.0,False,False,15,0
821,0.5464,"[451.9, 405.0, 510.6, 527.9]",,,0.0,False,False,15,0
821,0.5174,"[1611.9, 343.6, 1655.1, 475.2]",,,0.0,False,False,15,0
821,0.4907,"[1176.5, 371.2, 1203.5, 448.9]",,,0.0,False,False,15,0
821,0.418,"[1296.0, 370.2, 1317.6, 441.1]",,,0.0,False,False,15,0
821,0.409,"[760.7, 395.2, 782.3, 461.4]",,,0.0,False,False,15,0
821,0.4061,"[948.4, 391.5, 971.3, 459.7]",,,0.0,False,False,15,0
821,0.4027,"[1366.9, 375.0, 1386.5, 436.4]",,,0.0,False,False,15,0
821,0.2937,"[692.6, 394.2, 720.9, 481.3]",,,0.0,False,False,15,0
821,0.2272,"[738.5, 390.8, 764.1, 473.2]",,,0.0,False,False,15,0
821,0.1928,"[696.6, 438.8, 787.1, 544.0]",,,0.0,False,False,15,0
821,0.1892,"[958.5, 392.9, 980.1, 457.0]",,,0.0,False,False,15,0
821,0.1483,"[1900.8, 278.6, 2019.6, 612.9]",,,0.0,False,False,15,0
821,0.127,"[1898.1, 293.6, 1998.0, 577.1]",,,0.0,False,False,15,0
821,0.1186,"[1432.4, 362.5, 1456.7, 448.2]",,,0.0,False,False,15,0
822,0.5634,"[683.4, 395.2, 712.1, 483.0]",,,0.0,False,False,10,0
822,0.5587,"[1894.1, 300.0, 1991.3, 564.0]",,,0.0,False,False,10,0
822,0.5217,"[753.3, 393.5, 779.0, 468.5]",,,0.0,False,False,10,0
822,0.5114,"[1498.5, 343.1, 1563.3, 525.2]",,,0.0,False,False,10,0
822,0.3507,"[1288.6, 371.9, 1311.5, 443.5]",,,0.0,False,False,10,0
822,0.23,"[444.5, 401.6, 486.3, 495.5]",,,0.0,False,False,10,0
822,0.1848,"[951.8, 393.9, 972.0, 455.3]",,,0.0,False,False,10,0
822,0.1477,"[713.5, 393.9, 739.1, 471.5]",,,0.0,False,False,10,0
822,0.1328,"[1095.5, 382.7, 1118.5, 448.9]",,,0.0,False,False,10,0
822,0.1235,"[643.6, 429.6, 716.2, 543.7]",,,0.0,False,False,10,0
823,0.5578,"[999.7, 382.7, 1025.3, 452.9]",,,0.0,False,False,18,5
823,0.5569,"[1334.5, 371.6, 1358.8, 442.5]",,,0.0,False,False,18,5
823,0.5448,"[1161.7, 371.2, 1187.3, 451.6]",208,"[1161.3830395688908, 370.02056024854716, 1188.681169415484, 453.0682459037966]",0.9088,True,False,18,5
823,0.533,"[1400.0, 373.6, 1421.6, 434.4]",79,"[1406.8308360915705, 372.79456506596216, 1429.5234119553045, 443.5816556371628]",0.4417,True,False,18,5
823,0.52,"[380.0, 397.6, 417.8, 511.0]",210,"[379.5058305596788, 398.78529172283237, 417.2852461004774, 511.3007068123239]",0.9594,True,False,18,5
823,0.4436,"[675.0, 394.9, 702.7, 473.9]",166,"[681.060624521243, 430.7195427945684, 769.962812978757, 545.6582648226191]",0.0813,False,False,18,5
823,0.4254,"[1279.1, 372.9, 1303.4, 445.2]",,,0.0,False,False,18,5
823,0.3837,"[1883.3, 293.3, 1991.3, 625.4]",,,0.0,False,False,18,5
823,0.3749,"[1188.0, 378.0, 1212.3, 448.9]",208,"[1161.3830395688908, 370.02056024854716, 1188.681169415484, 453.0682459037966]",0.0123,False,False,18,5
823,0.3158,"[706.1, 393.9, 730.4, 472.8]",166,"[681.060624521243, 430.7195427945684, 769.962812978757, 545.6582648226191]",0.0921,False,False,18,5
823,0.3066,"[432.7, 402.6, 481.3, 501.9]",,,0.0,False,False,18,5
823,0.2899,"[1884.6, 300.5, 1971.0, 573.8]",,,0.0,False,False,18,5
823,0.2652,"[1352.7, 377.7, 1374.3, 442.5]",,,0.0,False,False,18,5
823,0.2628,"[943.7, 394.2, 965.3, 455.6]",,,0.0,False,False,18,5
823,0.2347,"[434.7, 390.2, 474.5, 484.7]",,,0.0,False,False,18,5
823,0.2009,"[674.3, 437.4, 766.1, 545.4]",166,"[681.060624521243, 430.7195427945684, 769.962812978757, 545.6582648226191]",0.8393,True,False,18,5
823,0.1207,"[1084.1, 383.1, 1103.0, 446.5]",,,0.0,False,False,18,5
823,0.1122,"[1282.5, 372.6, 1313.6, 451.6]",,,0.0,False,False,18,5
824,0.543,"[667.6, 395.6, 693.2, 471.8]",,,0.0,False,False,17,0
824,0.523,"[1158.3, 378.3, 1182.6, 451.2]",,,0.0,False,False,17,0
824,0.4683,"[1271.7, 372.6, 1296.0, 446.2]",,,0.0,False,False,17,0
824,0.4215,"[1405.4, 371.2, 1427.0, 446.9]",,,0.0,False,False,17,0
824,0.3354,"[413.1, 407.7, 477.9, 528.5]",,,0.0,False,False,17,0
824,0.3097,"[1129.3, 387.5, 1146.8, 434.7]",,,0.0,False,False,17,0
824,0.3018,"[1393.2, 378.0, 1412.1, 435.4]",,,0.0,False,False,17,0
824,0.29,"[1444.5, 379.4, 1466.1, 442.8]",,,0.0,False,False,17,0
824,0.2705,"[695.9, 393.5, 720.2, 469.1]",,,0.0,False,False,17,0
824,0.2636,"[992.3, 383.4, 1017.9, 452.9]",,,0.0,False,False,17,0
824,0.2586,"[669.9, 432.0, 758.7, 545.4]",,,0.0,False,False,17,0
824,0.2158,"[1447.2, 378.0, 1471.5, 444.2]",,,0.0,False,False,17,0
824,0.1917,"[427.6, 392.2, 466.8, 484.7]",,,0.0,False,False,17,0
824,0.184,"[1056.4, 382.7, 1080.7, 454.3]",,,0.0,False,False,17,0
824,0.1622,"[1006.4, 389.8, 1026.7, 447.2]",,,0.0,False,False,17,0
824,0.1594,"[1485.0, 354.7, 1544.4, 504.6]",,,0.0,False,False,17,0
824,0.1517,"[422.2, 402.0, 470.8, 507.9]",,,0.0,False,False,17,0
825,0.5141,"[1264.3, 373.6, 1288.6, 453.9]",,,0.0,False,False,12,3
825,0.5101,"[355.7, 395.6, 396.9, 523.8]",210,"[355.0511237857254, 394.04992169049467, 396.08632738614966, 516.6797536024741]",0.9014,True,False,12,3
825,0.4806,"[636.2, 393.9, 663.2, 472.8]",173,"[634.6161914615288, 391.8816357441461, 664.1423534603462, 478.25367919726017]",0.8361,True,False,12,3
825,0.3856,"[1871.1, 260.6, 1992.6, 631.8]",,,0.0,False,False,12,3
825,0.3637,"[658.5, 394.9, 683.4, 469.8]",173,"[634.6161914615288, 391.8816357441461, 664.1423534603462, 478.25367919726017]",0.1065,False,False,12,3
825,0.3469,"[1120.5, 389.5, 1139.4, 436.7]",,,0.0,False,False,12,3
825,0.3456,"[410.4, 403.0, 466.4, 520.4]",,,0.0,False,False,12,3
825,0.2998,"[656.8, 433.0, 747.2, 546.4]",173,"[634.6161914615288, 391.8816357441461, 664.1423534603462, 478.25367919726017]",0.0267,False,False,12,3
825,0.2255,"[283.7, 407.7, 337.0, 537.3]",169,"[285.7231484626918, 391.6119824464757, 315.85992038496437, 482.1460741941493]",0.3034,True,False,12,3
825,0.1889,"[414.8, 399.9, 462.7, 500.5]",,,0.0,False,False,12,3
825,0.1207,"[687.8, 393.5, 713.5, 469.8]",,,0.0,False,False,12,3
825,0.1158,"[1383.8, 379.0, 1402.7, 435.7]",,,0.0,False,False,12,3
826,0.5038,"[693.2, 394.5, 720.2, 476.2]",,,0.0,False,False,16,1
826,0.4715,"[1375.7, 379.4, 1400.0, 446.2]",,,0.0,False,False,16,1
826,0.453,"[1867.1, 294.1, 1972.4, 636.5]",,,0.0,False,False,16,1
826,0.4384,"[1256.9, 377.0, 1281.2, 453.9]",,,0.0,False,False,16,1
826,0.3715,"[976.1, 385.4, 1003.1, 461.7]",,,0.0,False,False,16,1
826,0.32,"[409.7, 388.5, 448.2, 486.3]",,,0.0,False,False,16,1
826,0.3058,"[283.5, 403.0, 330.8, 536.6]",,,0.0,False,False,16,1
826,0.2963,"[420.2, 392.5, 449.9, 476.9]",,,0.0,False,False,16,1
826,0.2806,"[1553.9, 360.8, 1591.7, 490.4]",207,"[1551.2696821922589, 360.86529956715435, 1592.1468217139911, 493.7673298273769]",0.9007,True,False,16,1
826,0.2772,"[647.0, 395.9, 672.6, 470.8]",,,0.0,False,False,16,1
826,0.2106,"[397.6, 410.4, 459.7, 529.9]",,,0.0,False,False,16,1
826,0.1969,"[406.4, 401.3, 455.0, 520.1]",,,0.0,False,False,16,1
826,0.1533,"[678.7, 388.1, 705.4, 469.8]",,,0.0,False,False,16,1
826,0.1234,"[1113.1, 391.5, 1130.6, 440.1]",,,0.0,False,False,16,1
826,0.1177,"[461.7, 392.5, 487.4, 468.8]",,,0.0,False,False,16,1
826,0.1016,"[1431.0, 376.0, 1458.0, 450.9]",,,0.0,False,False,16,1
827,0.545,"[684.8, 394.9, 712.1, 473.2]",,,0.0,False,False,20,5
827,0.5414,"[1385.1, 379.4, 1406.7, 448.9]",,,0.0,False,False,20,5
827,0.5403,"[1133.3, 385.8, 1159.0, 456.6]",,,0.0,False,False,20,5
827,0.5362,"[1249.4, 380.7, 1273.7, 450.9]",,,0.0,False,False,20,5
827,0.4949,"[364.8, 403.0, 447.9, 533.9]",164,"[339.9631427938214, 417.24652406407085, 451.9700237100848, 536.9058807210854]",0.6641,True,False,20,5
827,0.4368,"[1567.4, 358.8, 1607.9, 491.1]",213,"[1566.420227669785, 353.23637281138036, 1609.3678582677153, 488.16212572377583]",0.8864,True,False,20,5
827,0.4195,"[274.6, 402.3, 318.8, 538.0]",,,0.0,False,False,20,5
827,0.4039,"[1105.7, 393.5, 1124.6, 442.1]",,,0.0,False,False,20,5
827,0.3438,"[1719.9, 358.8, 1765.8, 509.3]",214,"[1725.7050114353026, 360.53360818643534, 1770.1531428615722, 512.8529884932522]",0.7731,True,False,20,5
827,0.3349,"[388.8, 405.0, 449.6, 532.6]",164,"[339.9631427938214, 417.24652406407085, 451.9700237100848, 536.9058807210854]",0.4953,True,False,20,5
827,0.3265,"[335.6, 394.9, 374.3, 512.3]",210,"[332.93916524248607, 394.73173524818355, 374.9597605387639, 520.880691509629]",0.8562,True,False,20,5
827,0.2975,"[973.4, 388.1, 997.7, 456.3]",,,0.0,False,False,20,5
827,0.2497,"[1366.2, 383.7, 1389.2, 445.2]",,,0.0,False,False,20,5
827,0.2091,"[985.5, 394.2, 1005.8, 451.6]",,,0.0,False,False,20,5
827,0.1796,"[641.9, 435.0, 733.1, 547.8]",,,0.0,False,False,20,5
827,0.1496,"[1057.1, 390.2, 1076.0, 452.2]",,,0.0,False,False,20,5
827,0.145,"[981.5, 392.2, 1003.1, 452.9]",,,0.0,False,False,20,5
827,0.1274,"[564.6, 386.1, 584.9, 444.2]",189,"[550.3209333687194, 374.2208970776629, 573.5523576469056, 437.5367933520246]",0.2096,False,False,20,5
827,0.1238,"[1428.3, 377.3, 1449.9, 441.5]",,,0.0,False,False,20,5
827,0.1166,"[636.9, 394.2, 661.8, 473.9]",,,0.0,False,False,20,5
828,0.5599,"[321.6, 398.2, 361.8, 515.0]",,,0.0,False,False,12,2
828,0.5057,"[982.8, 397.6, 1005.8, 460.4]",212,"[983.5808228884313, 398.17399041135286, 1005.6176634396937, 463.66585333864714]",0.9051,True,False,12,2
828,0.4146,"[1128.6, 387.1, 1152.9, 458.7]",,,0.0,False,False,12,2
828,0.3899,"[1019.3, 387.5, 1043.6, 459.7]",,,0.0,False,False,12,2
828,0.3376,"[1533.6, 364.2, 1579.5, 510.0]",207,"[1535.0994572033776, 365.20757230182323, 1580.4447322497476, 513.3578573856768]",0.9204,True,False,12,2
828,0.2952,"[966.6, 391.8, 989.6, 459.3]",212,"[983.5808228884313, 398.17399041135286, 1005.6176634396937, 463.66585333864714]",0.139,False,False,12,2
828,0.2578,"[674.3, 398.2, 703.4, 481.3]",,,0.0,False,False,12,2
828,0.1789,"[627.1, 398.2, 652.1, 470.5]",,,0.0,False,False,12,2
828,0.1542,"[1049.0, 395.6, 1069.2, 452.9]",,,0.0,False,False,12,2
828,0.1498,"[1148.9, 390.5, 1173.2, 459.3]",,,0.0,False,False,12,2
828,0.1352,"[1420.2, 384.4, 1441.8, 448.5]",,,0.0,False,False,12,2
828,0.1179,"[974.0, 395.2, 995.6, 458.7]",212,"[983.5808228884313, 398.17399041135286, 1005.6176634396937, 463.66585333864714]",0.3494,True,False,12,2
829,0.5533,"[617.3, 400.6, 642.3, 474.9]",,,0.0,False,False,17,0
829,0.5481,"[974.7, 401.6, 997.7, 468.5]",,,0.0,False,False,17,0
829,0.4992,"[255.2, 403.3, 297.7, 541.0]",,,0.0,False,False,17,0
829,0.452,"[1120.5, 391.2, 1143.5, 462.0]",,,0.0,False,False,17,0
829,0.3541,"[589.3, 393.2, 617.0, 484.3]",,,0.0,False,False,17,0
829,0.3419,"[369.2, 433.0, 429.3, 536.3]",,,0.0,False,False,17,0
829,0.2937,"[962.6, 396.6, 984.2, 466.1]",,,0.0,False,False,17,0
829,0.2751,"[376.7, 406.0, 423.9, 516.7]",,,0.0,False,False,17,0
829,0.2706,"[381.4, 396.2, 418.5, 491.4]",,,0.0,False,False,17,0
829,0.2611,"[1033.4, 395.9, 1053.7, 456.6]",,,0.0,False,False,17,0
829,0.2466,"[1356.8, 389.5, 1378.4, 455.0]",,,0.0,False,False,17,0
829,0.2423,"[1521.5, 367.9, 1570.1, 523.1]",,,0.0,False,False,17,0
829,0.2283,"[1002.4, 394.2, 1025.3, 471.2]",,,0.0,False,False,17,0
829,0.2019,"[1090.1, 400.3, 1106.3, 444.2]",,,0.0,False,False,17,0
829,0.1795,"[390.2, 403.7, 421.9, 486.0]",,,0.0,False,False,17,0
829,0.172,"[1250.1, 393.5, 1273.1, 459.7]",,,0.0,False,False,17,0
829,0.1187,"[210.8, 392.9, 255.7, 518.4]",,,0.0,False,False,17,0
830,0.5415,"[199.6, 393.2, 249.2, 521.4]",,,0.0,False,False,17,2
830,0.4821,"[575.1, 391.8, 602.8, 487.7]",185,"[575.0380683722365, 390.74395824257675, 605.9657158074509, 485.77947925742325]",0.8689,True,False,17,2
830,0.4812,"[586.2, 399.6, 613.9, 485.3]",173,"[584.1846725390039, 399.67337332954287, 613.3607376172461, 485.43551338920713]",0.9105,True,False,17,2
830,0.3832,"[346.3, 412.8, 419.9, 539.7]",,,0.0,False,False,17,2
830,0.2388,"[612.2, 440.1, 704.7, 558.9]",,,0.0038,False,False,17,2
830,0.2365,"[369.9, 394.2, 405.7, 487.4]",,,0.0,False,False,17,2
830,0.2277,"[317.6, 422.6, 417.5, 542.7]",,,0.0,False,False,17,2
830,0.2243,"[1345.3, 394.5, 1368.2, 456.0]",,,0.0,False,False,17,2
830,0.2236,"[608.5, 402.3, 633.5, 476.6]",173,"[584.1846725390039, 399.67337332954287, 613.3607376172461, 485.43551338920713]",0.0901,False,False,17,2
830,0.2129,"[1024.0, 398.2, 1042.9, 457.7]",,,0.0,False,False,17,2
830,0.1906,"[1390.5, 385.1, 1412.1, 455.3]",,,0.0,False,False,17,2
830,0.1833,"[247.4, 408.7, 287.9, 518.7]",,,0.0,False,False,17,2
830,0.1574,"[237.8, 407.0, 287.0, 538.0]",,,0.0,False,False,17,2
830,0.1484,"[252.5, 409.7, 287.6, 498.2]",,,0.0,False,False,17,2
830,0.1101,"[378.7, 402.6, 408.4, 478.2]",,,0.0,False,False,17,2
830,0.1021,"[1508.0, 363.8, 1559.2, 526.5]",,,0.0,False,False,17,2
830,0.1007,"[1352.0, 393.5, 1373.6, 455.6]",,,0.0,False,False,17,2
831,0.4955,"[645.3, 405.7, 673.0, 485.3]",,,0.0,False,False,19,3
831,0.4761,"[598.1, 405.0, 623.7, 483.3]",163,"[534.8013074351468, 438.2822798039136, 637.4814074086031, 560.967353985149]",0.0858,False,False,19,3
831,0.4727,"[537.3, 438.8, 636.5, 559.6]",163,"[534.8013074351468, 438.2822798039136, 637.4814074086031, 560.967353985149]",0.9517,True,False,19,3
831,0.445,"[301.4, 436.1, 408.0, 545.4]",210,"[290.58585894856225, 405.01866945146395, 326.61604534831275, 512.0951611149424]",0.141,False,False,19,3
831,0.427,"[185.3, 396.2, 232.2, 518.4]",,,0.0,False,False,19,3
831,0.4084,"[569.0, 396.6, 598.1, 489.7]",163,"[534.8013074351468, 438.2822798039136, 637.4814074086031, 560.967353985149]",0.1081,False,False,19,3
831,0.3556,"[1336.5, 400.3, 1358.1, 458.3]",,,0.0,False,False,19,3
831,0.313,"[286.7, 405.7, 328.6, 509.0]",210,"[290.58585894856225, 405.01866945146395, 326.61604534831275, 512.0951611149424]",0.8345,True,False,19,3
831,0.3018,"[1215.0, 390.5, 1243.4, 482.3]",,,0.0,False,False,19,3
831,0.2384,"[226.1, 407.7, 274.1, 538.7]",,,0.0,False,False,19,3
831,0.216,"[371.2, 402.0, 402.3, 489.0]",,,0.0,False,False,19,3
831,0.1793,"[624.0, 404.7, 649.0, 479.6]",163,"[534.8013074351468, 438.2822798039136, 637.4814074086031, 560.967353985149]",0.0399,False,False,19,3
831,0.1689,"[1101.6, 400.6, 1125.9, 470.8]",208,"[1104.5849187105164, 400.1506500445481, 1128.1819269926084, 471.7477874554519]",0.7879,True,False,19,3
831,0.168,"[1223.1, 395.6, 1252.8, 479.9]",,,0.0,False,False,19,3
831,0.1427,"[1068.5, 406.7, 1091.5, 474.2]",,,0.0,False,False,19,3
831,0.1244,"[1208.2, 394.5, 1242.0, 498.5]",,,0.0,False,False,19,3
831,0.1153,"[361.8, 396.9, 397.6, 488.0]",,,0.0,False,False,19,3
831,0.1107,"[238.3, 409.4, 274.4, 518.7]",,,0.0,False,False,19,3
831,0.1072,"[1229.2, 398.6, 1254.8, 469.5]",,,0.0,False,False,19,3
832,0.5378,"[952.4, 411.4, 975.4, 476.2]",212,"[950.6195907805463, 408.97179862472683, 975.6456680085162, 482.95337227371067]",0.8032,True,False,16,4
832,0.5277,"[766.8, 410.4, 796.5, 491.4]",183,"[770.7479934285557, 410.24863552863445, 796.6808395792569, 482.28371310417805]",0.7641,True,False,16,4
832,0.4309,"[1680.8, 381.0, 1732.1, 526.8]",214,"[1681.5032168319476, 380.4959041236075, 1727.0368222305526, 533.208807790455]",0.8517,True,False,16,4
832,0.3762,"[281.6, 407.7, 317.1, 504.9]",,,0.0,False,False,16,4
832,0.3603,"[1265.6, 397.9, 1294.0, 472.2]",79,"[1262.8234199175797, 400.7750782296747, 1287.497625004295, 467.74475819610655]",0.6389,True,False,16,4
832,0.3429,"[587.2, 410.4, 617.0, 492.8]",,,0.0,False,False,16,4
832,0.2921,"[948.4, 410.4, 972.7, 480.6]",212,"[950.6195907805463, 408.97179862472683, 975.6456680085162, 482.95337227371067]",0.7707,True,False,16,4
832,0.2737,"[1295.3, 404.0, 1316.9, 464.7]",,,0.0,False,False,16,4
832,0.2646,"[801.2, 408.7, 828.2, 482.3]",,,0.0,False,False,16,4
832,0.2539,"[1093.5, 405.3, 1119.2, 474.2]",,,0.0,False,False,16,4
832,0.2509,"[594.0, 445.2, 695.9, 563.3]",,,0.0,False,False,16,4
832,0.2004,"[1194.8, 398.2, 1223.1, 479.9]",,,0.0,False,False,16,4
832,0.1902,"[513.3, 408.4, 543.7, 493.4]",,,0.0,False,False,16,4
832,0.1392,"[225.6, 408.4, 263.1, 525.2]",,,0.0,False,False,16,4
832,0.1037,"[229.0, 408.0, 259.0, 499.2]",,,0.0,False,False,16,4
832,0.1024,"[1018.6, 411.4, 1038.8, 473.5]",,,0.0,False,False,16,4
833,0.5694,"[525.5, 404.3, 557.2, 494.1]",195,"[520.455059073125, 400.4045914760564, 553.1849555753125, 493.5745345005061]",0.7216,True,False,28,11
833,0.5359,"[968.0, 405.7, 993.6, 478.6]",191,"[971.3577478153097, 406.07676086425784, 994.4921057003152, 478.1667694091797]",0.829,True,False,28,11
833,0.4916,"[1188.0, 397.6, 1224.5, 496.1]",192,"[1126.1082639783253, 205.02053710825157, 1216.325818052925, 542.5897534190922]",0.0893,False,False,28,11
833,0.4853,"[1294.7, 400.3, 1325.7, 483.3]",200,"[1296.3279497176168, 402.7736499828596, 1319.3519819230082, 469.4015819507341]",0.5951,True,False,28,11
833,0.465,"[987.5, 404.7, 1013.2, 476.2]",186,"[984.1558779355139, 402.1031657918668, 1012.3183652285486, 480.1429889932894]",0.7853,True,False,28,11
833,0.4605,"[1501.2, 374.0, 1560.6, 552.2]",213,"[1511.062168550737, 382.0535549830157, 1555.8904681680133, 524.2187228490156]",0.6021,True,False,28,11
833,0.3921,"[1356.8, 399.6, 1383.8, 467.8]",202,"[1361.3641331900467, 400.4762895848935, 1384.9754664193285, 471.537504360419]",0.7488,True,False,28,11
833,0.3603,"[1054.3, 413.1, 1084.1, 480.6]",,,0.0,False,False,28,11
833,0.3046,"[622.7, 402.3, 655.1, 486.7]",,,0.0,False,False,28,11
833,0.2987,"[754.7, 409.1, 787.1, 491.4]",,,0.0,False,False,28,11
833,0.2764,"[1072.6, 398.2, 1110.4, 506.3]",,,0.0,False,False,28,11
833,0.2581,"[567.3, 391.2, 599.7, 487.7]",163,"[519.6327334479972, 442.677555352605, 621.0165585441902, 563.2054402528638]",0.105,False,False,28,11
833,0.2536,"[856.6, 414.8, 884.9, 487.0]",184,"[860.1853743866232, 414.98614410891093, 881.1025894805643, 473.07745452390157]",0.5934,True,False,28,11
833,0.2496,"[592.7, 398.6, 625.7, 483.0]",163,"[519.6327334479972, 442.677555352605, 621.0165585441902, 563.2054402528638]",0.0824,False,False,28,11
833,0.2174,"[937.6, 414.1, 965.9, 485.7]",,,0.0,False,False,28,11
833,0.2167,"[1250.8, 401.3, 1281.8, 486.3]",,,0.0,False,False,28,11
833,0.2003,"[207.4, 403.0, 250.6, 546.1]",,,0.0,False,False,28,11
833,0.1731,"[1250.8, 397.6, 1288.6, 518.4]",,,0.0,False,False,28,11
833,0.1711,"[266.3, 408.7, 325.4, 552.5]",,,0.0,False,False,28,11
833,0.1702,"[417.5, 445.8, 482.3, 551.8]",147,"[375.92270527040034, 444.71033215230955, 463.42434062803716, 542.987055543003]",0.4056,True,False,28,11
833,0.1353,"[560.6, 420.9, 672.6, 563.3]",163,"[519.6327334479972, 442.677555352605, 621.0165585441902, 563.2054402528638]",0.3486,True,False,28,11
833,0.12,"[500.5, 397.2, 530.9, 485.7]",195,"[520.455059073125, 400.4045914760564, 553.1849555753125, 493.5745345005061]",0.1835,False,False,28,11
833,0.1141,"[612.2, 401.6, 637.2, 475.9]",163,"[519.6327334479972, 442.677555352605, 621.0165585441902, 563.2054402528638]",0.0212,False,False,28,11
833,0.1138,"[932.2, 412.8, 960.5, 487.7]",,,0.0,False,False,28,11
833,0.1106,"[586.6, 399.9, 615.6, 481.6]",163,"[519.6327334479972, 442.677555352605, 621.0165585441902, 563.2054402528638]",0.084,False,False,28,11
833,0.1045,"[1316.2, 404.0, 1340.6, 472.2]",200,"[1296.3279497176168, 402.7736499828596, 1319.3519819230082, 469.4015819507341]",0.0679,False,False,28,11
833,0.1032,"[1102.3, 405.0, 1136.0, 503.6]",192,"[1126.1082639783253, 205.02053710825157, 1216.325818052925, 542.5897534190922]",0.0298,False,False,28,11
833,0.1005,"[1059.8, 400.6, 1108.3, 521.4]",,,0.0,False,False,28,11
834,0.5535,"[1287.2, 404.7, 1314.2, 477.6]",,,0.0,False,False,29,1
834,0.4994,"[546.4, 409.1, 580.2, 498.2]",173,"[542.9669117720308, 392.55783113496926, 585.9978099076567, 519.1785580251869]",0.5519,True,False,29,1
834,0.4777,"[976.7, 406.0, 1002.4, 487.0]",,,0.0,False,False,29,1
834,0.4652,"[255.0, 412.4, 293.1, 515.7]",,,0.0,False,False,29,1
834,0.46,"[1051.7, 417.5, 1076.0, 485.0]",,,0.0,False,False,29,1
834,0.406,"[612.9, 409.4, 643.3, 493.1]",,,0.0,False,False,29,1
834,0.372,"[916.7, 411.8, 941.0, 482.6]",,,0.0,False,False,29,1
834,0.3705,"[207.1, 413.1, 243.5, 512.3]",,,0.0,False,False,29,1
834,0.3703,"[388.5, 410.4, 416.8, 494.1]",,,0.0,False,False,29,1
834,0.3601,"[555.9, 396.9, 588.9, 494.1]",173,"[542.9669117720308, 392.55783113496926, 585.9978099076567, 519.1785580251869]",0.5108,True,False,29,1
834,0.3289,"[1309.5, 407.7, 1331.1, 469.1]",,,0.0,False,False,29,1
834,0.3065,"[965.9, 406.0, 991.6, 487.7]",,,0.0,False,False,29,1
834,0.2908,"[341.2, 413.8, 370.2, 486.7]",,,0.0,False,False,29,1
834,0.2809,"[991.6, 409.1, 1015.9, 482.6]",,,0.0,False,False,29,1
834,0.2496,"[1046.9, 417.5, 1067.2, 474.9]",,,0.0,False,False,29,1
834,0.2487,"[606.2, 404.7, 638.6, 495.1]",,,0.0,False,False,29,1
834,0.2277,"[263.2, 413.8, 296.3, 501.5]",,,0.0,False,False,29,1
834,0.2272,"[1244.0, 403.0, 1273.7, 488.0]",,,0.0,False,False,29,1
834,0.2089,"[199.8, 411.4, 242.3, 530.2]",,,0.0,False,False,29,1
834,0.1931,"[567.7, 406.7, 595.4, 485.0]",173,"[542.9669117720308, 392.55783113496926, 585.9978099076567, 519.1785580251869]",0.2321,False,False,29,1
834,0.1855,"[1049.0, 418.5, 1070.6, 482.0]",,,0.0,False,False,29,1
834,0.1525,"[1045.6, 417.2, 1064.5, 466.4]",,,0.0,False,False,29,1
834,0.1409,"[901.8, 415.1, 923.4, 479.3]",,,0.0,False,False,29,1
834,0.1402,"[582.9, 405.0, 615.3, 490.7]",173,"[542.9669117720308, 392.55783113496926, 585.9978099076567, 519.1785580251869]",0.0338,False,False,29,1
834,0.1391,"[421.5, 443.1, 524.8, 558.6]",,,0.0,False,False,29,1
834,0.1378,"[785.0, 416.1, 809.3, 483.0]",,,0.0,False,False,29,1
834,0.1286,"[543.0, 410.4, 573.4, 495.5]",173,"[542.9669117720308, 392.55783113496926, 585.9978099076567, 519.1785580251869]",0.4741,True,False,29,1
834,0.1121,"[367.2, 446.5, 450.2, 554.5]",,,0.0,False,False,29,1
834,0.1066,"[151.1, 406.7, 197.3, 520.1]",,,0.0,False,False,29,1
835,0.5458,"[603.5, 412.4, 631.8, 502.2]",,,0.0,False,False,27,4
835,0.4734,"[1300.7, 414.8, 1325.0, 477.6]",,,0.0,False,False,27,4
835,0.4469,"[1044.9, 423.9, 1065.2, 480.6]",,,0.0,False,False,27,4
835,0.4028,"[1645.7, 393.2, 1697.0, 539.0]",,,0.0,False,False,27,4
835,0.3988,"[1181.9, 411.4, 1206.2, 487.0]",,,0.0,False,False,27,4
835,0.3855,"[1497.2, 395.6, 1540.4, 527.2]",213,"[1491.9786827414364, 387.5844815003889, 1537.6931922585636, 531.7639071714862]",0.7689,True,False,27,4
835,0.3854,"[224.1, 417.8, 305.1, 561.6]",,,0.0,False,False,27,4
835,0.3715,"[547.4, 450.2, 658.1, 575.8]",180,"[553.9421995541489, 412.8338334253276, 576.3192750552262, 478.7548506567036]",0.0433,False,False,27,4
835,0.3348,"[1036.8, 422.2, 1057.1, 474.2]",,,0.0,False,False,27,4
835,0.3198,"[229.0, 417.8, 282.7, 515.0]",,,0.0,False,False,27,4
835,0.3059,"[1070.6, 416.1, 1096.2, 483.0]",,,0.0,False,False,27,4
835,0.2711,"[556.2, 415.8, 581.9, 494.8]",180,"[553.9421995541489, 412.8338334253276, 576.3192750552262, 478.7548506567036]",0.5669,True,False,27,4
835,0.2627,"[127.2, 409.4, 183.9, 535.6]",,,0.0,False,False,27,4
835,0.2151,"[910.6, 417.8, 933.5, 486.0]",,,0.0,False,False,27,4
835,0.2033,"[1405.4, 392.9, 1462.1, 547.4]",,,0.0,False,False,27,4
835,0.1688,"[-105.6, 282.0, 71.0, 789.1]",,,0.0,False,False,27,4
835,0.1678,"[329.9, 417.5, 358.8, 493.1]",,,0.0,False,False,27,4
835,0.1613,"[195.9, 419.2, 237.4, 509.6]",,,0.0,False,False,27,4
835,0.157,"[1198.1, 409.7, 1225.1, 486.7]",,,0.0,False,False,27,4
835,0.1516,"[374.3, 414.8, 403.3, 497.1]",,,0.0,False,False,27,4
835,0.1223,"[202.2, 197.6, 528.9, 544.7]",,,0.0,False,False,27,4
835,0.1195,"[1395.9, 392.9, 1441.8, 525.8]",,,0.0,False,False,27,4
835,0.1162,"[236.1, 417.5, 276.9, 491.1]",,,0.0,False,False,27,4
835,0.1157,"[895.7, 421.9, 916.0, 479.3]",,,0.0,False,False,27,4
835,0.1107,"[1246.1, 410.7, 1270.4, 483.6]",,,0.0,False,False,27,4
835,0.1029,"[1169.1, 408.4, 1198.8, 492.1]",,,0.0,False,False,27,4
835,0.1003,"[549.8, 460.0, 627.4, 576.8]",180,"[553.9421995541489, 412.8338334253276, 576.3192750552262, 478.7548506567036]",0.0414,False,False,27,4
836,0.5594,"[499.8, 410.1, 526.2, 491.7]",195,"[495.83378025852574, 410.4954441628531, 527.7993374172555, 501.2784816183969]",0.7341,True,False,35,6
836,0.559,"[1221.8, 408.0, 1254.2, 493.8]",,,0.0,False,False,35,6
836,0.5471,"[908.6, 419.9, 935.6, 494.8]",212,"[911.0210019982799, 419.0323084445687, 936.1776064001576, 493.5178624538688]",0.8647,True,False,35,6
836,0.5353,"[397.6, 448.2, 506.3, 556.9]",178,"[396.3742541813978, 443.3687344412231, 498.34553341625843, 560.6399935861206]",0.8544,True,False,35,6
836,0.5187,"[226.3, 414.5, 264.1, 530.5]",,,0.0,False,False,35,6
836,0.5165,"[519.8, 413.1, 556.2, 506.9]",173,"[520.0074015708562, 400.4203366036345, 557.0121296791439, 510.56129181433425]",0.8283,True,False,35,6
836,0.5088,"[1028.0, 422.2, 1056.4, 495.8]",,,0.0,False,False,35,6
836,0.4823,"[826.2, 423.2, 847.8, 482.6]",,,0.0,False,False,35,6
836,0.4803,"[880.2, 421.2, 903.2, 489.4]",,,0.0,False,False,35,6
836,0.4372,"[519.8, 395.6, 562.3, 516.4]",173,"[520.0074015708562, 400.4203366036345, 557.0121296791439, 510.56129181433425]",0.7932,True,False,35,6
836,0.4349,"[725.0, 416.8, 757.4, 503.2]",,,0.0,False,False,35,6
836,0.3777,"[357.8, 452.2, 443.5, 556.2]",178,"[396.3742541813978, 443.3687344412231, 498.34553341625843, 560.6399935861206]",0.3065,True,False,35,6
836,0.3688,"[1390.5, 389.1, 1436.4, 527.5]",,,0.0,False,False,35,6
836,0.3575,"[188.3, 416.5, 224.1, 523.1]",,,0.0,False,False,35,6
836,0.3251,"[305.1, 419.5, 354.4, 551.8]",,,0.0,False,False,35,6
836,0.3161,"[1167.8, 410.4, 1198.8, 490.1]",,,0.0,False,False,35,6
836,0.2679,"[117.8, 407.0, 163.9, 532.6]",,,0.0,False,False,35,6
836,0.2661,"[1026.7, 420.9, 1051.0, 487.0]",,,0.0,False,False,35,6
836,0.2594,"[893.0, 414.1, 920.0, 493.1]",212,"[911.0210019982799, 419.0323084445687, 936.1776064001576, 493.5178624538688]",0.1997,False,False,35,6
836,0.2482,"[1265.0, 410.4, 1294.7, 486.7]",200,"[1267.800418197561, 410.6839632330629, 1290.4454314118138, 475.6093717278746]",0.649,True,False,35,6
836,0.2429,"[345.6, 410.4, 398.2, 548.1]",178,"[396.3742541813978, 443.3687344412231, 498.34553341625843, 560.6399935861206]",0.0103,False,False,35,6
836,0.2381,"[592.0, 418.5, 621.0, 493.4]",,,0.0,False,False,35,6
836,0.2271,"[982.1, 419.2, 1003.7, 477.2]",,,0.0,False,False,35,6
836,0.2182,"[1187.3, 410.1, 1214.3, 484.3]",,,0.0,False,False,35,6
836,0.2143,"[760.7, 416.8, 791.8, 510.0]",,,0.0,False,False,35,6
836,0.2062,"[1298.7, 411.8, 1324.4, 487.4]",,,0.0,False,False,35,6
836,0.2044,"[1055.7, 414.5, 1082.7, 486.0]",,,0.0,False,False,35,6
836,0.2026,"[231.0, 416.8, 280.0, 555.9]",,,0.0,False,False,35,6
836,0.1967,"[1179.9, 409.4, 1209.6, 489.7]",,,0.0,False,False,35,6
836,0.1536,"[548.1, 416.5, 575.8, 493.4]",173,"[520.0074015708562, 400.4203366036345, 557.0121296791439, 510.56129181433425]",0.1242,False,False,35,6
836,0.1304,"[1517.4, 381.4, 1571.4, 541.4]",,,0.0,False,False,35,6
836,0.1211,"[1401.3, 393.5, 1449.9, 539.3]",,,0.0,False,False,35,6
836,0.1173,"[884.9, 415.8, 914.6, 493.4]",212,"[911.0210019982799, 419.0323084445687, 936.1776064001576, 493.5178624538688]",0.0686,False,False,35,6
836,0.1147,"[314.4, 414.5, 347.3, 502.2]",,,0.0,False,False,35,6
836,0.1029,"[1154.9, 407.4, 1186.0, 499.8]",,,0.0,False,False,35,6
837,0.5515,"[1211.6, 406.7, 1246.7, 509.3]",,,0.0,False,False,35,1
837,0.5389,"[490.1, 409.7, 516.4, 493.4]",,,0.0,False,False,35,1
837,0.4681,"[326.5, 453.9, 421.2, 553.8]",,,0.0,False,False,35,1
837,0.449,"[1629.5, 392.5, 1683.5, 543.0]",214,"[1631.6327646808757, 393.66500491547646, 1677.4707509441246, 543.433749967336]",0.8405,True,False,35,1
837,0.3991,"[713.5, 418.5, 745.9, 506.9]",,,0.0,False,False,35,1
837,0.3962,"[830.2, 423.2, 847.8, 469.8]",,,0.0,False,False,35,1
837,0.3946,"[304.4, 413.8, 334.8, 494.1]",,,0.0,False,False,35,1
837,0.3707,"[871.4, 423.2, 890.3, 472.5]",,,0.0,False,False,35,1
837,0.35,"[1177.2, 410.1, 1202.9, 484.3]",,,0.0,False,False,35,1
837,0.3105,"[98.6, 406.0, 152.2, 538.3]",,,0.0,False,False,35,1
837,0.2649,"[1148.2, 407.0, 1179.2, 496.1]",,,0.0,False,False,35,1
837,0.2588,"[665.9, 424.2, 691.2, 493.8]",,,0.0,False,False,35,1
837,0.2573,"[177.5, 416.8, 209.2, 507.3]",,,0.0,False,False,35,1
837,0.2555,"[754.0, 418.8, 781.0, 495.8]",,,0.0,False,False,35,1
837,0.241,"[215.7, 414.8, 247.1, 496.5]",,,0.0,False,False,35,1
837,0.2376,"[1017.2, 420.2, 1038.8, 481.6]",,,0.0,False,False,35,1
837,0.2167,"[1212.3, 410.1, 1242.0, 484.3]",,,0.0,False,False,35,1
837,0.187,"[581.2, 417.5, 610.2, 491.7]",,,0.0,False,False,35,1
837,0.1749,"[543.7, 457.0, 638.9, 573.8]",,,0.0,False,False,35,1
837,0.1743,"[907.9, 422.6, 930.8, 490.1]",,,0.0,False,False,35,1
837,0.1737,"[293.1, 405.3, 332.6, 508.6]",,,0.0,False,False,35,1
837,0.1648,"[213.0, 414.5, 277.4, 558.2]",,,0.0,False,False,35,1
837,0.1604,"[826.9, 421.5, 845.8, 475.5]",,,0.0,False,False,35,1
837,0.1577,"[291.9, 418.8, 341.2, 541.0]",,,0.0,False,False,35,1
837,0.1539,"[889.7, 416.5, 914.0, 491.4]",,,0.0,False,False,35,1
837,0.1398,"[1377.0, 392.2, 1422.9, 525.2]",,,0.0,False,False,35,1
837,0.1359,"[523.5, 400.3, 555.9, 492.8]",,,0.0,False,False,35,1
837,0.128,"[532.2, 416.8, 559.2, 493.1]",,,0.0,False,False,35,1
837,0.1264,"[1048.3, 412.4, 1072.6, 480.6]",,,0.0,False,False,35,1
837,0.1192,"[351.7, 410.7, 378.7, 483.0]",,,0.0,False,False,35,1
837,0.1192,"[1283.9, 414.5, 1306.8, 479.9]",,,0.0,False,False,35,1
837,0.1164,"[1015.9, 419.9, 1034.8, 469.1]",,,0.0,False,False,35,1
837,0.1106,"[1021.3, 421.2, 1041.5, 471.8]",,,0.0,False,False,35,1
837,0.1025,"[1030.1, 422.6, 1051.7, 478.6]",,,0.0,False,False,35,1
837,0.1024,"[316.4, 416.1, 381.0, 553.2]",,,0.0,False,False,35,1
838,0.5327,"[1204.2, 412.4, 1231.2, 488.0]",,,0.0,False,False,25,4
838,0.5171,"[706.7, 421.2, 735.1, 498.2]",,,0.0,False,False,25,4
838,0.5079,"[263.8, 420.9, 332.6, 561.3]",,,0.0,False,False,25,4
838,0.49,"[167.6, 418.8, 196.9, 504.6]",,,0.0,False,False,25,4
838,0.4796,"[570.4, 419.2, 596.0, 489.4]",,,0.0,False,False,25,4
838,0.4649,"[215.5, 422.6, 328.9, 563.0]",,,0.0,False,False,25,4
838,0.4035,"[1139.4, 410.4, 1165.1, 490.1]",,,0.0,False,False,25,4
838,0.3756,"[860.6, 420.5, 880.9, 475.9]",,,0.0,False,False,25,4
838,0.364,"[1208.9, 412.8, 1235.9, 489.0]",,,0.0,False,False,25,4
838,0.3445,"[921.4, 415.1, 947.0, 491.4]",191,"[919.9168241672805, 417.0653201053237, 944.7447969264695, 494.1447629024888]",0.8144,True,False,25,4
838,0.3359,"[892.4, 419.9, 915.3, 490.7]",212,"[890.0347103419442, 421.8536855035225, 915.1526675877433, 495.5523813910088]",0.8234,True,False,25,4
838,0.2693,"[1243.4, 409.4, 1270.4, 485.7]",200,"[1245.9138566767297, 411.6396359977321, 1272.2614362920206, 487.12861351398664]",0.8077,True,False,25,4
838,0.254,"[202.2, 417.8, 230.5, 496.1]",,,0.0,False,False,25,4
838,0.2533,"[1270.4, 414.8, 1294.7, 478.9]",200,"[1245.9138566767297, 411.6396359977321, 1272.2614362920206, 487.12861351398664]",0.0358,False,False,25,4
838,0.2392,"[527.5, 460.7, 634.8, 579.5]",,,0.0,False,False,25,4
838,0.2341,"[1009.1, 424.9, 1037.5, 493.8]",,,0.0,False,False,25,4
838,0.2308,"[452.6, 427.3, 474.2, 483.3]",,,0.0,False,False,25,4
838,0.1912,"[959.9, 417.2, 980.1, 482.6]",,,0.0,False,False,25,4
838,0.1747,"[1216.4, 415.5, 1239.3, 485.0]",,,0.0,False,False,25,4
838,0.1711,"[511.0, 399.6, 544.0, 504.9]",,,0.0,False,False,25,4
838,0.1604,"[805.3, 425.2, 826.9, 489.4]",184,"[808.1183287355439, 424.6354257685663, 829.5291322019561, 483.93885401659]",0.7084,True,False,25,4
838,0.1594,"[290.1, 414.5, 320.8, 496.8]",,,0.0,False,False,25,4
838,0.1572,"[1219.1, -149.5, 1607.9, 857.2]",,,0.0051,False,False,25,4
838,0.1467,"[519.1, 420.5, 544.7, 498.2]",,,0.0,False,False,25,4
838,0.1098,"[813.4, 421.9, 835.0, 482.6]",184,"[808.1183287355439, 424.6354257685663, 829.5291322019561, 483.93885401659]",0.5694,True,False,25,4
839,0.5409,"[1144.1, 414.8, 1163.0, 478.9]",,,0.0,False,False,18,0
839,0.5193,"[177.4, 418.8, 214.8, 516.7]",,,0.0,False,False,18,0
839,0.4686,"[1192.7, 412.8, 1217.0, 484.3]",,,0.0,False,False,18,0
839,0.4652,"[1463.4, 398.9, 1501.2, 525.8]",,,0.0,False,False,18,0
839,0.4034,"[439.1, 428.3, 461.4, 487.7]",,,0.0,False,False,18,0
839,0.3672,"[852.5, 423.2, 871.4, 479.3]",,,0.0,False,False,18,0
839,0.3508,"[1260.2, 416.5, 1280.5, 477.9]",,,0.0,False,False,18,0
839,0.3501,"[997.7, 423.9, 1020.6, 486.0]",,,0.0,False,False,18,0
839,0.3411,"[998.3, 423.6, 1017.2, 474.9]",,,0.0,False,False,18,0
839,0.291,"[251.6, 427.6, 312.7, 549.8]",,,0.0,False,False,18,0
839,0.2479,"[1219.7, 417.2, 1241.3, 479.9]",,,0.0,False,False,18,0
839,0.18,"[508.6, 421.2, 532.9, 498.8]",,,0.0,False,False,18,0
839,0.1427,"[501.2, 422.6, 526.2, 501.5]",,,0.0,False,False,18,0
839,0.1225,"[259.5, 425.2, 310.8, 528.5]",,,0.0,False,False,18,0
839,0.1164,"[116.6, 425.6, 167.2, 555.9]",,,0.0,False,False,18,0
839,0.1131,"[854.6, 420.5, 877.5, 487.4]",,,0.0,False,False,18,0
839,0.1117,"[922.1, 417.5, 942.3, 486.3]",,,0.0,False,False,18,0
839,0.1114,"[646.3, 425.9, 668.6, 485.3]",,,0.0,False,False,18,0
840,0.5654,"[849.2, 418.2, 874.8, 499.2]",,,0.0,False,False,14,1
840,0.5435,"[490.4, 423.6, 517.4, 504.6]",,,0.0,False,False,14,1
840,0.541,"[779.6, 430.3, 799.9, 491.1]",,,0.0,False,False,14,1
840,0.3909,"[519.4, 423.6, 546.4, 499.8]",,,0.0,False,False,14,1
840,0.3534,"[250.4, 410.7, 288.2, 515.4]",,,0.0,False,False,14,1
840,0.2627,"[421.5, 427.3, 444.5, 494.1]",,,0.0,False,False,14,1
840,0.254,"[985.5, 426.6, 1004.4, 484.0]",,,0.0,False,False,14,1
840,0.2333,"[634.8, 426.9, 655.8, 491.7]",,,0.0,False,False,14,1
840,0.2115,"[1445.9, 399.3, 1486.4, 522.1]",,,0.0,False,False,14,1
840,0.1751,"[842.4, 422.6, 862.7, 485.3]",,,0.0,False,False,14,1
840,0.1398,"[482.0, 420.2, 506.9, 507.3]",,,0.0,False,False,14,1
840,0.138,"[229.0, 455.6, 298.2, 565.0]",,,0.0,False,False,14,1
840,0.1093,"[841.7, 427.3, 859.3, 481.3]",,,0.0,False,False,14,1
840,0.1018,"[1256.2, 417.8, 1279.1, 484.7]",,,0.0,False,False,14,1
841,0.5508,"[1436.4, 397.6, 1476.9, 521.1]",,,0.0,False,False,13,0
841,0.5422,"[474.5, 424.6, 502.2, 509.0]",,,0.0,False,False,13,0
841,0.4475,"[768.2, 430.3, 788.4, 489.7]",,,0.0,False,False,13,0
841,0.4471,"[620.7, 425.9, 644.3, 492.8]",,,0.0,False,False,13,0
841,0.445,"[237.6, 413.8, 276.8, 511.0]",,,0.0,False,False,13,0
841,0.4119,"[828.9, 425.9, 847.8, 485.3]",,,0.0,False,False,13,0
841,0.3597,"[1373.0, 402.3, 1413.5, 531.9]",,,0.0,False,False,13,0
841,0.3286,"[77.4, 433.0, 137.8, 566.7]",,,0.0,False,False,13,0
841,0.3039,"[974.7, 426.9, 993.6, 480.9]",,,0.0,False,False,13,0
841,0.293,"[409.4, 428.6, 431.0, 490.1]",,,0.0,False,False,13,0
841,0.2056,"[1228.5, 419.5, 1247.4, 484.3]",,,0.0,False,False,13,0
841,0.1227,"[1198.1, 419.2, 1217.0, 481.3]",,,0.0,False,False,13,0
841,0.1035,"[548.4, 471.2, 607.8, 583.9]",,,0.0,False,False,13,0
842,0.5634,"[461.7, 424.6, 491.4, 516.4]",166,"[479.53762265624215, 464.01731049580616, 573.6535394531329, 585.0647207541939]",0.046,False,False,18,3
842,0.5454,"[511.7, 424.9, 538.7, 504.6]",188,"[492.6064920654579, 423.10871374659894, 519.2014913329796, 501.44554650730726]",0.1581,False,False,18,3
842,0.5429,"[426.3, 414.5, 459.3, 518.4]",195,"[422.6038470251438, 413.88321126524727, 459.55112123657494, 518.027006019909]",0.8875,True,False,18,3
842,0.4723,"[1107.7, 414.1, 1129.3, 484.3]",,,0.0,False,False,18,3
842,0.4673,"[478.9, 466.1, 568.0, 585.6]",166,"[479.53762265624215, 464.01731049580616, 573.6535394531329, 585.0647207541939]",0.9145,True,False,18,3
842,0.4491,"[608.9, 426.3, 632.5, 499.8]",,,0.0,False,False,18,3
842,0.4071,"[828.2, 420.2, 855.2, 499.8]",,,0.0,False,False,18,3
842,0.4062,"[234.1, 419.5, 262.1, 499.8]",,,0.0,False,False,18,3
842,0.3673,"[1230.5, 417.5, 1250.8, 489.0]",,,0.0,False,False,18,3
842,0.33,"[222.8, 414.5, 249.8, 496.8]",,,0.0,False,False,18,3
842,0.2913,"[490.1, 423.6, 517.0, 505.2]",188,"[492.6064920654579, 423.10871374659894, 519.2014913329796, 501.44554650730726]",0.7983,True,False,18,3
842,0.2771,"[1186.7, 420.5, 1206.9, 486.0]",,,0.0,False,False,18,3
842,0.2573,"[914.0, 420.5, 936.9, 490.7]",,,0.0,False,False,18,3
842,0.2219,"[960.5, 426.9, 983.5, 495.1]",,,0.0,False,False,18,3
842,0.1458,"[1421.6, 394.2, 1462.1, 525.2]",,,0.0,False,False,18,3
842,0.1371,"[220.4, 424.6, 264.3, 521.8]",,,0.0,False,False,18,3
842,0.1337,"[818.1, 425.2, 837.0, 484.7]",,,0.0,False,False,18,3
842,0.123,"[824.9, 423.6, 850.5, 498.5]",,,0.0,False,False,18,3
843,0.5577,"[87.9, 424.2, 130.6, 527.5]",,,0.0,False,False,17,0
843,0.5485,"[817.4, 420.2, 844.4, 500.5]",,,0.0,False,False,17,0
843,0.4784,"[449.9, 426.3, 478.2, 507.9]",,,0.0,False,False,17,0
843,0.3823,"[207.2, 414.5, 245.7, 516.4]",,,0.0,False,False,17,0
843,0.3559,"[467.1, 467.1, 565.7, 587.2]",,,0.0,False,False,17,0
843,0.2425,"[1412.1, 394.5, 1455.3, 524.1]",,,0.0,False,False,17,0
843,0.2279,"[1161.7, 419.2, 1184.6, 494.8]",,,0.0,False,False,17,0
843,0.2033,"[807.3, 428.0, 824.9, 480.6]",,,0.0,False,False,17,0
843,0.1989,"[109.0, 429.3, 169.1, 555.5]",,,0.0,False,False,17,0
843,0.1785,"[478.6, 425.6, 503.6, 497.8]",,,0.0,False,False,17,0
843,0.1602,"[1422.9, 406.0, 1458.0, 521.4]",,,0.0,False,False,17,0
843,0.1451,"[50.0, 438.4, 109.0, 568.7]",,,0.0,False,False,17,0
843,0.1366,"[954.5, 427.3, 973.4, 481.3]",,,0.0,False,False,17,0
843,0.1361,"[1219.7, 418.8, 1240.0, 483.6]",,,0.0,False,False,17,0
843,0.1343,"[1176.5, 423.6, 1195.4, 491.7]",,,0.0,False,False,17,0
843,0.1117,"[113.7, 437.4, 185.8, 567.0]",,,0.0,False,False,17,0
843,0.1097,"[225.5, 442.5, 300.0, 565.3]",,,0.0,False,False,17,0
844,0.5585,"[193.7, 413.4, 236.3, 526.2]",,,0.0,False,False,10,2
844,0.5449,"[733.7, 431.3, 755.3, 497.5]",,,0.0,False,False,10,2
844,0.5108,"[588.9, 428.6, 611.9, 498.8]",,,0.0,False,False,10,2
844,0.4146,"[89.2, 422.6, 136.8, 530.5]",210,"[96.67677325262412, 422.4979626947609, 140.63053875909463, 534.6931383794579]",0.7543,True,False,10,2
844,0.4107,"[439.1, 425.2, 466.8, 508.3]",,,0.0,False,False,10,2
844,0.3254,"[408.0, 416.5, 439.8, 515.0]",195,"[403.31812736968715, 414.86817405254675, 439.00780036468785, 516.583425068547]",0.8239,True,False,10,2
844,0.2334,"[30.5, 435.7, 95.7, 567.3]",,,0.0,False,False,10,2
844,0.2302,"[77.8, 423.2, 117.5, 517.7]",210,"[96.67677325262412, 422.4979626947609, 140.63053875909463, 534.6931383794579]",0.2923,False,False,10,2
844,0.2027,"[1152.9, 419.9, 1175.9, 489.4]",,,0.0,False,False,10,2
844,0.1664,"[1210.3, 418.2, 1231.9, 486.3]",,,0.0,False,False,10,2
845,0.5697,"[799.2, 420.2, 826.2, 501.2]",,,0.0,False,False,17,5
845,0.552,"[365.9, 460.7, 479.9, 586.9]",163,"[369.60280086437314, 462.004782947965, 478.51762149890806, 585.8786399035974]",0.937,True,False,17,5
845,0.531,"[1252.1, 406.4, 1279.1, 488.0]",202,"[1250.0101076909427, 406.4248314479216, 1277.0643551996825, 489.01883310285973]",0.8463,True,False,17,5
845,0.4564,"[725.0, 431.7, 745.2, 491.1]",,,0.0,False,False,17,5
845,0.4276,"[399.6, 421.9, 431.3, 516.4]",173,"[401.69551600187447, 425.0795943062885, 433.44565831453184, 518.434199639024]",0.8305,True,False,17,5
845,0.4037,"[934.9, 428.3, 953.8, 487.7]",,,0.0,False,False,17,5
845,0.3912,"[789.1, 429.0, 805.3, 480.9]",,,0.0,False,False,17,5
845,0.3394,"[424.2, 425.6, 455.3, 514.0]",173,"[401.69551600187447, 425.0795943062885, 433.44565831453184, 518.434199639024]",0.1663,False,False,17,5
845,0.2701,"[456.3, 425.9, 481.3, 498.2]",163,"[369.60280086437314, 462.004782947965, 478.51762149890806, 585.8786399035974]",0.0554,False,False,17,5
845,0.2616,"[1143.5, 418.8, 1165.1, 483.6]",,,0.0,False,False,17,5
845,0.2451,"[65.0, 423.9, 128.9, 546.8]",,,0.0,False,False,17,5
845,0.2354,"[154.0, 431.3, 230.0, 565.0]",,,0.0,False,False,17,5
845,0.2256,"[11.7, 433.0, 83.0, 571.4]",,,0.0,False,False,17,5
845,0.1525,"[397.6, 415.8, 426.6, 507.6]",173,"[401.69551600187447, 425.0795943062885, 433.44565831453184, 518.434199639024]",0.5751,True,False,17,5
845,0.1322,"[179.7, 417.2, 221.2, 514.4]",,,0.0,False,False,17,5
845,0.1299,"[443.1, 469.8, 549.1, 588.6]",163,"[369.60280086437314, 462.004782947965, 478.51762149890806, 585.8786399035974]",0.1869,False,False,17,5
845,0.1075,"[1157.0, 419.5, 1177.2, 484.3]",,,0.0,False,False,17,5
846,0.5564,"[570.4, 431.7, 594.0, 500.5]",,,0.0,False,False,17,2
846,0.5324,"[464.4, 428.0, 491.4, 505.6]",,,0.0,False,False,17,2
846,0.5071,"[806.0, 427.6, 831.6, 499.8]",212,"[807.7527152388184, 429.4113525410182, 833.2129830033692, 504.6043945292943]",0.8045,True,False,17,2
846,0.5053,"[1186.0, 419.9, 1207.6, 488.7]",,,0.0,False,False,17,2
846,0.4856,"[386.1, 421.5, 420.5, 527.5]",,,0.0,False,False,17,2
846,0.4452,"[610.9, 426.6, 637.9, 502.2]",183,"[611.4837578112578, 427.1637571727652, 639.8476630871797, 504.9290772998911]",0.8737,True,False,17,2
846,0.4231,"[713.5, 432.7, 735.1, 490.7]",,,0.0,False,False,17,2
846,0.3035,"[795.8, 423.2, 820.1, 496.8]",212,"[807.7527152388184, 429.4113525410182, 833.2129830033692, 504.6043945292943]",0.2907,False,False,17,2
846,0.2883,"[1132.0, 419.5, 1153.6, 487.0]",,,0.0,False,False,17,2
846,0.2556,"[354.4, 460.7, 471.8, 587.6]",,,0.0,False,False,17,2
846,0.2439,"[925.4, 427.6, 944.3, 485.0]",,,0.0,False,False,17,2
846,0.1777,"[860.6, 421.5, 882.2, 495.8]",,,0.0,False,False,17,2
846,0.1655,"[410.4, 427.6, 440.1, 520.8]",,,0.0,False,False,17,2
846,0.1628,"[-11.4, 432.7, 66.4, 575.1]",,,0.0,False,False,17,2
846,0.143,"[951.1, 414.8, 976.7, 492.4]",,,0.0,False,False,17,2
846,0.1428,"[1148.2, 420.2, 1167.1, 480.9]",,,0.0,False,False,17,2
846,0.1261,"[1316.2, 399.9, 1354.1, 532.2]",,,0.0,False,False,17,2
847,0.5639,"[399.9, 429.3, 428.3, 514.4]",,,0.0,False,False,18,1
847,0.5557,"[914.6, 430.0, 934.9, 494.8]",,,0.0,False,False,18,1
847,0.5551,"[376.7, 425.9, 409.1, 520.4]",,,0.0,False,False,18,1
847,0.5386,"[424.2, 474.5, 528.2, 590.6]",,,0.0,False,False,18,1
847,0.531,"[1059.8, 418.8, 1081.3, 489.0]",,,0.0,False,False,18,1
847,0.5309,"[864.0, 419.2, 888.3, 496.1]",186,"[859.0095356001658, 419.3164017325639, 888.2217876420217, 500.3798873299361]",0.7825,True,False,18,1
847,0.4506,"[1138.7, 420.5, 1156.3, 480.6]",,,0.0,False,False,18,1
847,0.4482,"[1175.2, 422.6, 1194.1, 483.3]",,,0.0,False,False,18,1
847,0.4359,"[781.7, 420.9, 806.0, 499.2]",,,0.0,False,False,18,1
847,0.3381,"[125.0, 434.0, 207.7, 574.4]",,,0.0,False,False,18,1
847,0.3312,"[1180.6, 420.5, 1200.8, 484.0]",,,0.0,False,False,18,1
847,0.3042,"[-8.5, 437.7, 50.7, 576.1]",,,0.0,False,False,18,1
847,0.2426,"[155.8, 416.8, 201.0, 527.5]",,,0.0,False,False,18,1
847,0.2392,"[1121.9, 417.8, 1143.5, 485.3]",,,0.0,False,False,18,1
847,0.2127,"[370.9, 464.1, 459.3, 591.6]",,,0.0,False,False,18,1
847,0.1891,"[433.4, 426.9, 459.0, 501.2]",,,0.0,False,False,18,1
847,0.1469,"[927.5, 432.3, 946.4, 493.8]",,,0.0,False,False,18,1
847,0.1146,"[341.9, 440.4, 366.9, 503.2]",,,0.0,False,False,18,1
848,0.527,"[365.5, 425.2, 396.6, 521.1]",,,0.0,False,False,20,3
848,0.496,"[860.0, 418.8, 880.2, 491.7]",,,0.0,False,False,20,3
848,0.4364,"[1052.3, 418.8, 1072.6, 485.7]",,,0.0,False,False,20,3
848,0.4292,"[789.8, 431.3, 814.1, 498.8]",212,"[789.4072400410919, 429.2858729188577, 814.332261912033, 503.092239874111]",0.8916,True,False,20,3
848,0.4247,"[906.5, 428.0, 926.8, 492.8]",,,0.0,False,False,20,3
848,0.4201,"[389.8, 431.0, 417.5, 516.0]",,,0.0,False,False,20,3
848,0.4166,"[114.0, 460.7, 194.9, 578.1]",164,"[65.93015406240633, 428.5691612493411, 194.67845799814054, 580.711600469409]",0.4831,True,False,20,3
848,0.4121,"[-25.4, 438.8, 35.2, 582.5]",,,0.0,False,False,20,3
848,0.3781,"[1116.5, 31.1, 1300.1, 388.5]",,,0.0,False,False,20,3
848,0.3517,"[842.4, 424.6, 865.4, 493.4]",,,0.0,False,False,20,3
848,0.3317,"[1296.7, 401.6, 1337.2, 534.6]",,,0.0,False,False,20,3
848,0.298,"[421.9, 425.6, 448.2, 501.9]",,,0.0,False,False,20,3
848,0.2945,"[698.6, 433.7, 716.2, 487.0]",,,0.0,False,False,20,3
848,0.2861,"[407.7, 475.9, 521.1, 593.3]",,,0.0,False,False,20,3
848,0.2624,"[762.1, 423.6, 782.3, 491.1]",,,0.0,False,False,20,3
848,0.2479,"[830.9, 428.3, 849.8, 488.4]",,,0.0,False,False,20,3
848,0.1876,"[1169.1, 421.2, 1189.4, 484.0]",,,0.0,False,False,20,3
848,0.1804,"[1227.2, 408.7, 1255.5, 491.7]",202,"[1227.5431861293455, 407.29355378104714, 1256.4487572300295, 496.1261239533279]",0.8926,True,False,20,3
848,0.1595,"[156.9, 420.5, 192.4, 519.1]",164,"[65.93015406240633, 428.5691612493411, 194.67845799814054, 580.711600469409]",0.1618,False,False,20,3
848,0.1065,"[147.6, 416.1, 190.4, 528.9]",164,"[65.93015406240633, 428.5691612493411, 194.67845799814054, 580.711600469409]",0.2132,False,False,20,3
849,0.5353,"[1161.0, 420.9, 1184.0, 491.7]",,,0.0,False,False,20,3
849,0.52,"[811.4, 427.3, 835.7, 498.8]",191,"[810.6003406767429, 424.4574628685067, 833.771241354507, 498.89794484633705]",0.8628,True,False,20,3
849,0.5051,"[899.1, 434.4, 922.1, 502.5]",,,0.0,False,False,20,3
849,0.5013,"[354.4, 464.4, 441.5, 591.3]",,,0.0,False,False,20,3
849,0.4929,"[432.0, 431.3, 460.4, 514.4]",,,0.0,False,False,20,3
849,0.4873,"[545.1, 434.4, 569.4, 504.6]",,,0.0,False,False,20,3
849,0.4622,"[405.7, 475.2, 506.3, 594.7]",,,0.0,False,False,20,3
849,0.4361,"[783.0, 432.0, 807.3, 505.6]",,,0.0,False,False,20,3
849,0.3695,"[357.8, 428.0, 388.8, 527.9]",,,0.0,False,False,20,3
849,0.3694,"[1112.4, 422.6, 1134.0, 490.1]",227,"[1096.8807723897462, 417.58907699650524, 1121.447596750879, 492.9047584527135]",0.2264,False,False,20,3
849,0.3386,"[851.9, 420.2, 874.8, 499.8]",,,0.0,False,False,20,3
849,0.2864,"[1096.9, 417.8, 1121.2, 490.1]",227,"[1096.8807723897462, 417.58907699650524, 1121.447596750879, 492.9047584527135]",0.9481,True,False,20,3
849,0.2803,"[1123.2, 422.2, 1143.5, 490.4]",,,0.0,False,False,20,3
849,0.2266,"[143.9, 421.5, 182.1, 527.5]",,,0.0,False,False,20,3
849,0.1949,"[388.1, 429.6, 415.1, 515.4]",,,0.0,False,False,20,3
849,0.1904,"[411.8, 427.3, 438.8, 507.6]",,,0.0,False,False,20,3
849,0.1626,"[-31.5, 438.1, 27.0, 582.5]",,,0.0,False,False,20,3
849,0.1438,"[135.4, 417.5, 177.7, 532.2]",,,0.0,False,False,20,3
849,0.1406,"[381.4, 428.6, 412.4, 521.1]",,,0.0,False,False,20,3
849,0.105,"[704.0, 431.3, 724.3, 498.2]",228,"[701.3715469480874, 431.68054809364975, 724.3952987550377, 496.4813171407252]",0.856,True,False,20,3
850,0.5111,"[1154.2, 423.6, 1175.9, 490.4]",,,0.0,False,False,15,2
850,0.4884,"[576.5, 431.3, 603.5, 507.6]",183,"[575.7023197794398, 430.8304304505341, 602.4890864705601, 504.56184249868465]",0.8964,True,False,15,2
850,0.4883,"[389.5, 472.5, 486.7, 597.4]",,,0.0,False,False,15,2
850,0.4629,"[422.6, 432.7, 450.9, 517.7]",,,0.0,False,False,15,2
850,0.4442,"[1501.2, 394.5, 1552.5, 549.1]",214,"[1501.5731556807402, 395.4095912969058, 1552.468592366135, 548.2948154413755]",0.9813,True,False,15,2
850,0.3359,"[1104.3, 421.9, 1125.9, 490.7]",,,0.0,False,False,15,2
850,0.3157,"[378.0, 428.6, 407.0, 517.0]",,,0.0,False,False,15,2
850,0.2311,"[362.5, 430.3, 392.2, 522.8]",,,0.0,False,False,15,2
850,0.188,"[399.9, 429.6, 427.6, 514.7]",,,0.0,False,False,15,2
850,0.1776,"[919.4, 418.2, 947.7, 500.5]",,,0.0,False,False,15,2
850,0.1762,"[1115.1, 422.9, 1136.7, 491.1]",,,0.0,False,False,15,2
850,0.1659,"[774.2, 435.7, 801.2, 505.9]",,,0.0,False,False,15,2
850,0.1199,"[-46.3, 447.5, 13.5, 580.5]",,,0.0,False,False,15,2
850,0.1152,"[450.9, 478.9, 513.0, 593.0]",,,0.0,False,False,15,2
850,0.1151,"[-34.6, 468.8, 19.8, 582.2]",,,0.0,False,False,15,2
851,0.5616,"[1491.8, 393.5, 1545.8, 546.8]",,,0.0,False,False,21,2
851,0.559,"[1148.9, 422.6, 1170.5, 490.7]",,,0.0,False,False,21,2
851,0.5197,"[415.1, 433.4, 442.8, 514.4]",,,0.0,False,False,21,2
851,0.4964,"[531.9, 435.4, 555.5, 508.3]",,,0.0,False,False,21,2
851,0.4897,"[382.7, 477.6, 496.8, 596.4]",,,0.0,False,False,21,2
851,0.4724,"[43.0, 468.1, 161.7, 585.6]",,,0.0,False,False,21,2
851,0.4444,"[839.0, 419.5, 864.7, 499.2]",,,0.0,False,False,21,2
851,0.4231,"[797.9, 426.6, 822.2, 502.2]",191,"[797.406741904949, 425.84484298674886, 821.2612268450509, 501.87598220856364]",0.9332,True,False,21,2
851,0.3891,"[12.6, 433.0, 48.1, 539.7]",,,0.0,False,False,21,2
851,0.3815,"[1084.1, 419.5, 1108.3, 495.1]",,,0.0,False,False,21,2
851,0.3285,"[76.2, 431.0, 162.2, 580.2]",,,0.0,False,False,21,2
851,0.2849,"[1108.3, 424.2, 1125.9, 485.7]",,,0.0,False,False,21,2
851,0.2195,"[569.0, 430.7, 596.7, 507.6]",,,0.0,False,False,21,2
851,0.1903,"[372.9, 425.2, 402.0, 515.7]",,,0.0,False,False,21,2
851,0.1619,"[1273.1, 399.9, 1314.9, 543.0]",,,0.0,False,False,21,2
851,0.1477,"[356.4, 430.7, 388.8, 524.5]",,,0.0,False,False,21,2
851,0.1422,"[738.5, 425.9, 762.8, 507.6]",,,0.0,False,False,21,2
851,0.1191,"[107.2, 438.8, 166.0, 560.2]",,,0.0,False,False,21,2
851,0.1073,"[1213.0, 409.1, 1242.7, 499.5]",,,0.0,False,False,21,2
851,0.1065,"[354.0, 424.6, 381.7, 523.8]",,,0.0,False,False,21,2
851,0.1056,"[442.5, 477.9, 502.5, 577.1]",,,0.0,False,False,21,2
852,0.5676,"[1078.0, 415.8, 1109.0, 505.6]",,,0.0,False,False,18,2
852,0.5314,"[331.3, 430.3, 363.8, 532.2]",173,"[330.09234698976957, 431.12418835068564, 364.9698478344492, 534.770526004783]",0.9044,True,False,18,2
852,0.515,"[1141.4, 425.6, 1164.4, 490.4]",200,"[1119.6377410493956, 422.98516070358386, 1142.4347687162292, 494.53040326125983]",0.0214,False,False,18,2
852,0.4749,"[1117.8, 422.9, 1142.1, 494.4]",200,"[1119.6377410493956, 422.98516070358386, 1142.4347687162292, 494.53040326125983]",0.9095,True,False,18,2
852,0.4516,"[563.3, 432.3, 591.0, 510.0]",,,0.0,False,False,18,2
852,0.4397,"[407.0, 437.4, 434.7, 513.0]",,,0.0,False,False,18,2
852,0.4037,"[833.0, 423.2, 860.0, 506.3]",,,0.0,False,False,18,2
852,0.2399,"[1206.9, 411.1, 1240.7, 502.9]",,,0.0,False,False,18,2
852,0.1771,"[1176.5, 426.6, 1199.5, 494.8]",,,0.0,False,False,18,2
852,0.1679,"[1111.1, 424.2, 1135.4, 493.1]",200,"[1119.6377410493956, 422.98516070358386, 1142.4347687162292, 494.53040326125983]",0.4868,True,False,18,2
852,0.1654,"[363.5, 427.6, 396.6, 529.5]",173,"[330.09234698976957, 431.12418835068564, 364.9698478344492, 534.770526004783]",0.0213,False,False,18,2
852,0.1612,"[735.1, 428.3, 758.0, 495.8]",,,0.0,False,False,18,2
852,0.1473,"[752.6, 429.0, 775.6, 501.9]",,,0.0,False,False,18,2
852,0.1452,"[352.0, 418.8, 389.8, 537.0]",173,"[330.09234698976957, 431.12418835068564, 364.9698478344492, 534.770526004783]",0.1993,False,False,18,2
852,0.1407,"[1113.8, 417.8, 1143.5, 519.8]",200,"[1119.6377410493956, 422.98516070358386, 1142.4347687162292, 494.53040326125983]",0.5388,True,False,18,2
852,0.1365,"[3.8, 435.0, 47.9, 549.1]",,,0.0,False,False,18,2
852,0.1327,"[351.7, 432.0, 382.1, 527.2]",173,"[330.09234698976957, 431.12418835068564, 364.9698478344492, 534.770526004783]",0.2415,False,False,18,2
852,0.1017,"[1190.7, 424.6, 1215.0, 495.5]",,,0.0,False,False,18,2
853,0.5693,"[1485.0, 398.9, 1536.3, 544.7]",214,"[1490.3505309200934, 397.28562289410615, 1539.2405335330316, 544.2008273012063]",0.8358,True,False,23,4
853,0.5452,"[0.9, 437.7, 44.5, 539.0]",210,"[-23.362170250890212, 437.30679457667475, 22.72948554324861, 554.7355027866065]",0.2902,False,False,23,4
853,0.5139,"[351.7, 434.7, 381.4, 521.1]",166,"[377.2860232764035, 474.8071108342616, 480.22917447750274, 604.7572202204259]",0.012,False,False,23,4
853,0.4719,"[1210.3, 414.1, 1238.6, 492.4]",,,0.0,False,False,23,4
853,0.4621,"[381.0, 434.7, 406.7, 511.7]",166,"[377.2860232764035, 474.8071108342616, 480.22917447750274, 604.7572202204259]",0.0656,False,False,23,4
853,0.4028,"[1022.0, 423.2, 1046.2, 498.8]",,,0.0,False,False,23,4
853,0.3929,"[377.7, 484.0, 493.1, 602.8]",166,"[377.2860232764035, 474.8071108342616, 480.22917447750274, 604.7572202204259]",0.8175,True,False,23,4
853,0.3849,"[-22.0, 435.4, 21.7, 540.0]",210,"[-23.362170250890212, 437.30679457667475, 22.72948554324861, 554.7355027866065]",0.8173,True,False,23,4
853,0.3678,"[728.3, 432.0, 754.0, 515.0]",,,0.0,False,False,23,4
853,0.3516,"[371.9, 486.0, 444.2, 604.1]",166,"[377.2860232764035, 474.8071108342616, 480.22917447750274, 604.7572202204259]",0.5637,True,False,23,4
853,0.3033,"[666.2, 441.8, 685.1, 500.5]",,,0.0,False,False,23,4
853,0.2243,"[410.7, 483.3, 491.7, 598.1]",166,"[377.2860232764035, 474.8071108342616, 480.22917447750274, 604.7572202204259]",0.5425,True,False,23,4
853,0.2158,"[1089.5, 424.6, 1112.4, 502.2]",,,0.0,False,False,23,4
853,0.2144,"[367.2, 429.0, 391.5, 509.3]",166,"[377.2860232764035, 474.8071108342616, 480.22917447750274, 604.7572202204259]",0.033,False,False,23,4
853,0.1897,"[1304.8, 401.0, 1356.1, 550.1]",,,0.0,False,False,23,4
853,0.1768,"[1148.2, 428.0, 1167.1, 490.7]",,,0.0,False,False,23,4
853,0.1628,"[429.0, 483.6, 489.7, 590.3]",166,"[377.2860232764035, 474.8071108342616, 480.22917447750274, 604.7572202204259]",0.38,True,False,23,4
853,0.1602,"[743.2, 427.6, 771.5, 512.0]",212,"[757.837292560457, 434.41356200509347, 783.5654174004806, 510.00770264334403]",0.3133,True,False,23,4
853,0.1332,"[293.3, 445.5, 319.6, 519.1]",,,0.0,False,False,23,4
853,0.1323,"[92.0, 442.1, 155.9, 571.1]",,,0.0,False,False,23,4
853,0.1298,"[103.3, 420.9, 156.9, 559.2]",,,0.0,False,False,23,4
853,0.1162,"[759.4, 435.0, 783.7, 511.3]",212,"[757.837292560457, 434.41356200509347, 783.5654174004806, 510.00770264334403]",0.9137,True,False,23,4
853,0.1055,"[1838.7, 433.4, 1914.3, 696.6]",,,0.0,False,False,23,4
854,0.4168,"[1300.1, 401.0, 1356.8, 554.9]",,,0.0,False,False,20,1
854,0.4081,"[677.7, 439.8, 696.6, 499.2]",228,"[675.1962405408575, 439.0012034722786, 699.2241696153925, 507.3142262152214]",0.684,True,False,20,1
854,0.3689,"[1019.3, 425.2, 1043.6, 493.4]",,,0.0,False,False,20,1
854,0.314,"[1139.4, 427.3, 1158.3, 486.0]",,,0.0,False,False,20,1
854,0.2984,"[357.8, 428.6, 388.8, 525.8]",,,0.0,False,False,20,1
854,0.2709,"[68.6, 440.8, 149.0, 578.5]",,,0.0,False,False,20,1
854,0.266,"[368.9, 479.9, 479.6, 604.1]",,,0.0,False,False,20,1
854,0.2504,"[1143.5, 426.6, 1162.4, 486.0]",,,0.0,False,False,20,1
854,0.218,"[-22.8, 435.7, 18.1, 549.8]",,,0.0,False,False,20,1
854,0.2064,"[808.0, 430.7, 832.3, 497.5]",,,0.0,False,False,20,1
854,0.1782,"[343.6, 436.7, 371.9, 529.9]",,,0.0,False,False,20,1
854,0.1476,"[1208.9, 412.1, 1238.6, 493.1]",,,0.0,False,False,20,1
854,0.1398,"[821.5, 432.7, 841.7, 498.2]",,,0.0,False,False,20,1
854,0.1374,"[1101.6, 428.6, 1120.5, 490.1]",,,0.0,False,False,20,1
854,0.1303,"[363.2, 431.3, 394.2, 524.5]",,,0.0,False,False,20,1
854,0.1256,"[825.5, 432.0, 844.4, 498.2]",,,0.0,False,False,20,1
854,0.1098,"[426.9, 482.0, 491.1, 596.0]",,,0.0,False,False,20,1
854,0.1072,"[743.2, 430.0, 767.5, 504.2]",,,0.0,False,False,20,1
854,0.1066,"[726.3, 433.7, 747.9, 502.5]",,,0.0,False,False,20,1
854,0.1004,"[98.5, 425.9, 138.0, 524.5]",,,0.0,False,False,20,1
855,0.5132,"[756.7, 437.1, 779.6, 508.6]",212,"[753.752480558568, 437.07562306192574, 778.112753816432, 508.57965037557426]",0.8281,True,False,22,6
855,0.5054,"[1015.2, 422.2, 1042.2, 505.2]",,,0.0,False,False,22,6
855,0.5009,"[1298.7, 400.6, 1356.8, 557.9]",,,0.0,False,False,22,6
855,0.4985,"[724.3, 432.7, 745.9, 501.5]",,,0.0,False,False,22,6
855,0.4832,"[1066.5, 420.2, 1094.8, 503.2]",227,"[1068.7579205106308, 421.0288341986934, 1093.0311419893692, 495.32303347708785]",0.7662,True,False,22,6
855,0.4673,"[751.3, 434.4, 775.6, 507.9]",212,"[753.752480558568, 437.07562306192574, 778.112753816432, 508.57965037557426]",0.7797,True,False,22,6
855,0.4411,"[1132.7, 425.9, 1154.2, 489.4]",237,"[1132.5027565528578, 427.4029266357422, 1151.586354775267, 488.4229400634766]",0.8376,True,False,22,6
855,0.4264,"[1485.0, 397.6, 1533.6, 537.3]",,,0.0,False,False,22,6
855,0.4101,"[737.1, 426.6, 764.1, 508.3]",212,"[753.752480558568, 437.07562306192574, 778.112753816432, 508.57965037557426]",0.2295,False,False,22,6
855,0.4085,"[657.5, 440.8, 679.1, 499.5]",,,0.0,False,False,22,6
855,0.4015,"[515.0, 440.1, 541.4, 508.3]",238,"[514.5604884786777, 439.0873046875, 540.7047703103848, 513.4723266601562]",0.8803,True,False,22,6
855,0.386,"[1104.3, 423.2, 1130.0, 498.8]",200,"[1108.9156306838283, 424.1809469521026, 1130.0360294724214, 490.42110382914746]",0.7164,True,False,22,6
855,0.3693,"[337.2, 440.4, 365.5, 522.8]",,,0.0,False,False,22,6
855,0.3665,"[1838.7, 394.9, 1922.4, 695.9]",,,0.0,False,False,22,6
855,0.2617,"[163.4, 431.0, 190.0, 505.2]",,,0.0,False,False,22,6
855,0.2436,"[98.9, 426.6, 140.6, 532.6]",,,0.0,False,False,22,6
855,0.2044,"[820.1, 432.3, 841.7, 501.2]",,,0.0,False,False,22,6
855,0.1884,"[808.0, 430.7, 832.3, 500.2]",,,0.0,False,False,22,6
855,0.143,"[286.9, 445.5, 314.2, 519.8]",,,0.0,False,False,22,6
855,0.1341,"[96.9, 426.6, 129.9, 516.4]",,,0.0,False,False,22,6
855,0.111,"[747.2, 431.3, 771.5, 514.4]",212,"[753.752480558568, 437.07562306192574, 778.112753816432, 508.57965037557426]",0.5107,True,False,22,6
855,0.1094,"[875.5, 436.4, 897.1, 499.8]",,,0.0,False,False,22,6
856,0.5698,"[1105.0, 425.6, 1127.9, 489.0]",,,0.0,False,False,27,6
856,0.545,"[284.0, 473.9, 395.2, 602.1]",163,"[282.3595495837386, 474.0683270723334, 397.53284543579264, 605.9162920682916]",0.9361,True,False,27,6
856,0.5397,"[312.4, 430.7, 346.6, 528.5]",173,"[311.79065073674656, 432.0737056818948, 344.66912709528464, 530.7748660954489]",0.8952,True,False,27,6
856,0.5352,"[387.8, 439.1, 416.1, 516.7]",236,"[389.50547820054874, 437.2117599176763, 417.81422394788876, 515.3345657659174]",0.8526,True,False,27,6
856,0.5233,"[545.1, 432.3, 578.1, 524.1]",,,0.0,False,False,27,6
856,0.5002,"[1133.3, 425.9, 1156.3, 488.0]",,,0.0,False,False,27,6
856,0.4739,"[513.0, 439.4, 540.7, 513.0]",,,0.0,False,False,27,6
856,0.3921,"[1013.2, 422.2, 1038.8, 498.5]",,,0.0,False,False,27,6
856,0.3804,"[1841.4, 394.5, 1927.8, 697.3]",,,0.0,False,False,27,6
856,0.3352,"[743.2, 430.0, 766.1, 502.9]",,,0.0,False,False,27,6
856,0.3008,"[924.1, 435.7, 947.0, 503.2]",,,0.0,False,False,27,6
856,0.2162,"[284.5, 444.2, 318.9, 535.3]",163,"[282.3595495837386, 474.0683270723334, 397.53284543579264, 605.9162920682916]",0.1299,False,False,27,6
856,0.2029,"[1483.7, 398.9, 1532.2, 540.7]",,,0.0,False,False,27,6
856,0.202,"[725.0, 433.4, 747.9, 502.2]",,,0.0,False,False,27,6
856,0.1924,"[722.9, 435.0, 743.2, 499.2]",,,0.0,False,False,27,6
856,0.1806,"[737.8, 429.3, 763.4, 504.9]",,,0.0,False,False,27,6
856,0.1682,"[155.2, 430.0, 188.8, 511.7]",,,0.0,False,False,27,6
856,0.1661,"[1094.8, 427.6, 1116.5, 488.4]",,,0.0,False,False,27,6
856,0.1615,"[361.1, 433.0, 391.5, 521.4]",163,"[282.3595495837386, 474.0683270723334, 397.53284543579264, 605.9162920682916]",0.0876,False,False,27,6
856,0.1609,"[333.6, 435.7, 362.8, 521.4]",173,"[311.79065073674656, 432.0737056818948, 344.66912709528464, 530.7748660954489]",0.1973,False,False,27,6
856,0.1559,"[1127.2, 425.9, 1147.5, 485.3]",,,0.0,False,False,27,6
856,0.1525,"[1098.2, 428.0, 1121.2, 492.8]",,,0.0,False,False,27,6
856,0.1449,"[107.7, 461.0, 192.2, 584.6]",,,0.0019,False,False,27,6
856,0.1426,"[356.7, 479.3, 457.3, 604.1]",163,"[282.3595495837386, 474.0683270723334, 397.53284543579264, 605.9162920682916]",0.2249,False,False,27,6
856,0.1344,"[653.4, 440.1, 677.7, 502.2]",228,"[671.9979141109014, 437.376099650358, 695.625498975036, 504.9741200762045]",0.1287,False,False,27,6
856,0.1218,"[335.5, 421.2, 378.7, 537.3]",163,"[282.3595495837386, 474.0683270723334, 397.53284543579264, 605.9162920682916]",0.1564,False,False,27,6
856,0.103,"[1051.7, 436.4, 1076.0, 491.7]",,,0.0,False,False,27,6
857,0.5677,"[545.1, 435.0, 575.4, 513.3]",,,0.0,False,False,24,0
857,0.5581,"[8.0, 446.2, 138.0, 594.0]",,,0.0,False,False,24,0
857,0.5062,"[285.7, 445.8, 317.1, 531.6]",,,0.0,False,False,24,0
857,0.4863,"[1131.3, 423.2, 1155.6, 494.8]",,,0.0,False,False,24,0
857,0.4566,"[335.1, 435.4, 366.9, 532.6]",,,0.0,False,False,24,0
857,0.4431,"[720.2, 433.7, 741.8, 500.5]",,,0.0,False,False,24,0
857,0.43,"[745.9, 429.3, 770.2, 506.9]",,,0.0,False,False,24,0
857,0.3548,"[1096.9, 425.2, 1121.2, 496.8]",,,0.0,False,False,24,0
857,0.3433,"[924.8, 434.4, 947.7, 502.5]",,,0.0,False,False,24,0
857,0.3362,"[159.0, 430.3, 188.7, 514.0]",,,0.0,False,False,24,0
857,0.3078,"[1104.3, 424.2, 1127.2, 495.1]",,,0.0,False,False,24,0
857,0.2988,"[1014.5, 420.5, 1041.5, 506.9]",,,0.0,False,False,24,0
857,0.2742,"[363.8, 432.0, 392.9, 523.1]",,,0.0,False,False,24,0
857,0.2726,"[343.4, 435.4, 372.9, 526.5]",,,0.0,False,False,24,0
857,0.2332,"[757.4, 435.0, 780.3, 506.6]",,,0.0,False,False,24,0
857,0.2088,"[54.7, 441.5, 143.8, 583.9]",,,0.0,False,False,24,0
857,0.2005,"[1092.2, 423.9, 1116.5, 494.1]",,,0.0,False,False,24,0
857,0.1303,"[833.6, 420.9, 859.3, 501.2]",,,0.0,False,False,24,0
857,0.1236,"[881.6, 436.1, 904.5, 497.5]",,,0.0,False,False,24,0
857,0.1167,"[352.4, 435.0, 376.7, 517.4]",,,0.0,False,False,24,0
857,0.1152,"[103.9, 435.4, 140.0, 525.8]",,,0.0,False,False,24,0
857,0.1086,"[1108.3, 425.2, 1132.7, 497.5]",,,0.0,False,False,24,0
857,0.1011,"[776.2, 430.3, 799.2, 503.9]",,,0.0,False,False,24,0
857,0.1004,"[1053.7, 434.7, 1076.6, 496.8]",,,0.0,False,False,24,0
858,0.5649,"[-5.5, 435.7, 47.8, 581.5]",239,"[-13.536146708441983, 433.3798843742836, 40.891684122992764, 582.6113265632164]",0.7398,True,False,28,2
858,0.5546,"[749.9, 428.6, 772.9, 503.6]",,,0.0,False,False,28,2
858,0.5187,"[333.8, 436.1, 364.2, 527.9]",,,0.0,False,False,28,2
858,0.5023,"[1018.6, 421.5, 1042.9, 493.8]",,,0.0,False,False,28,2
858,0.4876,"[387.8, 436.1, 417.5, 518.4]",236,"[384.5771312942219, 435.1950602378725, 418.7860278854656, 529.7918172035338]",0.7558,True,False,28,2
858,0.4682,"[54.5, 472.5, 141.9, 586.6]",,,0.0,False,False,28,2
858,0.4269,"[286.0, 440.8, 313.4, 519.8]",,,0.0,False,False,28,2
858,0.4215,"[660.5, 439.4, 678.7, 491.4]",,,0.0,False,False,28,2
858,0.4073,"[366.9, 480.6, 476.9, 606.8]",236,"[384.5771312942219, 435.1950602378725, 418.7860278854656, 529.7918172035338]",0.109,False,False,28,2
858,0.3183,"[367.9, 427.6, 397.6, 514.0]",236,"[384.5771312942219, 435.1950602378725, 418.7860278854656, 529.7918172035338]",0.2144,False,False,28,2
858,0.2937,"[100.1, 426.6, 140.7, 529.2]",,,0.0,False,False,28,2
858,0.2923,"[724.3, 434.7, 741.8, 488.0]",,,0.0,False,False,28,2
858,0.266,"[-0.6, 436.1, 38.2, 548.1]",239,"[-13.536146708441983, 433.3798843742836, 40.891684122992764, 582.6113265632164]",0.5354,True,False,28,2
858,0.2473,"[1086.8, 426.3, 1109.7, 493.1]",,,0.0,False,False,28,2
858,0.2456,"[1094.2, 424.9, 1118.5, 495.8]",,,0.0,False,False,28,2
858,0.2399,"[419.2, 482.6, 486.7, 603.5]",,,0.0,False,False,28,2
858,0.2307,"[1263.6, 403.0, 1304.1, 538.0]",,,0.0,False,False,28,2
858,0.223,"[743.2, 428.3, 764.8, 501.2]",,,0.0,False,False,28,2
858,0.2052,"[154.5, 429.6, 189.0, 525.5]",,,0.0,False,False,28,2
858,0.2003,"[344.6, 436.1, 370.9, 521.8]",,,0.0,False,False,28,2
858,0.1805,"[161.9, 430.3, 189.7, 505.2]",,,0.0,False,False,28,2
858,0.1567,"[810.0, 429.6, 831.6, 496.5]",,,0.0,False,False,28,2
858,0.1482,"[1129.3, 423.9, 1149.5, 489.4]",,,0.0,False,False,28,2
858,0.1468,"[926.8, 435.7, 947.0, 496.5]",,,0.0,False,False,28,2
858,0.1442,"[837.7, 420.9, 860.6, 497.8]",,,0.0,False,False,28,2
858,0.1306,"[147.2, 433.4, 184.4, 533.2]",,,0.0,False,False,28,2
858,0.125,"[1319.6, 390.2, 1372.3, 558.2]",,,0.0,False,False,28,2
858,0.1136,"[887.0, 435.0, 904.5, 485.0]",,,0.0,False,False,28,2
859,0.5558,"[843.8, 420.5, 866.7, 500.2]",,,0.0,False,False,12,4
859,0.518,"[788.4, 425.6, 811.4, 497.8]",191,"[787.7654020045654, 424.57394186867504, 812.573831393872, 502.79123147116877]",0.8542,True,False,12,4
859,0.4415,"[1494.5, 395.9, 1543.1, 539.7]",,,0.0,False,False,12,4
859,0.3855,"[738.5, 424.2, 764.1, 501.9]",,,0.0,False,False,12,4
859,0.3769,"[664.2, 436.4, 682.4, 495.8]",,,0.0,False,False,12,4
859,0.3582,"[752.0, 428.3, 773.6, 501.2]",,,0.0,False,False,12,4
859,0.3104,"[1135.4, 421.2, 1155.6, 488.0]",237,"[1140.5246494766363, 420.7633527665122, 1161.8476649764887, 488.6273943038003]",0.5619,True,False,12,4
859,0.2348,"[1217.0, 403.0, 1248.1, 494.8]",,,0.0,False,False,12,4
859,0.2274,"[111.6, 427.6, 149.4, 524.8]",,,0.0,False,False,12,4
859,0.1922,"[291.4, 440.4, 315.4, 509.3]",,,0.0,False,False,12,4
859,0.1443,"[1090.8, 420.2, 1113.8, 495.8]",,,0.0,False,False,12,4
859,0.1046,"[100.9, 423.2, 134.7, 516.4]",,,0.0,False,False,12,4
860,0.5588,"[376.7, 418.8, 405.0, 506.6]",188,"[373.2805589710182, 420.0458985421259, 402.89961681023175, 508.9120482352179]",0.7976,True,False,14,5
860,0.516,"[340.4, 432.0, 368.6, 518.4]",195,"[343.0259146195053, 431.09932539125725, 374.8442636031509, 522.485940722024]",0.7029,True,False,14,5
860,0.442,"[293.6, 432.0, 325.4, 523.8]",,,0.0,False,False,14,5
860,0.3866,"[350.7, 427.6, 377.7, 513.3]",195,"[343.0259146195053, 431.09932539125725, 374.8442636031509, 522.485940722024]",0.615,True,False,14,5
860,0.3766,"[730.4, 427.3, 750.6, 486.0]",,,0.0,False,False,14,5
860,0.3546,"[550.5, 429.3, 581.5, 512.3]",183,"[551.9619189341572, 430.7508523876415, 580.1302441517803, 508.5033590381397]",0.8496,True,False,14,5
860,0.3447,"[882.2, 426.9, 903.8, 497.1]",,,0.0,False,False,14,5
860,0.2695,"[1332.5, 387.5, 1375.7, 539.3]",,,0.0,False,False,14,5
860,0.1487,"[56.9, 467.1, 147.5, 578.5]",,,0.0,False,False,14,5
860,0.1429,"[346.3, 430.0, 373.3, 514.4]",195,"[343.0259146195053, 431.09932539125725, 374.8442636031509, 522.485940722024]",0.765,True,False,14,5
860,0.1425,"[1190.7, 36.4, 1270.4, 306.5]",,,0.0,False,False,14,5
860,0.1202,"[5.2, 438.4, 70.5, 590.3]",,,0.0,False,False,14,5
860,0.115,"[98.6, 437.7, 153.9, 551.8]",,,0.0,False,False,14,5
860,0.1093,"[111.6, 431.0, 152.3, 528.2]",,,0.0,False,False,14,5
861,0.5072,"[753.3, 423.9, 776.2, 499.5]",,,0.0,False,False,18,2
861,0.4179,"[339.2, 431.7, 368.9, 520.8]",,,0.0,False,False,18,2
861,0.3503,"[1150.9, 420.9, 1171.1, 479.6]",237,"[1144.200047128646, 418.4967955726413, 1164.497706777604, 482.8043518882962]",0.4721,True,False,18,2
861,0.299,"[381.0, 419.5, 408.0, 504.6]",,,0.0,False,False,18,2
861,0.2871,"[351.3, 425.2, 380.4, 513.7]",,,0.0,False,False,18,2
861,0.2851,"[832.3, 423.9, 853.9, 494.1]",,,0.0,False,False,18,2
861,0.2641,"[1327.7, 394.2, 1370.9, 539.3]",,,0.0,False,False,18,2
861,0.2457,"[731.7, 427.6, 752.0, 487.0]",,,0.0,False,False,18,2
861,0.2377,"[1138.1, 419.5, 1159.7, 480.9]",237,"[1144.200047128646, 418.4967955726413, 1164.497706777604, 482.8043518882962]",0.5639,True,False,18,2
861,0.1999,"[882.9, 427.6, 907.2, 498.5]",,,0.0,False,False,18,2
861,0.199,"[347.3, 431.7, 374.3, 514.7]",,,0.0,False,False,18,2
861,0.182,"[296.7, 435.0, 326.7, 522.8]",,,0.0,False,False,18,2
861,0.1603,"[367.2, 480.9, 489.4, 599.1]",,,0.0,False,False,18,2
861,0.1491,"[1177.2, 424.6, 1196.1, 482.6]",,,0.0,False,False,18,2
861,0.1443,"[113.8, 429.6, 152.8, 525.5]",,,0.0,False,False,18,2
861,0.1346,"[1229.2, 402.0, 1257.5, 491.1]",202,"[1229.6211419255244, 401.006013713341, 1259.4313483088506, 493.62948433353404]",0.8877,True,False,18,2
861,0.1176,"[551.8, 429.6, 580.8, 510.6]",,,0.0,False,False,18,2
861,0.1012,"[1112.4, 421.2, 1132.7, 484.7]",,,0.0,False,False,18,2
862,0.566,"[683.8, 430.3, 705.4, 497.1]",228,"[686.0077606586166, 430.0031067085771, 707.3969024273209, 492.79498899454785]",0.7677,True,False,17,4
862,0.5483,"[343.1, 430.3, 371.9, 515.4]",,,0.0,False,False,17,4
862,0.546,"[551.8, 427.6, 581.5, 510.6]",,,0.0,False,False,17,4
862,0.5146,"[376.0, 428.3, 401.6, 505.2]",,,0.0,False,False,17,4
862,0.5011,"[855.9, 418.8, 878.9, 493.8]",186,"[853.4438154419133, 414.99425784194324, 880.932039050274, 498.47559079086926]",0.7493,True,False,17,4
862,0.4977,"[369.9, 474.2, 486.7, 599.7]",,,0.0,False,False,17,4
862,0.4032,"[1233.9, 399.6, 1260.9, 490.7]",,,0.0,False,False,17,4
862,0.373,"[668.2, 431.7, 690.5, 495.8]",228,"[686.0077606586166, 430.0031067085771, 707.3969024273209, 492.79498899454785]",0.1107,False,False,17,4
862,0.3526,"[296.8, 432.3, 324.5, 519.4]",,,0.0,False,False,17,4
862,0.3385,"[1154.2, 417.5, 1175.9, 485.0]",,,0.0,False,False,17,4
862,0.318,"[354.7, 421.5, 382.4, 509.3]",,,0.0,False,False,17,4
862,0.2738,"[765.5, 427.6, 792.5, 503.2]",212,"[766.7515407798514, 427.38739660002915, 791.9220432045236, 502.67199060700204]",0.923,True,False,17,4
862,0.2399,"[1148.9, 418.8, 1170.5, 486.3]",,,0.0,False,False,17,4
862,0.1581,"[1100.9, 419.9, 1122.5, 484.7]",,,0.0,False,False,17,4
862,0.1366,"[115.6, 424.9, 154.4, 527.5]",,,0.0,False,False,17,4
862,0.1325,"[1143.5, 419.5, 1165.1, 486.3]",,,0.0,False,False,17,4
862,0.1315,"[1111.7, 420.2, 1132.0, 483.6]",,,0.0,False,False,17,4
863,0.5548,"[374.0, 426.6, 400.3, 506.3]",,,0.0,False,False,13,0
863,0.5541,"[668.9, 432.0, 690.5, 494.1]",,,0.0,False,False,13,0
863,0.4807,"[295.5, 430.3, 324.2, 518.7]",,,0.0,False,False,13,0
863,0.4287,"[1155.6, 419.9, 1175.9, 480.6]",,,0.0,False,False,13,0
863,0.3616,"[60.7, 464.7, 147.6, 582.9]",,,0.0,False,False,13,0
863,0.2832,"[1236.6, 401.3, 1262.2, 485.7]",,,0.0,False,False,13,0
863,0.2086,"[836.3, 423.6, 856.6, 485.0]",,,0.0,False,False,13,0
863,0.1704,"[766.8, 428.3, 791.1, 501.9]",,,0.0,False,False,13,0
863,0.1703,"[80.4, 448.2, 154.8, 567.7]",,,0.0,False,False,13,0
863,0.114,"[1105.0, 421.5, 1123.9, 480.9]",,,0.0,False,False,13,0
863,0.1083,"[385.4, 417.5, 412.4, 498.5]",,,0.0,False,False,13,0
863,0.1062,"[98.7, 437.4, 154.4, 548.1]",,,0.0,False,False,13,0
863,0.1032,"[109.8, 433.4, 155.7, 537.3]",,,0.0,False,False,13,0
864,0.496,"[370.9, 424.2, 399.3, 509.3]",,,0.0,False,False,13,2
864,0.4803,"[795.8, 422.6, 818.8, 496.8]",191,"[795.795256048286, 422.3572435736919, 818.979890436089, 496.10338875052685]",0.9781,True,False,13,2
864,0.4771,"[295.1, 430.7, 323.8, 518.4]",,,0.0,False,False,13,2
864,0.4486,"[550.5, 427.3, 578.8, 505.6]",183,"[550.8797148665816, 427.67241206296404, 579.3401337662309, 506.60590824953596]",0.9501,True,False,13,2
864,0.3954,"[1154.2, 418.5, 1175.9, 487.4]",,,0.0,False,False,13,2
864,0.377,"[384.4, 417.8, 412.1, 495.5]",,,0.0,False,False,13,2
864,0.2654,"[61.2, 465.1, 146.7, 581.9]",,,0.0,False,False,13,2
864,0.2046,"[356.1, 422.9, 385.1, 514.0]",,,0.0,False,False,13,2
864,0.1967,"[836.3, 423.9, 856.6, 487.4]",,,0.0,False,False,13,2
864,0.1801,"[237.6, 718.9, 261.6, 766.1]",,,0.0,False,False,13,2
864,0.18,"[117.1, 420.5, 154.7, 523.8]",,,0.0,False,False,13,2
864,0.1374,"[767.5, 428.3, 791.8, 499.8]",,,0.0,False,False,13,2
864,0.1178,"[754.7, 422.6, 779.0, 499.5]",,,0.0,False,False,13,2
865,0.5649,"[668.2, 431.0, 689.9, 494.4]",,,0.0,False,False,18,0
865,0.5642,"[388.5, 428.6, 420.2, 513.0]",,,0.0,False,False,18,0
865,0.5257,"[295.1, 432.0, 322.5, 519.8]",,,0.0,False,False,18,0
865,0.4992,"[549.1, 427.3, 577.5, 505.6]",,,0.0,False,False,18,0
865,0.4961,"[1154.9, 420.5, 1175.2, 486.0]",,,0.0,False,False,18,0
865,0.4857,"[17.0, 464.4, 143.4, 583.2]",,,0.0,False,False,18,0
865,0.3461,"[836.3, 423.6, 856.6, 487.7]",,,0.0,False,False,18,0
865,0.2979,"[116.6, 420.5, 154.4, 521.1]",,,0.0,False,False,18,0
865,0.2789,"[758.0, 423.6, 782.3, 500.5]",,,0.0,False,False,18,0
865,0.2568,"[762.8, 426.6, 787.1, 500.2]",,,0.0,False,False,18,0
865,0.2557,"[885.6, 426.9, 907.2, 493.8]",,,0.0,False,False,18,0
865,0.2412,"[1105.7, 422.6, 1124.6, 486.7]",,,0.0,False,False,18,0
865,0.2266,"[768.2, 429.3, 791.1, 498.2]",,,0.0,False,False,18,0
865,0.1987,"[355.4, 422.2, 383.7, 518.1]",,,0.0,False,False,18,0
865,0.1742,"[752.6, 422.6, 776.9, 500.2]",,,0.0,False,False,18,0
865,0.162,"[1676.7, 361.5, 1752.3, 618.6]",,,0.0,False,False,18,0
865,0.1359,"[361.8, 419.5, 392.9, 515.4]",,,0.0,False,False,18,0
865,0.1003,"[1114.4, 420.2, 1136.0, 490.4]",,,0.0,False,False,18,0
866,0.5519,"[1032.8, 415.1, 1055.7, 491.4]",,,0.0,False,False,17,3
866,0.483,"[667.2, 431.0, 687.5, 492.4]",,,0.0,False,False,17,3
866,0.4388,"[366.2, 484.0, 486.3, 600.8]",166,"[372.0624340665902, 477.6329601857963, 478.8847094880973, 598.7352038767036]",0.8335,True,False,17,3
866,0.417,"[57.5, 462.7, 145.5, 578.8]",,,0.0,False,False,17,3
866,0.4124,"[1240.0, 401.0, 1267.0, 491.4]",202,"[1239.085097976124, 401.75158794323164, 1267.024521164501, 489.80413715442455]",0.9416,True,False,17,3
866,0.3858,"[547.8, 426.6, 576.1, 502.9]",,,0.0,False,False,17,3
866,0.3716,"[364.8, 419.5, 395.2, 514.0]",188,"[366.0076078559649, 421.2967518383692, 394.84023149950383, 508.3675548022558]",0.8746,True,False,17,3
866,0.3315,"[766.8, 429.3, 791.1, 496.8]",,,0.0,False,False,17,3
866,0.3166,"[1152.9, 418.8, 1175.9, 487.7]",,,0.0,False,False,17,3
866,0.3109,"[884.2, 426.3, 907.2, 495.8]",,,0.0,False,False,17,3
866,0.226,"[323.3, 466.4, 414.5, 600.8]",166,"[372.0624340665902, 477.6329601857963, 478.8847094880973, 598.7352038767036]",0.2561,False,False,17,3
866,0.2137,"[92.0, 437.1, 154.2, 554.5]",,,0.0,False,False,17,3
866,0.1981,"[745.2, 420.9, 769.5, 495.1]",,,0.0,False,False,17,3
866,0.1738,"[837.0, 424.2, 855.9, 481.6]",,,0.0,False,False,17,3
866,0.1738,"[108.1, 422.2, 154.3, 531.6]",,,0.0,False,False,17,3
866,0.138,"[1102.3, 421.2, 1123.9, 489.4]",,,0.0,False,False,17,3
866,0.1251,"[294.1, 429.3, 321.5, 521.1]",,,0.0,False,False,17,3
867,0.4414,"[21.3, 462.0, 135.5, 582.9]",,,0.0,False,False,12,0
867,0.424,"[763.4, 425.6, 790.4, 501.9]",,,0.0,False,False,12,0
867,0.3758,"[360.5, 470.8, 489.4, 597.7]",,,0.0,False,False,12,0
867,0.3574,"[758.0, 421.9, 785.0, 500.9]",,,0.0,False,False,12,0
867,0.2892,"[356.4, 417.2, 386.8, 510.3]",,,0.0,False,False,12,0
867,0.2466,"[1155.6, 419.2, 1177.2, 484.0]",,,0.0,False,False,12,0
867,0.2052,"[752.0, 420.5, 777.6, 500.2]",,,0.0,False,False,12,0
867,0.1783,"[836.3, 422.6, 856.6, 483.3]",,,0.0,False,False,12,0
867,0.1709,"[1682.1, 367.2, 1755.0, 571.7]",,,0.0,False,False,12,0
867,0.1685,"[1241.3, 401.6, 1269.7, 491.4]",,,0.0,False,False,12,0
867,0.1318,"[105.0, 419.5, 152.1, 530.9]",,,0.0,False,False,12,0
867,0.1113,"[746.6, 419.9, 773.6, 496.8]",,,0.0,False,False,12,0
868,0.5497,"[1032.1, 415.1, 1057.7, 494.1]",,,0.0,False,False,19,4
868,0.5368,"[765.5, 427.3, 791.1, 501.5]",,,0.0,False,False,19,4
868,0.5318,"[532.6, 428.0, 558.2, 500.9]",238,"[532.4638804183148, 428.2021638142356, 557.8329945816852, 500.41264331467073]",0.9712,True,False,19,4
868,0.5132,"[6.1, 460.7, 138.2, 583.5]",164,"[44.257553596381946, 458.2306743394314, 159.32907054912587, 577.7225727308811]",0.5792,True,False,19,4
868,0.4733,"[835.7, 421.9, 857.2, 484.7]",,,0.0,False,False,19,4
868,0.4447,"[49.6, 458.0, 158.8, 581.5]",164,"[44.257553596381946, 458.2306743394314, 159.32907054912587, 577.7225727308811]",0.9197,True,False,19,4
868,0.4443,"[757.4, 420.9, 783.0, 500.5]",,,0.0,False,False,19,4
868,0.4247,"[545.1, 425.6, 576.1, 503.9]",183,"[545.038130318908, 426.12316732838536, 573.4146284701545, 503.78943032786464]",0.905,True,False,19,4
868,0.4138,"[1124.6, 418.5, 1147.5, 488.7]",200,"[1126.5208112654866, 417.4668711986857, 1151.5856340470134, 494.67888075443926]",0.7102,True,False,19,4
868,0.3977,"[355.7, 415.5, 386.1, 508.6]",,,0.0,False,False,19,4
868,0.3859,"[745.9, 418.2, 774.2, 499.8]",,,0.0,False,False,19,4
868,0.3594,"[1152.2, 418.5, 1175.2, 485.3]",,,0.0,False,False,19,4
868,0.3537,"[1242.7, 402.0, 1273.7, 495.8]",,,0.0,False,False,19,4
868,0.2824,"[1683.5, 358.1, 1767.2, 598.4]",,,0.0,False,False,19,4
868,0.2231,"[93.5, 430.0, 155.9, 549.5]",164,"[44.257553596381946, 458.2306743394314, 159.32907054912587, 577.7225727308811]",0.3671,True,False,19,4
868,0.2158,"[913.3, 415.5, 940.3, 491.7]",,,0.0,False,False,19,4
868,0.1921,"[1304.8, 460.4, 1368.2, 565.0]",,,0.0,False,False,19,4
868,0.1519,"[359.8, 492.1, 470.5, 597.4]",,,0.0,False,False,19,4
868,0.1364,"[361.5, 418.2, 391.2, 510.0]",,,0.0,False,False,19,4
869,0.5526,"[324.7, 419.9, 354.7, 513.7]",195,"[328.4959556195893, 422.3543140704949, 357.7276771929106, 508.428889054505]",0.7332,True,False,21,4
869,0.5205,"[351.7, 410.4, 386.8, 516.4]",195,"[328.4959556195893, 422.3543140704949, 357.7276771929106, 508.428889054505]",0.0912,False,False,21,4
869,0.436,"[1152.2, 420.9, 1175.2, 490.4]",,,0.0,False,False,21,4
869,0.416,"[2.6, 420.2, 64.6, 579.5]",239,"[17.18618346539446, 423.701434239929, 65.03429840716413, 554.0801209358523]",0.6228,True,False,21,4
869,0.4136,"[763.4, 425.9, 790.4, 503.6]",,,0.0,False,False,21,4
869,0.3939,"[752.0, 421.5, 780.3, 504.6]",,,0.0,False,False,21,4
869,0.3805,"[540.7, 426.9, 569.7, 503.2]",,,0.0,False,False,21,4
869,0.3641,"[1025.3, 414.8, 1055.0, 497.8]",,,0.0,False,False,21,4
869,0.3585,"[663.2, 430.3, 688.2, 499.2]",228,"[677.8199350548928, 427.06773560104114, 701.2013051794822, 497.89741332474006]",0.2612,False,False,21,4
869,0.3399,"[533.9, 427.6, 558.9, 498.5]",,,0.0,False,False,21,4
869,0.3265,"[165.1, 418.5, 194.7, 494.1]",,,0.0,False,False,21,4
869,0.3022,"[1123.2, 419.2, 1146.2, 491.4]",,,0.0,False,False,21,4
869,0.2766,"[0.0, 460.0, 139.2, 582.2]",239,"[17.18618346539446, 423.701434239929, 65.03429840716413, 554.0801209358523]",0.2401,False,False,21,4
869,0.2691,"[881.6, 426.3, 905.9, 495.8]",240,"[884.2005017374547, 426.89956051092764, 906.4962756062953, 495.8355469109474]",0.8596,True,False,21,4
869,0.235,"[42.1, 459.3, 145.1, 580.8]",239,"[17.18618346539446, 423.701434239929, 65.03429840716413, 554.0801209358523]",0.1312,False,False,21,4
869,0.2107,"[529.5, 429.3, 554.5, 500.9]",,,0.0,False,False,21,4
869,0.2003,"[110.0, 416.1, 149.9, 519.4]",,,0.0,False,False,21,4
869,0.1842,"[98.6, 414.5, 135.0, 513.7]",,,0.0,False,False,21,4
869,0.15,"[1113.8, 422.6, 1138.1, 496.8]",,,0.0,False,False,21,4
869,0.1398,"[830.9, 422.6, 853.9, 492.1]",,,0.0,False,False,21,4
869,0.1162,"[1687.5, 365.9, 1763.1, 572.4]",,,0.0,False,False,21,4
870,0.5653,"[753.3, 420.5, 783.0, 500.2]",212,"[756.3006117081842, 421.7201264274132, 784.4413316511909, 504.96743460774303]",0.8015,True,False,20,3
870,0.5438,"[1123.2, 417.8, 1148.9, 494.1]",,,0.0,False,False,20,3
870,0.5372,"[352.0, 411.1, 386.4, 517.7]",163,"[277.05587523691304, 457.9164985865717, 395.2641931224619, 590.9818168431159]",0.1187,False,False,20,3
870,0.4972,"[278.8, 458.3, 395.6, 593.3]",163,"[277.05587523691304, 457.9164985865717, 395.2641931224619, 590.9818168431159]",0.9634,True,False,20,3
870,0.4499,"[528.2, 427.3, 555.2, 500.9]",,,0.0,False,False,20,3
870,0.4336,"[1690.2, 368.6, 1768.5, 567.0]",,,0.0,False,False,20,3
870,0.4063,"[882.2, 426.6, 905.2, 492.8]",,,0.0,False,False,20,3
870,0.3766,"[104.5, 413.1, 140.8, 517.0]",147,"[96.3586058390276, 459.3591592177578, 211.85291149495674, 574.8643515244298]",0.1394,False,False,20,3
870,0.3493,"[1349.3, 391.5, 1389.2, 532.6]",,,0.0,False,False,20,3
870,0.3361,"[935.6, 422.6, 959.9, 495.5]",,,0.0,False,False,20,3
870,0.294,"[832.3, 422.6, 853.9, 486.0]",,,0.0,False,False,20,3
870,0.2857,"[1144.1, 420.5, 1169.8, 491.4]",,,0.0,False,False,20,3
870,0.2674,"[1240.0, 402.6, 1277.8, 528.9]",,,0.0,False,False,20,3
870,0.2203,"[136.0, 459.0, 216.3, 573.1]",147,"[96.3586058390276, 459.3591592177578, 211.85291149495674, 574.8643515244298]",0.6214,True,False,20,3
870,0.2046,"[748.6, 420.9, 772.9, 496.5]",212,"[756.3006117081842, 421.7201264274132, 784.4413316511909, 504.96743460774303]",0.4212,True,False,20,3
870,0.1959,"[909.2, 417.2, 934.9, 492.1]",,,0.0,False,False,20,3
870,0.1495,"[160.7, 417.8, 191.7, 495.5]",147,"[96.3586058390276, 459.3591592177578, 211.85291149495674, 574.8643515244298]",0.0764,False,False,20,3
870,0.1405,"[745.9, 422.6, 768.8, 490.1]",212,"[756.3006117081842, 421.7201264274132, 784.4413316511909, 504.96743460774303]",0.2775,False,False,20,3
870,0.1376,"[328.7, 460.0, 463.1, 595.0]",163,"[277.05587523691304, 457.9164985865717, 395.2641931224619, 590.9818168431159]",0.3465,True,False,20,3
870,0.1158,"[1111.1, 424.2, 1134.0, 493.1]",,,0.0,False,False,20,3
871,0.5687,"[1688.9, 369.6, 1764.5, 564.6]",,,0.0,False,False,17,6
871,0.5239,"[655.4, 430.0, 678.4, 498.8]",,,0.0,False,False,17,6
871,0.5237,"[1344.6, 393.9, 1386.5, 538.3]",,,0.0,False,False,17,6
871,0.5161,"[1289.2, 398.6, 1325.7, 528.9]",229,"[1285.1231813330517, 398.4391981245052, 1326.8033323388236, 536.8223985551823]",0.8233,True,False,17,6
871,0.493,"[151.7, 457.7, 229.0, 575.1]",178,"[168.02668272753257, 447.5981745855946, 294.8034869502018, 578.9123234612804]",0.3857,True,False,17,6
871,0.4724,"[752.0, 419.9, 781.7, 501.5]",,,0.0,False,False,17,6
871,0.4274,"[346.3, 406.4, 384.1, 519.8]",185,"[374.05511161892736, 408.3816178388299, 408.2746613302914, 506.9803206377326]",0.1481,False,False,17,6
871,0.4066,"[314.7, 457.3, 404.0, 597.0]",185,"[374.05511161892736, 408.3816178388299, 408.2746613302914, 506.9803206377326]",0.1035,False,False,17,6
871,0.4017,"[376.3, 411.1, 410.7, 510.3]",185,"[374.05511161892736, 408.3816178388299, 408.2746613302914, 506.9803206377326]",0.823,True,False,17,6
871,0.2445,"[220.7, 450.2, 314.2, 583.9]",178,"[168.02668272753257, 447.5981745855946, 294.8034869502018, 578.9123234612804]",0.4861,True,False,17,6
871,0.2104,"[1094.8, 421.9, 1119.2, 495.5]",227,"[1076.0584444481776, 415.7041299656856, 1103.0963407080726, 493.44815274915817]",0.1789,False,False,17,6
871,0.2034,"[1078.7, 415.1, 1104.3, 491.4]",227,"[1076.0584444481776, 415.7041299656856, 1103.0963407080726, 493.44815274915817]",0.8381,True,False,17,6
871,0.1622,"[1148.2, 419.5, 1171.1, 489.0]",,,0.0,False,False,17,6
871,0.1414,"[534.6, 424.6, 565.7, 504.2]",183,"[534.1991923629948, 424.40991188709074, 562.983913105755, 502.037536843378]",0.8763,True,False,17,6
871,0.1359,"[97.9, 413.1, 144.8, 521.1]",,,0.0,False,False,17,6
871,0.1063,"[621.7, 294.3, 640.6, 331.8]",,,0.0,False,False,17,6
871,0.1058,"[337.8, 458.3, 464.1, 597.4]",185,"[374.05511161892736, 408.3816178388299, 408.2746613302914, 506.9803206377326]",0.0864,False,False,17,6
872,0.5602,"[1090.8, 424.2, 1112.4, 491.1]",,,0.0,False,False,19,1
872,0.5528,"[756.7, 428.3, 781.0, 499.2]",,,0.0,False,False,19,1
872,0.5453,"[874.1, 426.6, 898.4, 500.2]",240,"[873.7075356841863, 426.77457183228864, 896.7592611908136, 498.1147714294301]",0.8884,True,False,19,1
872,0.5407,"[526.8, 426.6, 557.2, 502.9]",,,0.0,False,False,19,1
872,0.5057,"[345.6, 414.8, 375.3, 505.9]",,,0.0,False,False,19,1
872,0.4931,"[1683.5, 373.3, 1761.8, 567.7]",,,0.0,False,False,19,1
872,0.4919,"[651.0, 430.0, 673.3, 493.4]",,,0.0,False,False,19,1
872,0.3866,"[95.3, 412.8, 129.9, 510.6]",,,0.0,False,False,19,1
872,0.3364,"[1182.6, 418.2, 1202.9, 480.9]",,,0.0,False,False,19,1
872,0.3008,"[347.0, 481.6, 453.6, 596.4]",,,0.0,False,False,19,1
872,0.2959,"[1148.2, 421.9, 1168.4, 491.4]",,,0.0,False,False,19,1
872,0.2801,"[739.8, 421.2, 765.5, 499.5]",,,0.0,False,False,19,1
872,0.2726,"[745.9, 423.9, 768.8, 499.5]",,,0.0,False,False,19,1
872,0.2164,"[736.4, 420.2, 760.7, 497.8]",,,0.0,False,False,19,1
872,0.1927,"[1134.7, 426.3, 1154.9, 489.0]",,,0.0,False,False,19,1
872,0.1332,"[322.8, 421.9, 348.3, 506.3]",,,0.0,False,False,19,1
872,0.1329,"[1337.2, 487.0, 1376.3, 577.5]",,,0.0,False,False,19,1
872,0.1209,"[364.5, 423.2, 390.2, 500.9]",,,0.0,False,False,19,1
872,0.1025,"[824.9, 422.9, 845.1, 483.6]",,,0.0,False,False,19,1
873,0.5588,"[751.3, 428.0, 775.6, 496.1]",,,0.0,False,False,13,0
873,0.5561,"[311.9, 418.8, 340.9, 507.3]",,,0.0,False,False,13,0
873,0.5476,"[339.5, 474.5, 454.3, 594.7]",,,0.0,False,False,13,0
873,0.5085,"[341.7, 415.8, 369.9, 503.6]",,,0.0,False,False,13,0
873,0.3882,"[358.4, 419.5, 384.1, 501.2]",,,0.0,False,False,13,0
873,0.3444,"[90.4, 413.4, 123.6, 501.9]",,,0.0,False,False,13,0
873,0.2307,"[1088.1, 424.6, 1109.7, 487.4]",,,0.0,False,False,13,0
873,0.2078,"[1144.8, 423.2, 1165.1, 483.3]",,,0.0,False,False,13,0
873,0.1961,"[804.6, 422.2, 826.2, 478.9]",,,0.0,False,False,13,0
873,0.1883,"[1680.8, 372.6, 1764.5, 568.4]",,,0.0,False,False,13,0
873,0.1586,"[731.7, 421.5, 753.3, 483.0]",,,0.0,False,False,13,0
873,0.1254,"[744.5, 426.3, 764.8, 489.0]",,,0.0,False,False,13,0
873,0.1217,"[78.7, 408.7, 111.0, 494.4]",,,0.0,False,False,13,0
874,0.527,"[1875.2, 366.9, 1991.3, 741.2]",216,"[1880.4677853650096, 358.3799879385268, 2007.1613650256154, 753.5404222177232]",0.7966,True,False,16,3
874,0.4639,"[84.1, 407.7, 117.5, 498.8]",,,0.0,False,False,16,3
874,0.4625,"[866.0, 420.9, 890.3, 496.5]",,,0.0,False,False,16,3
874,0.4525,"[515.4, 420.2, 547.8, 497.8]",238,"[516.0909189025391, 420.9156298863761, 544.2199941833983, 498.6441845667489]",0.8521,True,False,16,3
874,0.4454,"[329.2, 466.1, 455.6, 594.3]",,,0.0,False,False,16,3
874,0.4414,"[347.3, 408.0, 375.6, 505.2]",,,0.0,False,False,16,3
874,0.403,"[1679.4, 369.2, 1763.1, 569.0]",,,0.0,False,False,16,3
874,0.3975,"[860.6, 418.5, 883.6, 492.1]",,,0.0,False,False,16,3
874,0.3805,"[746.6, 420.5, 773.6, 498.2]",,,0.0,False,False,16,3
874,0.3682,"[734.4, 416.5, 761.4, 498.2]",,,0.0,False,False,16,3
874,0.3485,"[1138.1, 418.8, 1158.3, 486.3]",,,0.0,False,False,16,3
874,0.3437,"[1068.5, 414.1, 1090.1, 483.0]",227,"[1067.359102631682, 414.1369984864041, 1091.7605262745678, 484.1259409667209]",0.8702,True,False,16,3
874,0.3276,"[640.9, 425.9, 662.5, 490.7]",,,0.0,False,False,16,3
874,0.261,"[1083.4, 420.9, 1105.0, 481.6]",227,"[1067.359102631682, 414.1369984864041, 1091.7605262745678, 484.1259409667209]",0.2029,False,False,16,3
874,0.2603,"[1127.9, 418.5, 1146.8, 484.0]",,,0.0,False,False,16,3
874,0.2464,"[1015.2, 413.1, 1039.5, 488.7]",,,0.0,False,False,16,3
875,0.4842,"[722.2, 410.7, 749.2, 494.4]",,,0.0,False,False,9,0
875,0.4833,"[637.2, 424.2, 658.8, 491.1]",,,0.0,False,False,9,0
875,0.4269,"[1135.4, 418.2, 1155.6, 485.0]",,,0.0,False,False,9,0
875,0.4249,"[862.0, 418.8, 886.3, 492.4]",,,0.0,False,False,9,0
875,0.3795,"[324.0, 469.1, 447.5, 589.3]",,,0.0,False,False,9,0
875,0.363,"[74.2, 411.4, 112.1, 508.6]",,,0.0,False,False,9,0
875,0.3195,"[1080.7, 418.2, 1102.3, 480.3]",,,0.0,False,False,9,0
875,0.1954,"[342.7, 405.3, 367.9, 488.4]",,,0.0,False,False,9,0
875,0.1322,"[739.8, 419.5, 766.8, 493.8]",,,0.0,False,False,9,0
876,0.556,"[-3.1, 441.5, 97.7, 556.2]",164,"[-14.295655968709767, 441.89936265294034, 93.80210280708867, 554.3956812923722]",0.8497,True,False,19,4
876,0.5133,"[1132.7, 416.1, 1155.6, 489.0]",,,0.0,False,False,19,4
876,0.4951,"[720.9, 409.7, 746.6, 493.4]",,,0.0,False,False,19,4
876,0.4729,"[239.8, 450.2, 359.1, 584.6]",163,"[241.2654316279747, 448.9090397260901, 362.8698222782753, 584.3564632035973]",0.9469,True,False,19,4
876,0.4548,"[506.6, 415.8, 534.9, 492.8]",,,0.0,False,False,19,4
876,0.4006,"[860.0, 416.5, 881.6, 486.0]",,,0.0,False,False,19,4
876,0.3386,"[319.4, 405.7, 349.3, 499.5]",188,"[319.1151599023227, 405.3339115505416, 347.160169687521, 491.6396602268021]",0.8389,True,False,19,4
876,0.2568,"[71.0, 404.3, 104.5, 488.7]",164,"[-14.295655968709767, 441.89936265294034, 93.80210280708867, 554.3956812923722]",0.0765,False,False,19,4
876,0.2539,"[334.3, 402.6, 363.5, 498.5]",188,"[319.1151599023227, 405.3339115505416, 347.160169687521, 491.6396602268021]",0.2703,False,False,19,4
876,0.1678,"[653.4, 419.9, 675.7, 490.7]",,,0.0,False,False,19,4
876,0.1591,"[888.3, 412.1, 915.3, 485.0]",,,0.0,False,False,19,4
876,0.1556,"[704.7, 415.5, 725.0, 479.6]",,,0.0,False,False,19,4
876,0.1356,"[1078.0, 416.5, 1099.6, 478.6]",,,0.0,False,False,19,4
876,0.13,"[874.1, 421.9, 891.7, 479.9]",,,0.0,False,False,19,4
876,0.1239,"[1740.2, 397.9, 1780.7, 547.1]",,,0.0,False,False,19,4
876,0.119,"[471.8, 420.2, 494.1, 489.0]",,,0.0,False,False,19,4
876,0.1164,"[630.5, 418.8, 654.8, 488.4]",,,0.0,False,False,19,4
876,0.1072,"[300.2, 409.7, 327.9, 497.5]",188,"[319.1151599023227, 405.3339115505416, 347.160169687521, 491.6396602268021]",0.1738,False,False,19,4
876,0.1071,"[1122.5, 414.5, 1142.8, 480.6]",,,0.0,False,False,19,4
877,0.5444,"[-6.3, 439.1, 89.9, 563.3]",239,"[-11.443195708107215, 400.8112526420592, 29.655672438453895, 516.7602195259095]",0.2006,False,False,18,3
877,0.5442,"[233.6, 446.5, 355.1, 584.9]",178,"[127.96795186874542, 435.9539360946174, 260.54886331680143, 568.8469061905388]",0.1061,False,False,18,3
877,0.5383,"[698.0, 413.4, 716.9, 470.1]",,,0.0,False,False,18,3
877,0.4927,"[623.4, 417.2, 647.7, 484.7]",,,0.0,False,False,18,3
877,0.4756,"[-12.1, 401.0, 29.1, 517.7]",239,"[-11.443195708107215, 400.8112526420592, 29.655672438453895, 516.7602195259095]",0.9617,True,False,18,3
877,0.4638,"[736.4, 415.1, 759.4, 484.7]",,,0.0,False,False,18,3
877,0.3905,"[127.6, 432.7, 264.9, 569.7]",178,"[127.96795186874542, 435.9539360946174, 260.54886331680143, 568.8469061905388]",0.9361,True,False,18,3
877,0.3516,"[318.6, 401.0, 344.2, 486.7]",,,0.0,False,False,18,3
877,0.3051,"[905.2, 412.1, 933.5, 495.1]",,,0.0,False,False,18,3
877,0.294,"[718.9, 409.1, 744.5, 485.3]",,,0.0,False,False,18,3
877,0.2815,"[1676.7, 378.3, 1741.5, 564.6]",,,0.0,False,False,18,3
877,0.2745,"[1116.5, 413.8, 1135.4, 474.5]",,,0.0,False,False,18,3
877,0.2716,"[801.9, 409.7, 824.9, 480.6]",,,0.0,False,False,18,3
877,0.2628,"[279.5, 835.7, 423.2, 1054.3]",,,0.0,False,False,18,3
877,0.2106,"[64.6, 401.0, 95.9, 477.9]",,,0.0,False,False,18,3
877,0.2065,"[1128.6, 416.5, 1148.9, 476.6]",,,0.0,False,False,18,3
877,0.2065,"[1871.1, 376.7, 2022.3, 750.6]",216,"[1887.391014688282, 365.1204311708932, 2013.865332967968, 746.7029330869193]",0.8069,True,False,18,3
877,0.1709,"[883.6, 406.4, 910.6, 485.3]",,,0.0,False,False,18,3
878,0.5251,"[1435.1, 398.9, 1481.0, 533.9]",209,"[1434.2129939489596, 395.66323829989767, 1482.5108830041652, 538.7992250790086]",0.8963,True,False,15,1
878,0.5044,"[-15.5, 396.2, 25.3, 512.3]",,,0.0,False,False,15,1
878,0.4886,"[716.9, 406.0, 742.5, 485.7]",,,0.0,False,False,15,1
878,0.4467,"[1125.2, 411.4, 1146.8, 479.6]",,,0.0,False,False,15,1
878,0.3623,"[1070.6, 411.8, 1090.8, 473.9]",,,0.0,False,False,15,1
878,0.3601,"[879.5, 402.6, 906.5, 481.6]",,,0.0,False,False,15,1
878,0.3261,"[698.0, 406.4, 718.2, 470.5]",,,0.0,False,False,15,1
878,0.3135,"[226.5, 445.8, 351.3, 578.1]",,,0.0,False,False,15,1
878,0.2053,"[58.6, 398.6, 93.1, 493.8]",,,0.0,False,False,15,1
878,0.196,"[462.4, 410.4, 487.4, 486.0]",,,0.0,False,False,15,1
878,0.1844,"[1872.5, 377.3, 2039.9, 744.5]",,,0.0,False,False,15,1
878,0.1502,"[308.3, 401.0, 335.6, 485.3]",,,0.0,False,False,15,1
878,0.1354,"[621.0, 414.8, 642.6, 481.6]",,,0.0,False,False,15,1
878,0.123,"[905.2, 413.1, 929.5, 486.7]",,,0.0,False,False,15,1
878,0.1219,"[119.5, 431.3, 260.6, 563.6]",,,0.0,False,False,15,1
879,0.5124,"[1319.0, 378.0, 1360.8, 525.2]",242,"[1318.4653193775855, 378.90688020731193, 1362.3623173411647, 526.3701583669069]",0.94,True,False,15,3
879,0.5006,"[-17.8, 397.9, 19.1, 491.7]",,,0.0,False,False,15,3
879,0.4565,"[296.3, 399.3, 324.0, 480.9]",,,0.0,False,False,15,3
879,0.456,"[1049.0, 402.3, 1073.2, 473.2]",227,"[1047.5148173105008, 401.1264615399664, 1071.8516377676244, 471.18921228815867]",0.8529,True,False,15,3
879,0.4557,"[1121.9, 407.0, 1143.5, 473.2]",,,0.0,False,False,15,3
879,0.4095,"[727.0, 408.4, 752.6, 484.0]",212,"[721.3807850646539, 402.586626574887, 748.1801280212835, 482.1727118040193]",0.6242,True,False,15,3
879,0.3867,"[717.5, 406.0, 740.5, 476.2]",212,"[721.3807850646539, 402.586626574887, 748.1801280212835, 482.1727118040193]",0.5577,True,False,15,3
879,0.3827,"[1065.8, 410.4, 1087.4, 475.2]",227,"[1047.5148173105008, 401.1264615399664, 1071.8516377676244, 471.18921228815867]",0.1338,False,False,15,3
879,0.3526,"[52.8, 391.8, 86.7, 472.2]",,,0.0,False,False,15,3
879,0.2712,"[1841.4, 430.3, 1906.2, 550.5]",,,0.0,False,False,15,3
879,0.2611,"[615.9, 410.7, 637.5, 473.5]",,,0.0,False,False,15,3
879,0.2483,"[1873.8, 347.0, 2062.8, 741.8]",,,0.0,False,False,15,3
879,0.176,"[695.2, 404.7, 716.9, 471.5]",,,0.0,False,False,15,3
879,0.1685,"[1155.6, 397.6, 1178.6, 465.8]",,,0.0,False,False,15,3
879,0.1074,"[151.4, 430.7, 254.3, 565.0]",,,0.0,False,False,15,3
880,0.508,"[45.9, 391.2, 74.3, 460.0]",,,0.0,False,False,16,2
880,0.481,"[1670.0, 368.2, 1729.4, 545.1]",,,0.0,False,False,16,2
880,0.4796,"[625.7, 405.7, 646.7, 468.5]",228,"[624.6186565027166, 404.7966357066028, 648.8326374425959, 475.8384961293347]",0.7636,True,False,16,2
880,0.4784,"[693.2, 399.6, 714.8, 468.5]",,,0.0,False,False,16,2
880,0.4411,"[722.9, 406.4, 745.9, 477.9]",,,0.0,False,False,16,2
880,0.3932,"[1313.6, 377.3, 1355.4, 521.1]",,,0.0,False,False,16,2
880,0.3703,"[714.2, 403.0, 743.9, 480.6]",,,0.0,False,False,16,2
880,0.3276,"[1314.2, 525.8, 1329.1, 563.0]",,,0.0,False,False,16,2
880,0.2602,"[284.3, 395.6, 311.3, 481.3]",166,"[297.68515748508963, 448.43975877859236, 413.0431750344417, 577.0005488385953]",0.0269,False,False,16,2
880,0.2082,"[294.6, 444.2, 418.8, 575.8]",166,"[297.68515748508963, 448.43975877859236, 413.0431750344417, 577.0005488385953]",0.8908,True,False,16,2
880,0.2045,"[769.5, 401.6, 792.5, 466.4]",,,0.0,False,False,16,2
880,0.1799,"[1877.9, 360.8, 2053.4, 743.9]",,,0.0,False,False,16,2
880,0.1714,"[712.8, 402.6, 735.8, 474.2]",,,0.0,False,False,16,2
880,0.1571,"[265.8, 393.9, 294.5, 488.4]",,,0.0,False,False,16,2
880,0.1213,"[1115.8, 404.7, 1136.0, 470.1]",,,0.0,False,False,16,2
880,0.1015,"[1656.5, 210.8, 1737.5, 309.0]",,,0.0,False,False,16,2
881,0.5556,"[1307.5, 374.3, 1349.3, 521.4]",,,0.0,False,False,16,1
881,0.524,"[764.8, 399.6, 787.7, 457.7]",,,0.0,False,False,16,1
881,0.5216,"[712.8, 397.9, 738.5, 473.5]",,,0.0,False,False,16,1
881,0.5034,"[1055.7, 401.6, 1078.7, 466.4]",,,0.0,False,False,16,1
881,0.4469,"[280.0, 390.8, 309.3, 475.2]",188,"[281.403633246376, 389.33560041331344, 309.191093316124, 474.38412614918656]",0.9218,True,False,16,1
881,0.4241,"[1317.6, 381.7, 1360.8, 519.4]",,,0.0,False,False,16,1
881,0.3861,"[1310.9, 525.8, 1323.0, 558.2]",,,0.0,False,False,16,1
881,0.3204,"[1274.4, 483.0, 1309.5, 529.5]",,,0.0,False,False,16,1
881,0.3022,"[38.3, 386.1, 71.4, 469.1]",,,0.0,False,False,16,1
881,0.2621,"[706.7, 397.9, 728.3, 463.4]",,,0.0,False,False,16,1
881,0.2468,"[676.0, 399.3, 695.9, 464.1]",,,0.0,False,False,16,1
881,0.2172,"[604.1, 404.3, 625.7, 466.4]",,,0.0,False,False,16,1
881,0.1855,"[1871.1, 367.5, 2060.1, 743.9]",,,0.0,False,False,16,1
881,0.1453,"[1668.6, 364.2, 1725.3, 543.0]",,,0.0,False,False,16,1
881,0.124,"[695.2, 395.6, 716.9, 465.8]",,,0.0,False,False,16,1
881,0.123,"[784.4, 400.3, 803.2, 458.3]",,,0.0,False,False,16,1
882,0.5577,"[1107.0, 400.6, 1125.9, 459.3]",,,0.0,False,False,23,2
882,0.5005,"[194.7, 428.3, 325.7, 565.3]",163,"[199.56320819431417, 428.2521885514418, 324.39467754787336, 567.215767991527]",0.9406,True,False,23,2
882,0.4804,"[1325.7, 386.4, 1362.2, 514.0]",,,0.0,False,False,23,2
882,0.4783,"[703.4, 395.6, 727.7, 469.1]",,,0.0,False,False,23,2
882,0.4575,"[270.0, 387.8, 300.7, 478.2]",163,"[199.56320819431417, 428.2521885514418, 324.39467754787336, 567.215767991527]",0.0826,False,False,23,2
882,0.4461,"[713.5, 399.6, 736.4, 468.5]",,,0.0,False,False,23,2
882,0.4256,"[1050.3, 395.9, 1071.9, 460.0]",,,0.0,False,False,23,2
882,0.3984,"[601.1, 400.6, 620.0, 459.3]",,,0.0,False,False,23,2
882,0.3361,"[299.9, 381.0, 329.6, 478.2]",166,"[277.28838197131034, 439.93049340252065, 396.65119322400216, 569.961535406073]",0.0659,False,False,23,2
882,0.2753,"[1094.8, 399.6, 1113.8, 461.0]",,,0.0,False,False,23,2
882,0.2494,"[1660.5, 361.8, 1725.3, 539.3]",,,0.0,False,False,23,2
882,0.2163,"[1871.1, 381.4, 2049.3, 737.8]",,,0.0,False,False,23,2
882,0.2107,"[248.4, 385.8, 280.8, 485.7]",163,"[199.56320819431417, 428.2521885514418, 324.39467754787336, 567.215767991527]",0.0993,False,False,23,2
882,0.1793,"[758.0, 397.6, 778.3, 457.0]",,,0.0,False,False,23,2
882,0.1726,"[674.7, 399.9, 693.2, 459.3]",,,0.0,False,False,23,2
882,0.1718,"[693.2, 395.6, 718.9, 471.8]",,,0.0,False,False,23,2
882,0.1691,"[1715.9, 378.0, 1769.9, 533.9]",,,0.0,False,False,23,2
882,0.1598,"[1101.6, 399.6, 1121.9, 459.0]",,,0.0,False,False,23,2
882,0.1412,"[689.9, 394.2, 712.8, 464.4]",,,0.0,False,False,23,2
882,0.1232,"[266.8, 442.5, 408.4, 570.7]",166,"[277.28838197131034, 439.93049340252065, 396.65119322400216, 569.961535406073]",0.8244,True,False,23,2
882,0.1149,"[1753.7, 360.5, 1805.0, 529.2]",,,0.0,False,False,23,2
882,0.1097,"[781.7, 397.9, 799.2, 449.2]",,,0.0,False,False,23,2
882,0.103,"[680.4, 395.6, 702.0, 459.7]",,,0.0,False,False,23,2
883,0.5411,"[233.0, 385.4, 264.4, 483.3]",195,"[233.863394065855, 384.3900573730988, 268.2296540298481, 486.24653930658866]",0.8356,True,False,14,1
883,0.5116,"[1103.6, 396.2, 1123.9, 459.0]",,,0.0,False,False,14,1
883,0.5074,"[708.1, 394.2, 732.4, 469.1]",,,0.0,False,False,14,1
883,0.4568,"[1320.3, 383.4, 1359.5, 513.0]",,,0.0,False,False,14,1
883,0.372,"[1649.7, 357.4, 1722.6, 543.7]",,,0.0,False,False,14,1
883,0.3124,"[697.3, 391.2, 717.5, 458.7]",,,0.0,False,False,14,1
883,0.2784,"[238.6, 385.4, 274.4, 485.3]",195,"[233.863394065855, 384.3900573730988, 268.2296540298481, 486.24653930658866]",0.7189,True,False,14,1
883,0.2623,"[1047.6, 397.9, 1069.2, 460.0]",,,0.0,False,False,14,1
883,0.2462,"[593.3, 398.6, 615.6, 460.7]",,,0.0,False,False,14,1
883,0.2446,"[270.3, 439.4, 402.0, 570.4]",,,0.0,False,False,14,1
883,0.1265,"[1112.4, 394.5, 1132.7, 459.3]",,,0.0,False,False,14,1
883,0.1111,"[287.6, 380.0, 315.6, 470.5]",,,0.0,False,False,14,1
883,0.1067,"[1089.5, 397.6, 1108.3, 462.4]",,,0.0,False,False,14,1
883,0.1063,"[668.2, 394.9, 687.8, 456.3]",,,0.0,False,False,14,1
884,0.5617,"[254.5, 383.4, 283.5, 469.8]",,,0.0,False,False,12,2
884,0.5615,"[222.6, 384.4, 255.0, 487.0]",,,0.0,False,False,12,2
884,0.5564,"[1100.9, 395.6, 1119.8, 457.7]",,,0.0,False,False,12,2
884,0.4821,"[1263.6, 475.5, 1298.7, 527.5]",,,0.0,False,False,12,2
884,0.4514,"[465.1, 391.5, 489.4, 467.8]",,,0.0,False,False,12,2
884,0.3963,"[283.3, 385.1, 307.6, 462.0]",,,0.0,False,False,12,2
884,0.3922,"[1815.8, 419.2, 1880.6, 509.0]",,,0.0,False,False,12,2
884,0.3706,"[1041.5, 396.6, 1064.5, 464.7]",,,0.0,False,False,12,2
884,0.2858,"[16.5, 377.3, 46.9, 458.3]",,,0.0,False,False,12,2
884,0.1446,"[747.9, 392.5, 768.2, 458.0]",,,0.0,False,False,12,2
884,0.1323,"[264.3, 438.8, 396.9, 569.7]",,,0.0,False,False,12,2
884,0.1165,"[1086.8, 395.2, 1104.3, 457.3]",,,0.0,False,False,12,2
885,0.4423,"[1096.2, 392.9, 1115.1, 459.0]",,,0.0,False,False,10,1
885,0.3818,"[744.5, 389.8, 766.1, 452.6]",,,0.0,False,False,10,1
885,0.3812,"[-39.8, 415.8, 25.6, 542.0]",164,"[-54.72895989848213, 414.9621654624051, 43.65185151530342, 544.2535938149385]",0.6493,True,False,10,1
885,0.3343,"[1318.3, 494.8, 1349.3, 570.4]",,,0.0,False,False,10,1
885,0.3006,"[8.9, 377.3, 38.6, 459.0]",164,"[-54.72895989848213, 414.9621654624051, 43.65185151530342, 544.2535938149385]",0.0947,False,False,10,1
885,0.2389,"[263.2, 442.8, 388.1, 567.7]",,,0.0,False,False,10,1
885,0.1994,"[1810.4, 417.8, 1877.9, 509.0]",,,0.0,False,False,10,1
885,0.1579,"[764.8, 390.8, 785.0, 449.6]",,,0.0,False,False,10,1
885,0.1463,"[583.2, 395.6, 606.2, 460.4]",,,0.0,False,False,10,1
885,0.1111,"[1622.7, 811.4, 1911.6, 1098.9]",,,0.0,False,False,10,1
886,0.5625,"[96.2, 412.8, 200.1, 552.5]",,,0.0,False,False,11,3
886,0.5529,"[963.2, 386.4, 990.2, 464.1]",,,0.0,False,False,11,3
886,0.5282,"[310.7, 376.7, 342.1, 469.1]",185,"[309.00822506488436, 375.5415369944628, 340.83296145855314, 467.4936802906935]",0.8872,True,False,11,3
886,0.4847,"[691.9, 391.5, 717.5, 471.8]",212,"[693.8435935587324, 396.0625768436375, 719.1457863240802, 471.6473840938625]",0.82,True,False,11,3
886,0.473,"[1033.4, 393.9, 1057.7, 464.1]",,,0.0,False,False,11,3
886,0.4579,"[1090.1, 394.2, 1110.4, 457.0]",,,0.0,False,False,11,3
886,0.2575,"[237.4, 378.7, 270.5, 476.6]",188,"[241.6530669925633, 381.00404292113114, 269.7679535152492, 466.05406254761886]",0.7387,True,False,11,3
886,0.2464,"[249.6, 454.6, 370.6, 567.3]",185,"[309.00822506488436, 375.5415369944628, 340.83296145855314, 467.4936802906935]",0.0254,False,False,11,3
886,0.1655,"[268.5, 383.4, 295.8, 467.8]",188,"[241.6530669925633, 381.00404292113114, 269.7679535152492, 466.05406254761886]",0.0232,False,False,11,3
886,0.1337,"[2.0, 376.3, 36.7, 478.9]",,,0.0,False,False,11,3
886,0.1127,"[1607.9, 383.4, 1653.8, 523.1]",,,0.0,False,False,11,3
887,0.5658,"[233.6, 379.7, 262.6, 467.4]",,,0.0,False,False,9,0
887,0.5247,"[1030.7, 394.5, 1053.7, 461.4]",,,0.0,False,False,9,0
887,0.4463,"[262.6, 386.8, 287.6, 461.7]",,,0.0,False,False,9,0
887,0.3937,"[683.8, 390.2, 708.1, 469.8]",,,0.0,False,False,9,0
887,0.3481,"[-9.5, 371.9, 28.0, 484.0]",,,0.0,False,False,9,0
887,0.2216,"[1087.4, 391.8, 1106.3, 452.6]",,,0.0,False,False,9,0
887,0.1883,"[680.1, 389.1, 703.4, 468.8]",,,0.0,False,False,9,0
887,0.1228,"[808.7, 393.9, 827.6, 451.2]",,,0.0,False,False,9,0
887,0.1209,"[1327.7, 375.6, 1370.9, 515.4]",,,0.0,False,False,9,0
888,0.5639,"[1405.4, 380.4, 1440.5, 485.0]",209,"[1397.9339885710008, 375.260742292607, 1444.382661819624, 512.5480955980179]",0.5759,True,False,15,6
888,0.5491,"[684.5, 392.2, 710.1, 471.2]",212,"[684.6026431831891, 392.7909728833747, 710.4149349418108, 470.7430236986566]",0.9694,True,False,15,6
888,0.5472,"[192.5, 385.1, 224.3, 484.3]",195,"[191.77225772360646, 383.53469945147003, 227.06633480569045, 488.98232935712366]",0.8458,True,False,15,6
888,0.5455,"[1621.4, 343.4, 1707.8, 537.3]",249,"[1622.9417617462766, 347.16579284667966, 1709.5579941130986, 537.380776977539]",0.9428,True,False,15,6
888,0.3975,"[206.0, 380.7, 241.1, 478.6]",195,"[191.77225772360646, 383.53469945147003, 227.06633480569045, 488.98232935712366]",0.3873,True,False,15,6
888,0.3861,"[1734.8, 347.0, 1796.9, 541.4]",,,0.0,False,False,15,6
888,0.3375,"[154.8, 423.9, 289.2, 569.0]",163,"[155.60679941399684, 424.1395482212151, 286.1576964356126, 566.9526758998786]",0.9558,True,False,15,6
888,0.3096,"[226.6, 380.0, 257.3, 469.1]",163,"[155.60679941399684, 424.1395482212151, 286.1576964356126, 566.9526758998786]",0.0691,False,False,15,6
888,0.2805,"[806.0, 394.2, 823.5, 448.2]",,,0.0,False,False,15,6
888,0.2713,"[675.0, 389.8, 699.3, 470.8]",212,"[684.6026431831891, 392.7909728833747, 710.4149349418108, 470.7430236986566]",0.4042,True,False,15,6
888,0.2073,"[-38.7, 384.1, 26.5, 542.7]",,,0.0,False,False,15,6
888,0.1419,"[1644.3, 127.7, 1665.9, 182.4]",,,0.0,False,False,15,6
888,0.1314,"[257.0, 388.1, 284.0, 463.1]",163,"[155.60679941399684, 424.1395482212151, 286.1576964356126, 566.9526758998786]",0.0536,False,False,15,6
888,0.1296,"[808.7, 388.5, 828.9, 459.3]",,,0.0,False,False,15,6
888,0.1162,"[-20.7, 379.4, 25.8, 511.7]",,,0.0,False,False,15,6
889,0.5534,"[1322.3, 374.6, 1368.2, 510.3]",,,0.0,False,False,19,9
889,0.5492,"[811.4, 381.0, 837.0, 460.0]",186,"[812.1857246604995, 379.72256263917654, 835.4375663551255, 456.56497398191715]",0.854,True,False,19,9
889,0.5088,"[89.3, 409.7, 175.2, 554.9]",178,"[30.184598721994476, 408.4804185898451, 176.57956143425554, 552.5113416640611]",0.5762,True,False,19,9
889,0.5029,"[1208.2, 365.2, 1254.2, 524.5]",229,"[1211.0348639155416, 364.6916196729325, 1253.8870110844584, 510.10537739738004]",0.847,True,False,19,9
889,0.4978,"[677.0, 386.1, 708.1, 473.2]",250,"[654.7814814336681, 381.8066345214844, 681.0847295038319, 470.3666442871094]",0.0729,False,False,19,9
889,0.4924,"[430.3, 386.8, 458.0, 469.1]",183,"[429.86285378922014, 385.3248916396335, 458.7135011912486, 466.6613754502102]",0.9155,True,False,19,9
889,0.4923,"[952.4, 384.1, 979.4, 464.4]",,,0.0,False,False,19,9
889,0.4172,"[189.7, 380.0, 227.5, 486.7]",,,0.0,False,False,19,9
889,0.3766,"[1710.5, 345.3, 1802.2, 535.6]",,,0.0,False,False,19,9
889,0.3761,"[147.8, 416.5, 281.8, 567.0]",178,"[30.184598721994476, 408.4804185898451, 176.57956143425554, 552.5113416640611]",0.1048,False,False,19,9
889,0.3735,"[300.7, 374.6, 332.8, 466.4]",185,"[300.0870133667955, 372.8549976356613, 332.2904280394546, 466.0961742393388]",0.9447,True,False,19,9
889,0.3699,"[271.2, 372.9, 308.0, 470.8]",243,"[274.5382621845987, 372.0935792341129, 305.81043166305756, 469.8992186174496]",0.836,True,False,19,9
889,0.3617,"[40.0, 409.4, 170.9, 555.2]",178,"[30.184598721994476, 408.4804185898451, 176.57956143425554, 552.5113416640611]",0.8741,True,False,19,9
889,0.3189,"[1624.1, 343.4, 1705.1, 525.2]",,,0.0,False,False,19,9
889,0.2879,"[652.7, 383.7, 682.4, 470.8]",250,"[654.7814814336681, 381.8066345214844, 681.0847295038319, 470.3666442871094]",0.8641,True,False,19,9
889,0.271,"[1404.0, 381.4, 1439.1, 475.2]",,,0.0,False,False,19,9
889,0.2552,"[1022.0, 387.8, 1047.6, 461.4]",,,0.0,False,False,19,9
889,0.1275,"[216.8, 376.0, 250.3, 473.9]",,,0.0,False,False,19,9
889,0.1084,"[1077.3, 387.5, 1098.9, 455.0]",237,"[1081.006024066266, 389.0372372191534, 1101.5786927306087, 454.55327791756537]",0.7177,True,False,19,9
890,0.4976,"[1047.6, 383.4, 1073.2, 460.4]",200,"[1048.460346216362, 384.7818618117855, 1071.195415502388, 455.9043564499332]",0.8192,True,False,13,4
890,0.4948,"[577.1, 387.5, 602.1, 458.3]",228,"[578.639150179753, 389.34498904317076, 600.8973488436847, 455.86405636698555]",0.8364,True,False,13,4
890,0.4693,"[673.3, 384.8, 704.0, 470.5]",,,0.0,False,False,13,4
890,0.4453,"[1377.7, 371.2, 1431.0, 515.0]",193,"[1371.975414287962, 367.0742820720891, 1424.831714618288, 521.0919776935359]",0.751,True,False,13,4
890,0.4427,"[1088.8, 381.4, 1114.4, 461.0]",79,"[1090.5604285668503, 383.6056978104957, 1113.9537315893995, 458.7905424238793]",0.8609,True,False,13,4
890,0.4229,"[650.7, 381.7, 679.7, 464.7]",,,0.0,False,False,13,4
890,0.4078,"[1019.9, 382.7, 1044.2, 466.4]",,,0.0,False,False,13,4
890,0.3366,"[298.9, 371.9, 330.9, 466.4]",,,0.0,False,False,13,4
890,0.2508,"[181.6, 377.0, 219.0, 480.9]",,,0.0,False,False,13,4
890,0.2259,"[810.0, 379.0, 837.0, 466.1]",,,0.0,False,False,13,4
890,0.2096,"[269.5, 371.9, 304.9, 469.8]",,,0.0,False,False,13,4
890,0.1666,"[1076.0, 385.1, 1100.2, 456.6]",79,"[1090.5604285668503, 383.6056978104957, 1113.9537315893995, 458.7905424238793]",0.2472,False,False,13,4
890,0.1254,"[209.4, 376.3, 246.9, 470.1]",,,0.0,False,False,13,4
891,0.5404,"[174.8, 376.7, 215.3, 485.3]",163,"[139.10212371081644, 418.8143449048736, 273.68211701183975, 566.2653059740326]",0.125,False,False,11,1
891,0.5351,"[239.8, 381.7, 269.2, 464.1]",163,"[139.10212371081644, 418.8143449048736, 273.68211701183975, 566.2653059740326]",0.0635,False,False,11,1
891,0.4699,"[799.9, 388.5, 817.4, 447.2]",,,0.0,False,False,11,1
891,0.3132,"[723.6, 384.1, 743.9, 442.8]",,,0.0,False,False,11,1
891,0.2968,"[209.4, 375.3, 242.8, 469.1]",163,"[139.10212371081644, 418.8143449048736, 273.68211701183975, 566.2653059740326]",0.0789,False,False,11,1
891,0.2467,"[135.7, 416.1, 274.7, 564.6]",163,"[139.10212371081644, 418.8143449048736, 273.68211701183975, 566.2653059740326]",0.9404,True,False,11,1
891,0.2442,"[1611.9, 337.8, 1706.4, 543.0]",,,0.0,False,False,11,1
891,0.2409,"[668.9, 386.1, 691.9, 460.4]",,,0.0,False,False,11,1
891,0.183,"[1012.5, 382.1, 1036.8, 450.9]",,,0.0,False,False,11,1
891,0.1483,"[1272.4, 369.6, 1311.5, 496.5]",,,0.0,False,False,11,1
891,0.1042,"[442.5, 387.8, 466.1, 460.0]",,,0.0,False,False,11,1
892,0.5429,"[1004.4, 373.6, 1028.7, 443.1]",227,"[1001.4957333628806, 371.5296506066645, 1030.0689639027444, 454.8886843542729]",0.7093,True,False,13,2
892,0.515,"[236.6, 377.7, 266.3, 460.7]",,,0.0,False,False,13,2
892,0.4991,"[671.6, 376.0, 698.6, 459.7]",212,"[677.2089091160523, 383.5428892370759, 702.3292988917602, 459.8642152551117]",0.6402,True,False,13,2
892,0.3932,"[183.3, 371.2, 214.0, 469.1]",,,0.0,False,False,13,2
892,0.3553,"[174.0, 373.3, 204.4, 470.5]",,,0.0,False,False,13,2
892,0.3193,"[797.9, 383.7, 818.1, 447.9]",,,0.0,False,False,13,2
892,0.2879,"[136.2, 412.8, 274.2, 559.9]",,,0.0,False,False,13,2
892,0.253,"[206.9, 369.9, 239.6, 464.4]",,,0.0,False,False,13,2
892,0.2456,"[1506.6, 86.5, 1555.2, 278.8]",,,0.0,False,False,13,2
892,0.2444,"[950.4, 373.6, 974.7, 451.2]",,,0.0,False,False,13,2
892,0.1822,"[1267.7, 356.4, 1309.5, 496.8]",,,0.0,False,False,13,2
892,0.1809,"[1242.0, 462.7, 1279.8, 514.7]",,,0.0,False,False,13,2
892,0.1551,"[721.6, 376.7, 743.2, 446.2]",,,0.0,False,False,13,2
893,0.5525,"[-21.5, 411.1, 69.9, 537.3]",147,"[-29.557496871825578, 409.75087733769544, 87.42237647997987, 542.2023697326172]",0.7443,True,False,12,2
893,0.4916,"[797.2, 380.0, 816.1, 439.4]",,,0.0,False,False,12,2
893,0.4827,"[1387.8, 363.5, 1436.4, 499.2]",209,"[1388.2535079054612, 363.54135076254914, 1434.3158280320388, 497.76351984291966]",0.9376,True,False,12,2
893,0.2938,"[1059.1, 373.6, 1079.3, 436.4]",,,0.0,False,False,12,2
893,0.2564,"[719.6, 373.6, 741.2, 441.8]",,,0.0,False,False,12,2
893,0.25,"[950.4, 369.6, 973.4, 444.5]",,,0.0,False,False,12,2
893,0.2023,"[204.4, 366.5, 236.8, 461.0]",,,0.0,False,False,12,2
893,0.2009,"[440.1, 380.4, 464.4, 447.2]",,,0.0,False,False,12,2
893,0.163,"[675.3, 377.0, 699.3, 451.9]",,,0.0,False,False,12,2
893,0.1494,"[1771.2, 343.9, 1825.2, 512.7]",,,0.0,False,False,12,2
893,0.1169,"[234.9, 372.9, 264.3, 450.6]",,,0.0,False,False,12,2
893,0.1155,"[666.9, 374.0, 690.5, 452.2]",,,0.0,False,False,12,2
894,0.5597,"[1076.6, 374.6, 1095.5, 436.7]",237,"[1077.6102333809702, 373.6269859824207, 1096.9903525565298, 435.7314734902356]",0.8535,True,False,15,3
894,0.4506,"[668.2, 369.2, 697.3, 455.0]",212,"[670.6684070821915, 371.7260004856201, 697.1411632303085, 452.1552861354736]",0.8557,True,False,15,3
894,0.3854,"[1603.8, 363.2, 1638.9, 490.7]",,,0.0,False,False,15,3
894,0.3624,"[230.3, 367.5, 261.4, 454.6]",163,"[135.11203267333462, 409.14522861350565, 270.5582554126029, 557.5672958005568]",0.066,False,False,15,3
894,0.3012,"[-18.6, 409.4, 72.5, 538.3]",,,0.0,False,False,15,3
894,0.2855,"[437.7, 376.0, 463.4, 446.9]",,,0.0,False,False,15,3
894,0.2571,"[949.7, 366.5, 974.0, 444.2]",,,0.0,False,False,15,3
894,0.2393,"[1059.8, 371.9, 1080.0, 432.7]",237,"[1077.6102333809702, 373.6269859824207, 1096.9903525565298, 435.7314734902356]",0.0615,False,False,15,3
894,0.2328,"[1276.4, 360.5, 1314.2, 486.7]",,,0.0,False,False,15,3
894,0.193,"[178.4, 366.5, 209.8, 465.8]",163,"[135.11203267333462, 409.14522861350565, 270.5582554126029, 557.5672958005568]",0.0829,False,False,15,3
894,0.1888,"[1718.6, 331.4, 1791.5, 513.7]",,,0.0,False,False,15,3
894,0.1681,"[1691.6, 353.7, 1745.6, 502.9]",,,0.0,False,False,15,3
894,0.1327,"[132.0, 409.7, 219.0, 556.9]",163,"[135.11203267333462, 409.14522861350565, 270.5582554126029, 557.5672958005568]",0.6008,True,False,15,3
894,0.1247,"[400.6, 371.2, 437.1, 498.2]",,,0.0,False,False,15,3
894,0.1092,"[201.3, 362.5, 230.3, 452.9]",163,"[135.11203267333462, 409.14522861350565, 270.5582554126029, 557.5672958005568]",0.0592,False,False,15,3
895,0.5691,"[1073.2, 370.9, 1093.5, 434.4]",,,0.0,False,False,17,2
895,0.5278,"[1389.2, 357.1, 1437.8, 494.8]",209,"[1388.4231523965732, 358.0900610220382, 1435.334415962802, 494.1588403451493]",0.9254,True,False,17,2
895,0.5213,"[435.7, 374.3, 460.7, 445.8]",,,0.0,False,False,17,2
895,0.5122,"[226.6, 368.2, 255.3, 443.8]",,,0.0,False,False,17,2
895,0.4909,"[673.3, 371.9, 695.2, 440.8]",,,0.0,False,False,17,2
895,0.4442,"[1715.9, 327.7, 1786.1, 517.4]",,,0.0,False,False,17,2
895,0.3801,"[1057.1, 368.2, 1078.7, 435.0]",,,0.0,False,False,17,2
895,0.3705,"[165.9, 366.2, 199.3, 462.7]",195,"[164.50038420594203, 366.6575117980079, 198.14594758116735, 464.8929032410547]",0.9033,True,False,17,2
895,0.3501,"[399.9, 371.2, 422.9, 447.5]",,,0.0,False,False,17,2
895,0.1848,"[739.1, 365.9, 763.4, 440.1]",,,0.0,False,False,17,2
895,0.159,"[200.0, 363.2, 228.3, 448.2]",,,0.0,False,False,17,2
895,0.1417,"[1271.0, 354.4, 1311.5, 484.7]",,,0.0,False,False,17,2
895,0.1351,"[1053.7, 367.9, 1075.3, 438.1]",,,0.0,False,False,17,2
895,0.1297,"[1413.5, 404.7, 1459.4, 550.5]",209,"[1388.4231523965732, 358.0900610220382, 1435.334415962802, 494.1588403451493]",0.1762,False,False,17,2
895,0.1202,"[1236.6, 453.6, 1283.9, 523.8]",,,0.0,False,False,17,2
895,0.1199,"[828.2, 367.9, 852.5, 442.8]",,,0.0,False,False,17,2
895,0.1053,"[1692.9, 353.4, 1738.8, 495.8]",,,0.0,False,False,17,2
896,0.5697,"[1042.2, 367.2, 1063.8, 434.7]",200,"[1042.6298139529677, 366.9319945253162, 1065.9392778439071, 438.8161744199963]",0.8383,True,False,12,4
896,0.5551,"[666.2, 369.2, 691.9, 446.9]",212,"[660.4499901119498, 365.3589565443933, 685.1563331302377, 440.4842441392004]",0.54,True,False,12,4
896,0.4884,"[-31.6, 402.6, 60.8, 533.6]",,,0.0,False,False,12,4
896,0.4599,"[218.7, 366.5, 250.8, 451.6]",,,0.0,False,False,12,4
896,0.3554,"[1070.6, 370.9, 1090.8, 433.0]",,,0.0,False,False,12,4
896,0.3458,"[159.5, 364.5, 196.9, 467.1]",,,0.0,False,False,12,4
896,0.3351,"[394.5, 369.9, 417.5, 446.2]",183,"[400.4817004201027, 368.02821845942293, 431.7498059275535, 456.27060966557707]",0.4038,True,False,12,4
896,0.2637,"[207.6, 419.5, 344.2, 555.2]",,,0.0,False,False,12,4
896,0.1703,"[1788.8, 337.5, 1834.7, 496.8]",,,0.0,False,False,12,4
896,0.1335,"[1386.5, 354.4, 1432.4, 495.5]",,,0.0,False,False,12,4
896,0.129,"[1714.5, 329.1, 1790.1, 516.7]",,,0.0,False,False,12,4
896,0.1135,"[1611.9, 330.4, 1674.0, 505.2]",249,"[1603.1731118175899, 329.36677580696823, 1684.6894370105351, 514.194076243813]",0.7206,True,False,12,4
897,0.569,"[806.0, 361.5, 827.6, 423.6]",186,"[805.5056084398237, 359.07400878944094, 828.4571601148639, 434.2496606441528]",0.7774,True,False,16,4
897,0.553,"[1067.8, 367.9, 1089.5, 436.1]",,,0.0,False,False,16,4
897,0.466,"[211.3, 363.5, 243.3, 447.9]",163,"[118.14318939521567, 404.946257853359, 253.7179861418937, 553.440705037266]",0.0641,False,False,16,4
897,0.4092,"[943.0, 362.1, 967.3, 438.4]",,,0.0,False,False,16,4
897,0.4083,"[657.8, 365.5, 682.1, 444.5]",,,0.0,False,False,16,4
897,0.3037,"[152.1, 363.8, 190.2, 457.7]",163,"[118.14318939521567, 404.946257853359, 253.7179861418937, 553.440705037266]",0.0924,False,False,16,4
897,0.273,"[1609.2, 329.7, 1674.0, 504.6]",,,0.0,False,False,16,4
897,0.249,"[390.5, 366.2, 414.8, 444.5]",,,0.0,False,False,16,4
897,0.2405,"[1271.7, 354.0, 1314.9, 487.0]",,,0.0,False,False,16,4
897,0.2309,"[1598.4, 360.5, 1633.5, 482.0]",,,0.0,False,False,16,4
897,0.1779,"[1011.2, 368.6, 1034.1, 434.7]",251,"[1010.7362802234456, 369.0260451762359, 1035.0124990734294, 438.7099167378265]",0.8853,True,False,16,4
897,0.1641,"[-31.0, 401.0, 61.1, 531.2]",,,0.0,False,False,16,4
897,0.1411,"[1051.7, 366.2, 1071.9, 429.6]",,,0.0,False,False,16,4
897,0.1353,"[708.8, 363.5, 733.1, 439.1]",,,0.0,False,False,16,4
897,0.1035,"[817.4, 361.5, 844.4, 439.1]",186,"[805.5056084398237, 359.07400878944094, 828.4571601148639, 434.2496606441528]",0.266,False,False,16,4
897,0.1013,"[403.7, 367.2, 428.0, 446.2]",,,0.0,False,False,16,4
898,0.5435,"[142.3, 359.4, 188.0, 458.7]",,,0.0,False,False,8,0
898,0.5372,"[113.1, 402.3, 248.4, 551.5]",,,0.0,False,False,8,0
898,0.3846,"[1009.1, 368.2, 1032.1, 436.4]",,,0.0,False,False,8,0
898,0.2599,"[704.7, 361.5, 730.4, 439.8]",,,0.0,False,False,8,0
898,0.2419,"[397.2, 364.2, 422.2, 441.8]",,,0.0,False,False,8,0
898,0.2315,"[937.6, 359.1, 964.6, 438.8]",,,0.0,False,False,8,0
898,0.1937,"[793.1, 371.9, 813.4, 426.6]",,,0.0,False,False,8,0
898,0.1551,"[-50.7, 395.9, 47.3, 530.9]",,,0.0,False,False,8,0
899,0.5625,"[781.7, 369.2, 800.6, 425.2]",240,"[781.5422116177814, 369.6028327208111, 798.2492922884687, 421.89442069715767]",0.8154,True,False,18,3
899,0.5586,"[632.1, 358.4, 660.5, 441.5]",250,"[633.1013252980447, 358.69100623860123, 659.9379813425803, 444.8157076285862]",0.9087,True,False,18,3
899,0.5332,"[137.0, 359.4, 175.2, 453.9]",,,0.0,False,False,18,3
899,0.5168,"[1003.7, 366.2, 1026.7, 440.4]",,,0.0,False,False,18,3
899,0.4891,"[1060.4, 366.5, 1083.4, 436.7]",237,"[1059.5203603052162, 365.8881795732172, 1081.464991257284, 435.4970132978766]",0.86,True,False,18,3
899,0.4554,"[1532.2, 147.8, 1675.4, 601.4]",,,0.0,False,False,18,3
899,0.375,"[415.8, 367.2, 445.5, 444.8]",,,0.0,False,False,18,3
899,0.3643,"[1258.2, 352.4, 1300.1, 485.3]",,,0.0,False,False,18,3
899,0.3357,"[785.7, 368.6, 804.6, 427.3]",240,"[781.5422116177814, 369.6028327208111, 798.2492922884687, 421.89442069715767]",0.4944,True,False,18,3
899,0.3214,"[1218.4, 450.2, 1273.7, 519.8]",,,0.0,False,False,18,3
899,0.2767,"[107.8, 397.6, 243.8, 550.8]",,,0.0,False,False,18,3
899,0.229,"[572.7, 376.0, 593.7, 440.8]",,,0.0,False,False,18,3
899,0.2005,"[796.5, 364.5, 819.5, 425.2]",240,"[781.5422116177814, 369.6028327208111, 798.2492922884687, 421.89442069715767]",0.042,False,False,18,3
899,0.1997,"[381.4, 362.5, 405.7, 441.5]",,,0.0,False,False,18,3
899,0.1789,"[1040.2, 364.8, 1063.1, 437.1]",237,"[1059.5203603052162, 365.8881795732172, 1081.464991257284, 435.4970132978766]",0.0855,False,False,18,3
899,0.1705,"[793.8, 367.5, 815.4, 429.0]",240,"[781.5422116177814, 369.6028327208111, 798.2492922884687, 421.89442069715767]",0.1182,False,False,18,3
899,0.1361,"[534.3, 370.2, 559.9, 444.5]",,,0.0,False,False,18,3
899,0.131,"[999.7, 358.1, 1024.0, 441.1]",,,0.0,False,False,18,3
900,0.5596,"[775.6, 368.6, 794.5, 422.6]",,,0.0,False,False,9,1
900,0.5217,"[999.0, 365.2, 1020.6, 434.7]",,,0.0,False,False,9,1
900,0.503,"[783.7, 367.2, 805.3, 428.6]",,,0.0,False,False,9,1
900,0.4242,"[929.5, 358.1, 955.1, 438.4]",,,0.0,False,False,9,1
900,0.3532,"[613.2, 372.3, 632.1, 430.3]",,,0.0,False,False,9,1
900,0.2305,"[776.9, 368.6, 798.5, 432.0]",,,0.0,False,False,9,1
900,0.1705,"[693.9, 360.8, 716.9, 431.7]",,,0.0,False,False,9,1
900,0.1545,"[1365.5, 353.0, 1417.5, 490.1]",,,0.0,False,False,9,1
900,0.1382,"[160.1, 354.0, 190.9, 441.8]",,,0.0,False,False,9,1
